0.002,-0.00189921,1.07145,-0.0124977,2.04642,-0.00186269,1.08541,-0.0128626,2.05238
0.004,-0.00193574,1.07145,-0.0124977,2.0465,-0.00186269,1.08541,-0.0128626,2.0523
0.006,-0.00193574,1.07145,-0.0124977,2.04642,-0.00189921,1.08538,-0.0129082,2.0523
0.008,-0.00193574,1.07148,-0.0125433,2.04642,-0.00189921,1.08538,-0.0129082,2.0523
0.01,-0.00189921,1.07145,-0.0124977,2.0465,-0.00182617,1.08535,-0.0128626,2.0523
0.012,-0.00193574,1.07145,-0.0124977,2.0465,-0.00186269,1.08535,-0.0128626,2.0523
0.014,-0.00189921,1.07145,-0.0124977,2.0465,-0.00182617,1.08535,-0.0128626,2.0523
0.016,-0.00189921,1.07148,-0.0125433,2.04642,-0.00182617,1.08538,-0.012817,2.05238
0.018,-0.00189921,1.07142,-0.0125433,2.0465,-0.00186269,1.08538,-0.0129082,2.0523
0.02,-0.00189921,1.07145,-0.0124977,2.04642,-0.00182617,1.08543,-0.012817,2.0523
0.022,-0.00193574,1.07145,-0.0124977,2.0465,-0.00186269,1.08541,-0.0128626,2.05238
0.024,-0.00193574,1.07148,-0.0125433,2.0465,-0.00189921,1.08538,-0.0129082,2.0523
0.026,-0.00193574,1.07145,-0.0124977,2.0465,-0.00186269,1.08541,-0.0128626,2.0523
0.028,-0.00193574,1.07145,-0.0124977,2.0465,-0.00186269,1.08538,-0.0129082,2.05238
0.03,-0.00189921,1.07145,-0.0124977,2.0465,-0.00186269,1.08535,-0.0128626,2.05238
0.032,-0.00189921,1.07148,-0.0125433,2.04642,-0.00186269,1.08541,-0.0128626,2.0523
0.034,-0.00189921,1.07145,-0.0124977,2.0465,-0.00186269,1.08535,-0.0128626,2.0523
0.036,-0.00189921,1.07145,-0.0124977,2.0465,-0.00189921,1.08538,-0.0129082,2.0523
0.038,-0.00189921,1.07145,-0.0124977,2.0465,-0.00186269,1.08541,-0.0128626,2.0523
0.04,-0.00189921,1.07145,-0.0124977,2.0465,-0.00186269,1.08535,-0.0128626,2.0523
0.042,-0.00193574,1.07145,-0.0124977,2.0465,-0.00186269,1.08541,-0.0128626,2.0523
0.044,-0.00189921,1.07145,-0.0124977,2.04642,-0.00186269,1.08541,-0.0128626,2.05238
0.046,-0.00189921,1.07148,-0.0125433,2.04642,-0.00189921,1.08538,-0.012817,2.05238
0.048,-0.00189921,1.07145,-0.0124977,2.0465,-0.00186269,1.08538,-0.0129082,2.0523
0.05,-0.00189921,1.07145,-0.0124977,2.0465,-0.00186269,1.08538,-0.0129082,2.0523
0.052,-0.00189921,1.07148,-0.0125433,2.0465,-0.00186269,1.08541,-0.0128626,2.0523
0.054,-0.00189921,1.07148,-0.0125433,2.0465,-0.00186269,1.08538,-0.0129082,2.05238
0.056,-0.00193574,1.07145,-0.0124977,2.0465,-0.00186269,1.08538,-0.0129082,2.0523
0.058,-0.00193574,1.07145,-0.0124977,2.0465,-0.00186269,1.08541,-0.0128626,2.05238
0.06,-0.00193574,1.07145,-0.0124977,2.0465,-0.00186269,1.08541,-0.0128626,2.0523
0.062,-0.00193574,1.07145,-0.0124977,2.0465,-0.00186269,1.08541,-0.0128626,2.0523
0.064,-0.00189921,1.07145,-0.0124977,2.0465,-0.00186269,1.08538,-0.0129082,2.0523
0.066,-0.00189921,1.07148,-0.0125433,2.0465,-0.00186269,1.08538,-0.0129082,2.0523
0.068,-0.00189921,1.07145,-0.0124977,2.0465,-0.00186269,1.08541,-0.0128626,2.0523
0.07,-0.00189921,1.07148,-0.0125433,2.0465,-0.00182617,1.08538,-0.0129082,2.0523
0.072,-0.00193574,1.07145,-0.0124977,2.0465,-0.00182617,1.08541,-0.0128626,2.0523
0.074,-0.00193574,1.07145,-0.0124977,2.0465,-0.00182617,1.08541,-0.0128626,2.05238
0.076,-0.00193574,1.07145,-0.0124977,2.0465,-0.00189921,1.08541,-0.0128626,2.0523
0.078,-0.00189921,1.07145,-0.0124977,2.04642,-0.00186269,1.08538,-0.0129082,2.0523
0.08,-0.00189921,1.07145,-0.0124977,2.0465,-0.00186269,1.08538,-0.012817,2.0523
0.082,-0.00189921,1.07148,-0.0125433,2.0465,-0.00189921,1.08535,-0.0128626,2.0523
0.084,-0.00189921,1.07148,-0.0125433,2.0465,-0.00189921,1.08541,-0.0128626,2.0523
0.086,-0.00189921,1.07145,-0.0124977,2.0465,-0.00186269,1.08538,-0.0129082,2.0523
0.088,-0.00189921,1.07145,-0.0124977,2.0465,-0.00186269,1.08541,-0.0128626,2.05238
0.09,-0.00193574,1.07148,-0.0125433,2.04642,-0.00186269,1.08541,-0.0128626,2.0523
0.092,-0.00193574,1.07148,-0.0125433,2.04642,-0.00182617,1.08541,-0.0128626,2.05238
0.094,-0.00193574,1.07145,-0.0124977,2.04642,-0.00186269,1.08541,-0.0128626,2.0523
0.096,-0.00189921,1.07145,-0.0124977,2.0465,-0.00182617,1.08541,-0.0128626,2.0523
0.098,-0.00189921,1.07145,-0.0124977,2.0465,-0.00186269,1.08541,-0.0128626,2.0523
0.1,-0.00189921,1.07148,-0.0125433,2.0465,-0.00186269,1.08538,-0.012817,2.0523
0.102,-0.00189921,1.07148,-0.0125433,2.0465,-0.00182617,1.08538,-0.0129082,2.0523
0.104,-0.00189921,1.07145,-0.0124977,2.04642,-0.00186269,1.08535,-0.0128626,2.05238
0.106,-0.00189921,1.07145,-0.0124977,2.04642,-0.00186269,1.08541,-0.0128626,2.0523
0.108,-0.00189921,1.07145,-0.0124977,2.04642,-0.00186269,1.08541,-0.0128626,2.0523
0.11,-0.00189921,1.07145,-0.0124977,2.0465,-0.00186269,1.08538,-0.012817,2.0523
0.112,-0.00193574,1.07145,-0.0124977,2.0465,-0.00186269,1.08541,-0.0128626,2.0523
0.114,-0.00189921,1.07145,-0.0124977,2.0465,-0.00182617,1.08535,-0.0128626,2.0523
0.116,-0.00193574,1.07145,-0.0124977,2.0465,-0.00186269,1.08535,-0.0128626,2.05238
0.118,-0.00193574,1.07145,-0.0124977,2.0465,-0.00186269,1.08541,-0.0128626,2.05238
0.12,-0.00193574,1.07145,-0.0124977,2.0465,-0.00189921,1.08541,-0.0128626,2.05238
0.122,-0.00189921,1.07145,-0.0124977,2.0465,-0.00186269,1.08538,-0.0129082,2.0523
0.124,-0.00189921,1.07145,-0.0124977,2.0465,-0.00186269,1.08538,-0.0129082,2.0523
0.126,-0.00189921,1.07145,-0.0124977,2.0465,-0.00189921,1.08543,-0.012817,2.0523
0.128,-0.00189921,1.07145,-0.0124977,2.0465,-0.00182617,1.08538,-0.0129082,2.0523
0.13,-0.00189921,1.07145,-0.0124977,2.0465,-0.00182617,1.08535,-0.0128626,2.0523
0.132,-0.00189921,1.07145,-0.0124977,2.0465,-0.00186269,1.08535,-0.0128626,2.05238
0.134,-0.00189921,1.07145,-0.0124977,2.0465,-0.00189921,1.08538,-0.012817,2.0523
0.136,-0.00189921,1.07145,-0.0124977,2.04642,-0.00186269,1.08535,-0.0128626,2.0523
0.138,-0.00189921,1.07145,-0.0124977,2.0465,-0.00186269,1.08541,-0.0128626,2.0523
0.14,-0.00193574,1.07145,-0.0124977,2.0465,-0.00186269,1.08538,-0.0129082,2.0523
0.142,-0.00193574,1.07145,-0.0124977,2.04642,-0.00186269,1.08538,-0.0129082,2.0523
0.144,-0.00189921,1.07145,-0.0124977,2.04642,-0.00186269,1.08541,-0.0128626,2.05238
0.146,-0.00189921,1.07145,-0.0124977,2.04642,-0.00189921,1.08538,-0.012817,2.05238
0.148,-0.00189921,1.07145,-0.0124977,2.0465,-0.00189921,1.08535,-0.0128626,2.0523
0.15,-0.00189921,1.07148,-0.0124521,2.0465,-0.00186269,1.08541,-0.0128626,2.0523
0.152,-0.00189921,1.07145,-0.0124977,2.0465,-0.00186269,1.08541,-0.0128626,2.0523
0.154,-0.00189921,1.07145,-0.0124977,2.04642,-0.00186269,1.08541,-0.0128626,2.0523
0.156,-0.00189921,1.07145,-0.0124977,2.04642,-0.00186269,1.08541,-0.0128626,2.05238
0.158,-0.00193574,1.07145,-0.0124977,2.04642,-0.00186269,1.08541,-0.0128626,2.0523
0.16,-0.00193574,1.07145,-0.0124977,2.04642,-0.00189921,1.08541,-0.0128626,2.0523
0.162,-0.00189921,1.07148,-0.0125433,2.04642,-0.00189921,1.08538,-0.0129082,2.0523
0.164,-0.00189921,1.07148,-0.0125433,2.0465,-0.00186269,1.08538,-0.0129082,2.0523
0.166,-0.00189921,1.07145,-0.0124977,2.0465,-0.00186269,1.08538,-0.0129082,2.0523
0.168,-0.00189921,1.07145,-0.0124977,2.0465,-0.00186269,1.08541,-0.0128626,2.0523
0.17,-0.00189921,1.07148,-0.0125433,2.0465,-0.00186269,1.08541,-0.0128626,2.0523
0.172,-0.00193574,1.07145,-0.0124977,2.04642,-0.00186269,1.08538,-0.012817,2.0523
0.174,-0.00189921,1.07145,-0.0124977,2.04642,-0.00186269,1.08541,-0.0128626,2.05238
0.176,-0.00189921,1.07145,-0.0124977,2.04642,-0.00186269,1.08541,-0.0128626,2.0523
0.178,-0.00193574,1.07145,-0.0124977,2.0465,-0.00186269,1.08541,-0.0128626,2.0523
0.18,-0.00189921,1.07145,-0.0124977,2.0465,-0.00186269,1.08535,-0.0128626,2.0523
0.182,-0.00189921,1.07145,-0.0124977,2.0465,-0.00186269,1.08538,-0.0129082,2.0523
0.184,-0.00189921,1.07145,-0.0124977,2.0465,-0.00186269,1.08538,-0.0129082,2.05238
0.186,-0.00189921,1.07145,-0.0124977,2.0465,-0.00186269,1.08538,-0.012817,2.0523
0.188,-0.00189921,1.07145,-0.0124977,2.04642,-0.00186269,1.08538,-0.012817,2.0523
0.19,-0.00189921,1.07145,-0.0124977,2.0465,-0.00186269,1.08541,-0.0128626,2.0523
0.192,-0.00189921,1.07145,-0.0124977,2.0465,-0.00186269,1.08538,-0.012817,2.0523
0.194,-0.00189921,1.07145,-0.0124977,2.0465,-0.00182617,1.08538,-0.012817,2.0523
0.196,-0.00189921,1.07145,-0.0124977,2.0465,-0.00186269,1.08538,-0.0129082,2.0523
0.198,-0.00189921,1.07145,-0.0124977,2.0465,-0.00186269,1.08538,-0.0129082,2.0523
0.2,-0.00189921,1.07145,-0.0124977,2.0465,-0.00186269,1.08538,-0.0129082,2.05238
0.202,-0.00189921,1.07145,-0.0124977,2.04642,-0.00186269,1.08538,-0.0129082,2.05238
0.204,-0.00189921,1.07145,-0.0124977,2.04642,-0.00186269,1.08541,-0.0128626,2.0523
0.206,-0.00189921,1.07145,-0.0124977,2.04642,-0.00186269,1.08538,-0.012817,2.0523
0.208,-0.00193574,1.07145,-0.0124977,2.0465,-0.00186269,1.08538,-0.0129082,2.0523
0.21,-0.00193574,1.07148,-0.0125433,2.0465,-0.00186269,1.08541,-0.0128626,2.0523
0.212,-0.00193574,1.07145,-0.0124977,2.0465,-0.00186269,1.08538,-0.0129082,2.0523
0.214,-0.00189921,1.07145,-0.0124977,2.0465,-0.00186269,1.08535,-0.0128626,2.0523
0.216,-0.00189921,1.07145,-0.0124977,2.0465,-0.00186269,1.08538,-0.0129082,2.0523
0.218,-0.00189921,1.07145,-0.0124977,2.04642,-0.00186269,1.08541,-0.0128626,2.0523
0.22,-0.00189921,1.07148,-0.0125433,2.04642,-0.00186269,1.08541,-0.0128626,2.05238
0.222,-0.00189921,1.07145,-0.0124977,2.04642,-0.00186269,1.08535,-0.0128626,2.0523
0.224,-0.00189921,1.07145,-0.0124977,2.04642,-0.00186269,1.08538,-0.0129082,2.0523
0.226,-0.00193574,1.07145,-0.0124977,2.0465,-0.00186269,1.08535,-0.0128626,2.05238
0.228,-0.00189921,1.07148,-0.0125433,2.0465,-0.00189921,1.08538,-0.0129082,2.05238
0.23,-0.00189921,1.07145,-0.0124977,2.0465,-0.00186269,1.08538,-0.012817,2.0523
0.232,-0.00193574,1.07145,-0.0124977,2.0465,-0.00186269,1.08535,-0.0128626,2.0523
0.234,-0.00189921,1.07145,-0.0124977,2.0465,-0.00186269,1.08541,-0.0128626,2.05238
0.236,-0.00193574,1.07145,-0.0124977,2.0465,-0.00186269,1.08538,-0.0129082,2.0523
0.238,-0.00193574,1.07145,-0.0124977,2.0465,-0.00189921,1.08538,-0.0129082,2.0523
0.24,-0.00189921,1.07145,-0.0124977,2.0465,-0.00182617,1.08538,-0.012817,2.0523
0.242,-0.00189921,1.07148,-0.0125433,2.0465,-0.00186269,1.08538,-0.012817,2.0523
0.244,-0.00189921,1.07148,-0.0125433,2.0465,-0.00186269,1.08541,-0.0128626,2.0523
0.246,-0.00189921,1.07148,-0.0125433,2.0465,-0.00189921,1.08538,-0.0129082,2.05238
0.248,-0.00193574,1.07148,-0.0125433,2.0465,-0.00186269,1.08541,-0.0128626,2.0523
0.25,-0.00193574,1.07145,-0.0124977,2.0465,-0.00186269,1.08538,-0.012817,2.05238
0.252,-0.00193574,1.07145,-0.0124977,2.04642,-0.00189921,1.08541,-0.0128626,2.0523
0.254,-0.00189921,1.07145,-0.0124977,2.0465,-0.00186269,1.08538,-0.0129082,2.0523
0.256,-0.00189921,1.07148,-0.0125433,2.0465,-0.00186269,1.08535,-0.0128626,2.05238
0.258,-0.00189921,1.07148,-0.0125433,2.0465,-0.00189921,1.08541,-0.0128626,2.0523
0.26,-0.00189921,1.07145,-0.0124977,2.0465,-0.00186269,1.08538,-0.012817,2.0523
0.262,-0.00193574,1.07145,-0.0124977,2.0465,-0.00189921,1.08541,-0.0128626,2.05238
0.264,-0.00189921,1.07145,-0.0124977,2.0465,-0.00186269,1.08541,-0.0128626,2.0523
0.266,-0.00189921,1.07148,-0.0125433,2.0465,-0.00182617,1.08541,-0.0128626,2.0523
0.268,-0.00189921,1.07148,-0.0125433,2.04642,-0.00189921,1.08541,-0.0128626,2.05238
0.27,-0.00189921,1.07145,-0.0124977,2.04642,-0.00186269,1.08541,-0.0128626,2.0523
0.272,-0.00189921,1.07145,-0.0124977,2.04642,-0.00186269,1.08538,-0.012817,2.0523
0.274,-0.00189921,1.07148,-0.0125433,2.04642,-0.00189921,1.08541,-0.0128626,2.0523
0.276,-0.00189921,1.07148,-0.0125433,2.0465,-0.00189921,1.08538,-0.0129082,2.0523
0.278,-0.00189921,1.07145,-0.0124977,2.0465,-0.00186269,1.08541,-0.0128626,2.0523
0.28,-0.00189921,1.07145,-0.0124977,2.0465,-0.00189921,1.08538,-0.0129082,2.0523
0.282,-0.00189921,1.07148,-0.0125433,2.04642,-0.00186269,1.08541,-0.0128626,2.0523
0.284,-0.00189921,1.07145,-0.0124977,2.04642,-0.00186269,1.08541,-0.0128626,2.0523
0.286,-0.00189921,1.07145,-0.0124977,2.04642,-0.00182617,1.08538,-0.012817,2.0523
0.288,-0.00189921,1.07148,-0.0125433,2.04642,-0.00186269,1.08535,-0.0128626,2.0523
0.29,-0.00189921,1.07145,-0.0124977,2.04642,-0.00189921,1.08541,-0.0128626,2.0523
0.292,-0.00189921,1.07145,-0.0124977,2.04642,-0.00186269,1.08535,-0.0128626,2.0523
0.294,-0.00189921,1.07148,-0.0125433,2.04642,-0.00186269,1.08538,-0.0129082,2.0523
0.296,-0.00189921,1.07145,-0.0124977,2.0465,-0.00186269,1.08541,-0.0128626,2.05238
0.298,-0.00189921,1.07145,-0.0124977,2.0465,-0.00182617,1.08538,-0.0129082,2.0523
0.3,-0.00189921,1.07145,-0.0124977,2.0465,-0.00193574,1.08538,-0.0129082,2.0523
0.302,-0.00193574,1.07145,-0.0124977,2.0465,-0.00189921,1.08538,-0.012817,2.0523
0.304,-0.00189921,1.07145,-0.0124977,2.0465,-0.00186269,1.08538,-0.012817,2.0523
0.306,-0.00189921,1.07145,-0.0124977,2.0465,-0.00182617,1.08535,-0.0128626,2.0523
0.308,-0.00189921,1.07145,-0.0124977,2.0465,-0.00186269,1.08538,-0.012817,2.0523
0.31,-0.00189921,1.07145,-0.0124977,2.0465,-0.00189921,1.08538,-0.0129082,2.05238
0.312,-0.00189921,1.07145,-0.0124977,2.0465,-0.00189921,1.08535,-0.0128626,2.0523
0.314,-0.00189921,1.07145,-0.0124977,2.0465,-0.00189921,1.08541,-0.0128626,2.05238
0.316,-0.00189921,1.07145,-0.0124977,2.0465,-0.00186269,1.08541,-0.0128626,2.0523
0.318,-0.00189921,1.07145,-0.0124977,2.0465,-0.00189921,1.08538,-0.012817,2.0523
0.32,-0.00193574,1.07142,-0.0125433,2.0465,-0.00182617,1.08538,-0.012817,2.0523
0.322,-0.00189921,1.07145,-0.0124977,2.0465,-0.00186269,1.08538,-0.0129082,2.0523
0.324,-0.00193574,1.07145,-0.0124977,2.0465,-0.00182617,1.08538,-0.012817,2.0523
0.326,-0.00189921,1.07145,-0.0124977,2.04642,-0.00186269,1.08538,-0.0129082,2.0523
0.328,-0.00189921,1.07148,-0.0125433,2.0465,-0.00189921,1.08538,-0.0129082,2.0523
0.33,-0.00193574,1.07145,-0.0124977,2.0465,-0.00189921,1.08538,-0.0129082,2.0523
0.332,-0.00189921,1.07145,-0.0124977,2.04642,-0.00186269,1.08541,-0.0128626,2.0523
0.334,-0.00189921,1.07145,-0.0124977,2.04642,-0.00186269,1.08541,-0.0128626,2.0523
0.336,-0.00189921,1.07148,-0.0125433,2.0465,-0.00189921,1.08538,-0.0129082,2.0523
0.338,-0.00189921,1.07148,-0.0125433,2.0465,-0.00182617,1.08538,-0.0129082,2.0523
0.34,-0.00193574,1.07145,-0.0124977,2.0465,-0.00186269,1.08538,-0.012817,2.0523
0.342,-0.00193574,1.07145,-0.0124977,2.0465,-0.00186269,1.08538,-0.0129082,2.0523
0.344,-0.00193574,1.07148,-0.0125433,2.0465,-0.00186269,1.08538,-0.012817,2.0523
0.346,-0.00189921,1.07145,-0.0124977,2.0465,-0.00186269,1.08541,-0.0128626,2.0523
0.348,-0.00189921,1.07145,-0.0124977,2.0465,-0.00189921,1.08541,-0.0128626,2.0523
0.35,-0.00189921,1.07145,-0.0124977,2.04642,-0.00186269,1.08538,-0.0129082,2.0523
0.352,-0.00189921,1.07145,-0.0124977,2.04642,-0.00182617,1.08541,-0.0128626,2.05238
0.354,-0.00189921,1.07148,-0.0125433,2.04642,-0.00186269,1.08541,-0.0128626,2.0523
0.356,-0.00189921,1.07145,-0.0124977,2.0465,-0.00189921,1.08538,-0.012817,2.0523
0.358,-0.00193574,1.07148,-0.0125433,2.0465,-0.00189921,1.08535,-0.0128626,2.0523
0.36,-0.00193574,1.07145,-0.0124977,2.0465,-0.00189921,1.08538,-0.0129082,2.0523
0.362,-0.00189921,1.07148,-0.0125433,2.0465,-0.00182617,1.08541,-0.0128626,2.05238
0.364,-0.00189921,1.07145,-0.0124977,2.0465,-0.00186269,1.08541,-0.0128626,2.0523
0.366,-0.00189921,1.07145,-0.0124977,2.04642,-0.00186269,1.08541,-0.0128626,2.0523
0.368,-0.00189921,1.07145,-0.0124977,2.0465,-0.00186269,1.08538,-0.0129082,2.0523
0.37,-0.00189921,1.07148,-0.0125433,2.04642,-0.00182617,1.08538,-0.0129082,2.05238
0.372,-0.00189921,1.07148,-0.0125433,2.0465,-0.00186269,1.08538,-0.012817,2.0523
0.374,-0.00189921,1.07145,-0.0124977,2.0465,-0.00186269,1.08538,-0.012817,2.0523
0.376,-0.00189921,1.07145,-0.0124977,2.0465,-0.00189921,1.08541,-0.0128626,2.05238
0.378,-0.00189921,1.07145,-0.0124977,2.0465,-0.00186269,1.08541,-0.0128626,2.0523
0.38,-0.00189921,1.07148,-0.0125433,2.0465,-0.00189921,1.08541,-0.0128626,2.0523
0.382,-0.00189921,1.07145,-0.0124977,2.04642,-0.00186269,1.08541,-0.0128626,2.0523
0.384,-0.00189921,1.07145,-0.0124977,2.04642,-0.00186269,1.08535,-0.0128626,2.05221
0.386,-0.00189921,1.07145,-0.0124977,2.04642,-0.00186269,1.08538,-0.012817,2.0523
0.388,-0.00189921,1.07145,-0.0124977,2.04642,-0.00186269,1.08535,-0.0128626,2.05238
0.39,-0.00193574,1.07145,-0.0124977,2.0465,-0.00189921,1.08541,-0.0128626,2.0523
0.392,-0.00189921,1.07145,-0.0124977,2.0465,-0.00189921,1.08538,-0.0129082,2.0523
0.394,-0.00189921,1.07145,-0.0124977,2.0465,-0.00189921,1.08541,-0.0128626,2.0523
0.396,-0.00189921,1.07145,-0.0124977,2.0465,-0.00189921,1.08538,-0.0129082,2.0523
0.398,-0.00189921,1.07145,-0.0124977,2.04642,-0.00186269,1.08538,-0.012817,2.0523
0.4,-0.00189921,1.07145,-0.0124977,2.0465,-0.00186269,1.08541,-0.0128626,2.05238
0.402,-0.00193574,1.07148,-0.0125433,2.0465,-0.00186269,1.08538,-0.0129082,2.0523
0.404,-0.00193574,1.07145,-0.0124977,2.0465,-0.00186269,1.08538,-0.012817,2.0523
0.406,-0.00189921,1.07145,-0.0124977,2.0465,-0.00189921,1.08538,-0.012817,2.0523
0.408,-0.00189921,1.07148,-0.0125433,2.0465,-0.00189921,1.08541,-0.0128626,2.0523
0.41,-0.00189921,1.07145,-0.0124977,2.0465,-0.00182617,1.08541,-0.0128626,2.05238
0.412,-0.00189921,1.07145,-0.0124977,2.0465,-0.00186269,1.08541,-0.0128626,2.0523
0.414,-0.00189921,1.07145,-0.0124977,2.0465,-0.00186269,1.08535,-0.0128626,2.05238
0.416,-0.00193574,1.07145,-0.0124977,2.0465,-0.00186269,1.08535,-0.0128626,2.0523
0.418,-0.00193574,1.07145,-0.0124977,2.0465,-0.00189921,1.08538,-0.012817,2.0523
0.42,-0.00189921,1.07145,-0.0124977,2.0465,-0.00189921,1.08538,-0.012817,2.0523
0.422,-0.00189921,1.07148,-0.0125433,2.0465,-0.00189921,1.08538,-0.0129082,2.0523
0.424,-0.00189921,1.07145,-0.0124977,2.04642,-0.00186269,1.08541,-0.0128626,2.0523
0.426,-0.00189921,1.07148,-0.0125433,2.04642,-0.00182617,1.08538,-0.0129082,2.05238
0.428,-0.00189921,1.07145,-0.0124977,2.04642,-0.00186269,1.08538,-0.0129082,2.0523
0.43,-0.00189921,1.07148,-0.0125433,2.04642,-0.00186269,1.08541,-0.0128626,2.0523
0.432,-0.00193574,1.07145,-0.0124977,2.04642,-0.00186269,1.08535,-0.0128626,2.0523
0.434,-0.00189921,1.07145,-0.0124977,2.04642,-0.00182617,1.08538,-0.012817,2.0523
0.436,-0.00189921,1.07148,-0.0125433,2.04642,-0.00186269,1.08541,-0.0128626,2.05238
0.438,-0.00189921,1.07145,-0.0124977,2.04642,-0.00182617,1.08538,-0.0129082,2.0523
0.44,-0.00189921,1.07145,-0.0124977,2.0465,-0.00186269,1.08538,-0.0129082,2.0523
0.442,-0.00189921,1.07145,-0.0124977,2.04642,-0.00186269,1.08538,-0.0129082,2.0523
0.444,-0.00189921,1.07148,-0.0125433,2.0465,-0.00186269,1.08541,-0.0128626,2.0523
0.446,-0.00189921,1.07148,-0.0125433,2.0465,-0.00186269,1.08538,-0.0129082,2.0523
0.448,-0.00189921,1.07145,-0.0124977,2.0465,-0.00186269,1.08538,-0.012817,2.0523
0.45,-0.00189921,1.07145,-0.0124977,2.0465,-0.00186269,1.08538,-0.012817,2.05238
0.452,-0.00193574,1.07145,-0.0124977,2.0465,-0.00182617,1.08538,-0.0129082,2.0523
0.454,-0.00193574,1.07148,-0.0125433,2.0465,-0.00186269,1.08538,-0.0129082,2.0523
0.456,-0.00189921,1.07145,-0.0124977,2.0465,-0.00186269,1.08541,-0.0128626,2.0523
0.458,-0.00189921,1.07145,-0.0124977,2.0465,-0.00182617,1.08541,-0.0128626,2.05238
0.46,-0.00189921,1.07145,-0.0124977,2.0465,-0.00186269,1.08538,-0.012817,2.0523
0.462,-0.00189921,1.07145,-0.0124977,2.04642,-0.00186269,1.08541,-0.0128626,2.0523
0.464,-0.00189921,1.07148,-0.0125433,2.0465,-0.00186269,1.08541,-0.0128626,2.0523
0.466,-0.00189921,1.07148,-0.0125433,2.0465,-0.00189921,1.08538,-0.012817,2.0523
0.468,-0.00189921,1.07145,-0.0124977,2.0465,-0.00182617,1.08535,-0.0128626,2.0523
0.47,-0.00189921,1.07145,-0.0124977,2.0465,-0.00186269,1.08541,-0.0128626,2.0523
0.472,-0.00189921,1.07148,-0.0125433,2.0465,-0.00186269,1.08538,-0.0129082,2.0523
0.474,-0.00189921,1.07145,-0.0124977,2.04642,-0.00186269,1.08541,-0.0128626,2.0523
0.476,-0.00189921,1.07145,-0.0124977,2.04642,-0.00189921,1.08541,-0.0128626,2.0523
0.478,-0.00189921,1.07145,-0.0124977,2.0465,-0.00189921,1.08541,-0.0128626,2.0523
0.48,-0.00189921,1.07145,-0.0124977,2.04642,-0.00189921,1.08541,-0.0128626,2.0523
0.482,-0.00189921,1.07148,-0.0125433,2.0465,-0.00186269,1.08538,-0.012817,2.0523
0.484,-0.00189921,1.07145,-0.0124977,2.0465,-0.00186269,1.08535,-0.0128626,2.0523
0.486,-0.00189921,1.07145,-0.0124977,2.04642,-0.00186269,1.08541,-0.0128626,2.0523
0.488,-0.00193574,1.07145,-0.0124977,2.04642,-0.00186269,1.08538,-0.0129082,2.0523
0.49,-0.00193574,1.07148,-0.0125433,2.04642,-0.00186269,1.08538,-0.0129082,2.05238
0.492,-0.00193574,1.07145,-0.0124977,2.0465,-0.00186269,1.08535,-0.0128626,2.0523
0.494,-0.00189921,1.07145,-0.0124977,2.04642,-0.00182617,1.08538,-0.0129082,2.0523
0.496,-0.00193574,1.07148,-0.0125433,2.0465,-0.00182617,1.08538,-0.012817,2.0523
0.498,-0.00189921,1.07148,-0.0125433,2.0465,-0.00186269,1.08538,-0.0129082,2.0523
0.5,-0.00193574,1.07148,-0.0125433,2.0465,-0.00186269,1.08541,-0.0128626,2.0523
0.502,-0.00193574,1.07145,-0.0124977,2.0465,-0.00182617,1.08538,-0.0129082,2.0523
0.504,-0.00189921,1.07145,-0.0124977,2.0465,-0.00189921,1.08541,-0.0128626,2.05238
0.506,-0.00189921,1.07148,-0.0125433,2.04642,-0.00186269,1.08541,-0.0128626,2.0523
0.508,-0.00189921,1.07148,-0.0125433,2.04642,-0.00186269,1.08538,-0.0129082,2.0523
0.51,-0.00189921,1.07145,-0.0124977,2.04642,-0.00189921,1.08538,-0.0129082,2.0523
0.512,-0.00193574,1.07145,-0.0124977,2.0465,-0.00189921,1.08535,-0.0128626,2.0523
0.514,-0.00189921,1.07145,-0.0124977,2.0465,-0.00186269,1.08538,-0.0129082,2.0523
0.516,-0.00189921,1.07145,-0.0124977,2.0465,-0.00186269,1.08535,-0.0128626,2.05238
0.518,-0.00189921,1.07145,-0.0124977,2.0465,-0.00186269,1.08541,-0.0128626,2.05238
0.52,-0.00189921,1.07145,-0.0124977,2.0465,-0.00186269,1.08538,-0.012817,2.0523
0.522,-0.00189921,1.07145,-0.0124977,2.04642,-0.00182617,1.08538,-0.012817,2.05238
0.524,-0.00189921,1.07145,-0.0124977,2.04642,-0.00189921,1.08535,-0.0128626,2.0523
0.526,-0.00189921,1.07145,-0.0124977,2.04642,-0.00189921,1.08541,-0.0128626,2.0523
0.528,-0.00189921,1.07145,-0.0124977,2.04642,-0.00182617,1.08538,-0.0129082,2.05238
0.53,-0.00193574,1.07145,-0.0124977,2.0465,-0.00186269,1.08538,-0.0129082,2.0523
0.532,-0.00189921,1.07148,-0.0125433,2.0465,-0.00186269,1.08538,-0.0129082,2.05238
0.534,-0.00189921,1.07151,-0.0124977,2.0465,-0.00182617,1.08541,-0.0128626,2.0523
0.536,-0.00189921,1.07148,-0.0125433,2.04642,-0.00186269,1.08538,-0.012817,2.05238
0.538,-0.00193574,1.07145,-0.0124977,2.04642,-0.00189921,1.08541,-0.0128626,2.0523
0.54,-0.00189921,1.07145,-0.0124977,2.04642,-0.00182617,1.08541,-0.0128626,2.05238
0.542,-0.00189921,1.07145,-0.0124977,2.04642,-0.00186269,1.08541,-0.0128626,2.0523
0.544,-0.00189921,1.07148,-0.0125433,2.0465,-0.00186269,1.08541,-0.0128626,2.0523
0.546,-0.00189921,1.07145,-0.0124977,2.0465,-0.00182617,1.08541,-0.0128626,2.0523
0.548,-0.00189921,1.07148,-0.0125433,2.0465,-0.00186269,1.08538,-0.012817,2.0523
0.55,-0.00193574,1.07145,-0.0124977,2.0465,-0.00193574,1.08538,-0.012817,2.0523
0.552,-0.00193574,1.07145,-0.0124977,2.0465,-0.00186269,1.08541,-0.0128626,2.05238
0.554,-0.00193574,1.07148,-0.0124521,2.0465,-0.00186269,1.08535,-0.0128626,2.0523
0.556,-0.00189921,1.07148,-0.0125433,2.0465,-0.00186269,1.08535,-0.0128626,2.0523
0.558,-0.00189921,1.07145,-0.0124977,2.04642,-0.00189921,1.08535,-0.0128626,2.05238
0.56,-0.00189921,1.07145,-0.0124977,2.0465,-0.00186269,1.08538,-0.012817,2.0523
0.562,-0.00189921,1.07145,-0.0124977,2.0465,-0.00189921,1.08541,-0.0128626,2.0523
0.564,-0.00189921,1.07145,-0.0124977,2.0465,-0.00186269,1.08541,-0.0128626,2.05238
0.566,-0.00189921,1.07145,-0.0124977,2.0465,-0.00189921,1.08541,-0.0128626,2.05238
0.568,-0.00193574,1.07145,-0.0124977,2.04642,-0.00186269,1.08541,-0.0128626,2.05238
0.57,-0.00189921,1.07145,-0.0124977,2.04642,-0.00189921,1.08538,-0.0129082,2.0523
0.572,-0.00193574,1.07145,-0.0124977,2.04642,-0.00186269,1.08538,-0.012817,2.0523
0.574,-0.00189921,1.07145,-0.0124977,2.0465,-0.00186269,1.08538,-0.012817,2.0523
0.576,-0.00189921,1.07145,-0.0124977,2.0465,-0.00186269,1.08541,-0.0128626,2.0523
0.578,-0.00189921,1.07145,-0.0124977,2.0465,-0.00186269,1.08535,-0.0128626,2.0523
0.58,-0.00189921,1.07145,-0.0124977,2.0465,-0.00189921,1.08538,-0.0129082,2.0523
0.582,-0.00189921,1.07145,-0.0124977,2.0465,-0.00182617,1.08538,-0.0129082,2.0523
0.584,-0.00189921,1.07145,-0.0124977,2.0465,-0.00186269,1.08541,-0.0128626,2.05238
0.586,-0.00193574,1.07145,-0.0124977,2.04642,-0.00186269,1.08538,-0.012817,2.0523
0.588,-0.00193574,1.07142,-0.0125433,2.04642,-0.00186269,1.08541,-0.0128626,2.0523
0.59,-0.00189921,1.07145,-0.0124977,2.0465,-0.00182617,1.08541,-0.0128626,2.05238
0.592,-0.00189921,1.07145,-0.0124977,2.0465,-0.00186269,1.08538,-0.0129082,2.05238
0.594,-0.00189921,1.07145,-0.0124977,2.0465,-0.00186269,1.08538,-0.012817,2.0523
0.596,-0.00189921,1.07145,-0.0124977,2.0465,-0.00186269,1.08541,-0.0128626,2.05238
0.598,-0.00189921,1.07148,-0.0125433,2.0465,-0.00186269,1.08538,-0.012817,2.05238
0.6,-0.00189921,1.07148,-0.0125433,2.04642,-0.00182617,1.08541,-0.0128626,2.05238
0.602,-0.00193574,1.07145,-0.0124977,2.04642,-0.00182617,1.08541,-0.0128626,2.0523
0.604,-0.00193574,1.07145,-0.0124977,2.04642,-0.00186269,1.08538,-0.0129082,2.0523
0.606,-0.00193574,1.07145,-0.0124977,2.0465,-0.00186269,1.08541,-0.0128626,2.05238
0.608,-0.00189921,1.07145,-0.0124977,2.0465,-0.00186269,1.08538,-0.0129082,2.0523
0.61,-0.00189921,1.07148,-0.0125433,2.04659,-0.00186269,1.08535,-0.0128626,2.0523
0.612,-0.00189921,1.07145,-0.0124977,2.0465,-0.00189921,1.08538,-0.012817,2.0523
0.614,-0.00189921,1.07145,-0.0124977,2.0465,-0.00189921,1.08538,-0.0129082,2.0523
0.616,-0.00189921,1.07145,-0.0124977,2.0465,-0.00186269,1.08538,-0.012817,2.05238
0.618,-0.00189921,1.07145,-0.0124977,2.0465,-0.00186269,1.08541,-0.0128626,2.05238
0.62,-0.00189921,1.07145,-0.0124977,2.04642,-0.00182617,1.08541,-0.0128626,2.0523
0.622,-0.00189921,1.07145,-0.0124977,2.0465,-0.00189921,1.08541,-0.0128626,2.0523
0.624,-0.00189921,1.07145,-0.0124977,2.0465,-0.00186269,1.08535,-0.0128626,2.05238
0.626,-0.00189921,1.07148,-0.0125433,2.0465,-0.00186269,1.08538,-0.012817,2.05238
0.628,-0.00189921,1.07148,-0.0125433,2.0465,-0.00189921,1.08535,-0.0128626,2.0523
0.63,-0.00189921,1.07145,-0.0124977,2.0465,-0.00186269,1.08538,-0.0129082,2.05238
0.632,-0.00189921,1.07148,-0.0125433,2.0465,-0.00182617,1.08541,-0.0128626,2.0523
0.634,-0.00189921,1.07145,-0.0124977,2.04642,-0.00186269,1.08541,-0.0128626,2.05238
0.636,-0.00189921,1.07145,-0.0124977,2.04642,-0.00182617,1.08538,-0.012817,2.0523
0.638,-0.00193574,1.07145,-0.0124977,2.04642,-0.00189921,1.08538,-0.0129082,2.0523
0.64,-0.00193574,1.07148,-0.0125433,2.0465,-0.00186269,1.08541,-0.0128626,2.0523
0.642,-0.00193574,1.07145,-0.0124977,2.0465,-0.00186269,1.08538,-0.012817,2.0523
0.644,-0.00193574,1.07145,-0.0124977,2.04642,-0.00182617,1.08535,-0.0128626,2.0523
0.646,-0.00189921,1.07145,-0.0124977,2.0465,-0.00186269,1.08541,-0.0128626,2.0523
0.648,-0.00189921,1.07145,-0.0124977,2.04642,-0.00182617,1.08541,-0.0129538,2.05238
0.65,-0.00189921,1.07145,-0.0124977,2.04642,-0.00186269,1.08538,-0.0129082,2.0523
0.652,-0.00189921,1.07145,-0.0124977,2.04642,-0.00186269,1.08538,-0.0129082,2.0523
0.654,-0.00193574,1.07148,-0.0125433,2.0465,-0.00189921,1.08541,-0.0128626,2.0523
0.656,-0.00189921,1.07145,-0.0124977,2.0465,-0.00189921,1.08535,-0.0128626,2.0523
0.658,-0.00193574,1.07148,-0.0125433,2.0465,-0.00189921,1.08535,-0.0128626,2.05238
0.66,-0.00193574,1.07145,-0.0124977,2.0465,-0.00186269,1.08541,-0.0128626,2.0523
0.662,-0.00193574,1.07145,-0.0124977,2.0465,-0.00182617,1.08538,-0.0129082,2.0523
0.664,-0.00189921,1.07145,-0.0124977,2.0465,-0.00186269,1.08541,-0.0128626,2.05238
0.666,-0.00189921,1.07145,-0.0124977,2.0465,-0.00186269,1.08538,-0.0129082,2.0523
0.668,-0.00189921,1.07145,-0.0124977,2.0465,-0.00189921,1.08538,-0.012817,2.0523
0.67,-0.00189921,1.07148,-0.0125433,2.0465,-0.00186269,1.08541,-0.0128626,2.0523
0.672,-0.00189921,1.07148,-0.0125433,2.0465,-0.00186269,1.08538,-0.012817,2.05238
0.674,-0.00189921,1.07145,-0.0124977,2.0465,-0.00182617,1.08541,-0.0128626,2.05238
0.676,-0.00193574,1.07145,-0.0124977,2.0465,-0.00182617,1.08538,-0.0129082,2.0523
0.678,-0.00193574,1.07145,-0.0124977,2.0465,-0.00186269,1.08541,-0.0128626,2.05238
0.68,-0.00193574,1.07145,-0.0124977,2.0465,-0.00186269,1.08538,-0.0129082,2.0523
0.682,-0.00189921,1.07145,-0.0124977,2.0465,-0.00186269,1.08535,-0.0128626,2.05238
0.684,-0.00193574,1.07145,-0.0124977,2.0465,-0.00189921,1.08535,-0.0128626,2.0523
0.686,-0.00189921,1.07145,-0.0124977,2.0465,-0.00186269,1.08535,-0.0128626,2.05238
0.688,-0.00189921,1.07145,-0.0124977,2.0465,-0.00186269,1.08538,-0.0129082,2.0523
0.69,-0.00189921,1.07145,-0.0124977,2.0465,-0.00186269,1.08541,-0.0128626,2.0523
0.692,-0.00189921,1.07145,-0.0124977,2.04642,-0.00186269,1.08541,-0.0128626,2.0523
0.694,-0.00193574,1.07145,-0.0124977,2.0465,-0.00186269,1.08541,-0.0128626,2.0523
0.696,-0.00189921,1.07145,-0.0124977,2.0465,-0.00182617,1.08538,-0.012817,2.0523
0.698,-0.00193574,1.07145,-0.0124977,2.04642,-0.00182617,1.08538,-0.0129082,2.05238
0.7,-0.00189921,1.07145,-0.0124977,2.0465,-0.00186269,1.08535,-0.0128626,2.0523
0.702,-0.00193574,1.07145,-0.0124977,2.0465,-0.00186269,1.08538,-0.0129082,2.0523
0.704,-0.00189921,1.07145,-0.0124977,2.0465,-0.00189921,1.08538,-0.012817,2.0523
0.706,-0.00189921,1.07145,-0.0124977,2.0465,-0.00189921,1.08541,-0.0128626,2.05238
0.708,-0.00189921,1.07145,-0.0124977,2.0465,-0.00186269,1.08538,-0.0129082,2.0523
0.71,-0.00189921,1.07145,-0.0124977,2.0465,-0.00186269,1.08541,-0.0128626,2.0523
0.712,-0.00189921,1.07145,-0.0124977,2.0465,-0.00186269,1.08538,-0.0129082,2.0523
0.714,-0.00193574,1.07145,-0.0124977,2.04659,-0.00186269,1.08541,-0.0128626,2.0523
0.716,-0.00193574,1.07145,-0.0124977,2.0465,-0.00186269,1.08541,-0.0128626,2.0523
0.718,-0.00193574,1.07148,-0.0125433,2.0465,-0.00189921,1.08538,-0.012817,2.0523
0.72,-0.00189921,1.07145,-0.0124977,2.0465,-0.00189921,1.08538,-0.012817,2.0523
0.722,-0.00189921,1.07145,-0.0124977,2.0465,-0.00186269,1.08541,-0.0128626,2.0523
0.724,-0.00189921,1.07145,-0.0124977,2.0465,-0.00186269,1.08538,-0.0129082,2.05238
0.726,-0.00189921,1.07145,-0.0124977,2.0465,-0.00186269,1.08538,-0.012817,2.05238
0.728,-0.00193574,1.07145,-0.0124977,2.0465,-0.00186269,1.08541,-0.0128626,2.0523
0.73,-0.00193574,1.07145,-0.0124977,2.0465,-0.00186269,1.08535,-0.0128626,2.0523
0.732,-0.00193574,1.07145,-0.0124977,2.0465,-0.00186269,1.08538,-0.012817,2.0523
0.734,-0.00189921,1.07145,-0.0124977,2.04642,-0.00186269,1.08541,-0.0128626,2.0523
0.736,-0.00189921,1.07145,-0.0124977,2.04642,-0.00186269,1.08538,-0.012817,2.0523
0.738,-0.00189921,1.07148,-0.0125433,2.0465,-0.00189921,1.08538,-0.0129082,2.05238
0.74,-0.00193574,1.07145,-0.0124977,2.04642,-0.00186269,1.08538,-0.0129082,2.05238
0.742,-0.00193574,1.07148,-0.0125433,2.04642,-0.00186269,1.08538,-0.0129082,2.0523
0.744,-0.00189921,1.07148,-0.0125433,2.0465,-0.00186269,1.08541,-0.0128626,2.0523
0.746,-0.00193574,1.07148,-0.0125433,2.0465,-0.00186269,1.08541,-0.0128626,2.0523
0.748,-0.00193574,1.07145,-0.0124977,2.04642,-0.00186269,1.08541,-0.0128626,2.0523
0.75,-0.00189921,1.07148,-0.0125433,2.0465,-0.00189921,1.08543,-0.012817,2.0523
0.752,-0.00189921,1.07148,-0.0125433,2.04642,-0.00182617,1.08538,-0.0129082,2.0523
0.754,-0.00193574,1.07145,-0.0124977,2.0465,-0.00186269,1.08541,-0.0128626,2.0523
0.756,-0.00189921,1.07145,-0.0124977,2.0465,-0.00186269,1.08538,-0.0129082,2.0523
0.758,-0.00189921,1.07148,-0.0125433,2.0465,-0.00182617,1.08541,-0.0128626,2.0523
0.76,-0.00189921,1.07145,-0.0124977,2.0465,-0.00189921,1.08541,-0.0128626,2.05238
0.762,-0.00189921,1.07145,-0.0124977,2.0465,-0.00182617,1.08541,-0.0128626,2.05238
0.764,-0.00189921,1.07145,-0.0124977,2.0465,-0.00182617,1.08543,-0.012817,2.05238
0.766,-0.00189921,1.07145,-0.0124977,2.0465,-0.00186269,1.08538,-0.0129082,2.0523
0.768,-0.00189921,1.07148,-0.0125433,2.04642,-0.00182617,1.08538,-0.012817,2.05238
0.77,-0.00189921,1.07148,-0.0125433,2.0465,-0.00186269,1.08535,-0.0128626,2.0523
0.772,-0.00189921,1.07145,-0.0124977,2.0465,-0.00189921,1.08535,-0.0128626,2.0523
0.774,-0.00189921,1.07145,-0.0124977,2.0465,-0.00186269,1.08541,-0.0128626,2.0523
0.776,-0.00189921,1.07145,-0.0124977,2.0465,-0.00182617,1.08541,-0.0128626,2.0523
0.778,-0.00189921,1.07145,-0.0124977,2.0465,-0.00186269,1.08538,-0.012817,2.05238
0.78,-0.00189921,1.07145,-0.0124977,2.0465,-0.00182617,1.08538,-0.0129082,2.0523
0.782,-0.00189921,1.07148,-0.0125433,2.0465,-0.00182617,1.08541,-0.0128626,2.05238
0.784,-0.00189921,1.07148,-0.0125433,2.04642,-0.00186269,1.08538,-0.012817,2.0523
0.786,-0.00189921,1.07145,-0.0124977,2.0465,-0.00182617,1.08538,-0.0129082,2.05238
0.788,-0.00193574,1.07145,-0.0124977,2.0465,-0.00182617,1.08541,-0.0128626,2.0523
0.79,-0.00189921,1.07145,-0.0124977,2.0465,-0.00182617,1.08535,-0.0128626,2.0523
0.792,-0.00189921,1.07148,-0.0125433,2.0465,-0.00189921,1.08538,-0.012817,2.0523
0.794,-0.00189921,1.07145,-0.0124977,2.0465,-0.00186269,1.08535,-0.0128626,2.0523
0.796,-0.00189921,1.07148,-0.0125433,2.0465,-0.00189921,1.08541,-0.0128626,2.0523
0.798,-0.00193574,1.07145,-0.0124977,2.04642,-0.00186269,1.08541,-0.0128626,2.0523
0.8,-0.00189921,1.07145,-0.0124977,2.04642,-0.00186269,1.08538,-0.0129082,2.0523
0.802,-0.00189921,1.07145,-0.0124977,2.0465,-0.00186269,1.08541,-0.0128626,2.0523
0.804,-0.00189921,1.07145,-0.0124977,2.0465,-0.00186269,1.08538,-0.0129082,2.0523
0.806,-0.00189921,1.07148,-0.0125433,2.0465,-0.00186269,1.08541,-0.0128626,2.0523
0.808,-0.00189921,1.07148,-0.0125433,2.0465,-0.00186269,1.08538,-0.012817,2.0523
0.81,-0.00189921,1.07148,-0.0125433,2.04642,-0.00189921,1.08538,-0.0129082,2.0523
0.812,-0.00193574,1.07145,-0.0124977,2.0465,-0.00186269,1.08541,-0.0128626,2.05238
0.814,-0.00193574,1.07145,-0.0124977,2.04642,-0.00186269,1.08541,-0.0128626,2.05238
0.816,-0.00189921,1.07145,-0.0124977,2.0465,-0.00186269,1.08538,-0.0129082,2.0523
0.818,-0.00193574,1.07148,-0.0125433,2.0465,-0.00182617,1.08538,-0.0129082,2.0523
0.82,-0.00189921,1.07148,-0.0125433,2.0465,-0.00186269,1.08541,-0.0128626,2.0523
0.822,-0.00193574,1.07145,-0.0124977,2.0465,-0.00186269,1.08538,-0.0129082,2.05238
0.824,-0.00189921,1.07145,-0.0124977,2.0465,-0.00186269,1.08541,-0.0128626,2.05238
0.826,-0.00189921,1.07148,-0.0125433,2.04642,-0.00186269,1.08538,-0.012817,2.0523
0.828,-0.00189921,1.07145,-0.0124977,2.0465,-0.00186269,1.08538,-0.012817,2.05238
0.83,-0.00189921,1.07145,-0.0124977,2.04642,-0.00186269,1.08541,-0.0128626,2.0523
0.832,-0.00189921,1.07145,-0.0124977,2.0465,-0.00178964,1.08538,-0.012817,2.0523
0.834,-0.00193574,1.07145,-0.0124977,2.0465,-0.00186269,1.08535,-0.0128626,2.0523
0.836,-0.00189921,1.07145,-0.0124977,2.04642,-0.00189921,1.08541,-0.0128626,2.05238
0.838,-0.00189921,1.07148,-0.0125433,2.0465,-0.00189921,1.08541,-0.0128626,2.0523
0.84,-0.00189921,1.07145,-0.0124977,2.0465,-0.00189921,1.08538,-0.0129082,2.0523
0.842,-0.00189921,1.07145,-0.0124977,2.0465,-0.00186269,1.08541,-0.0128626,2.0523
0.844,-0.00189921,1.07148,-0.0125433,2.0465,-0.00186269,1.08541,-0.0128626,2.0523
0.846,-0.00193574,1.07145,-0.0124977,2.04642,-0.00186269,1.08541,-0.0128626,2.0523
0.848,-0.00193574,1.07148,-0.0125433,2.04642,-0.00186269,1.08543,-0.012817,2.05238
0.85,-0.00193574,1.07145,-0.0124977,2.0465,-0.00186269,1.08541,-0.0128626,2.0523
0.852,-0.00189921,1.07145,-0.0124977,2.0465,-0.00186269,1.08538,-0.0129082,2.0523
0.854,-0.00189921,1.07145,-0.0124977,2.0465,-0.00186269,1.08538,-0.0129082,2.05238
0.856,-0.00189921,1.07145,-0.0124977,2.04642,-0.00186269,1.08538,-0.012817,2.0523
0.858,-0.00193574,1.07145,-0.0124977,2.0465,-0.00186269,1.08538,-0.0129082,2.0523
0.86,-0.00189921,1.07145,-0.0124977,2.0465,-0.00186269,1.08538,-0.0129082,2.0523
0.862,-0.00189921,1.07148,-0.0125433,2.0465,-0.00182617,1.08538,-0.012817,2.0523
0.864,-0.00189921,1.07145,-0.0124977,2.04642,-0.00186269,1.08538,-0.0129082,2.0523
0.866,-0.00189921,1.07145,-0.0124977,2.0465,-0.00182617,1.08538,-0.0129082,2.0523
0.868,-0.00189921,1.07145,-0.0124977,2.04642,-0.00182617,1.08541,-0.0128626,2.0523
0.87,-0.00189921,1.07148,-0.0125433,2.0465,-0.00186269,1.08535,-0.0128626,2.0523
0.872,-0.00189921,1.07145,-0.0124977,2.04642,-0.00186269,1.08538,-0.012817,2.0523
0.874,-0.00189921,1.07145,-0.0124977,2.0465,-0.00189921,1.08541,-0.0128626,2.0523
0.876,-0.00189921,1.07145,-0.0124977,2.0465,-0.00186269,1.08538,-0.012817,2.05238
0.878,-0.00189921,1.07145,-0.0124977,2.0465,-0.00186269,1.08541,-0.0128626,2.0523
0.88,-0.00189921,1.07145,-0.0124977,2.0465,-0.00186269,1.08541,-0.0128626,2.0523
0.882,-0.00189921,1.07145,-0.0124977,2.0465,-0.00186269,1.08535,-0.0128626,2.0523
0.884,-0.00189921,1.07145,-0.0124977,2.04642,-0.00189921,1.08535,-0.0128626,2.0523
0.886,-0.00193574,1.07145,-0.0124977,2.0465,-0.00186269,1.08538,-0.0129082,2.05238
0.888,-0.00189921,1.07145,-0.0124977,2.0465,-0.00186269,1.08535,-0.0128626,2.05238
0.89,-0.00193574,1.07145,-0.0124977,2.0465,-0.00186269,1.08541,-0.0128626,2.0523
0.892,-0.00193574,1.07145,-0.0124977,2.0465,-0.00186269,1.08541,-0.0128626,2.0523
0.894,-0.00189921,1.07145,-0.0124977,2.0465,-0.00189921,1.08538,-0.0129082,2.0523
0.896,-0.00189921,1.07145,-0.0124977,2.0465,-0.00186269,1.08541,-0.0128626,2.05238
0.898,-0.00189921,1.07145,-0.0124977,2.0465,-0.00186269,1.08538,-0.012817,2.0523
0.9,-0.00189921,1.07145,-0.0124977,2.0465,-0.00186269,1.08535,-0.0128626,2.05238
0.902,-0.00189921,1.07148,-0.0125433,2.0465,-0.00186269,1.08538,-0.0129082,2.0523
0.904,-0.00189921,1.07145,-0.0124977,2.04642,-0.00186269,1.08538,-0.012817,2.0523
0.906,-0.00189921,1.07145,-0.0124977,2.0465,-0.00189921,1.08541,-0.0128626,2.0523
0.908,-0.00189921,1.07145,-0.0124977,2.0465,-0.00182617,1.08541,-0.0128626,2.0523
0.91,-0.00189921,1.07145,-0.0124977,2.0465,-0.00186269,1.08541,-0.0128626,2.0523
0.912,-0.00193574,1.07145,-0.0124977,2.0465,-0.00182617,1.08538,-0.0129082,2.0523
0.914,-0.00189921,1.07145,-0.0124977,2.0465,-0.00186269,1.08535,-0.0128626,2.0523
0.916,-0.00189921,1.07145,-0.0124977,2.0465,-0.00189921,1.08535,-0.0128626,2.0523
0.918,-0.00189921,1.07145,-0.0124977,2.0465,-0.00186269,1.08538,-0.0129082,2.0523
0.92,-0.00189921,1.07145,-0.0124977,2.0465,-0.00182617,1.08541,-0.0128626,2.0523
0.922,-0.00193574,1.07145,-0.0124977,2.0465,-0.00186269,1.08538,-0.012817,2.0523
0.924,-0.00193574,1.07145,-0.0124977,2.0465,-0.00186269,1.08538,-0.0129082,2.0523
0.926,-0.00193574,1.07145,-0.0124977,2.0465,-0.00186269,1.08541,-0.0128626,2.0523
0.928,-0.00193574,1.07145,-0.0124977,2.0465,-0.00186269,1.08535,-0.0128626,2.0523
0.93,-0.00189921,1.07145,-0.0124977,2.0465,-0.00186269,1.08538,-0.0129082,2.0523
0.932,-0.00189921,1.07148,-0.0125433,2.0465,-0.00186269,1.08535,-0.0128626,2.0523
0.934,-0.00189921,1.07145,-0.0124977,2.0465,-0.00189921,1.08535,-0.0128626,2.05238
0.936,-0.00189921,1.07145,-0.0124977,2.04642,-0.00186269,1.08541,-0.0128626,2.0523
0.938,-0.00189921,1.07145,-0.0124977,2.04642,-0.00182617,1.08541,-0.0128626,2.05238
0.94,-0.00193574,1.07148,-0.0125433,2.04642,-0.00189921,1.08541,-0.0128626,2.0523
0.942,-0.00193574,1.07145,-0.0124977,2.0465,-0.00186269,1.08538,-0.0129082,2.05238
0.944,-0.00193574,1.07145,-0.0124977,2.0465,-0.00182617,1.08541,-0.0128626,2.0523
0.946,-0.00189921,1.07145,-0.0124977,2.0465,-0.00182617,1.08541,-0.0128626,2.0523
0.948,-0.00189921,1.07145,-0.0124977,2.0465,-0.00189921,1.08538,-0.0129082,2.0523
0.95,-0.00189921,1.07145,-0.0124977,2.0465,-0.00186269,1.08541,-0.0128626,2.0523
0.952,-0.00189921,1.07145,-0.0124977,2.0465,-0.00189921,1.08541,-0.0128626,2.0523
0.954,-0.00189921,1.07145,-0.0124977,2.04642,-0.00182617,1.08538,-0.012817,2.0523
0.956,-0.00193574,1.07148,-0.0125433,2.0465,-0.00186269,1.08541,-0.0128626,2.0523
0.958,-0.00193574,1.07148,-0.0125433,2.0465,-0.00182617,1.08538,-0.012817,2.0523
0.96,-0.00193574,1.07145,-0.0124977,2.0465,-0.00189921,1.08541,-0.0128626,2.05238
0.962,-0.00189921,1.07142,-0.0125433,2.0465,-0.00186269,1.08541,-0.0128626,2.05238
0.964,-0.00189921,1.07145,-0.0124977,2.0465,-0.00186269,1.08541,-0.0128626,2.0523
0.966,-0.00189921,1.07145,-0.0124977,2.0465,-0.00189921,1.08538,-0.0129082,2.0523
0.968,-0.00189921,1.07145,-0.0124977,2.0465,-0.00182617,1.08538,-0.0129082,2.05238
0.97,-0.00189921,1.07145,-0.0124977,2.04642,-0.00186269,1.08535,-0.0128626,2.05238
0.972,-0.00193574,1.07145,-0.0124977,2.0465,-0.00186269,1.08538,-0.012817,2.0523
0.974,-0.00193574,1.07145,-0.0124977,2.0465,-0.00186269,1.08538,-0.012817,2.0523
0.976,-0.00189921,1.07145,-0.0124977,2.0465,-0.00189921,1.08541,-0.0128626,2.0523
0.978,-0.00189921,1.07145,-0.0124977,2.0465,-0.00189921,1.08541,-0.0128626,2.0523
0.98,-0.00189921,1.07145,-0.0124977,2.0465,-0.00189921,1.08538,-0.0129082,2.0523
0.982,-0.00189921,1.07145,-0.0124977,2.0465,-0.00186269,1.08541,-0.0128626,2.0523
0.984,-0.00189921,1.07145,-0.0124977,2.0465,-0.00186269,1.08541,-0.0128626,2.0523
0.986,-0.00189921,1.07145,-0.0124977,2.04642,-0.00189921,1.08538,-0.012817,2.0523
0.988,-0.00189921,1.07145,-0.0124977,2.0465,-0.00186269,1.08541,-0.0128626,2.05238
0.99,-0.00189921,1.07145,-0.0124977,2.0465,-0.00186269,1.08541,-0.0128626,2.0523
0.992,-0.00193574,1.07145,-0.0124977,2.0465,-0.00186269,1.08538,-0.012817,2.05238
0.994,-0.00189921,1.07145,-0.0124977,2.0465,-0.00182617,1.08535,-0.0128626,2.0523
0.996,-0.00189921,1.07145,-0.0124977,2.0465,-0.00189921,1.08538,-0.0129082,2.0523
0.998,-0.00189921,1.07148,-0.0125433,2.0465,-0.00182617,1.08538,-0.0129082,2.0523
1,-0.00189921,1.07145,-0.0125889,2.04642,-0.00182617,1.08538,-0.012817,2.0523
1.002,-0.00193574,1.07145,-0.0124977,2.04642,-0.00186269,1.08535,-0.0128626,2.0523
1.004,-0.00189921,1.07145,-0.0124977,2.04642,-0.00193574,1.08541,-0.0128626,2.05238
1.006,-0.00189921,1.07145,-0.0124977,2.04642,-0.00186269,1.08541,-0.0127714,2.0523
1.008,-0.00189921,1.07145,-0.0124977,2.04642,-0.00182617,1.08535,-0.0128626,2.0523
1.01,-0.00189921,1.07148,-0.0125433,2.0465,-0.00186269,1.08538,-0.012817,2.05238
1.012,-0.00189921,1.07148,-0.0125433,2.0465,-0.00186269,1.08535,-0.0128626,2.0523
1.014,-0.00189921,1.07145,-0.0124977,2.04642,-0.00186269,1.08538,-0.012817,2.0523
1.016,-0.00189921,1.07145,-0.0124977,2.04642,-0.00193574,1.08541,-0.0128626,2.0523
1.018,-0.00193574,1.07145,-0.0124977,2.0465,-0.00186269,1.08541,-0.0128626,2.0523
1.02,-0.00189921,1.07145,-0.0124977,2.0465,-0.00182617,1.08541,-0.0128626,2.0523
1.022,-0.00189921,1.07145,-0.0124977,2.0465,-0.00186269,1.08538,-0.0129082,2.0523
1.024,-0.00189921,1.07145,-0.0124977,2.0465,-0.00189921,1.08538,-0.012817,2.0523
1.026,-0.00189921,1.07148,-0.0125433,2.0465,-0.00186269,1.08541,-0.0128626,2.0523
1.028,-0.00189921,1.07145,-0.0124977,2.04642,-0.00186269,1.08538,-0.012817,2.05238
1.03,-0.00189921,1.07148,-0.0125433,2.04642,-0.00186269,1.08538,-0.012817,2.0523
1.032,-0.00189921,1.07148,-0.0125433,2.0465,-0.00186269,1.08538,-0.012817,2.0523
1.034,-0.00189921,1.07145,-0.0124977,2.0465,-0.00186269,1.08538,-0.0129082,2.0523
1.036,-0.00189921,1.07145,-0.0124977,2.04659,-0.00182617,1.08541,-0.0128626,2.05238
1.038,-0.00189921,1.07145,-0.0124977,2.0465,-0.00186269,1.08538,-0.0129082,2.0523
1.04,-0.00193574,1.07148,-0.0125433,2.0465,-0.00189921,1.08538,-0.0129082,2.05238
1.042,-0.00193574,1.07148,-0.0125433,2.04642,-0.00182617,1.08538,-0.0129082,2.05238
1.044,-0.00193574,1.07145,-0.0124977,2.04642,-0.00186269,1.08535,-0.0128626,2.0523
1.046,-0.00189921,1.07145,-0.0124977,2.04642,-0.00182617,1.08541,-0.0128626,2.0523
1.048,-0.00189921,1.07145,-0.0124977,2.04642,-0.00186269,1.08538,-0.0129082,2.0523
1.05,-0.00189921,1.07151,-0.0124977,2.0465,-0.00186269,1.08538,-0.0129082,2.05238
1.052,-0.00189921,1.07148,-0.0125433,2.0465,-0.00186269,1.08538,-0.0129082,2.0523
1.054,-0.00189921,1.07148,-0.0125433,2.0465,-0.00186269,1.08541,-0.0128626,2.05238
1.056,-0.00193574,1.07145,-0.0124977,2.0465,-0.00186269,1.08538,-0.0129082,2.05238
1.058,-0.00189921,1.07145,-0.0124977,2.0465,-0.00186269,1.08541,-0.0128626,2.0523
1.06,-0.00189921,1.07145,-0.0124977,2.04642,-0.00186269,1.08538,-0.012817,2.0523
1.062,-0.00189921,1.07145,-0.0124977,2.04642,-0.00189921,1.08541,-0.0128626,2.0523
1.064,-0.00189921,1.07145,-0.0124977,2.04642,-0.00186269,1.08538,-0.012817,2.0523
1.066,-0.00189921,1.07148,-0.0125433,2.0465,-0.00186269,1.08538,-0.012817,2.0523
1.068,-0.00189921,1.07148,-0.0125433,2.0465,-0.00189921,1.08538,-0.012817,2.0523
1.07,-0.00189921,1.07145,-0.0124977,2.0465,-0.00182617,1.08538,-0.0129082,2.05238
1.072,-0.00193574,1.07145,-0.0124977,2.0465,-0.00186269,1.08541,-0.0128626,2.0523
1.074,-0.00189921,1.07145,-0.0124977,2.0465,-0.00182617,1.08538,-0.0129082,2.0523
1.076,-0.00189921,1.07145,-0.0124977,2.0465,-0.00186269,1.08541,-0.0128626,2.0523
1.078,-0.00189921,1.07145,-0.0124977,2.0465,-0.00189921,1.08541,-0.0128626,2.0523
1.08,-0.00193574,1.07148,-0.0125433,2.0465,-0.00182617,1.08535,-0.0128626,2.0523
1.082,-0.00189921,1.07148,-0.0125433,2.0465,-0.00186269,1.08538,-0.012817,2.05238
1.084,-0.00189921,1.07145,-0.0124977,2.0465,-0.00182617,1.08538,-0.012817,2.0523
1.086,-0.00189921,1.07145,-0.0124977,2.04642,-0.00182617,1.08538,-0.012817,2.05238
1.088,-0.00189921,1.07145,-0.0124977,2.04642,-0.00182617,1.08541,-0.0128626,2.0523
1.09,-0.00189921,1.07145,-0.0124977,2.0465,-0.00186269,1.08538,-0.0129082,2.0523
1.092,-0.00193574,1.07145,-0.0124977,2.0465,-0.00186269,1.08535,-0.0128626,2.0523
1.094,-0.00193574,1.07145,-0.0124977,2.0465,-0.00186269,1.08535,-0.0128626,2.05238
1.096,-0.00189921,1.07148,-0.0125433,2.0465,-0.00186269,1.08535,-0.0128626,2.0523
1.098,-0.00189921,1.07145,-0.0124977,2.0465,-0.00186269,1.08538,-0.012817,2.0523
1.1,-0.00193574,1.07145,-0.0124977,2.0465,-0.00186269,1.08538,-0.0129082,2.05238
1.102,-0.00189921,1.07145,-0.0124977,2.0465,-0.00186269,1.08538,-0.0129082,2.05238
1.104,-0.00189921,1.07145,-0.0124977,2.04642,-0.00186269,1.08541,-0.0128626,2.0523
1.106,-0.00189921,1.07148,-0.0125433,2.0465,-0.00186269,1.08538,-0.0129082,2.0523
1.108,-0.00189921,1.07148,-0.0125433,2.0465,-0.00189921,1.08535,-0.0128626,2.0523
1.11,-0.00189921,1.07145,-0.0124977,2.0465,-0.00186269,1.08541,-0.0128626,2.0523
1.112,-0.00189921,1.07148,-0.0125433,2.0465,-0.00186269,1.08538,-0.0129082,2.0523
1.114,-0.00189921,1.07148,-0.0125433,2.0465,-0.00186269,1.08541,-0.0128626,2.0523
1.116,-0.00189921,1.07145,-0.0124977,2.0465,-0.00186269,1.08541,-0.0128626,2.05238
1.118,-0.00189921,1.07145,-0.0124977,2.0465,-0.00186269,1.08538,-0.012817,2.0523
1.12,-0.00193574,1.07145,-0.0124977,2.04642,-0.00182617,1.08541,-0.0128626,2.0523
1.122,-0.00193574,1.07148,-0.0125433,2.0465,-0.00186269,1.08535,-0.0128626,2.0523
1.124,-0.00189921,1.07151,-0.0124977,2.04642,-0.00186269,1.08535,-0.0128626,2.0523
1.126,-0.00189921,1.07148,-0.0124521,2.0465,-0.00186269,1.08541,-0.0128626,2.0523
1.128,-0.00189921,1.07145,-0.0124977,2.0465,-0.00186269,1.08538,-0.0129082,2.0523
1.13,-0.00189921,1.07145,-0.0124977,2.04642,-0.00186269,1.08541,-0.0128626,2.0523
1.132,-0.00189921,1.07145,-0.0124977,2.04642,-0.00186269,1.08538,-0.012817,2.0523
1.134,-0.00193574,1.07145,-0.0124977,2.04642,-0.00186269,1.08538,-0.0129082,2.0523
1.136,-0.00193574,1.07148,-0.0125433,2.04642,-0.00186269,1.08538,-0.012817,2.0523
1.138,-0.00193574,1.07145,-0.0124977,2.04642,-0.00182617,1.08535,-0.0128626,2.0523
1.14,-0.00193574,1.07148,-0.0124521,2.04642,-0.00186269,1.08538,-0.0129082,2.0523
1.142,-0.00189921,1.07145,-0.0124977,2.0465,-0.00186269,1.08541,-0.0128626,2.0523
1.144,-0.00189921,1.07148,-0.0125433,2.0465,-0.00186269,1.08541,-0.0128626,2.0523
1.146,-0.00189921,1.07145,-0.0124977,2.0465,-0.00189921,1.08543,-0.012817,2.05238
1.148,-0.00189921,1.07148,-0.0125433,2.04642,-0.00186269,1.08538,-0.0129082,2.0523
1.15,-0.00189921,1.07145,-0.0124977,2.04642,-0.00186269,1.08541,-0.0128626,2.05238
1.152,-0.00193574,1.07148,-0.0125433,2.0465,-0.00186269,1.08535,-0.0128626,2.0523
1.154,-0.00193574,1.07145,-0.0124977,2.0465,-0.00182617,1.08538,-0.012817,2.0523
1.156,-0.00189921,1.07145,-0.0124977,2.0465,-0.00186269,1.08535,-0.0128626,2.0523
1.158,-0.00189921,1.07145,-0.0124977,2.0465,-0.00186269,1.08538,-0.012817,2.0523
1.16,-0.00189921,1.07145,-0.0124977,2.0465,-0.00189921,1.08535,-0.0128626,2.0523
1.162,-0.00189921,1.07145,-0.0124977,2.04642,-0.00186269,1.08538,-0.012817,2.0523
1.164,-0.00189921,1.07145,-0.0124977,2.0465,-0.00186269,1.08541,-0.0128626,2.05238
1.166,-0.00189921,1.07148,-0.0125433,2.04642,-0.00186269,1.08535,-0.0128626,2.05238
1.168,-0.00189921,1.07148,-0.0125433,2.0465,-0.00186269,1.08541,-0.0128626,2.0523
1.17,-0.00193574,1.07145,-0.0124977,2.0465,-0.00193574,1.08538,-0.012817,2.0523
1.172,-0.00193574,1.07148,-0.0125433,2.0465,-0.00186269,1.08541,-0.0128626,2.0523
1.174,-0.00193574,1.07145,-0.0124977,2.0465,-0.00189921,1.08541,-0.0128626,2.0523
1.176,-0.00193574,1.07145,-0.0124977,2.0465,-0.00189921,1.08541,-0.0128626,2.0523
1.178,-0.00189921,1.07145,-0.0124977,2.04642,-0.00186269,1.08538,-0.0129082,2.0523
1.18,-0.00189921,1.07145,-0.0124977,2.0465,-0.00182617,1.08538,-0.0129082,2.0523
1.182,-0.00193574,1.07145,-0.0124977,2.0465,-0.00186269,1.08538,-0.012817,2.0523
1.184,-0.00193574,1.07145,-0.0124977,2.0465,-0.00186269,1.08535,-0.0128626,2.0523
1.186,-0.00189921,1.07145,-0.0124977,2.0465,-0.00189921,1.08535,-0.0128626,2.05238
1.188,-0.00189921,1.07145,-0.0124977,2.0465,-0.00186269,1.08538,-0.012817,2.0523
1.19,-0.00189921,1.07145,-0.0124977,2.0465,-0.00189921,1.08538,-0.0129082,2.0523
1.192,-0.00189921,1.07145,-0.0124977,2.0465,-0.00186269,1.08538,-0.012817,2.05238
1.194,-0.00193574,1.07145,-0.0124977,2.04642,-0.00182617,1.08535,-0.0128626,2.0523
1.196,-0.00189921,1.07148,-0.0125433,2.0465,-0.00189921,1.08535,-0.0128626,2.05238
1.198,-0.00189921,1.07148,-0.0125433,2.04642,-0.00182617,1.08538,-0.0129082,2.0523
1.2,-0.00193574,1.07145,-0.0124977,2.04642,-0.00186269,1.08538,-0.012817,2.05238
1.202,-0.00193574,1.07145,-0.0124977,2.0465,-0.00189921,1.08538,-0.0129082,2.0523
1.204,-0.00193574,1.07145,-0.0124977,2.0465,-0.00182617,1.08541,-0.0128626,2.0523
1.206,-0.00193574,1.07145,-0.0124977,2.0465,-0.00186269,1.08535,-0.0128626,2.0523
1.208,-0.00189921,1.07148,-0.0125433,2.04642,-0.00186269,1.08538,-0.012817,2.0523
1.21,-0.00189921,1.07145,-0.0124977,2.0465,-0.00186269,1.08535,-0.0128626,2.0523
1.212,-0.00189921,1.07145,-0.0124977,2.0465,-0.00189921,1.08538,-0.012817,2.0523
1.214,-0.00189921,1.07145,-0.0124977,2.0465,-0.00186269,1.08538,-0.012817,2.0523
1.216,-0.00189921,1.07145,-0.0124977,2.0465,-0.00186269,1.08538,-0.012817,2.0523
1.218,-0.00193574,1.07145,-0.0124977,2.0465,-0.00186269,1.08538,-0.0129082,2.05238
1.22,-0.00189921,1.07148,-0.0125433,2.04659,-0.00186269,1.08538,-0.012817,2.0523
1.222,-0.00189921,1.07148,-0.0125433,2.0465,-0.00186269,1.08538,-0.0129082,2.05238
1.224,-0.00189921,1.07145,-0.0124977,2.0465,-0.00186269,1.08538,-0.0129082,2.0523
1.226,-0.00193574,1.07145,-0.0124977,2.0465,-0.00186269,1.08541,-0.0128626,2.0523
1.228,-0.00189921,1.07145,-0.0124977,2.0465,-0.00186269,1.08538,-0.0129082,2.0523
1.23,-0.00189921,1.07145,-0.0124977,2.04659,-0.00182617,1.08538,-0.012817,2.05221
1.232,-0.00189921,1.07145,-0.0124977,2.0465,-0.00186269,1.08535,-0.0128626,2.0523
1.234,-0.00189921,1.07145,-0.0124977,2.0465,-0.00182617,1.08535,-0.0128626,2.0523
1.236,-0.00189921,1.07148,-0.0125433,2.0465,-0.00186269,1.08538,-0.0129082,2.0523
1.238,-0.00189921,1.07145,-0.0124977,2.04642,-0.00186269,1.08541,-0.0128626,2.05238
1.24,-0.00189921,1.07145,-0.0124977,2.04642,-0.00189921,1.08541,-0.0128626,2.0523
1.242,-0.00193574,1.07145,-0.0124977,2.04642,-0.00186269,1.08541,-0.0128626,2.0523
1.244,-0.00189921,1.07145,-0.0124977,2.0465,-0.00186269,1.08538,-0.0129082,2.0523
1.246,-0.00189921,1.07148,-0.0125433,2.04642,-0.00186269,1.08538,-0.012817,2.0523
1.248,-0.00193574,1.07148,-0.0125433,2.0465,-0.00189921,1.08535,-0.0128626,2.0523
1.25,-0.00189921,1.07145,-0.0124977,2.04642,-0.00186269,1.08538,-0.012817,2.0523
1.252,-0.00189921,1.07145,-0.0124977,2.04642,-0.00189921,1.08541,-0.0128626,2.05238
1.254,-0.00189921,1.07145,-0.0124977,2.0465,-0.00186269,1.08535,-0.0128626,2.0523
1.256,-0.00189921,1.07148,-0.0125433,2.04642,-0.00186269,1.08538,-0.012817,2.0523
1.258,-0.00189921,1.07148,-0.0125433,2.04642,-0.00186269,1.08538,-0.0129082,2.0523
1.26,-0.00189921,1.07145,-0.0124977,2.04642,-0.00186269,1.08541,-0.0128626,2.0523
1.262,-0.00189921,1.07145,-0.0124977,2.04642,-0.00186269,1.08538,-0.012817,2.05238
1.264,-0.00189921,1.07145,-0.0124977,2.0465,-0.00189921,1.08541,-0.0128626,2.0523
1.266,-0.00189921,1.07145,-0.0124977,2.0465,-0.00186269,1.08538,-0.012817,2.05238
1.268,-0.00189921,1.07148,-0.0125433,2.0465,-0.00182617,1.08535,-0.0128626,2.0523
1.27,-0.00189921,1.07148,-0.0125433,2.0465,-0.00186269,1.08538,-0.012817,2.05238
1.272,-0.00189921,1.07145,-0.0124977,2.0465,-0.00186269,1.08538,-0.012817,2.0523
1.274,-0.00189921,1.07145,-0.0124977,2.0465,-0.00186269,1.08541,-0.0128626,2.0523
1.276,-0.00189921,1.07148,-0.0125433,2.0465,-0.00189921,1.08541,-0.0128626,2.0523
1.278,-0.00189921,1.07145,-0.0124977,2.0465,-0.00182617,1.08541,-0.0128626,2.05238
1.28,-0.00189921,1.07148,-0.0125433,2.0465,-0.00186269,1.08538,-0.0129082,2.0523
1.282,-0.00193574,1.07145,-0.0124977,2.0465,-0.00186269,1.08538,-0.0129082,2.0523
1.284,-0.00193574,1.07148,-0.0125433,2.0465,-0.00186269,1.08538,-0.012817,2.0523
1.286,-0.00193574,1.07145,-0.0124977,2.0465,-0.00189921,1.08538,-0.0129082,2.05238
1.288,-0.00193574,1.07145,-0.0124977,2.0465,-0.00186269,1.08538,-0.0129082,2.0523
1.29,-0.00189921,1.07145,-0.0124977,2.04642,-0.00182617,1.08538,-0.012817,2.0523
1.292,-0.00189921,1.07148,-0.0125433,2.0465,-0.00186269,1.08541,-0.0128626,2.05238
1.294,-0.00189921,1.07148,-0.0125433,2.0465,-0.00186269,1.08538,-0.0129082,2.0523
1.296,-0.00189921,1.07142,-0.0125433,2.04642,-0.00189921,1.08538,-0.0129082,2.0523
1.298,-0.00189921,1.07145,-0.0124977,2.0465,-0.00182617,1.08538,-0.0129082,2.0523
1.3,-0.00189921,1.07145,-0.0124977,2.0465,-0.00186269,1.08541,-0.0128626,2.0523
1.302,-0.00189921,1.07145,-0.0124977,2.0465,-0.00186269,1.08535,-0.0128626,2.0523
1.304,-0.00189921,1.07148,-0.0125433,2.0465,-0.00189921,1.08538,-0.012817,2.05238
1.306,-0.00193574,1.07145,-0.0124977,2.0465,-0.00182617,1.08538,-0.012817,2.0523
1.308,-0.00193574,1.07145,-0.0124977,2.0465,-0.00186269,1.08541,-0.0128626,2.0523
1.31,-0.00189921,1.07145,-0.0124977,2.0465,-0.00186269,1.08541,-0.0128626,2.0523
1.312,-0.00193574,1.07148,-0.0125433,2.04642,-0.00186269,1.08538,-0.0129082,2.0523
1.314,-0.00189921,1.07148,-0.0125433,2.04642,-0.00186269,1.08538,-0.0129082,2.0523
1.316,-0.00189921,1.07148,-0.0125433,2.0465,-0.00182617,1.08538,-0.0129082,2.0523
1.318,-0.00189921,1.07145,-0.0124977,2.0465,-0.00186269,1.08541,-0.0128626,2.0523
1.32,-0.00189921,1.07148,-0.0125433,2.0465,-0.00186269,1.08538,-0.012817,2.0523
1.322,-0.00189921,1.07145,-0.0124977,2.0465,-0.00186269,1.08538,-0.0129082,2.0523
1.324,-0.00193574,1.07148,-0.0125433,2.04642,-0.00186269,1.08535,-0.0128626,2.05238
1.326,-0.00193574,1.07145,-0.0124977,2.0465,-0.00182617,1.08541,-0.0128626,2.0523
1.328,-0.00189921,1.07145,-0.0124977,2.0465,-0.00189921,1.08538,-0.0129082,2.0523
1.33,-0.00189921,1.07145,-0.0124977,2.0465,-0.00186269,1.08541,-0.0128626,2.0523
1.332,-0.00189921,1.07148,-0.0125433,2.0465,-0.00186269,1.08538,-0.0129082,2.0523
1.334,-0.00189921,1.07148,-0.0125433,2.0465,-0.00189921,1.08538,-0.0129082,2.0523
1.336,-0.00189921,1.07148,-0.0125433,2.0465,-0.00186269,1.08538,-0.012817,2.0523
1.338,-0.00189921,1.07148,-0.0125433,2.0465,-0.00189921,1.08541,-0.0128626,2.05238
1.34,-0.00189921,1.07145,-0.0124977,2.0465,-0.00186269,1.08538,-0.0129082,2.0523
1.342,-0.00193574,1.07148,-0.0125433,2.0465,-0.00182617,1.08541,-0.0128626,2.0523
1.344,-0.00189921,1.07145,-0.0124977,2.0465,-0.00186269,1.08535,-0.0128626,2.0523
1.346,-0.00189921,1.07145,-0.0124977,2.0465,-0.00186269,1.08538,-0.0129082,2.0523
1.348,-0.00193574,1.07145,-0.0124977,2.0465,-0.00182617,1.08538,-0.0129082,2.05238
1.35,-0.00193574,1.07148,-0.0125433,2.0465,-0.00189921,1.08538,-0.012817,2.05238
1.352,-0.00189921,1.07145,-0.0124977,2.0465,-0.00186269,1.08538,-0.012817,2.0523
1.354,-0.00189921,1.07145,-0.0124977,2.0465,-0.00186269,1.08541,-0.0128626,2.05238
1.356,-0.00189921,1.07148,-0.0125433,2.0465,-0.00186269,1.08538,-0.012817,2.0523
1.358,-0.00189921,1.07145,-0.0124977,2.0465,-0.00186269,1.08541,-0.0128626,2.0523
1.36,-0.00189921,1.07145,-0.0124977,2.04642,-0.00186269,1.08538,-0.0129082,2.0523
1.362,-0.00189921,1.07145,-0.0124977,2.04642,-0.00182617,1.08538,-0.0129082,2.0523
1.364,-0.00193574,1.07148,-0.0125433,2.04642,-0.00186269,1.08535,-0.0128626,2.0523
1.366,-0.00189921,1.07148,-0.0125433,2.0465,-0.00186269,1.08538,-0.012817,2.0523
1.368,-0.00189921,1.07148,-0.0125433,2.0465,-0.00182617,1.08538,-0.012817,2.05238
1.37,-0.00189921,1.07148,-0.0125433,2.0465,-0.00186269,1.08535,-0.0128626,2.0523
1.372,-0.00189921,1.07145,-0.0124977,2.0465,-0.00186269,1.08535,-0.0128626,2.0523
1.374,-0.00189921,1.07148,-0.0125433,2.0465,-0.00182617,1.08538,-0.0129082,2.0523
1.376,-0.00193574,1.07148,-0.0125433,2.0465,-0.00182617,1.08538,-0.0129082,2.0523
1.378,-0.00193574,1.07145,-0.0124977,2.0465,-0.00189921,1.08538,-0.012817,2.0523
1.38,-0.00189921,1.07148,-0.0125433,2.0465,-0.00189921,1.08535,-0.0128626,2.05238
1.382,-0.00189921,1.07145,-0.0124977,2.0465,-0.00182617,1.08535,-0.0128626,2.0523
1.384,-0.00189921,1.07148,-0.0125433,2.0465,-0.00193574,1.08541,-0.0128626,2.0523
1.386,-0.00189921,1.07145,-0.0124977,2.0465,-0.00189921,1.08538,-0.0129082,2.0523
1.388,-0.00189921,1.07145,-0.0124977,2.0465,-0.00189921,1.08535,-0.0128626,2.05238
1.39,-0.00189921,1.07145,-0.0124977,2.0465,-0.00186269,1.08541,-0.0128626,2.0523
1.392,-0.00193574,1.07148,-0.0125433,2.0465,-0.00182617,1.08535,-0.0128626,2.0523
1.394,-0.00189921,1.07148,-0.0125433,2.04642,-0.00186269,1.08541,-0.0128626,2.0523
1.396,-0.00193574,1.07145,-0.0124977,2.0465,-0.00186269,1.08538,-0.0129082,2.0523
1.398,-0.00193574,1.07145,-0.0124977,2.0465,-0.00182617,1.08538,-0.012817,2.0523
1.4,-0.00189921,1.07145,-0.0124977,2.0465,-0.00186269,1.08535,-0.0128626,2.0523
1.402,-0.00189921,1.07145,-0.0124977,2.0465,-0.00186269,1.08541,-0.0128626,2.0523
1.404,-0.00189921,1.07145,-0.0124977,2.0465,-0.00189921,1.08538,-0.012817,2.05238
1.406,-0.00189921,1.07145,-0.0124977,2.0465,-0.00182617,1.08538,-0.012817,2.05238
1.408,-0.00193574,1.07145,-0.0124977,2.04642,-0.00182617,1.08541,-0.0128626,2.0523
1.41,-0.00193574,1.07145,-0.0124977,2.04642,-0.00186269,1.08538,-0.012817,2.0523
1.412,-0.00193574,1.07148,-0.0125433,2.04642,-0.00186269,1.08541,-0.0128626,2.05238
1.414,-0.00189921,1.07148,-0.0125433,2.0465,-0.00189921,1.08538,-0.012817,2.0523
1.416,-0.00189921,1.07145,-0.0124977,2.0465,-0.00189921,1.08541,-0.0128626,2.0523
1.418,-0.00189921,1.07145,-0.0124977,2.0465,-0.00186269,1.08541,-0.0128626,2.0523
1.42,-0.00189921,1.07145,-0.0124977,2.0465,-0.00186269,1.08538,-0.012817,2.0523
1.422,-0.00189921,1.07148,-0.0125433,2.0465,-0.00189921,1.08538,-0.0129082,2.05238
1.424,-0.00193574,1.07148,-0.0125433,2.04642,-0.00182617,1.08538,-0.0129082,2.05238
1.426,-0.00189921,1.07148,-0.0125433,2.04642,-0.00189921,1.08538,-0.0129082,2.0523
1.428,-0.00193574,1.07145,-0.0124977,2.0465,-0.00186269,1.08538,-0.0129082,2.0523
1.43,-0.00193574,1.07148,-0.0125433,2.0465,-0.00189921,1.08541,-0.0128626,2.05238
1.432,-0.00193574,1.07148,-0.0125433,2.0465,-0.00189921,1.08541,-0.0128626,2.0523
1.434,-0.00189921,1.07145,-0.0124977,2.0465,-0.00186269,1.08538,-0.012817,2.0523
1.436,-0.00189921,1.07148,-0.0125433,2.0465,-0.00182617,1.08538,-0.012817,2.05238
1.438,-0.00189921,1.07148,-0.0125433,2.0465,-0.00186269,1.08541,-0.0128626,2.0523
1.44,-0.00189921,1.07148,-0.0125433,2.0465,-0.00186269,1.08538,-0.0129082,2.0523
1.442,-0.00189921,1.07148,-0.0125433,2.0465,-0.00186269,1.08538,-0.0129082,2.0523
1.444,-0.00189921,1.07145,-0.0124977,2.0465,-0.00186269,1.08541,-0.0128626,2.0523
1.446,-0.00193574,1.07148,-0.0125433,2.0465,-0.00186269,1.08535,-0.0128626,2.0523
1.448,-0.00193574,1.07148,-0.0125433,2.04642,-0.00189921,1.08538,-0.0129082,2.0523
1.45,-0.00193574,1.07148,-0.0125433,2.0465,-0.00186269,1.08538,-0.012817,2.0523
1.452,-0.00193574,1.07148,-0.0125433,2.0465,-0.00182617,1.08538,-0.0129082,2.0523
1.454,-0.00189921,1.07145,-0.0124977,2.04642,-0.00186269,1.08538,-0.0129082,2.0523
1.456,-0.00189921,1.07148,-0.0125433,2.0465,-0.00186269,1.08538,-0.0129082,2.0523
1.458,-0.00189921,1.07148,-0.0125433,2.0465,-0.00186269,1.08541,-0.0128626,2.05238
1.46,-0.00193574,1.07148,-0.0125433,2.0465,-0.00186269,1.08541,-0.0128626,2.0523
1.462,-0.00189921,1.07148,-0.0125433,2.0465,-0.00182617,1.08538,-0.0129082,2.0523
1.464,-0.00189921,1.07148,-0.0125433,2.0465,-0.00189921,1.08541,-0.0128626,2.0523
1.466,-0.00193574,1.07145,-0.0124977,2.0465,-0.00189921,1.08541,-0.0128626,2.05238
1.468,-0.00193574,1.07148,-0.0125433,2.0465,-0.00182617,1.08538,-0.012817,2.0523
1.47,-0.00189921,1.07145,-0.0124977,2.0465,-0.00186269,1.08541,-0.0128626,2.0523
1.472,-0.00189921,1.07145,-0.0124977,2.0465,-0.00186269,1.08541,-0.0128626,2.0523
1.474,-0.00189921,1.07148,-0.0125433,2.04642,-0.00186269,1.08541,-0.0128626,2.0523
1.476,-0.00189921,1.07148,-0.0125433,2.0465,-0.00186269,1.08541,-0.0128626,2.0523
1.478,-0.00189921,1.07148,-0.0125433,2.0465,-0.00186269,1.08538,-0.0129082,2.0523
1.48,-0.00189921,1.07145,-0.0124977,2.0465,-0.00186269,1.08541,-0.0128626,2.0523
1.482,-0.00189921,1.07148,-0.0125433,2.0465,-0.00182617,1.08535,-0.0128626,2.05238
1.484,-0.00189921,1.07145,-0.0124977,2.0465,-0.00186269,1.08541,-0.0128626,2.0523
1.486,-0.00189921,1.07148,-0.0125433,2.0465,-0.00186269,1.08538,-0.012817,2.0523
1.488,-0.00193574,1.07145,-0.0124977,2.0465,-0.00186269,1.08535,-0.0128626,2.0523
1.49,-0.00193574,1.07148,-0.0125433,2.0465,-0.00189921,1.08541,-0.0128626,2.0523
1.492,-0.00189921,1.07148,-0.0125433,2.0465,-0.00186269,1.08538,-0.0129082,2.0523
1.494,-0.00189921,1.07148,-0.0125433,2.0465,-0.00186269,1.08541,-0.0128626,2.05238
1.496,-0.00189921,1.07148,-0.0125433,2.0465,-0.00186269,1.08538,-0.012817,2.0523
1.498,-0.00189921,1.07148,-0.0125433,2.0465,-0.00189921,1.08535,-0.0128626,2.0523
1.5,-0.00189921,1.07148,-0.0125433,2.04642,-0.00186269,1.08538,-0.012817,2.0523
1.502,-0.00189921,1.07145,-0.0124977,2.04642,-0.00182617,1.08541,-0.0128626,2.0523
1.504,-0.00193574,1.07148,-0.0125433,2.04642,-0.00186269,1.08538,-0.0129082,2.05238
1.506,-0.00189921,1.07145,-0.0124977,2.0465,-0.00186269,1.08538,-0.0129082,2.0523
1.508,-0.00189921,1.07148,-0.0125433,2.0465,-0.00186269,1.08538,-0.0129082,2.0523
1.51,-0.00189921,1.07148,-0.0125433,2.0465,-0.00186269,1.08538,-0.0129082,2.0523
1.512,-0.00189921,1.07148,-0.0125433,2.04642,-0.00186269,1.08541,-0.0128626,2.0523
1.514,-0.00189921,1.07148,-0.0125433,2.0465,-0.00189921,1.08538,-0.012817,2.0523
1.516,-0.00189921,1.07145,-0.0124977,2.0465,-0.00186269,1.08535,-0.0128626,2.0523
1.518,-0.00189921,1.07145,-0.0124977,2.0465,-0.00186269,1.08535,-0.0128626,2.0523
1.52,-0.00189921,1.07145,-0.0124977,2.04642,-0.00189921,1.08535,-0.0128626,2.0523
1.522,-0.00193574,1.07148,-0.0125433,2.0465,-0.00186269,1.08535,-0.0128626,2.0523
1.524,-0.00193574,1.07145,-0.0124977,2.0465,-0.00182617,1.08535,-0.0128626,2.05238
1.526,-0.00189921,1.07145,-0.0124977,2.0465,-0.00186269,1.08541,-0.0128626,2.0523
1.528,-0.00189921,1.07148,-0.0125433,2.0465,-0.00189921,1.08541,-0.0128626,2.0523
1.53,-0.00189921,1.07148,-0.0125433,2.04642,-0.00189921,1.08541,-0.0128626,2.0523
1.532,-0.00189921,1.07145,-0.0124977,2.0465,-0.00182617,1.08541,-0.0128626,2.0523
1.534,-0.00189921,1.07148,-0.0125433,2.04642,-0.00186269,1.08538,-0.012817,2.05238
1.536,-0.00189921,1.07148,-0.0125433,2.0465,-0.00189921,1.08538,-0.0129082,2.0523
1.538,-0.00193574,1.07145,-0.0124977,2.0465,-0.00182617,1.08541,-0.0128626,2.0523
1.54,-0.00189921,1.07145,-0.0124977,2.0465,-0.00186269,1.08535,-0.0128626,2.0523
1.542,-0.00193574,1.07145,-0.0124977,2.0465,-0.00189921,1.08538,-0.0129082,2.0523
1.544,-0.00193574,1.07148,-0.0125433,2.04642,-0.00189921,1.08541,-0.0128626,2.0523
1.546,-0.00189921,1.07148,-0.0125433,2.0465,-0.00186269,1.08538,-0.012817,2.0523
1.548,-0.00189921,1.07145,-0.0124977,2.04642,-0.00186269,1.08541,-0.0128626,2.05238
1.55,-0.00189921,1.07145,-0.0124977,2.0465,-0.00182617,1.08535,-0.0128626,2.0523
1.552,-0.00189921,1.07145,-0.0124977,2.0465,-0.00186269,1.08535,-0.0128626,2.05238
1.554,-0.00193574,1.07145,-0.0124977,2.0465,-0.00186269,1.08538,-0.0129082,2.0523
1.556,-0.00193574,1.07148,-0.0125433,2.0465,-0.00186269,1.08535,-0.0128626,2.0523
1.558,-0.00189921,1.07148,-0.0125433,2.0465,-0.00186269,1.08541,-0.0128626,2.05238
1.56,-0.00189921,1.07148,-0.0125433,2.0465,-0.00186269,1.08538,-0.0129082,2.05238
1.562,-0.00189921,1.07145,-0.0124977,2.0465,-0.00186269,1.08541,-0.0128626,2.0523
1.564,-0.00189921,1.07145,-0.0124977,2.0465,-0.00182617,1.08538,-0.0129082,2.05238
1.566,-0.00189921,1.07145,-0.0124977,2.0465,-0.00186269,1.08541,-0.0128626,2.0523
1.568,-0.00189921,1.07148,-0.0125433,2.0465,-0.00186269,1.08538,-0.012817,2.05238
1.57,-0.00193574,1.07148,-0.0125433,2.0465,-0.00189921,1.08538,-0.012817,2.0523
1.572,-0.00189921,1.07148,-0.0125433,2.0465,-0.00182617,1.08538,-0.012817,2.0523
1.574,-0.00189921,1.07145,-0.0124977,2.0465,-0.00186269,1.08541,-0.0128626,2.0523
1.576,-0.00189921,1.07145,-0.0124977,2.0465,-0.00186269,1.08541,-0.0128626,2.0523
1.578,-0.00189921,1.07145,-0.0124977,2.0465,-0.00189921,1.08538,-0.0129082,2.05238
1.58,-0.00189921,1.07145,-0.0124977,2.04642,-0.00182617,1.08541,-0.0127714,2.0523
1.582,-0.00189921,1.07148,-0.0125433,2.04642,-0.00186269,1.08538,-0.012817,2.05238
1.584,-0.00189921,1.07148,-0.0125433,2.0465,-0.00186269,1.08541,-0.0128626,2.0523
1.586,-0.00189921,1.07148,-0.0125433,2.0465,-0.00186269,1.08538,-0.012817,2.0523
1.588,-0.00193574,1.07145,-0.0124977,2.0465,-0.00182617,1.08538,-0.012817,2.0523
1.59,-0.00189921,1.07148,-0.0124521,2.0465,-0.00186269,1.08541,-0.0128626,2.0523
1.592,-0.00189921,1.07148,-0.0125433,2.04642,-0.00182617,1.08541,-0.0128626,2.0523
1.594,-0.00189921,1.07148,-0.0125433,2.04642,-0.00186269,1.08538,-0.0129082,2.0523
1.596,-0.00189921,1.07145,-0.0124977,2.04642,-0.00189921,1.08538,-0.0129082,2.0523
1.598,-0.00193574,1.07145,-0.0124977,2.04642,-0.00189921,1.08541,-0.0128626,2.0523
1.6,-0.00189921,1.07145,-0.0124977,2.04642,-0.00186269,1.08538,-0.0129082,2.05238
1.602,-0.00193574,1.07148,-0.0125433,2.0465,-0.00182617,1.08538,-0.012817,2.0523
1.604,-0.00189921,1.07148,-0.0125433,2.0465,-0.00186269,1.08538,-0.012817,2.0523
1.606,-0.00189921,1.07148,-0.0125433,2.0465,-0.00182617,1.08538,-0.012817,2.0523
1.608,-0.00189921,1.07148,-0.0125433,2.04642,-0.00189921,1.08538,-0.0129082,2.0523
1.61,-0.00189921,1.07148,-0.0125433,2.04642,-0.00186269,1.08538,-0.0129082,2.05238
1.612,-0.00189921,1.07145,-0.0124977,2.04642,-0.00186269,1.08538,-0.0129082,2.0523
1.614,-0.00193574,1.07145,-0.0124977,2.0465,-0.00182617,1.08541,-0.0128626,2.0523
1.616,-0.00193574,1.07145,-0.0124977,2.0465,-0.00186269,1.08541,-0.0128626,2.05238
1.618,-0.00193574,1.07148,-0.0125433,2.0465,-0.00186269,1.08538,-0.012817,2.0523
1.62,-0.00189921,1.07145,-0.0124977,2.0465,-0.00182617,1.08535,-0.0128626,2.05238
1.622,-0.00189921,1.07145,-0.0124977,2.0465,-0.00186269,1.08535,-0.0128626,2.05238
1.624,-0.00189921,1.07145,-0.0124977,2.0465,-0.00182617,1.08541,-0.0128626,2.05238
1.626,-0.00189921,1.07145,-0.0124977,2.04642,-0.00189921,1.08538,-0.0129082,2.0523
1.628,-0.00189921,1.07145,-0.0124977,2.0465,-0.00189921,1.08538,-0.0129082,2.0523
1.63,-0.00189921,1.07145,-0.0124977,2.0465,-0.00182617,1.08538,-0.0129082,2.0523
1.632,-0.00189921,1.07145,-0.0124977,2.0465,-0.00186269,1.08538,-0.012817,2.05238
1.634,-0.00193574,1.07148,-0.0125433,2.04642,-0.00189921,1.08538,-0.012817,2.0523
1.636,-0.00193574,1.07148,-0.0125433,2.04642,-0.00186269,1.08538,-0.012817,2.05238
1.638,-0.00189921,1.07145,-0.0124977,2.04642,-0.00186269,1.08541,-0.0128626,2.0523
1.64,-0.00189921,1.07145,-0.0124977,2.04642,-0.00186269,1.08538,-0.0129082,2.0523
1.642,-0.00189921,1.07148,-0.0125433,2.04642,-0.00186269,1.08538,-0.0129082,2.0523
1.644,-0.00189921,1.07148,-0.0125433,2.0465,-0.00186269,1.08535,-0.0129538,2.05221
1.646,-0.00193574,1.07148,-0.0125433,2.0465,-0.00186269,1.08538,-0.012817,2.0523
1.648,-0.00193574,1.07145,-0.0124977,2.0465,-0.00186269,1.08541,-0.0128626,2.0523
1.65,-0.00193574,1.07145,-0.0124977,2.0465,-0.00186269,1.08541,-0.0128626,2.0523
1.652,-0.00189921,1.07145,-0.0124977,2.0465,-0.00186269,1.08541,-0.0128626,2.05238
1.654,-0.00189921,1.07145,-0.0124977,2.0465,-0.00186269,1.08538,-0.012817,2.0523
1.656,-0.00193574,1.07145,-0.0124977,2.0465,-0.00189921,1.08538,-0.012817,2.0523
1.658,-0.00189921,1.07145,-0.0124977,2.0465,-0.00186269,1.08541,-0.0128626,2.0523
1.66,-0.00189921,1.07145,-0.0124977,2.0465,-0.00186269,1.08538,-0.0129082,2.0523
1.662,-0.00193574,1.07145,-0.0124977,2.0465,-0.00189921,1.08538,-0.012817,2.0523
1.664,-0.00193574,1.07145,-0.0124977,2.0465,-0.00182617,1.08535,-0.0128626,2.05238
1.666,-0.00193574,1.07145,-0.0124977,2.0465,-0.00182617,1.08535,-0.0128626,2.0523
1.668,-0.00193574,1.07145,-0.0124977,2.0465,-0.00189921,1.08538,-0.012817,2.0523
1.67,-0.00189921,1.07148,-0.0125433,2.0465,-0.00186269,1.08541,-0.0128626,2.0523
1.672,-0.00189921,1.07145,-0.0124977,2.0465,-0.00186269,1.08541,-0.0128626,2.0523
1.674,-0.00189921,1.07145,-0.0124977,2.0465,-0.00186269,1.08535,-0.0128626,2.0523
1.676,-0.00189921,1.07145,-0.0124977,2.0465,-0.00189921,1.08541,-0.0128626,2.0523
1.678,-0.00189921,1.07148,-0.0125433,2.04642,-0.00186269,1.08541,-0.0128626,2.05238
1.68,-0.00193574,1.07148,-0.0125433,2.04642,-0.00182617,1.08535,-0.0128626,2.05238
1.682,-0.00193574,1.07145,-0.0124977,2.0465,-0.00186269,1.08541,-0.0128626,2.0523
1.684,-0.00193574,1.07145,-0.0124977,2.04642,-0.00189921,1.08538,-0.0129082,2.0523
1.686,-0.00189921,1.07148,-0.0125433,2.04642,-0.00186269,1.08541,-0.0128626,2.0523
1.688,-0.00189921,1.07145,-0.0124977,2.0465,-0.00182617,1.08538,-0.0129082,2.0523
1.69,-0.00189921,1.07145,-0.0124977,2.0465,-0.00186269,1.08535,-0.0128626,2.0523
1.692,-0.00189921,1.07148,-0.0125433,2.0465,-0.00189921,1.08538,-0.012817,2.0523
1.694,-0.00189921,1.07148,-0.0125433,2.0465,-0.00186269,1.08535,-0.0128626,2.05238
1.696,-0.00189921,1.07148,-0.0125433,2.04642,-0.00189921,1.08538,-0.012817,2.0523
1.698,-0.00189921,1.07145,-0.0124977,2.04642,-0.00186269,1.08541,-0.0128626,2.0523
1.7,-0.00189921,1.07148,-0.0125433,2.04642,-0.00189921,1.08541,-0.0128626,2.0523
1.702,-0.00189921,1.07145,-0.0124977,2.0465,-0.00186269,1.08538,-0.0129082,2.0523
1.704,-0.00193574,1.07148,-0.0125433,2.0465,-0.00189921,1.08538,-0.0129082,2.0523
1.706,-0.00193574,1.07148,-0.0125433,2.0465,-0.00186269,1.08535,-0.0128626,2.0523
1.708,-0.00189921,1.07148,-0.0125433,2.0465,-0.00186269,1.08541,-0.0128626,2.0523
1.71,-0.00189921,1.07148,-0.0125433,2.04642,-0.00186269,1.08535,-0.0128626,2.05238
1.712,-0.00189921,1.07148,-0.0125433,2.04642,-0.00189921,1.08541,-0.0128626,2.0523
1.714,-0.00193574,1.07145,-0.0124977,2.04642,-0.00186269,1.08541,-0.0128626,2.05238
1.716,-0.00189921,1.07145,-0.0124977,2.0465,-0.00186269,1.08538,-0.0129082,2.0523
1.718,-0.00189921,1.07145,-0.0124977,2.0465,-0.00182617,1.08541,-0.0128626,2.0523
1.72,-0.00189921,1.07148,-0.0125433,2.0465,-0.00186269,1.08535,-0.0128626,2.0523
1.722,-0.00189921,1.07145,-0.0125889,2.0465,-0.00182617,1.08538,-0.012817,2.05238
1.724,-0.00189921,1.07148,-0.0125433,2.0465,-0.00186269,1.08538,-0.0129082,2.05238
1.726,-0.00189921,1.07145,-0.0124977,2.0465,-0.00186269,1.08538,-0.012817,2.0523
1.728,-0.00189921,1.07145,-0.0124977,2.04642,-0.00186269,1.08541,-0.0128626,2.0523
1.73,-0.00189921,1.07145,-0.0124977,2.0465,-0.00186269,1.08538,-0.0129082,2.05238
1.732,-0.00189921,1.07145,-0.0124977,2.0465,-0.00186269,1.08538,-0.0129082,2.05238
1.734,-0.00189921,1.07148,-0.0125433,2.0465,-0.00186269,1.08538,-0.0129082,2.0523
1.736,-0.00189921,1.07145,-0.0124977,2.0465,-0.00186269,1.08538,-0.0129082,2.0523
1.738,-0.00189921,1.07145,-0.0124977,2.0465,-0.00182617,1.08538,-0.012817,2.0523
1.74,-0.00189921,1.07145,-0.0124977,2.0465,-0.00186269,1.08535,-0.0128626,2.0523
1.742,-0.00189921,1.07145,-0.0124977,2.0465,-0.00189921,1.08541,-0.0128626,2.0523
1.744,-0.00189921,1.07145,-0.0124977,2.04642,-0.00186269,1.08541,-0.0128626,2.0523
1.746,-0.00189921,1.07145,-0.0124977,2.04642,-0.00186269,1.08538,-0.0129082,2.0523
1.748,-0.00189921,1.07151,-0.0124977,2.0465,-0.00186269,1.08541,-0.0128626,2.0523
1.75,-0.00193574,1.07145,-0.0124977,2.0465,-0.00178964,1.08538,-0.012817,2.05238
1.752,-0.00189921,1.07148,-0.0125433,2.0465,-0.00186269,1.08538,-0.012817,2.0523
1.754,-0.00189921,1.07148,-0.0125433,2.0465,-0.00186269,1.08538,-0.012817,2.0523
1.756,-0.00189921,1.07145,-0.0124977,2.04642,-0.00189921,1.08538,-0.0129082,2.0523
1.758,-0.00189921,1.07145,-0.0124977,2.04642,-0.00186269,1.08541,-0.0128626,2.0523
1.76,-0.00193574,1.07145,-0.0124977,2.0465,-0.00186269,1.08538,-0.0129082,2.0523
1.762,-0.00189921,1.07145,-0.0124977,2.0465,-0.00186269,1.08538,-0.012817,2.05238
1.764,-0.00189921,1.07148,-0.0125433,2.0465,-0.00186269,1.08535,-0.0128626,2.0523
1.766,-0.00189921,1.07148,-0.0125433,2.0465,-0.00186269,1.08538,-0.012817,2.0523
1.768,-0.00189921,1.07148,-0.0125433,2.0465,-0.00186269,1.08538,-0.0129082,2.0523
1.77,-0.00189921,1.07145,-0.0124977,2.0465,-0.00186269,1.08538,-0.012817,2.05238
1.772,-0.00189921,1.07145,-0.0124977,2.04642,-0.00186269,1.08541,-0.0128626,2.0523
1.774,-0.00189921,1.07145,-0.0124977,2.0465,-0.00186269,1.08538,-0.0129082,2.0523
1.776,-0.00189921,1.07148,-0.0125433,2.0465,-0.00189921,1.08538,-0.012817,2.0523
1.778,-0.00189921,1.07148,-0.0125433,2.0465,-0.00182617,1.08533,-0.0129082,2.0523
1.78,-0.00193574,1.07148,-0.0125433,2.0465,-0.00182617,1.08535,-0.0128626,2.0523
1.782,-0.00193574,1.07145,-0.0124977,2.0465,-0.00182617,1.08541,-0.0128626,2.0523
1.784,-0.00193574,1.07145,-0.0124977,2.0465,-0.00186269,1.08541,-0.0128626,2.0523
1.786,-0.00189921,1.07145,-0.0124977,2.04642,-0.00186269,1.08541,-0.0128626,2.0523
1.788,-0.00189921,1.07148,-0.0125433,2.04642,-0.00186269,1.08535,-0.0128626,2.0523
1.79,-0.00189921,1.07145,-0.0124977,2.0465,-0.00186269,1.08535,-0.0128626,2.05238
1.792,-0.00189921,1.07148,-0.0125433,2.0465,-0.00186269,1.08538,-0.012817,2.0523
1.794,-0.00189921,1.07148,-0.0125433,2.0465,-0.00189921,1.08535,-0.0128626,2.0523
1.796,-0.00193574,1.07148,-0.0125433,2.0465,-0.00182617,1.08541,-0.0128626,2.0523
1.798,-0.00189921,1.07145,-0.0124977,2.04642,-0.00182617,1.08538,-0.012817,2.05238
1.8,-0.00193574,1.07145,-0.0124977,2.04642,-0.00189921,1.08541,-0.0128626,2.0523
1.802,-0.00189921,1.07145,-0.0124977,2.04642,-0.00186269,1.08538,-0.0129082,2.0523
1.804,-0.00189921,1.07145,-0.0124977,2.0465,-0.00186269,1.08538,-0.0129082,2.0523
1.806,-0.00189921,1.07145,-0.0124977,2.0465,-0.00189921,1.08535,-0.0128626,2.0523
1.808,-0.00189921,1.07148,-0.0125433,2.0465,-0.00189921,1.08541,-0.0128626,2.0523
1.81,-0.00193574,1.07145,-0.0124977,2.0465,-0.00186269,1.08538,-0.012817,2.0523
1.812,-0.00193574,1.07145,-0.0124977,2.0465,-0.00182617,1.08541,-0.0128626,2.0523
1.814,-0.00189921,1.07145,-0.0124977,2.0465,-0.00182617,1.08541,-0.0128626,2.05238
1.816,-0.00189921,1.07145,-0.0124977,2.0465,-0.00182617,1.08538,-0.012817,2.0523
1.818,-0.00189921,1.07148,-0.0125433,2.0465,-0.00189921,1.08541,-0.0128626,2.0523
1.82,-0.00189921,1.07145,-0.0124977,2.0465,-0.00189921,1.08538,-0.0129082,2.0523
1.822,-0.00189921,1.07145,-0.0124977,2.0465,-0.00189921,1.08535,-0.0128626,2.05238
1.824,-0.00189921,1.07145,-0.0124977,2.0465,-0.00182617,1.08538,-0.012817,2.05238
1.826,-0.00189921,1.07145,-0.0124977,2.0465,-0.00186269,1.08541,-0.0128626,2.05238
1.828,-0.00193574,1.07145,-0.0124977,2.0465,-0.00186269,1.08541,-0.0128626,2.0523
1.83,-0.00193574,1.07145,-0.0124977,2.0465,-0.00189921,1.08538,-0.012817,2.05238
1.832,-0.00193574,1.07145,-0.0124977,2.0465,-0.00186269,1.08538,-0.0129082,2.0523
1.834,-0.00193574,1.07145,-0.0124977,2.0465,-0.00189921,1.08538,-0.0129082,2.0523
1.836,-0.00189921,1.07148,-0.0125433,2.0465,-0.00186269,1.08538,-0.012817,2.0523
1.838,-0.00189921,1.07145,-0.0124977,2.0465,-0.00182617,1.08538,-0.012817,2.0523
1.84,-0.00189921,1.07145,-0.0124977,2.0465,-0.00186269,1.08541,-0.0128626,2.0523
1.842,-0.00189921,1.07148,-0.0125433,2.04642,-0.00186269,1.08541,-0.0128626,2.0523
1.844,-0.00189921,1.07148,-0.0125433,2.04642,-0.00186269,1.08541,-0.0128626,2.0523
1.846,-0.00193574,1.07145,-0.0124977,2.04642,-0.00186269,1.08535,-0.0128626,2.0523
1.848,-0.00189921,1.07148,-0.0125433,2.04642,-0.00186269,1.08541,-0.0128626,2.0523
1.85,-0.00189921,1.07148,-0.0125433,2.0465,-0.00186269,1.08538,-0.012817,2.0523
1.852,-0.00193574,1.07145,-0.0124977,2.0465,-0.00182617,1.08541,-0.0128626,2.0523
1.854,-0.00189921,1.07145,-0.0124977,2.0465,-0.00186269,1.08535,-0.0128626,2.0523
1.856,-0.00189921,1.07145,-0.0124977,2.0465,-0.00186269,1.08538,-0.012817,2.0523
1.858,-0.00189921,1.07145,-0.0124977,2.0465,-0.00182617,1.08535,-0.0128626,2.0523
1.86,-0.00189921,1.07148,-0.0125433,2.04642,-0.00182617,1.08538,-0.012817,2.05238
1.862,-0.00189921,1.07145,-0.0124977,2.0465,-0.00189921,1.08538,-0.012817,2.0523
1.864,-0.00189921,1.07145,-0.0124977,2.0465,-0.00186269,1.08538,-0.012817,2.0523
1.866,-0.00193574,1.07148,-0.0125433,2.0465,-0.00189921,1.08538,-0.012817,2.0523
1.868,-0.00189921,1.07148,-0.0125433,2.0465,-0.00186269,1.08538,-0.0129082,2.0523
1.87,-0.00189921,1.07148,-0.0125433,2.0465,-0.00186269,1.08541,-0.0128626,2.0523
1.872,-0.00189921,1.07145,-0.0124977,2.0465,-0.00186269,1.08541,-0.0128626,2.0523
1.874,-0.00189921,1.07145,-0.0124977,2.0465,-0.00189921,1.08538,-0.012817,2.05238
1.876,-0.00189921,1.07145,-0.0124977,2.0465,-0.00186269,1.08538,-0.012817,2.0523
1.878,-0.00189921,1.07148,-0.0125433,2.0465,-0.00189921,1.08535,-0.0128626,2.0523
1.88,-0.00189921,1.07145,-0.0124977,2.0465,-0.00186269,1.08535,-0.0128626,2.0523
1.882,-0.00193574,1.07145,-0.0124977,2.0465,-0.00182617,1.08538,-0.012817,2.05238
1.884,-0.00189921,1.07148,-0.0125433,2.0465,-0.00182617,1.08541,-0.0128626,2.0523
1.886,-0.00193574,1.07145,-0.0124977,2.04642,-0.00189921,1.08538,-0.012817,2.0523
1.888,-0.00189921,1.07145,-0.0124977,2.04642,-0.00189921,1.08538,-0.0129082,2.0523
1.89,-0.00189921,1.07145,-0.0124977,2.04642,-0.00189921,1.08538,-0.0129082,2.05238
1.892,-0.00189921,1.07145,-0.0124977,2.04642,-0.00186269,1.08535,-0.0128626,2.0523
1.894,-0.00189921,1.07145,-0.0124977,2.0465,-0.00186269,1.08538,-0.0129082,2.05221
1.896,-0.00189921,1.07148,-0.0125433,2.0465,-0.00186269,1.08541,-0.0128626,2.0523
1.898,-0.00193574,1.07148,-0.0125433,2.0465,-0.00186269,1.08535,-0.0128626,2.05238
1.9,-0.00193574,1.07148,-0.0125433,2.0465,-0.00186269,1.08541,-0.0128626,2.0523
1.902,-0.00189921,1.07148,-0.0125433,2.0465,-0.00182617,1.08538,-0.0129082,2.0523
1.904,-0.00193574,1.07148,-0.0125433,2.04642,-0.00186269,1.08541,-0.0128626,2.05238
1.906,-0.00189921,1.07145,-0.0124977,2.0465,-0.00189921,1.08541,-0.0128626,2.05238
1.908,-0.00189921,1.07145,-0.0124977,2.0465,-0.00193574,1.08541,-0.0128626,2.0523
1.91,-0.00189921,1.07148,-0.0125433,2.0465,-0.00182617,1.08535,-0.0128626,2.0523
1.912,-0.00189921,1.07145,-0.0124977,2.0465,-0.00182617,1.08538,-0.012817,2.0523
1.914,-0.00189921,1.07148,-0.0125433,2.04659,-0.00186269,1.08538,-0.0129082,2.0523
1.916,-0.00193574,1.07145,-0.0124977,2.0465,-0.00186269,1.08541,-0.0128626,2.0523
1.918,-0.00193574,1.07145,-0.0124977,2.0465,-0.00186269,1.08538,-0.0129082,2.0523
1.92,-0.00189921,1.07145,-0.0124977,2.0465,-0.00186269,1.08538,-0.012817,2.0523
1.922,-0.00189921,1.07145,-0.0124977,2.0465,-0.00189921,1.08541,-0.0128626,2.0523
1.924,-0.00189921,1.07145,-0.0124977,2.0465,-0.00189921,1.08541,-0.0128626,2.0523
1.926,-0.00189921,1.07145,-0.0124977,2.0465,-0.00186269,1.08538,-0.0129082,2.0523
1.928,-0.00193574,1.07148,-0.0125433,2.0465,-0.00186269,1.08535,-0.0128626,2.05238
1.93,-0.00193574,1.07145,-0.0124977,2.0465,-0.00186269,1.08535,-0.0128626,2.05238
1.932,-0.00189921,1.07148,-0.0125433,2.0465,-0.00186269,1.08541,-0.0128626,2.0523
1.934,-0.00193574,1.07145,-0.0124977,2.0465,-0.00189921,1.08538,-0.012817,2.0523
1.936,-0.00189921,1.07148,-0.0125433,2.0465,-0.00186269,1.08541,-0.0128626,2.0523
1.938,-0.00189921,1.07145,-0.0124977,2.04642,-0.00186269,1.08541,-0.0128626,2.0523
1.94,-0.00189921,1.07145,-0.0124977,2.0465,-0.00186269,1.08541,-0.0128626,2.0523
1.942,-0.00193574,1.07148,-0.0125433,2.0465,-0.00186269,1.08538,-0.0129082,2.0523
1.944,-0.00189921,1.07148,-0.0125433,2.0465,-0.00186269,1.08538,-0.0129082,2.05238
1.946,-0.00189921,1.07148,-0.0125433,2.0465,-0.00189921,1.08538,-0.0129082,2.0523
1.948,-0.00189921,1.07148,-0.0125433,2.0465,-0.00182617,1.08535,-0.0128626,2.05238
1.95,-0.00193574,1.07148,-0.0125433,2.04642,-0.00186269,1.08538,-0.012817,2.0523
1.952,-0.00193574,1.07145,-0.0124977,2.04642,-0.00189921,1.08541,-0.0128626,2.0523
1.954,-0.00193574,1.07148,-0.0125433,2.04642,-0.00182617,1.08541,-0.0128626,2.0523
1.956,-0.00189921,1.07148,-0.0125433,2.0465,-0.00186269,1.08541,-0.0128626,2.0523
1.958,-0.00189921,1.07145,-0.0124977,2.04642,-0.00189921,1.08541,-0.0128626,2.05238
1.96,-0.00189921,1.07148,-0.0125433,2.0465,-0.00189921,1.08538,-0.0129082,2.0523
1.962,-0.00193574,1.07148,-0.0125433,2.0465,-0.00186269,1.08535,-0.0128626,2.0523
1.964,-0.00193574,1.07148,-0.0125433,2.0465,-0.00186269,1.08538,-0.0129082,2.05238
1.966,-0.00189921,1.07145,-0.0124977,2.0465,-0.00182617,1.08538,-0.012817,2.0523
1.968,-0.00189921,1.07148,-0.0125433,2.0465,-0.00186269,1.08538,-0.0129082,2.05238
1.97,-0.00189921,1.07148,-0.0125433,2.0465,-0.00186269,1.08538,-0.012817,2.0523
1.972,-0.00189921,1.07148,-0.0125433,2.0465,-0.00186269,1.08541,-0.0128626,2.0523
1.974,-0.00189921,1.07145,-0.0124977,2.0465,-0.00186269,1.08538,-0.012817,2.0523
1.976,-0.00189921,1.07145,-0.0124977,2.0465,-0.00186269,1.08541,-0.0128626,2.0523
1.978,-0.00189921,1.07145,-0.0124977,2.0465,-0.00186269,1.08538,-0.0129082,2.0523
1.98,-0.00189921,1.07148,-0.0125433,2.0465,-0.00186269,1.08538,-0.0129082,2.0523
1.982,-0.00189921,1.07148,-0.0125433,2.0465,-0.00186269,1.08535,-0.0128626,2.0523
1.984,-0.00189921,1.07145,-0.0124977,2.0465,-0.00186269,1.08541,-0.0128626,2.0523
1.986,-0.00189921,1.07145,-0.0124977,2.0465,-0.00186269,1.08541,-0.0128626,2.05238
1.988,-0.00189921,1.07145,-0.0124977,2.0465,-0.00189921,1.08543,-0.012817,2.0523
1.99,-0.00189921,1.07148,-0.0125433,2.0465,-0.00186269,1.08541,-0.0128626,2.0523
1.992,-0.00189921,1.07145,-0.0124977,2.0465,-0.00186269,1.08538,-0.0129082,2.05238
1.994,-0.00189921,1.07145,-0.0124977,2.0465,-0.00189921,1.08535,-0.0128626,2.0523
1.996,-0.00189921,1.07145,-0.0124977,2.0465,-0.00186269,1.08535,-0.0128626,2.05238
1.998,-0.00193574,1.07145,-0.0124977,2.0465,-0.00186269,1.08538,-0.012817,2.0523
2,-0.00193574,1.07148,-0.0125433,2.0465,-0.00182617,1.08538,-0.012817,2.0523
2.002,-0.00189921,1.07145,-0.0124977,2.0465,-0.00189921,1.08538,-0.012817,2.0523
2.004,-0.00189921,1.07145,-0.0124977,2.04642,-0.00186269,1.08538,-0.0129082,2.0523
2.006,-0.00189921,1.07145,-0.0124977,2.0465,-0.00186269,1.08538,-0.0129082,2.05238
2.008,-0.00189921,1.07145,-0.0124977,2.0465,-0.00186269,1.08535,-0.0128626,2.0523
2.01,-0.00189921,1.07145,-0.0124977,2.04642,-0.00186269,1.08541,-0.0128626,2.0523
2.012,-0.00189921,1.07148,-0.0125433,2.0465,-0.00186269,1.08538,-0.012817,2.0523
2.014,-0.00189921,1.07145,-0.0124977,2.0465,-0.00186269,1.08541,-0.0128626,2.05238
2.016,-0.00193574,1.07148,-0.0125433,2.0465,-0.00186269,1.08541,-0.0128626,2.0523
2.018,-0.00189921,1.07145,-0.0124977,2.0465,-0.00186269,1.08538,-0.012817,2.05238
2.02,-0.00189921,1.07145,-0.0124977,2.0465,-0.00186269,1.08541,-0.0128626,2.0523
2.022,-0.00189921,1.07148,-0.0125433,2.0465,-0.00186269,1.08535,-0.0128626,2.0523
2.024,-0.00189921,1.07145,-0.0124977,2.0465,-0.00186269,1.08541,-0.0128626,2.0523
2.026,-0.00189921,1.07148,-0.0125433,2.0465,-0.00186269,1.08538,-0.0129082,2.0523
2.028,-0.00189921,1.07145,-0.0124977,2.0465,-0.00189921,1.08538,-0.012817,2.05238
2.03,-0.00189921,1.07148,-0.0125433,2.0465,-0.00186269,1.08538,-0.012817,2.0523
2.032,-0.00193574,1.07145,-0.0124977,2.0465,-0.00186269,1.08538,-0.012817,2.05238
2.034,-0.00193574,1.07145,-0.0124977,2.0465,-0.00189921,1.08535,-0.0128626,2.0523
2.036,-0.00193574,1.07148,-0.0125433,2.0465,-0.00186269,1.08535,-0.0128626,2.0523
2.038,-0.00193574,1.07148,-0.0125433,2.0465,-0.00186269,1.08538,-0.0129082,2.0523
2.04,-0.00189921,1.07145,-0.0124977,2.04659,-0.00189921,1.08535,-0.0128626,2.05238
2.042,-0.00189921,1.07145,-0.0124977,2.0465,-0.00189921,1.08538,-0.0129082,2.0523
2.044,-0.00189921,1.07145,-0.0124977,2.0465,-0.00189921,1.08541,-0.0128626,2.0523
2.046,-0.00189921,1.07148,-0.0125433,2.0465,-0.00186269,1.08541,-0.0128626,2.05238
2.048,-0.00189921,1.07145,-0.0124977,2.04642,-0.00186269,1.08538,-0.012817,2.0523
2.05,-0.00193574,1.07145,-0.0124977,2.0465,-0.00186269,1.08538,-0.012817,2.05238
2.052,-0.00193574,1.07148,-0.0125433,2.0465,-0.00186269,1.08541,-0.0128626,2.0523
2.054,-0.00189921,1.07148,-0.0125433,2.0465,-0.00186269,1.08538,-0.0129082,2.0523
2.056,-0.00189921,1.07145,-0.0124977,2.0465,-0.00186269,1.08538,-0.0129082,2.05238
2.058,-0.00189921,1.07145,-0.0124977,2.0465,-0.00189921,1.08538,-0.0129082,2.0523
2.06,-0.00189921,1.07145,-0.0124977,2.0465,-0.00189921,1.08538,-0.0129082,2.0523
2.062,-0.00189921,1.07145,-0.0124977,2.0465,-0.00186269,1.08538,-0.012817,2.0523
2.064,-0.00189921,1.07148,-0.0125433,2.04642,-0.00182617,1.08538,-0.0129082,2.0523
2.066,-0.00189921,1.07148,-0.0125433,2.0465,-0.00186269,1.08538,-0.012817,2.0523
2.068,-0.00189921,1.07145,-0.0124977,2.0465,-0.00182617,1.08541,-0.0128626,2.05238
2.07,-0.00189921,1.07142,-0.0125433,2.0465,-0.00186269,1.08541,-0.0128626,2.0523
2.072,-0.00189921,1.07145,-0.0124977,2.0465,-0.00189921,1.08541,-0.0128626,2.05238
2.074,-0.00189921,1.07145,-0.0124977,2.04642,-0.00182617,1.08541,-0.0128626,2.05238
2.076,-0.00189921,1.07148,-0.0125433,2.0465,-0.00186269,1.08541,-0.0128626,2.0523
2.078,-0.00189921,1.07148,-0.0125433,2.0465,-0.00186269,1.08538,-0.012817,2.0523
2.08,-0.00189921,1.07148,-0.0125433,2.0465,-0.00182617,1.08538,-0.0129082,2.0523
2.082,-0.00189921,1.07145,-0.0124977,2.0465,-0.00186269,1.08538,-0.012817,2.0523
2.084,-0.00189921,1.07145,-0.0124977,2.0465,-0.00186269,1.08541,-0.0128626,2.0523
2.086,-0.00193574,1.07145,-0.0124977,2.0465,-0.00186269,1.08538,-0.0129082,2.0523
2.088,-0.00189921,1.07148,-0.0125433,2.0465,-0.00186269,1.08538,-0.0129082,2.05238
2.09,-0.00189921,1.07148,-0.0125433,2.0465,-0.00189921,1.08538,-0.012817,2.0523
2.092,-0.00189921,1.07145,-0.0124977,2.0465,-0.00186269,1.08538,-0.012817,2.0523
2.094,-0.00189921,1.07145,-0.0124977,2.0465,-0.00186269,1.08541,-0.0128626,2.0523
2.096,-0.00189921,1.07145,-0.0124977,2.0465,-0.00182617,1.08535,-0.0128626,2.0523
2.098,-0.00189921,1.07145,-0.0124977,2.0465,-0.00186269,1.08541,-0.0128626,2.0523
2.1,-0.00189921,1.07148,-0.0125433,2.0465,-0.00186269,1.08538,-0.0129082,2.0523
2.102,-0.00189921,1.07145,-0.0124977,2.0465,-0.00189921,1.08535,-0.0128626,2.0523
2.104,-0.00189921,1.07145,-0.0124977,2.0465,-0.00189921,1.08541,-0.0128626,2.0523
2.106,-0.00189921,1.07145,-0.0124977,2.0465,-0.00186269,1.08535,-0.0128626,2.0523
2.108,-0.00189921,1.07145,-0.0124977,2.0465,-0.00186269,1.08535,-0.0128626,2.0523
2.11,-0.00189921,1.07148,-0.0125433,2.0465,-0.00189921,1.08541,-0.0128626,2.0523
2.112,-0.00189921,1.07145,-0.0124977,2.0465,-0.00186269,1.08541,-0.0128626,2.0523
2.114,-0.00189921,1.07148,-0.0125433,2.0465,-0.00186269,1.08538,-0.0129082,2.0523
2.116,-0.00189921,1.07145,-0.0124977,2.0465,-0.00186269,1.08541,-0.0128626,2.0523
2.118,-0.00189921,1.07145,-0.0124977,2.0465,-0.00182617,1.08541,-0.0128626,2.05238
2.12,-0.00193574,1.07148,-0.0125433,2.0465,-0.00186269,1.08538,-0.0129082,2.05238
2.122,-0.00189921,1.07148,-0.0125433,2.0465,-0.00189921,1.08535,-0.0128626,2.0523
2.124,-0.00189921,1.07145,-0.0124977,2.0465,-0.00189921,1.08538,-0.012817,2.0523
2.126,-0.00189921,1.07148,-0.0125433,2.0465,-0.00186269,1.08538,-0.012817,2.05238
2.128,-0.00189921,1.07148,-0.0125433,2.0465,-0.00186269,1.08538,-0.012817,2.0523
2.13,-0.00189921,1.07145,-0.0124977,2.0465,-0.00182617,1.08541,-0.0128626,2.0523
2.132,-0.00193574,1.07145,-0.0124977,2.0465,-0.00186269,1.08538,-0.0129082,2.05238
2.134,-0.00193574,1.07145,-0.0124977,2.0465,-0.00182617,1.08535,-0.0128626,2.0523
2.136,-0.00189921,1.07148,-0.0125433,2.0465,-0.00186269,1.08535,-0.0128626,2.0523
2.138,-0.00189921,1.07148,-0.0125433,2.0465,-0.00186269,1.08535,-0.0128626,2.0523
2.14,-0.00189921,1.07145,-0.0124977,2.0465,-0.00189921,1.08538,-0.012817,2.0523
2.142,-0.00189921,1.07145,-0.0124977,2.0465,-0.00186269,1.08538,-0.012817,2.05238
2.144,-0.00189921,1.07148,-0.0125433,2.0465,-0.00182617,1.08538,-0.012817,2.0523
2.146,-0.00189921,1.07145,-0.0124977,2.0465,-0.00178964,1.08541,-0.0128626,2.0523
2.148,-0.00189921,1.07145,-0.0124977,2.0465,-0.00186269,1.08541,-0.0128626,2.0523
2.15,-0.00189921,1.07148,-0.0125433,2.0465,-0.00182617,1.08535,-0.0128626,2.0523
2.152,-0.00193574,1.07148,-0.0125433,2.0465,-0.00182617,1.08541,-0.0128626,2.05238
2.154,-0.00193574,1.07145,-0.0124977,2.0465,-0.00186269,1.08535,-0.0128626,2.0523
2.156,-0.00193574,1.07148,-0.0125433,2.0465,-0.00186269,1.08535,-0.0128626,2.0523
2.158,-0.00193574,1.07145,-0.0124977,2.0465,-0.00189921,1.08535,-0.0128626,2.0523
2.16,-0.00189921,1.07148,-0.0125433,2.0465,-0.00189921,1.08541,-0.0128626,2.05238
2.162,-0.00189921,1.07148,-0.0125433,2.0465,-0.00186269,1.08541,-0.0128626,2.0523
2.164,-0.00189921,1.07145,-0.0124977,2.0465,-0.00182617,1.08541,-0.0128626,2.0523
2.166,-0.00193574,1.07148,-0.0125433,2.0465,-0.00189921,1.08541,-0.0128626,2.0523
2.168,-0.00189921,1.07145,-0.0124977,2.0465,-0.00186269,1.08535,-0.0128626,2.05238
2.17,-0.00193574,1.07145,-0.0124977,2.0465,-0.00186269,1.08541,-0.0128626,2.0523
2.172,-0.00189921,1.07148,-0.0125433,2.0465,-0.00182617,1.08535,-0.0128626,2.0523
2.174,-0.00189921,1.07148,-0.0125433,2.0465,-0.00186269,1.08538,-0.012817,2.05238
2.176,-0.00189921,1.07145,-0.0124977,2.0465,-0.00189921,1.08541,-0.0128626,2.05238
2.178,-0.00189921,1.07145,-0.0124977,2.0465,-0.00186269,1.08538,-0.012817,2.0523
2.18,-0.00189921,1.07145,-0.0124977,2.0465,-0.00186269,1.08541,-0.0128626,2.05238
2.182,-0.00189921,1.07148,-0.0125433,2.0465,-0.00186269,1.08538,-0.0129082,2.0523
2.184,-0.00189921,1.07148,-0.0125433,2.0465,-0.00182617,1.08535,-0.0128626,2.05238
2.186,-0.00189921,1.07148,-0.0125433,2.0465,-0.00186269,1.08541,-0.0128626,2.05238
2.188,-0.00193574,1.07145,-0.0124977,2.0465,-0.00186269,1.08538,-0.0129082,2.0523
2.19,-0.00193574,1.07145,-0.0124977,2.0465,-0.00186269,1.08541,-0.0128626,2.0523
2.192,-0.00189921,1.07145,-0.0124977,2.04642,-0.00189921,1.08543,-0.012817,2.05238
2.194,-0.00189921,1.07145,-0.0124977,2.04642,-0.00186269,1.08538,-0.0129082,2.0523
2.196,-0.00189921,1.07148,-0.0125433,2.0465,-0.00186269,1.08538,-0.012817,2.0523
2.198,-0.00189921,1.07145,-0.0124977,2.0465,-0.00182617,1.08535,-0.0128626,2.05238
2.2,-0.00189921,1.07145,-0.0124977,2.0465,-0.00186269,1.08535,-0.0128626,2.0523
2.202,-0.00189921,1.07145,-0.0124977,2.0465,-0.00189921,1.08538,-0.012817,2.0523
2.204,-0.00189921,1.07145,-0.0124977,2.0465,-0.00186269,1.08538,-0.012817,2.0523
2.206,-0.00189921,1.07145,-0.0124977,2.0465,-0.00189921,1.08541,-0.0128626,2.0523
2.208,-0.00189921,1.07145,-0.0124977,2.04642,-0.00182617,1.08538,-0.012817,2.05238
2.21,-0.00189921,1.07148,-0.0125433,2.04642,-0.00186269,1.08541,-0.0128626,2.0523
2.212,-0.00189921,1.07148,-0.0125433,2.0465,-0.00182617,1.08541,-0.0128626,2.0523
2.214,-0.00189921,1.07145,-0.0124977,2.0465,-0.00186269,1.08535,-0.0128626,2.0523
2.216,-0.00189921,1.07145,-0.0124977,2.0465,-0.00189921,1.08538,-0.0129082,2.05238
2.218,-0.00189921,1.07148,-0.0125433,2.0465,-0.00189921,1.08541,-0.0128626,2.0523
2.22,-0.00189921,1.07148,-0.0125433,2.0465,-0.00186269,1.08535,-0.0128626,2.0523
2.222,-0.00189921,1.07145,-0.0124977,2.04642,-0.00186269,1.08541,-0.0128626,2.0523
2.224,-0.00189921,1.07145,-0.0124977,2.04642,-0.00178964,1.08541,-0.0128626,2.0523
2.226,-0.00189921,1.07145,-0.0124977,2.04642,-0.00189921,1.08541,-0.0128626,2.0523
2.228,-0.00189921,1.07148,-0.0125433,2.0465,-0.00189921,1.08541,-0.0128626,2.0523
2.23,-0.00189921,1.07145,-0.0124977,2.0465,-0.00186269,1.08538,-0.012817,2.0523
2.232,-0.00189921,1.07148,-0.0125433,2.0465,-0.00186269,1.08538,-0.012817,2.05238
2.234,-0.00189921,1.07148,-0.0125433,2.0465,-0.00186269,1.08541,-0.0128626,2.0523
2.236,-0.00193574,1.07148,-0.0124521,2.0465,-0.00186269,1.08538,-0.0129082,2.0523
2.238,-0.00193574,1.07148,-0.0125433,2.0465,-0.00186269,1.08538,-0.012817,2.0523
2.24,-0.00189921,1.07145,-0.0124977,2.0465,-0.00186269,1.08541,-0.0128626,2.05238
2.242,-0.00189921,1.07145,-0.0124977,2.04642,-0.00186269,1.08535,-0.0128626,2.0523
2.244,-0.00189921,1.07148,-0.0125433,2.0465,-0.00186269,1.08541,-0.0128626,2.0523
2.246,-0.00189921,1.07148,-0.0125433,2.0465,-0.00182617,1.08541,-0.0128626,2.0523
2.248,-0.00189921,1.07145,-0.0124977,2.0465,-0.00186269,1.08535,-0.0128626,2.0523
2.25,-0.00193574,1.07145,-0.0124977,2.0465,-0.00182617,1.08535,-0.0128626,2.05238
2.252,-0.00193574,1.07142,-0.0125433,2.0465,-0.00182617,1.08538,-0.0129082,2.0523
2.254,-0.00189921,1.07148,-0.0125433,2.04642,-0.00186269,1.08538,-0.0129082,2.05238
2.256,-0.00189921,1.07148,-0.0125433,2.0465,-0.00186269,1.08538,-0.012817,2.0523
2.258,-0.00189921,1.07148,-0.0125433,2.0465,-0.00189921,1.08541,-0.0128626,2.0523
2.26,-0.00189921,1.07145,-0.0124977,2.0465,-0.00189921,1.08541,-0.0128626,2.0523
2.262,-0.00189921,1.07148,-0.0125433,2.0465,-0.00186269,1.08538,-0.012817,2.0523
2.264,-0.00193574,1.07148,-0.0125433,2.0465,-0.00186269,1.08538,-0.0129082,2.0523
2.266,-0.00193574,1.07148,-0.0125433,2.0465,-0.00186269,1.08538,-0.012817,2.0523
2.268,-0.00193574,1.07148,-0.0125433,2.0465,-0.00186269,1.08541,-0.0128626,2.0523
2.27,-0.00193574,1.07145,-0.0124977,2.0465,-0.00189921,1.08538,-0.0129082,2.0523
2.272,-0.00193574,1.07145,-0.0124977,2.0465,-0.00189921,1.08538,-0.012817,2.0523
2.274,-0.00189921,1.07145,-0.0124977,2.0465,-0.00182617,1.08541,-0.0128626,2.0523
2.276,-0.00189921,1.07145,-0.0124977,2.0465,-0.00189921,1.08538,-0.0129082,2.05238
2.278,-0.00189921,1.07148,-0.0125433,2.0465,-0.00189921,1.08535,-0.0128626,2.0523
2.28,-0.00189921,1.07145,-0.0124977,2.0465,-0.00186269,1.08538,-0.012817,2.0523
2.282,-0.00189921,1.07148,-0.0125433,2.0465,-0.00186269,1.08538,-0.0129082,2.05238
2.284,-0.00189921,1.07145,-0.0124977,2.0465,-0.00186269,1.08538,-0.012817,2.05238
2.286,-0.00189921,1.07145,-0.0124977,2.0465,-0.00186269,1.08538,-0.0129082,2.0523
2.288,-0.00189921,1.07145,-0.0124977,2.0465,-0.00189921,1.08535,-0.0128626,2.05238
2.29,-0.00189921,1.07145,-0.0124977,2.0465,-0.00186269,1.08541,-0.0128626,2.0523
2.292,-0.00193574,1.07148,-0.0125433,2.0465,-0.00189921,1.08538,-0.012817,2.0523
2.294,-0.00189921,1.07148,-0.0125433,2.0465,-0.00189921,1.08538,-0.012817,2.0523
2.296,-0.00189921,1.07148,-0.0125433,2.0465,-0.00189921,1.08541,-0.0128626,2.0523
2.298,-0.00189921,1.07145,-0.0124977,2.0465,-0.00186269,1.08538,-0.0129082,2.0523
2.3,-0.00193574,1.07145,-0.0124977,2.0465,-0.00182617,1.08541,-0.0128626,2.0523
2.302,-0.00193574,1.07148,-0.0125433,2.0465,-0.00189921,1.08538,-0.0129082,2.0523
2.304,-0.00193574,1.07148,-0.0125433,2.0465,-0.00186269,1.08538,-0.012817,2.0523
2.306,-0.00193574,1.07148,-0.0125433,2.0465,-0.00186269,1.08535,-0.0128626,2.0523
2.308,-0.00189921,1.07148,-0.0125433,2.0465,-0.00186269,1.08535,-0.0128626,2.0523
2.31,-0.00189921,1.07145,-0.0124977,2.0465,-0.00186269,1.08541,-0.0128626,2.05238
2.312,-0.00189921,1.07145,-0.0124977,2.0465,-0.00186269,1.08541,-0.0128626,2.0523
2.314,-0.00189921,1.07145,-0.0124977,2.0465,-0.00182617,1.08543,-0.012817,2.0523
2.316,-0.00193574,1.07145,-0.0124977,2.0465,-0.00186269,1.08535,-0.0128626,2.0523
2.318,-0.00189921,1.07148,-0.0125433,2.0465,-0.00182617,1.08538,-0.0129082,2.0523
2.32,-0.00189921,1.07145,-0.0124977,2.0465,-0.00182617,1.08538,-0.012817,2.0523
2.322,-0.00189921,1.07145,-0.0124977,2.0465,-0.00186269,1.08535,-0.0128626,2.05238
2.324,-0.00189921,1.07145,-0.0124977,2.0465,-0.00186269,1.08535,-0.0128626,2.0523
2.326,-0.00189921,1.07145,-0.0124977,2.0465,-0.00189921,1.08535,-0.0128626,2.0523
2.328,-0.00189921,1.07145,-0.0124977,2.04642,-0.00186269,1.08538,-0.0129082,2.0523
2.33,-0.00189921,1.07145,-0.0124977,2.04642,-0.00189921,1.08538,-0.0129082,2.0523
2.332,-0.00193574,1.07145,-0.0124977,2.0465,-0.00186269,1.08538,-0.0129082,2.0523
2.334,-0.00193574,1.07148,-0.0125433,2.0465,-0.00186269,1.08541,-0.0128626,2.0523
2.336,-0.00193574,1.07145,-0.0124977,2.0465,-0.00186269,1.08541,-0.0128626,2.0523
2.338,-0.00193574,1.07148,-0.0125433,2.04642,-0.00186269,1.08538,-0.012817,2.0523
2.34,-0.00193574,1.07148,-0.0125433,2.04642,-0.00189921,1.08535,-0.0128626,2.0523
2.342,-0.00193574,1.07145,-0.0124977,2.04642,-0.00189921,1.08538,-0.0129082,2.0523
2.344,-0.00189921,1.07145,-0.0124977,2.0465,-0.00186269,1.08541,-0.0128626,2.0523
2.346,-0.00189921,1.07145,-0.0124977,2.04642,-0.00186269,1.08541,-0.0128626,2.0523
2.348,-0.00193574,1.07145,-0.0124977,2.04642,-0.00186269,1.08538,-0.012817,2.05238
2.35,-0.00193574,1.07145,-0.0124977,2.0465,-0.00186269,1.08538,-0.012817,2.0523
2.352,-0.00189921,1.07145,-0.0124977,2.0465,-0.00189921,1.08538,-0.012817,2.0523
2.354,-0.00189921,1.07145,-0.0124977,2.0465,-0.00189921,1.08538,-0.012817,2.0523
2.356,-0.00189921,1.07145,-0.0124977,2.0465,-0.00186269,1.08538,-0.012817,2.0523
2.358,-0.00189921,1.07145,-0.0124977,2.0465,-0.00186269,1.08535,-0.0128626,2.0523
2.36,-0.00189921,1.07145,-0.0124977,2.04642,-0.00186269,1.08535,-0.0128626,2.0523
2.362,-0.00189921,1.07145,-0.0124977,2.0465,-0.00186269,1.08538,-0.012817,2.0523
2.364,-0.00189921,1.07145,-0.0124977,2.0465,-0.00189921,1.08541,-0.0128626,2.0523
2.366,-0.00189921,1.07145,-0.0124977,2.0465,-0.00186269,1.08538,-0.012817,2.0523
2.368,-0.00193574,1.07145,-0.0124977,2.0465,-0.00186269,1.08535,-0.0128626,2.0523
2.37,-0.00189921,1.07145,-0.0124977,2.0465,-0.00186269,1.08541,-0.0128626,2.0523
2.372,-0.00189921,1.07145,-0.0124977,2.0465,-0.00182617,1.08535,-0.0128626,2.0523
2.374,-0.00193574,1.07145,-0.0124977,2.04642,-0.00182617,1.08541,-0.0128626,2.0523
2.376,-0.00193574,1.07145,-0.0124977,2.0465,-0.00186269,1.08538,-0.012817,2.0523
2.378,-0.00189921,1.07145,-0.0124977,2.0465,-0.00186269,1.08541,-0.0128626,2.05238
2.38,-0.00189921,1.07145,-0.0124977,2.0465,-0.00186269,1.08541,-0.0128626,2.0523
2.382,-0.00189921,1.07145,-0.0124977,2.0465,-0.00186269,1.08538,-0.012817,2.0523
2.384,-0.00193574,1.07148,-0.0125433,2.0465,-0.00186269,1.08538,-0.012817,2.0523
2.386,-0.00189921,1.07145,-0.0124977,2.0465,-0.00189921,1.08538,-0.012817,2.0523
2.388,-0.00189921,1.07148,-0.0125433,2.0465,-0.00186269,1.08535,-0.0128626,2.05238
2.39,-0.00193574,1.07148,-0.0125433,2.0465,-0.00186269,1.08541,-0.0128626,2.0523
2.392,-0.00193574,1.07145,-0.0124977,2.0465,-0.00189921,1.08538,-0.0129082,2.0523
2.394,-0.00193574,1.07145,-0.0124977,2.0465,-0.00182617,1.08541,-0.0128626,2.05238
2.396,-0.00189921,1.07145,-0.0124977,2.04642,-0.00182617,1.08541,-0.0128626,2.0523
2.398,-0.00193574,1.07145,-0.0124977,2.0465,-0.00189921,1.08538,-0.0129082,2.0523
2.4,-0.00189921,1.07148,-0.0125433,2.0465,-0.00186269,1.08541,-0.0128626,2.0523
2.402,-0.00193574,1.07148,-0.0125433,2.0465,-0.00189921,1.08538,-0.0129082,2.0523
2.404,-0.00193574,1.07148,-0.0125433,2.0465,-0.00189921,1.08541,-0.0128626,2.05238
2.406,-0.00189921,1.07148,-0.0125433,2.0465,-0.00186269,1.08541,-0.0128626,2.0523
2.408,-0.00189921,1.07148,-0.0125433,2.0465,-0.00186269,1.08541,-0.0128626,2.0523
2.41,-0.00189921,1.07145,-0.0124977,2.0465,-0.00178964,1.08541,-0.0128626,2.0523
2.412,-0.00189921,1.07145,-0.0124977,2.0465,-0.00189921,1.08541,-0.0128626,2.0523
2.414,-0.00193574,1.07148,-0.0125433,2.0465,-0.00182617,1.08535,-0.0128626,2.0523
2.416,-0.00189921,1.07148,-0.0125433,2.0465,-0.00186269,1.08538,-0.0129082,2.0523
2.418,-0.00189921,1.07148,-0.0125433,2.0465,-0.00189921,1.08538,-0.012817,2.0523
2.42,-0.00193574,1.07148,-0.0125433,2.0465,-0.00186269,1.08538,-0.0129082,2.05238
2.422,-0.00189921,1.07145,-0.0124977,2.0465,-0.00186269,1.08541,-0.0128626,2.0523
2.424,-0.00193574,1.07145,-0.0124977,2.0465,-0.00186269,1.08541,-0.0128626,2.05238
2.426,-0.00189921,1.07148,-0.0125433,2.0465,-0.00186269,1.08541,-0.0128626,2.0523
2.428,-0.00189921,1.07148,-0.0125433,2.04659,-0.00182617,1.08538,-0.012817,2.0523
2.43,-0.00189921,1.07148,-0.0125433,2.0465,-0.00186269,1.08535,-0.0128626,2.0523
2.432,-0.00189921,1.07145,-0.0124977,2.0465,-0.00189921,1.08533,-0.0129082,2.05238
2.434,-0.00189921,1.07145,-0.0124977,2.0465,-0.00182617,1.08535,-0.0128626,2.0523
2.436,-0.00193574,1.07145,-0.0124977,2.0465,-0.00182617,1.08541,-0.0128626,2.0523
2.438,-0.00189921,1.07148,-0.0125433,2.0465,-0.00189921,1.08538,-0.0129082,2.0523
2.44,-0.00189921,1.07145,-0.0124977,2.0465,-0.00186269,1.08541,-0.0128626,2.0523
2.442,-0.00189921,1.07148,-0.0125433,2.0465,-0.00189921,1.08541,-0.0128626,2.0523
2.444,-0.00189921,1.07145,-0.0124977,2.0465,-0.00182617,1.08535,-0.0128626,2.0523
2.446,-0.00189921,1.07145,-0.0124977,2.0465,-0.00186269,1.08538,-0.0129082,2.0523
2.448,-0.00193574,1.07145,-0.0124977,2.0465,-0.00186269,1.08538,-0.0129082,2.0523
2.45,-0.00193574,1.07145,-0.0124977,2.0465,-0.00189921,1.08541,-0.0128626,2.05238
2.452,-0.00189921,1.07145,-0.0124977,2.0465,-0.00186269,1.08535,-0.0128626,2.0523
2.454,-0.00189921,1.07145,-0.0124977,2.0465,-0.00186269,1.08538,-0.012817,2.05238
2.456,-0.00189921,1.07145,-0.0124977,2.0465,-0.00189921,1.08541,-0.0128626,2.0523
2.458,-0.00189921,1.07145,-0.0124977,2.0465,-0.00186269,1.08535,-0.0128626,2.0523
2.46,-0.00189921,1.07145,-0.0124977,2.0465,-0.00186269,1.08538,-0.012817,2.0523
2.462,-0.00189921,1.07148,-0.0125433,2.0465,-0.00189921,1.08538,-0.0129082,2.0523
2.464,-0.00189921,1.07148,-0.0125433,2.0465,-0.00186269,1.08533,-0.0129082,2.05238
2.466,-0.00189921,1.07145,-0.0124977,2.04642,-0.00182617,1.08541,-0.0128626,2.05238
2.468,-0.00189921,1.07145,-0.0124977,2.04642,-0.00186269,1.08538,-0.012817,2.0523
2.47,-0.00189921,1.07148,-0.0125433,2.0465,-0.00182617,1.08541,-0.0128626,2.0523
2.472,-0.00189921,1.07145,-0.0124977,2.0465,-0.00189921,1.08538,-0.0129082,2.05238
2.474,-0.00189921,1.07145,-0.0124977,2.0465,-0.00193574,1.08538,-0.0129082,2.0523
2.476,-0.00189921,1.07145,-0.0124977,2.0465,-0.00186269,1.08538,-0.012817,2.05238
2.478,-0.00193574,1.07145,-0.0124977,2.0465,-0.00186269,1.08541,-0.0128626,2.0523
2.48,-0.00189921,1.07145,-0.0124977,2.0465,-0.00182617,1.08538,-0.012817,2.0523
2.482,-0.00189921,1.07142,-0.0125433,2.0465,-0.00186269,1.08535,-0.0128626,2.0523
2.484,-0.00189921,1.07145,-0.0124977,2.0465,-0.00186269,1.08535,-0.0128626,2.05238
2.486,-0.00193574,1.07145,-0.0124977,2.0465,-0.00182617,1.08538,-0.012817,2.0523
2.488,-0.00193574,1.07145,-0.0124977,2.04642,-0.00186269,1.08538,-0.012817,2.0523
2.49,-0.00189921,1.07145,-0.0124977,2.04642,-0.00186269,1.08535,-0.0128626,2.0523
2.492,-0.00193574,1.07145,-0.0124977,2.0465,-0.00186269,1.08535,-0.0128626,2.0523
2.494,-0.00189921,1.07145,-0.0124977,2.0465,-0.00186269,1.08541,-0.0128626,2.0523
2.496,-0.00189921,1.07145,-0.0124977,2.04642,-0.00186269,1.08538,-0.0129082,2.0523
2.498,-0.00189921,1.07145,-0.0124977,2.0465,-0.00182617,1.08538,-0.012817,2.05238
2.5,-0.00189921,1.07145,-0.0124977,2.0465,-0.00186269,1.08541,-0.0128626,2.0523
2.502,-0.00189921,1.07148,-0.0125433,2.0465,-0.00189921,1.08535,-0.0128626,2.0523
2.504,-0.00189921,1.07145,-0.0124977,2.0465,-0.00182617,1.08535,-0.0128626,2.0523
2.506,-0.00189921,1.07148,-0.0125433,2.0465,-0.00182617,1.08541,-0.0128626,2.0523
2.508,-0.00193574,1.07145,-0.0124977,2.0465,-0.00186269,1.08538,-0.012817,2.0523
2.51,-0.00193574,1.07148,-0.0124521,2.04642,-0.00186269,1.08541,-0.0128626,2.0523
2.512,-0.00189921,1.07145,-0.0124977,2.0465,-0.00186269,1.08541,-0.0128626,2.0523
2.514,-0.00189921,1.07145,-0.0124977,2.0465,-0.00186269,1.08541,-0.0128626,2.0523
2.516,-0.00189921,1.07145,-0.0124977,2.0465,-0.00182617,1.08535,-0.0128626,2.0523
2.518,-0.00189921,1.07148,-0.0125433,2.0465,-0.00186269,1.08538,-0.012817,2.05238
2.52,-0.00189921,1.07148,-0.0125433,2.0465,-0.00186269,1.08538,-0.012817,2.0523
2.522,-0.00193574,1.07145,-0.0124977,2.04642,-0.00186269,1.08541,-0.0128626,2.05238
2.524,-0.00189921,1.07148,-0.0125433,2.04642,-0.00186269,1.08535,-0.0128626,2.0523
2.526,-0.00189921,1.07145,-0.0124977,2.0465,-0.00186269,1.08538,-0.0129082,2.0523
2.528,-0.00193574,1.07145,-0.0124977,2.0465,-0.00186269,1.08538,-0.0129082,2.0523
2.53,-0.00193574,1.07148,-0.0125433,2.0465,-0.00189921,1.08538,-0.0129082,2.0523
2.532,-0.00193574,1.07148,-0.0125433,2.0465,-0.00189921,1.08541,-0.0128626,2.0523
2.534,-0.00189921,1.07145,-0.0124977,2.0465,-0.00189921,1.08538,-0.012817,2.0523
2.536,-0.00189921,1.07145,-0.0124977,2.0465,-0.00189921,1.08538,-0.012817,2.0523
2.538,-0.00189921,1.07145,-0.0124977,2.04642,-0.00186269,1.08541,-0.0128626,2.0523
2.54,-0.00189921,1.07142,-0.0125433,2.04642,-0.00186269,1.08541,-0.0128626,2.0523
2.542,-0.00189921,1.07148,-0.0125433,2.04642,-0.00182617,1.08538,-0.0129082,2.0523
2.544,-0.00189921,1.07145,-0.0124977,2.04642,-0.00186269,1.08538,-0.0129082,2.0523
2.546,-0.00193574,1.07145,-0.0124977,2.0465,-0.00189921,1.08538,-0.012817,2.05221
2.548,-0.00193574,1.07148,-0.0125433,2.0465,-0.00189921,1.08535,-0.0128626,2.0523
2.55,-0.00189921,1.07148,-0.0125433,2.0465,-0.00186269,1.08535,-0.0128626,2.05238
2.552,-0.00189921,1.07145,-0.0124977,2.0465,-0.00186269,1.08541,-0.0128626,2.0523
2.554,-0.00189921,1.07148,-0.0125433,2.04642,-0.00189921,1.08538,-0.012817,2.0523
2.556,-0.00189921,1.07145,-0.0124977,2.04642,-0.00186269,1.08541,-0.0128626,2.0523
2.558,-0.00189921,1.07145,-0.0124977,2.04642,-0.00186269,1.08541,-0.0128626,2.0523
2.56,-0.00189921,1.07145,-0.0124977,2.04642,-0.00186269,1.08541,-0.0128626,2.0523
2.562,-0.00189921,1.07145,-0.0124977,2.0465,-0.00189921,1.08538,-0.0129082,2.0523
2.564,-0.00189921,1.07148,-0.0125433,2.0465,-0.00186269,1.08535,-0.0128626,2.0523
2.566,-0.00189921,1.07148,-0.0124521,2.0465,-0.00182617,1.08541,-0.0128626,2.0523
2.568,-0.00189921,1.07148,-0.0125433,2.0465,-0.00186269,1.08541,-0.0128626,2.0523
2.57,-0.00189921,1.07148,-0.0125433,2.04642,-0.00186269,1.08538,-0.012817,2.0523
2.572,-0.00189921,1.07145,-0.0124977,2.04642,-0.00189921,1.08538,-0.012817,2.0523
2.574,-0.00189921,1.07145,-0.0124977,2.04642,-0.00186269,1.08538,-0.012817,2.0523
2.576,-0.00189921,1.07145,-0.0124977,2.0465,-0.00186269,1.08541,-0.0128626,2.0523
2.578,-0.00189921,1.07148,-0.0124521,2.0465,-0.00189921,1.08541,-0.0128626,2.0523
2.58,-0.00189921,1.07148,-0.0125433,2.0465,-0.00186269,1.08535,-0.0128626,2.0523
2.582,-0.00193574,1.07148,-0.0125433,2.0465,-0.00186269,1.08541,-0.0128626,2.0523
2.584,-0.00193574,1.07145,-0.0124977,2.0465,-0.00189921,1.08538,-0.012817,2.05238
2.586,-0.00193574,1.07145,-0.0124977,2.04642,-0.00189921,1.08538,-0.012817,2.0523
2.588,-0.00189921,1.07148,-0.0125433,2.04642,-0.00182617,1.08538,-0.012817,2.0523
2.59,-0.00193574,1.07148,-0.0125433,2.04642,-0.00189921,1.08541,-0.0128626,2.0523
2.592,-0.00189921,1.07145,-0.0124977,2.0465,-0.00186269,1.08541,-0.0128626,2.0523
2.594,-0.00189921,1.07145,-0.0124977,2.0465,-0.00186269,1.08538,-0.0129082,2.0523
2.596,-0.00189921,1.07145,-0.0124977,2.0465,-0.00186269,1.08535,-0.0128626,2.0523
2.598,-0.00189921,1.07145,-0.0124977,2.0465,-0.00186269,1.08538,-0.0129082,2.05238
2.6,-0.00189921,1.07148,-0.0125433,2.0465,-0.00182617,1.08535,-0.0128626,2.0523
2.602,-0.00189921,1.07148,-0.0125433,2.04642,-0.00186269,1.08538,-0.012817,2.0523
2.604,-0.00193574,1.07148,-0.0125433,2.04642,-0.00186269,1.08541,-0.0128626,2.0523
2.606,-0.00189921,1.07145,-0.0124977,2.04642,-0.00189921,1.08541,-0.0128626,2.0523
2.608,-0.00189921,1.07145,-0.0124977,2.0465,-0.00186269,1.08541,-0.0128626,2.0523
2.61,-0.00189921,1.07145,-0.0124977,2.0465,-0.00186269,1.08541,-0.0128626,2.0523
2.612,-0.00189921,1.07145,-0.0124977,2.0465,-0.00186269,1.08541,-0.0128626,2.05238
2.614,-0.00193574,1.07148,-0.0125433,2.0465,-0.00182617,1.08535,-0.0128626,2.0523
2.616,-0.00189921,1.07145,-0.0124977,2.0465,-0.00186269,1.08538,-0.012817,2.0523
2.618,-0.00189921,1.07145,-0.0124977,2.0465,-0.00186269,1.08541,-0.0128626,2.0523
2.62,-0.00193574,1.07145,-0.0124977,2.04642,-0.00189921,1.08538,-0.012817,2.05238
2.622,-0.00189921,1.07145,-0.0124977,2.0465,-0.00189921,1.08538,-0.012817,2.05238
2.624,-0.00189921,1.07145,-0.0124977,2.0465,-0.00186269,1.08541,-0.0128626,2.0523
2.626,-0.00193574,1.07148,-0.0125433,2.0465,-0.00186269,1.08535,-0.0128626,2.0523
2.628,-0.00193574,1.07145,-0.0124977,2.0465,-0.00186269,1.08538,-0.0129082,2.0523
2.63,-0.00193574,1.07145,-0.0124977,2.0465,-0.00186269,1.08538,-0.0129082,2.05238
2.632,-0.00189921,1.07145,-0.0124977,2.0465,-0.00182617,1.08541,-0.0128626,2.05238
2.634,-0.00189921,1.07142,-0.0125433,2.04642,-0.00186269,1.08541,-0.0128626,2.0523
2.636,-0.00189921,1.07148,-0.0125433,2.0465,-0.00182617,1.08538,-0.012817,2.05238
2.638,-0.00189921,1.07148,-0.0125433,2.0465,-0.00186269,1.08538,-0.012817,2.0523
2.64,-0.00189921,1.07148,-0.0125433,2.04659,-0.00186269,1.08541,-0.0128626,2.0523
2.642,-0.00189921,1.07145,-0.0124977,2.04659,-0.00186269,1.08541,-0.0128626,2.0523
2.644,-0.00189921,1.07145,-0.0124977,2.04659,-0.00186269,1.08541,-0.0128626,2.0523
2.646,-0.00193574,1.07145,-0.0124977,2.0465,-0.00186269,1.08538,-0.0129082,2.05238
2.648,-0.00189921,1.07145,-0.0124977,2.0465,-0.00189921,1.08538,-0.012817,2.0523
2.65,-0.00189921,1.07148,-0.0125433,2.0465,-0.00182617,1.08538,-0.012817,2.05238
2.652,-0.00193574,1.07148,-0.0125433,2.04642,-0.00186269,1.08535,-0.0128626,2.0523
2.654,-0.00189921,1.07148,-0.0125433,2.0465,-0.00189921,1.08538,-0.012817,2.0523
2.656,-0.00193574,1.07145,-0.0124977,2.0465,-0.00186269,1.08538,-0.012817,2.05238
2.658,-0.00189921,1.07148,-0.0125433,2.0465,-0.00186269,1.08538,-0.0129082,2.05238
2.66,-0.00189921,1.07148,-0.0125433,2.0465,-0.00186269,1.08541,-0.0128626,2.0523
2.662,-0.00193574,1.07145,-0.0124977,2.0465,-0.00186269,1.08538,-0.012817,2.05238
2.664,-0.00193574,1.07148,-0.0125433,2.0465,-0.00186269,1.08538,-0.012817,2.0523
2.666,-0.00193574,1.07145,-0.0124977,2.0465,-0.00182617,1.08538,-0.012817,2.0523
2.668,-0.00193574,1.07145,-0.0124977,2.0465,-0.00189921,1.08538,-0.012817,2.0523
2.67,-0.00189921,1.07145,-0.0124977,2.0465,-0.00186269,1.08538,-0.012817,2.0523
2.672,-0.00189921,1.07148,-0.0125433,2.0465,-0.00186269,1.08538,-0.0129082,2.05238
2.674,-0.00189921,1.07145,-0.0124977,2.0465,-0.00186269,1.08535,-0.0128626,2.05238
2.676,-0.00189921,1.07145,-0.0124977,2.0465,-0.00186269,1.08538,-0.012817,2.05238
2.678,-0.00189921,1.07145,-0.0124977,2.0465,-0.00189921,1.08538,-0.012817,2.0523
2.68,-0.00189921,1.07145,-0.0125889,2.04642,-0.00186269,1.08538,-0.012817,2.0523
2.682,-0.00193574,1.07145,-0.0125889,2.0465,-0.00186269,1.08538,-0.012817,2.0523
2.684,-0.00189921,1.07145,-0.0124977,2.0465,-0.00182617,1.08541,-0.0128626,2.0523
2.686,-0.00189921,1.07145,-0.0124977,2.0465,-0.00186269,1.08535,-0.0128626,2.0523
2.688,-0.00189921,1.07148,-0.0124521,2.0465,-0.00186269,1.08541,-0.0128626,2.0523
2.69,-0.00189921,1.07148,-0.0125433,2.0465,-0.00186269,1.08538,-0.0129082,2.05238
2.692,-0.00189921,1.07145,-0.0124977,2.0465,-0.00189921,1.08538,-0.012817,2.05238
2.694,-0.00189921,1.07145,-0.0124977,2.0465,-0.00182617,1.08538,-0.012817,2.0523
2.696,-0.00189921,1.07148,-0.0125433,2.04642,-0.00186269,1.08538,-0.012817,2.0523
2.698,-0.00193574,1.07145,-0.0124977,2.0465,-0.00182617,1.08538,-0.012817,2.0523
2.7,-0.00193574,1.07145,-0.0124977,2.0465,-0.00186269,1.08538,-0.0129082,2.0523
2.702,-0.00189921,1.07145,-0.0124977,2.0465,-0.00186269,1.08538,-0.012817,2.05238
2.704,-0.00189921,1.07145,-0.0124977,2.0465,-0.00186269,1.08541,-0.0128626,2.05238
2.706,-0.00189921,1.07145,-0.0124977,2.0465,-0.00189921,1.08538,-0.012817,2.0523
2.708,-0.00189921,1.07145,-0.0124977,2.04642,-0.00182617,1.08538,-0.0129082,2.0523
2.71,-0.00189921,1.07145,-0.0124977,2.0465,-0.00186269,1.08538,-0.012817,2.05238
2.712,-0.00193574,1.07148,-0.0125433,2.04642,-0.00186269,1.08541,-0.0128626,2.0523
2.714,-0.00193574,1.07148,-0.0124521,2.0465,-0.00186269,1.08538,-0.012817,2.0523
2.716,-0.00189921,1.07145,-0.0124977,2.04642,-0.00186269,1.08538,-0.012817,2.0523
2.718,-0.00189921,1.07145,-0.0124977,2.0465,-0.00189921,1.08538,-0.012817,2.0523
2.72,-0.00189921,1.07145,-0.0124977,2.0465,-0.00186269,1.08538,-0.0129082,2.0523
2.722,-0.00189921,1.07145,-0.0124977,2.0465,-0.00182617,1.08541,-0.0128626,2.0523
2.724,-0.00189921,1.07145,-0.0124977,2.04642,-0.00182617,1.08538,-0.0129082,2.0523
2.726,-0.00189921,1.07148,-0.0125433,2.0465,-0.00186269,1.08541,-0.0128626,2.0523
2.728,-0.00189921,1.07148,-0.0125433,2.04642,-0.00186269,1.08535,-0.0128626,2.0523
2.73,-0.00193574,1.07148,-0.0125433,2.0465,-0.00189921,1.08538,-0.012817,2.0523
2.732,-0.00189921,1.07148,-0.0125433,2.0465,-0.00189921,1.08541,-0.0128626,2.0523
2.734,-0.00189921,1.07145,-0.0124977,2.0465,-0.00186269,1.08541,-0.0128626,2.0523
2.736,-0.00189921,1.07145,-0.0124977,2.0465,-0.00182617,1.08541,-0.0128626,2.0523
2.738,-0.00193574,1.07145,-0.0124977,2.04659,-0.00182617,1.08538,-0.0129082,2.0523
2.74,-0.00193574,1.07148,-0.0125433,2.0465,-0.00186269,1.08538,-0.012817,2.0523
2.742,-0.00189921,1.07148,-0.0125433,2.0465,-0.00189921,1.08538,-0.0129082,2.05238
2.744,-0.00189921,1.07148,-0.0125433,2.0465,-0.00189921,1.08535,-0.0128626,2.0523
2.746,-0.00189921,1.07145,-0.0124977,2.0465,-0.00186269,1.08541,-0.0128626,2.0523
2.748,-0.00189921,1.07145,-0.0124977,2.0465,-0.00186269,1.08543,-0.0129082,2.0523
2.75,-0.00193574,1.07145,-0.0124977,2.0465,-0.00182617,1.08538,-0.012817,2.0523
2.752,-0.00193574,1.07148,-0.0125433,2.0465,-0.00186269,1.08538,-0.0129082,2.0523
2.754,-0.00193574,1.07145,-0.0124977,2.0465,-0.00189921,1.08535,-0.0128626,2.0523
2.756,-0.00193574,1.07145,-0.0124977,2.04642,-0.00189921,1.08538,-0.0129082,2.05238
2.758,-0.00189921,1.07145,-0.0124977,2.0465,-0.00186269,1.08538,-0.012817,2.05238
2.76,-0.00189921,1.07145,-0.0124977,2.04642,-0.00186269,1.08538,-0.0129082,2.0523
2.762,-0.00193574,1.07145,-0.0124977,2.0465,-0.00189921,1.08538,-0.012817,2.0523
2.764,-0.00189921,1.07145,-0.0124977,2.0465,-0.00186269,1.08538,-0.012817,2.0523
2.766,-0.00193574,1.07148,-0.0125433,2.0465,-0.00189921,1.08538,-0.012817,2.05238
2.768,-0.00189921,1.07148,-0.0125433,2.0465,-0.00186269,1.08538,-0.012817,2.0523
2.77,-0.00189921,1.07148,-0.0125433,2.0465,-0.00186269,1.08535,-0.0128626,2.05238
2.772,-0.00189921,1.07148,-0.0125433,2.0465,-0.00186269,1.08538,-0.0129082,2.0523
2.774,-0.00193574,1.07145,-0.0124977,2.0465,-0.00189921,1.08541,-0.0128626,2.0523
2.776,-0.00189921,1.07148,-0.0125433,2.0465,-0.00186269,1.08541,-0.0128626,2.0523
2.778,-0.00193574,1.07145,-0.0124977,2.0465,-0.00189921,1.08538,-0.012817,2.0523
2.78,-0.00189921,1.07148,-0.0125433,2.0465,-0.00186269,1.08538,-0.0129082,2.0523
2.782,-0.00193574,1.07145,-0.0124977,2.0465,-0.00186269,1.08535,-0.0128626,2.05238
2.784,-0.00189921,1.07145,-0.0124977,2.0465,-0.00189921,1.08538,-0.012817,2.0523
2.786,-0.00189921,1.07145,-0.0124977,2.0465,-0.00186269,1.08538,-0.0129082,2.0523
2.788,-0.00189921,1.07145,-0.0124977,2.0465,-0.00186269,1.08541,-0.0128626,2.0523
2.79,-0.00189921,1.07145,-0.0124977,2.0465,-0.00186269,1.08535,-0.0128626,2.0523
2.792,-0.00193574,1.07145,-0.0124977,2.0465,-0.00186269,1.08541,-0.0128626,2.0523
2.794,-0.00193574,1.07148,-0.0125433,2.0465,-0.00186269,1.08535,-0.0128626,2.0523
2.796,-0.00189921,1.07148,-0.0125433,2.0465,-0.00186269,1.08535,-0.0128626,2.05238
2.798,-0.00189921,1.07145,-0.0124977,2.0465,-0.00186269,1.08543,-0.012817,2.05238
2.8,-0.00189921,1.07145,-0.0124977,2.0465,-0.00186269,1.08538,-0.012817,2.0523
2.802,-0.00189921,1.07145,-0.0124977,2.0465,-0.00186269,1.08538,-0.012817,2.0523
2.804,-0.00189921,1.07148,-0.0125433,2.0465,-0.00186269,1.08535,-0.0128626,2.0523
2.806,-0.00189921,1.07148,-0.0125433,2.0465,-0.00186269,1.08538,-0.0129082,2.0523
2.808,-0.00189921,1.07148,-0.0125433,2.0465,-0.00186269,1.08538,-0.0129082,2.0523
2.81,-0.00189921,1.07148,-0.0124521,2.0465,-0.00182617,1.08541,-0.0128626,2.05238
2.812,-0.00189921,1.07145,-0.0124977,2.0465,-0.00186269,1.08538,-0.0129082,2.0523
2.814,-0.00189921,1.07145,-0.0124977,2.0465,-0.00186269,1.08541,-0.0128626,2.0523
2.816,-0.00189921,1.07145,-0.0124977,2.04642,-0.00186269,1.08538,-0.012817,2.0523
2.818,-0.00189921,1.07148,-0.0125433,2.04642,-0.00186269,1.08535,-0.0128626,2.0523
2.82,-0.00189921,1.07148,-0.0125433,2.04642,-0.00186269,1.08535,-0.0128626,2.0523
2.822,-0.00189921,1.07148,-0.0125433,2.04642,-0.00189921,1.08538,-0.0129082,2.05238
2.824,-0.00189921,1.07145,-0.0124977,2.0465,-0.00186269,1.08541,-0.0128626,2.0523
2.826,-0.00189921,1.07145,-0.0124977,2.0465,-0.00189921,1.08538,-0.0129082,2.0523
2.828,-0.00193574,1.07145,-0.0124977,2.0465,-0.00186269,1.08538,-0.0129082,2.0523
2.83,-0.00189921,1.07148,-0.0125433,2.0465,-0.00189921,1.08541,-0.0128626,2.05238
2.832,-0.00193574,1.07145,-0.0124977,2.0465,-0.00186269,1.08538,-0.012817,2.0523
2.834,-0.00189921,1.07145,-0.0124977,2.0465,-0.00186269,1.08538,-0.012817,2.0523
2.836,-0.00189921,1.07145,-0.0124977,2.0465,-0.00189921,1.08538,-0.012817,2.0523
2.838,-0.00193574,1.07148,-0.0125433,2.0465,-0.00186269,1.08541,-0.0128626,2.0523
2.84,-0.00193574,1.07145,-0.0124977,2.0465,-0.00186269,1.08538,-0.0129082,2.0523
2.842,-0.00189921,1.07145,-0.0124977,2.0465,-0.00186269,1.08541,-0.0128626,2.0523
2.844,-0.00189921,1.07145,-0.0124977,2.0465,-0.00186269,1.08538,-0.0129082,2.0523
2.846,-0.00189921,1.07145,-0.0124977,2.0465,-0.00186269,1.08535,-0.0128626,2.0523
2.848,-0.00193574,1.07145,-0.0124977,2.0465,-0.00186269,1.08538,-0.012817,2.0523
2.85,-0.00193574,1.07145,-0.0124977,2.0465,-0.00189921,1.08535,-0.0128626,2.0523
2.852,-0.00193574,1.07145,-0.0124977,2.0465,-0.00186269,1.08538,-0.012817,2.0523
2.854,-0.00189921,1.07145,-0.0124977,2.0465,-0.00186269,1.08538,-0.0129082,2.0523
2.856,-0.00189921,1.07145,-0.0124977,2.0465,-0.00186269,1.08535,-0.0128626,2.0523
2.858,-0.00189921,1.07148,-0.0125433,2.0465,-0.00193574,1.08538,-0.0129082,2.0523
2.86,-0.00189921,1.07145,-0.0124977,2.0465,-0.00186269,1.08541,-0.0128626,2.0523
2.862,-0.00189921,1.07148,-0.0125433,2.0465,-0.00189921,1.08541,-0.0128626,2.05238
2.864,-0.00193574,1.07148,-0.0125433,2.0465,-0.00186269,1.08538,-0.012817,2.0523
2.866,-0.00193574,1.07145,-0.0124977,2.0465,-0.00189921,1.08538,-0.0129082,2.0523
2.868,-0.00193574,1.07145,-0.0124977,2.04642,-0.00182617,1.08535,-0.0128626,2.0523
2.87,-0.00189921,1.07145,-0.0124977,2.04642,-0.00186269,1.08535,-0.0128626,2.0523
2.872,-0.00193574,1.07145,-0.0124977,2.0465,-0.00189921,1.08538,-0.0129082,2.0523
2.874,-0.00189921,1.07148,-0.0125433,2.0465,-0.00189921,1.08538,-0.012817,2.0523
2.876,-0.00189921,1.07148,-0.0125433,2.0465,-0.00186269,1.08538,-0.012817,2.0523
2.878,-0.00193574,1.07148,-0.0125433,2.0465,-0.00186269,1.08535,-0.0128626,2.05238
2.88,-0.00193574,1.07148,-0.0125433,2.0465,-0.00182617,1.08541,-0.0128626,2.05238
2.882,-0.00193574,1.07145,-0.0124977,2.04642,-0.00186269,1.08541,-0.0128626,2.0523
2.884,-0.00189921,1.07145,-0.0124977,2.0465,-0.00186269,1.08538,-0.012817,2.05238
2.886,-0.00189921,1.07148,-0.0125433,2.0465,-0.00189921,1.08535,-0.0128626,2.0523
2.888,-0.00189921,1.07145,-0.0124977,2.0465,-0.00186269,1.08538,-0.012817,2.0523
2.89,-0.00189921,1.07148,-0.0125433,2.0465,-0.00186269,1.08535,-0.0128626,2.0523
2.892,-0.00189921,1.07148,-0.0125433,2.0465,-0.00186269,1.08541,-0.0128626,2.0523
2.894,-0.00189921,1.07148,-0.0125433,2.0465,-0.00186269,1.08541,-0.0128626,2.05238
2.896,-0.00193574,1.07148,-0.0125433,2.0465,-0.00186269,1.08543,-0.012817,2.0523
2.898,-0.00189921,1.07145,-0.0124977,2.0465,-0.00186269,1.08541,-0.0128626,2.0523
2.9,-0.00189921,1.07145,-0.0124977,2.04642,-0.00186269,1.08538,-0.0129082,2.0523
2.902,-0.00193574,1.07148,-0.0125433,2.0465,-0.00186269,1.08538,-0.012817,2.0523
2.904,-0.00193574,1.07148,-0.0125433,2.0465,-0.00189921,1.08538,-0.012817,2.0523
2.906,-0.00189921,1.07148,-0.0125433,2.0465,-0.00186269,1.08538,-0.012817,2.0523
2.908,-0.00189921,1.07148,-0.0125433,2.0465,-0.00189921,1.08538,-0.0129082,2.0523
2.91,-0.00193574,1.07145,-0.0124977,2.0465,-0.00186269,1.08541,-0.0128626,2.05238
2.912,-0.00193574,1.07145,-0.0124977,2.0465,-0.00189921,1.08538,-0.0129082,2.0523
2.914,-0.00193574,1.07148,-0.0125433,2.04642,-0.00186269,1.08541,-0.0128626,2.0523
2.916,-0.00189921,1.07148,-0.0125433,2.04642,-0.00189921,1.08541,-0.0128626,2.0523
2.918,-0.00189921,1.07148,-0.0125433,2.04642,-0.00186269,1.08535,-0.0128626,2.0523
2.92,-0.00189921,1.07148,-0.0125433,2.0465,-0.00186269,1.08535,-0.0128626,2.0523
2.922,-0.00193574,1.07145,-0.0124977,2.0465,-0.00182617,1.08538,-0.012817,2.05238
2.924,-0.00189921,1.07148,-0.0125433,2.0465,-0.00186269,1.08538,-0.0129082,2.0523
2.926,-0.00189921,1.07148,-0.0125433,2.0465,-0.00182617,1.08541,-0.0128626,2.0523
2.928,-0.00189921,1.07145,-0.0124977,2.04642,-0.00186269,1.08541,-0.0128626,2.0523
2.93,-0.00189921,1.07145,-0.0124977,2.04642,-0.00186269,1.08541,-0.0128626,2.0523
2.932,-0.00189921,1.07145,-0.0124977,2.04642,-0.00186269,1.08538,-0.012817,2.0523
2.934,-0.00193574,1.07148,-0.0125433,2.0465,-0.00186269,1.08535,-0.0128626,2.0523
2.936,-0.00193574,1.07148,-0.0125433,2.0465,-0.00182617,1.08535,-0.0128626,2.05238
2.938,-0.00189921,1.07148,-0.0125433,2.0465,-0.00182617,1.08538,-0.012817,2.0523
2.94,-0.00189921,1.07145,-0.0124977,2.04642,-0.00186269,1.08538,-0.012817,2.05238
2.942,-0.00189921,1.07145,-0.0124977,2.0465,-0.00189921,1.08538,-0.0129082,2.05238
2.944,-0.00193574,1.07145,-0.0124977,2.04642,-0.00186269,1.08541,-0.0128626,2.0523
2.946,-0.00189921,1.07145,-0.0124977,2.0465,-0.00186269,1.08538,-0.0129082,2.05238
2.948,-0.00189921,1.07148,-0.0125433,2.0465,-0.00186269,1.08538,-0.012817,2.0523
2.95,-0.00189921,1.07145,-0.0124977,2.0465,-0.00186269,1.08538,-0.012817,2.0523
2.952,-0.00193574,1.07148,-0.0125433,2.0465,-0.00186269,1.08538,-0.012817,2.0523
2.954,-0.00189921,1.07148,-0.0125433,2.0465,-0.00186269,1.08538,-0.012817,2.0523
2.956,-0.00193574,1.07148,-0.0125433,2.0465,-0.00189921,1.08541,-0.0128626,2.0523
2.958,-0.00189921,1.07148,-0.0125433,2.0465,-0.00189921,1.08538,-0.0129082,2.05238
2.96,-0.00193574,1.07145,-0.0124977,2.04642,-0.00186269,1.08538,-0.0129082,2.0523
2.962,-0.00193574,1.07145,-0.0124977,2.0465,-0.00186269,1.08541,-0.0128626,2.0523
2.964,-0.00189921,1.07148,-0.0125433,2.0465,-0.00186269,1.08538,-0.0129082,2.0523
2.966,-0.00193574,1.07145,-0.0124977,2.0465,-0.00182617,1.08535,-0.0128626,2.0523
2.968,-0.00189921,1.07148,-0.0125433,2.0465,-0.00186269,1.08535,-0.0128626,2.0523
2.97,-0.00193574,1.07145,-0.0124977,2.0465,-0.00186269,1.08535,-0.0128626,2.0523
2.972,-0.00189921,1.07145,-0.0124977,2.0465,-0.00182617,1.08538,-0.0129082,2.05238
2.974,-0.00189921,1.07145,-0.0124977,2.0465,-0.00186269,1.08541,-0.0128626,2.0523
2.976,-0.00189921,1.07148,-0.0125433,2.0465,-0.00186269,1.08538,-0.0129082,2.0523
2.978,-0.00193574,1.07145,-0.0124977,2.0465,-0.00186269,1.08535,-0.0128626,2.0523
2.98,-0.00189921,1.07148,-0.0125433,2.04642,-0.00186269,1.08541,-0.0128626,2.0523
2.982,-0.00189921,1.07148,-0.0125433,2.0465,-0.00182617,1.08535,-0.0128626,2.0523
2.984,-0.00189921,1.07148,-0.0125433,2.0465,-0.00186269,1.08541,-0.0128626,2.0523
2.986,-0.00193574,1.07148,-0.0125433,2.0465,-0.00186269,1.08541,-0.0128626,2.0523
2.988,-0.00189921,1.07148,-0.0125433,2.0465,-0.00186269,1.08541,-0.0128626,2.0523
2.99,-0.00189921,1.07145,-0.0124977,2.0465,-0.00189921,1.08541,-0.0128626,2.05238
2.992,-0.00189921,1.07148,-0.0125433,2.0465,-0.00186269,1.08541,-0.0128626,2.0523
2.994,-0.00193574,1.07148,-0.0125433,2.0465,-0.00189921,1.08538,-0.0129082,2.0523
2.996,-0.00189921,1.07148,-0.0125433,2.0465,-0.00182617,1.08535,-0.0128626,2.05238
2.998,-0.00189921,1.07145,-0.0124977,2.0465,-0.00186269,1.08538,-0.0129082,2.0523
3,-0.00189921,1.07145,-0.0124977,2.0465,-0.00182617,1.08541,-0.0128626,2.0523
3.002,-0.00193574,1.07151,-0.0124977,2.04642,-0.00186269,1.08538,-0.012817,2.0523
3.004,-0.00193574,1.07151,-0.0124977,2.0465,-0.00186269,1.08535,-0.0128626,2.0523
3.006,-0.00189921,1.07148,-0.0125433,2.0465,-0.00186269,1.08541,-0.0128626,2.0523
3.008,-0.00189921,1.07145,-0.0124977,2.0465,-0.00186269,1.08541,-0.0128626,2.0523
3.01,-0.00193574,1.07145,-0.0124977,2.0465,-0.00186269,1.08541,-0.0128626,2.0523
3.012,-0.00193574,1.07148,-0.0125433,2.0465,-0.00189921,1.08535,-0.0128626,2.0523
3.014,-0.00193574,1.07148,-0.0125433,2.0465,-0.00182617,1.08535,-0.0128626,2.0523
3.016,-0.00193574,1.07148,-0.0125433,2.0465,-0.00186269,1.08535,-0.0128626,2.05238
3.018,-0.00189921,1.07148,-0.0125433,2.0465,-0.00186269,1.08535,-0.0128626,2.0523
3.02,-0.00189921,1.07145,-0.0124977,2.0465,-0.00186269,1.08541,-0.0128626,2.0523
3.022,-0.00189921,1.07148,-0.0125433,2.0465,-0.00186269,1.08541,-0.0128626,2.0523
3.024,-0.00189921,1.07148,-0.0125433,2.04659,-0.00186269,1.08538,-0.012817,2.0523
3.026,-0.00189921,1.07148,-0.0125433,2.0465,-0.00189921,1.08541,-0.0128626,2.0523
3.028,-0.00193574,1.07148,-0.0125433,2.0465,-0.00186269,1.08538,-0.0129082,2.0523
3.03,-0.00189921,1.07148,-0.0125433,2.0465,-0.00186269,1.08538,-0.0129082,2.0523
3.032,-0.00189921,1.07148,-0.0125433,2.0465,-0.00186269,1.08538,-0.0129082,2.05238
3.034,-0.00193574,1.07145,-0.0124977,2.0465,-0.00186269,1.08535,-0.0128626,2.0523
3.036,-0.00189921,1.07148,-0.0125433,2.0465,-0.00186269,1.08541,-0.0128626,2.0523
3.038,-0.00189921,1.07148,-0.0125433,2.04642,-0.00189921,1.08535,-0.0128626,2.0523
3.04,-0.00193574,1.07145,-0.0124977,2.04642,-0.00182617,1.08538,-0.012817,2.0523
3.042,-0.00189921,1.07145,-0.0124977,2.0465,-0.00193574,1.08535,-0.0128626,2.0523
3.044,-0.00189921,1.07145,-0.0124977,2.0465,-0.00186269,1.08538,-0.012817,2.0523
3.046,-0.00189921,1.07145,-0.0124977,2.0465,-0.00186269,1.08538,-0.0129082,2.0523
3.048,-0.00189921,1.07148,-0.0125433,2.0465,-0.00186269,1.08535,-0.0128626,2.05238
3.05,-0.00189921,1.07145,-0.0124977,2.0465,-0.00189921,1.08538,-0.012817,2.05238
3.052,-0.00193574,1.07148,-0.0125433,2.0465,-0.00182617,1.08541,-0.0128626,2.0523
3.054,-0.00193574,1.07148,-0.0125433,2.0465,-0.00186269,1.08541,-0.0128626,2.0523
3.056,-0.00189921,1.07145,-0.0124977,2.04642,-0.00186269,1.08538,-0.0129082,2.0523
3.058,-0.00189921,1.07145,-0.0124977,2.04642,-0.00186269,1.08538,-0.0129082,2.0523
3.06,-0.00189921,1.07148,-0.0125433,2.0465,-0.00189921,1.08538,-0.0129082,2.0523
3.062,-0.00193574,1.07145,-0.0124977,2.0465,-0.00186269,1.08538,-0.0129082,2.0523
3.064,-0.00189921,1.07145,-0.0124977,2.0465,-0.00186269,1.08538,-0.0129082,2.0523
3.066,-0.00193574,1.07145,-0.0124977,2.0465,-0.00186269,1.08538,-0.012817,2.05238
3.068,-0.00193574,1.07145,-0.0124977,2.0465,-0.00186269,1.08535,-0.0128626,2.0523
3.07,-0.00189921,1.07148,-0.0125433,2.0465,-0.00186269,1.08538,-0.012817,2.0523
3.072,-0.00189921,1.07148,-0.0124521,2.0465,-0.00186269,1.08541,-0.0128626,2.0523
3.074,-0.00189921,1.07145,-0.0124977,2.04642,-0.00186269,1.08541,-0.0128626,2.0523
3.076,-0.00189921,1.07145,-0.0124977,2.0465,-0.00186269,1.08541,-0.0128626,2.0523
3.078,-0.00189921,1.07148,-0.0125433,2.0465,-0.00189921,1.08541,-0.0128626,2.0523
3.08,-0.00189921,1.07145,-0.0124977,2.0465,-0.00186269,1.08538,-0.012817,2.0523
3.082,-0.00189921,1.07148,-0.0125433,2.04642,-0.00182617,1.08535,-0.0128626,2.0523
3.084,-0.00189921,1.07148,-0.0124521,2.0465,-0.00186269,1.08538,-0.012817,2.0523
3.086,-0.00189921,1.07148,-0.0125433,2.0465,-0.00182617,1.08538,-0.012817,2.0523
3.088,-0.00189921,1.07148,-0.0125433,2.0465,-0.00182617,1.08538,-0.0129082,2.05238
3.09,-0.00193574,1.07145,-0.0124977,2.0465,-0.00189921,1.08541,-0.0128626,2.0523
3.092,-0.00189921,1.07145,-0.0124977,2.0465,-0.00182617,1.08538,-0.0129082,2.0523
3.094,-0.00193574,1.07145,-0.0124977,2.0465,-0.00182617,1.08538,-0.0129082,2.05221
3.096,-0.00189921,1.07148,-0.0125433,2.0465,-0.00189921,1.08538,-0.0129082,2.05238
3.098,-0.00189921,1.07148,-0.0125433,2.0465,-0.00186269,1.08538,-0.012817,2.0523
3.1,-0.00189921,1.07148,-0.0125433,2.0465,-0.00189921,1.08538,-0.012817,2.0523
3.102,-0.00189921,1.07148,-0.0125433,2.04642,-0.00189921,1.08541,-0.0128626,2.0523
3.104,-0.00193574,1.07148,-0.0125433,2.0465,-0.00189921,1.08535,-0.0128626,2.0523
3.106,-0.00189921,1.07151,-0.0124977,2.0465,-0.00186269,1.08541,-0.0128626,2.0523
3.108,-0.00193574,1.07151,-0.0124977,2.0465,-0.00186269,1.08538,-0.012817,2.0523
3.11,-0.00189921,1.07148,-0.0125433,2.0465,-0.00182617,1.08541,-0.0128626,2.05238
3.112,-0.00189921,1.07145,-0.0124977,2.0465,-0.00186269,1.08538,-0.0129082,2.0523
3.114,-0.00189921,1.07148,-0.0125433,2.0465,-0.00189921,1.08538,-0.0129082,2.0523
3.116,-0.00189921,1.07148,-0.0125433,2.0465,-0.00186269,1.08541,-0.0128626,2.0523
3.118,-0.00189921,1.07145,-0.0124977,2.0465,-0.00186269,1.08541,-0.0128626,2.0523
3.12,-0.00189921,1.07148,-0.0125433,2.0465,-0.00186269,1.08541,-0.0128626,2.0523
3.122,-0.00193574,1.07148,-0.0125433,2.0465,-0.00182617,1.08541,-0.0128626,2.05238
3.124,-0.00193574,1.07148,-0.0125433,2.0465,-0.00182617,1.08541,-0.0128626,2.0523
3.126,-0.00189921,1.07148,-0.0125433,2.0465,-0.00189921,1.08541,-0.0128626,2.05238
3.128,-0.00189921,1.07145,-0.0124977,2.0465,-0.00186269,1.08535,-0.0128626,2.0523
3.13,-0.00189921,1.07145,-0.0124977,2.0465,-0.00186269,1.08535,-0.0128626,2.0523
3.132,-0.00189921,1.07145,-0.0124977,2.0465,-0.00186269,1.08541,-0.0128626,2.0523
3.134,-0.00189921,1.07148,-0.0125433,2.04659,-0.00186269,1.08535,-0.0128626,2.0523
3.136,-0.00189921,1.07148,-0.0125433,2.04659,-0.00186269,1.08538,-0.012817,2.0523
3.138,-0.00193574,1.07145,-0.0124977,2.04659,-0.00186269,1.08535,-0.0128626,2.0523
3.14,-0.00193574,1.07148,-0.0125433,2.0465,-0.00186269,1.08541,-0.0128626,2.0523
3.142,-0.00193574,1.07151,-0.0124977,2.0465,-0.00182617,1.08535,-0.0128626,2.0523
3.144,-0.00189921,1.07145,-0.0124977,2.0465,-0.00186269,1.08538,-0.0129082,2.05221
3.146,-0.00189921,1.07145,-0.0124977,2.0465,-0.00186269,1.08541,-0.0128626,2.0523
3.148,-0.00189921,1.07151,-0.0124977,2.04642,-0.00186269,1.08535,-0.0128626,2.0523
3.15,-0.00189921,1.07148,-0.0125433,2.0465,-0.00186269,1.08535,-0.0128626,2.0523
3.152,-0.00193574,1.07148,-0.0125433,2.0465,-0.00193574,1.08538,-0.012817,2.0523
3.154,-0.00193574,1.07145,-0.0124977,2.0465,-0.00186269,1.08541,-0.0127714,2.0523
3.156,-0.00189921,1.07145,-0.0124977,2.04642,-0.00186269,1.08541,-0.0128626,2.0523
3.158,-0.00189921,1.07148,-0.0124521,2.0465,-0.00186269,1.08538,-0.012817,2.0523
3.16,-0.00189921,1.07148,-0.0125433,2.04642,-0.00189921,1.08538,-0.012817,2.0523
3.162,-0.00189921,1.07151,-0.0124977,2.0465,-0.00189921,1.08538,-0.0129082,2.0523
3.164,-0.00193574,1.07145,-0.0124977,2.04642,-0.00189921,1.08541,-0.0128626,2.0523
3.166,-0.00189921,1.07148,-0.0125433,2.04642,-0.00189921,1.08541,-0.0128626,2.0523
3.168,-0.00193574,1.07148,-0.0125433,2.0465,-0.00186269,1.08535,-0.0128626,2.0523
3.17,-0.00193574,1.07145,-0.0124977,2.0465,-0.00186269,1.08541,-0.0128626,2.05238
3.172,-0.00189921,1.07148,-0.0124521,2.0465,-0.00186269,1.08538,-0.012817,2.0523
3.174,-0.00193574,1.07148,-0.0125433,2.0465,-0.00186269,1.08538,-0.0129082,2.0523
3.176,-0.00189921,1.07148,-0.0125433,2.04642,-0.00189921,1.08538,-0.012817,2.05221
3.178,-0.00193574,1.07145,-0.0124977,2.0465,-0.00189921,1.08541,-0.0128626,2.0523
3.18,-0.00193574,1.07145,-0.0124977,2.0465,-0.00189921,1.08538,-0.012817,2.0523
3.182,-0.00193574,1.07148,-0.0125433,2.0465,-0.00186269,1.08535,-0.0128626,2.05238
3.184,-0.00189921,1.07151,-0.0124977,2.04642,-0.00186269,1.08538,-0.012817,2.0523
3.186,-0.00193574,1.07148,-0.0125433,2.0465,-0.00186269,1.08538,-0.012817,2.0523
3.188,-0.00189921,1.07145,-0.0124977,2.04642,-0.00186269,1.08538,-0.0129082,2.0523
3.19,-0.00189921,1.07148,-0.0125433,2.0465,-0.00182617,1.08541,-0.0128626,2.0523
3.192,-0.00189921,1.07145,-0.0124977,2.0465,-0.00186269,1.08541,-0.0128626,2.0523
3.194,-0.00189921,1.07148,-0.0124521,2.04642,-0.00182617,1.08541,-0.0128626,2.0523
3.196,-0.00193574,1.07148,-0.0124521,2.0465,-0.00186269,1.08538,-0.0129082,2.0523
3.198,-0.00189921,1.07148,-0.0125433,2.04642,-0.00186269,1.08538,-0.0129082,2.0523
3.2,-0.00189921,1.07148,-0.0125433,2.04642,-0.00186269,1.08541,-0.0128626,2.05238
3.202,-0.00189921,1.07148,-0.0125433,2.04642,-0.00186269,1.08541,-0.0128626,2.0523
3.204,-0.00193574,1.07148,-0.0125433,2.0465,-0.00186269,1.08541,-0.0128626,2.0523
3.206,-0.00193574,1.07148,-0.0125433,2.0465,-0.00182617,1.08541,-0.0128626,2.0523
3.208,-0.00189921,1.07148,-0.0125433,2.0465,-0.00186269,1.08541,-0.0128626,2.0523
3.21,-0.00189921,1.07145,-0.0124977,2.0465,-0.00189921,1.08541,-0.0128626,2.0523
3.212,-0.00189921,1.07145,-0.0124977,2.0465,-0.00186269,1.08538,-0.0129082,2.05238
3.214,-0.00189921,1.07148,-0.0125433,2.0465,-0.00186269,1.08535,-0.0128626,2.0523
3.216,-0.00189921,1.07148,-0.0125433,2.0465,-0.00189921,1.08535,-0.0128626,2.0523
3.218,-0.00189921,1.07148,-0.0125433,2.0465,-0.00186269,1.08538,-0.012817,2.0523
3.22,-0.00189921,1.07145,-0.0124977,2.0465,-0.00186269,1.08538,-0.012817,2.05221
3.222,-0.00193574,1.07145,-0.0124977,2.0465,-0.00186269,1.08541,-0.0128626,2.0523
3.224,-0.00193574,1.07145,-0.0124977,2.0465,-0.00186269,1.08538,-0.0129082,2.05238
3.226,-0.00193574,1.07145,-0.0124977,2.0465,-0.00186269,1.08538,-0.0129082,2.05238
3.228,-0.00189921,1.07148,-0.0125433,2.0465,-0.00186269,1.08538,-0.012817,2.05238
3.23,-0.00189921,1.07148,-0.0125433,2.0465,-0.00186269,1.08535,-0.0128626,2.0523
3.232,-0.00189921,1.07145,-0.0124977,2.0465,-0.00186269,1.08538,-0.012817,2.0523
3.234,-0.00189921,1.07148,-0.0125433,2.0465,-0.00186269,1.08538,-0.0129082,2.0523
3.236,-0.00189921,1.07145,-0.0124977,2.0465,-0.00189921,1.08538,-0.012817,2.0523
3.238,-0.00193574,1.07148,-0.0125433,2.0465,-0.00186269,1.08538,-0.012817,2.05238
3.24,-0.00193574,1.07148,-0.0125433,2.0465,-0.00186269,1.08538,-0.012817,2.0523
3.242,-0.00189921,1.07148,-0.0125433,2.0465,-0.00186269,1.08541,-0.0128626,2.0523
3.244,-0.00189921,1.07148,-0.0125433,2.0465,-0.00182617,1.08538,-0.0129082,2.0523
3.246,-0.00189921,1.07145,-0.0124977,2.0465,-0.00189921,1.08538,-0.0129082,2.05221
3.248,-0.00193574,1.07148,-0.0125433,2.0465,-0.00186269,1.08541,-0.0128626,2.0523
3.25,-0.00189921,1.07148,-0.0125433,2.0465,-0.00189921,1.08535,-0.0128626,2.0523
3.252,-0.00193574,1.07148,-0.0125433,2.0465,-0.00186269,1.08535,-0.0128626,2.0523
3.254,-0.00193574,1.07148,-0.0125433,2.0465,-0.00186269,1.08535,-0.0128626,2.05238
3.256,-0.00193574,1.07148,-0.0125433,2.0465,-0.00186269,1.08541,-0.0128626,2.05238
3.258,-0.00189921,1.07145,-0.0124977,2.0465,-0.00189921,1.08538,-0.0129082,2.0523
3.26,-0.00189921,1.07145,-0.0124977,2.04642,-0.00186269,1.08541,-0.0128626,2.0523
3.262,-0.00189921,1.07145,-0.0124977,2.0465,-0.00189921,1.08541,-0.0128626,2.0523
3.264,-0.00189921,1.07148,-0.0125433,2.0465,-0.00189921,1.08535,-0.0128626,2.0523
3.266,-0.00189921,1.07148,-0.0125433,2.04642,-0.00186269,1.08535,-0.0128626,2.0523
3.268,-0.00189921,1.07148,-0.0125433,2.0465,-0.00186269,1.08535,-0.0128626,2.0523
3.27,-0.00189921,1.07151,-0.0124977,2.0465,-0.00189921,1.08538,-0.012817,2.05238
3.272,-0.00189921,1.07148,-0.0125433,2.0465,-0.00186269,1.08538,-0.0129082,2.0523
3.274,-0.00189921,1.07145,-0.0124977,2.04642,-0.00186269,1.08538,-0.0129082,2.0523
3.276,-0.00189921,1.07145,-0.0124977,2.04642,-0.00186269,1.08541,-0.0128626,2.05238
3.278,-0.00189921,1.07145,-0.0124977,2.0465,-0.00186269,1.08538,-0.0129082,2.0523
3.28,-0.00189921,1.07148,-0.0125433,2.0465,-0.00186269,1.08538,-0.0129082,2.05238
3.282,-0.00189921,1.07148,-0.0125433,2.0465,-0.00186269,1.08535,-0.0128626,2.0523
3.284,-0.00193574,1.07148,-0.0125433,2.0465,-0.00189921,1.08535,-0.0128626,2.0523
3.286,-0.00193574,1.07148,-0.0125433,2.0465,-0.00189921,1.08543,-0.012817,2.0523
3.288,-0.00189921,1.07145,-0.0124977,2.0465,-0.00186269,1.08541,-0.0128626,2.0523
3.29,-0.00193574,1.07145,-0.0124977,2.04642,-0.00186269,1.08538,-0.0129082,2.0523
3.292,-0.00189921,1.07148,-0.0124521,2.0465,-0.00182617,1.08541,-0.0128626,2.0523
3.294,-0.00193574,1.07145,-0.0124977,2.0465,-0.00182617,1.08541,-0.0128626,2.0523
3.296,-0.00189921,1.07148,-0.0125433,2.0465,-0.00182617,1.08538,-0.012817,2.0523
3.298,-0.00189921,1.07148,-0.0125433,2.0465,-0.00189921,1.08541,-0.0128626,2.0523
3.3,-0.00189921,1.07145,-0.0124977,2.04642,-0.00186269,1.08538,-0.012817,2.05238
3.302,-0.00189921,1.07148,-0.0125433,2.0465,-0.00189921,1.08541,-0.0128626,2.0523
3.304,-0.00189921,1.07145,-0.0124977,2.04642,-0.00182617,1.08538,-0.0129082,2.0523
3.306,-0.00189921,1.07148,-0.0125433,2.04642,-0.00186269,1.08538,-0.0129082,2.05238
3.308,-0.00193574,1.07148,-0.0125433,2.04642,-0.00186269,1.08538,-0.012817,2.0523
3.31,-0.00193574,1.07148,-0.0125433,2.0465,-0.00182617,1.08538,-0.0129082,2.0523
3.312,-0.00193574,1.07148,-0.0125433,2.0465,-0.00182617,1.08538,-0.012817,2.05238
3.314,-0.00189921,1.07145,-0.0124977,2.0465,-0.00186269,1.08538,-0.012817,2.0523
3.316,-0.00189921,1.07145,-0.0124977,2.0465,-0.00186269,1.08541,-0.0128626,2.0523
3.318,-0.00189921,1.07145,-0.0124977,2.0465,-0.00186269,1.08541,-0.0128626,2.0523
3.32,-0.00189921,1.07148,-0.0125433,2.04642,-0.00189921,1.08538,-0.0129082,2.0523
3.322,-0.00189921,1.07148,-0.0125433,2.0465,-0.00182617,1.08541,-0.0128626,2.05238
3.324,-0.00189921,1.07148,-0.0124521,2.0465,-0.00182617,1.08538,-0.012817,2.0523
3.326,-0.00189921,1.07148,-0.0125433,2.0465,-0.00182617,1.08541,-0.0128626,2.05238
3.328,-0.00193574,1.07148,-0.0125433,2.0465,-0.00182617,1.08538,-0.0129082,2.0523
3.33,-0.00193574,1.07145,-0.0124977,2.0465,-0.00182617,1.08535,-0.0128626,2.0523
3.332,-0.00189921,1.07148,-0.0125433,2.0465,-0.00189921,1.08538,-0.0129082,2.0523
3.334,-0.00189921,1.07145,-0.0124977,2.0465,-0.00186269,1.08535,-0.0128626,2.0523
3.336,-0.00189921,1.07145,-0.0124977,2.0465,-0.00186269,1.08538,-0.012817,2.0523
3.338,-0.00189921,1.07148,-0.0125433,2.0465,-0.00186269,1.08535,-0.0128626,2.05238
3.34,-0.00189921,1.07148,-0.0125433,2.04642,-0.00182617,1.08535,-0.0128626,2.0523
3.342,-0.00193574,1.07148,-0.0125433,2.04642,-0.00186269,1.08538,-0.012817,2.05238
3.344,-0.00193574,1.07145,-0.0124977,2.0465,-0.00189921,1.08535,-0.0128626,2.0523
3.346,-0.00193574,1.07145,-0.0124977,2.0465,-0.00186269,1.08541,-0.0128626,2.0523
3.348,-0.00189921,1.07145,-0.0124977,2.0465,-0.00189921,1.08538,-0.0129082,2.0523
3.35,-0.00193574,1.07148,-0.0125433,2.0465,-0.00186269,1.08535,-0.0128626,2.0523
3.352,-0.00189921,1.07148,-0.0125433,2.0465,-0.00186269,1.08535,-0.0128626,2.0523
3.354,-0.00189921,1.07148,-0.0125433,2.0465,-0.00186269,1.08535,-0.0128626,2.0523
3.356,-0.00193574,1.07148,-0.0125433,2.04642,-0.00186269,1.08538,-0.012817,2.05238
3.358,-0.00193574,1.07145,-0.0124977,2.0465,-0.00186269,1.08538,-0.012817,2.0523
3.36,-0.00193574,1.07145,-0.0124977,2.0465,-0.00189921,1.08541,-0.0128626,2.0523
3.362,-0.00193574,1.07148,-0.0125433,2.0465,-0.00186269,1.08541,-0.0128626,2.0523
3.364,-0.00189921,1.07148,-0.0125433,2.0465,-0.00186269,1.08538,-0.0129082,2.0523
3.366,-0.00189921,1.07145,-0.0124977,2.0465,-0.00186269,1.08541,-0.0128626,2.0523
3.368,-0.00193574,1.07145,-0.0124977,2.0465,-0.00186269,1.08538,-0.012817,2.0523
3.37,-0.00189921,1.07145,-0.0124977,2.0465,-0.00186269,1.08538,-0.012817,2.0523
3.372,-0.00189921,1.07145,-0.0124977,2.0465,-0.00186269,1.08538,-0.012817,2.0523
3.374,-0.00189921,1.07148,-0.0125433,2.0465,-0.00182617,1.08538,-0.012817,2.0523
3.376,-0.00189921,1.07148,-0.0125433,2.0465,-0.00186269,1.08535,-0.0128626,2.0523
3.378,-0.00189921,1.07148,-0.0124521,2.0465,-0.00186269,1.08535,-0.0128626,2.0523
3.38,-0.00189921,1.07145,-0.0124977,2.0465,-0.00186269,1.08538,-0.012817,2.0523
3.382,-0.00193574,1.07145,-0.0124977,2.04659,-0.00189921,1.08541,-0.0128626,2.05238
3.384,-0.00189921,1.07148,-0.0125433,2.0465,-0.00182617,1.08538,-0.0129082,2.05238
3.386,-0.00189921,1.07148,-0.0125433,2.04642,-0.00182617,1.08541,-0.0128626,2.05238
3.388,-0.00189921,1.07148,-0.0125433,2.04642,-0.00186269,1.08541,-0.0128626,2.0523
3.39,-0.00189921,1.07148,-0.0125433,2.04642,-0.00186269,1.08538,-0.012817,2.0523
3.392,-0.00189921,1.07148,-0.0125433,2.04642,-0.00186269,1.08543,-0.012817,2.0523
3.394,-0.00189921,1.07148,-0.0125433,2.0465,-0.00186269,1.08538,-0.012817,2.0523
3.396,-0.00189921,1.07148,-0.0125433,2.0465,-0.00182617,1.08538,-0.012817,2.0523
3.398,-0.00189921,1.07148,-0.0125433,2.0465,-0.00189921,1.08538,-0.0129082,2.0523
3.4,-0.00189921,1.07148,-0.0124521,2.0465,-0.00186269,1.08541,-0.0128626,2.0523
3.402,-0.00193574,1.07148,-0.0124521,2.0465,-0.00186269,1.08535,-0.0128626,2.0523
3.404,-0.00193574,1.07145,-0.0124977,2.04642,-0.00186269,1.08541,-0.0128626,2.0523
3.406,-0.00193574,1.07145,-0.0124977,2.04642,-0.00186269,1.08538,-0.0129082,2.05221
3.408,-0.00193574,1.07148,-0.0125433,2.04642,-0.00182617,1.08538,-0.012817,2.0523
3.41,-0.00189921,1.07148,-0.0125433,2.0465,-0.00186269,1.08538,-0.012817,2.0523
3.412,-0.00189921,1.07145,-0.0124977,2.0465,-0.00186269,1.08535,-0.0128626,2.05238
3.414,-0.00189921,1.07148,-0.0125433,2.0465,-0.00189921,1.08538,-0.0129082,2.0523
3.416,-0.00189921,1.07145,-0.0124977,2.0465,-0.00186269,1.08541,-0.0128626,2.05238
3.418,-0.00193574,1.07145,-0.0124977,2.0465,-0.00186269,1.08541,-0.0128626,2.0523
3.42,-0.00189921,1.07148,-0.0125433,2.0465,-0.00186269,1.08538,-0.0129082,2.0523
3.422,-0.00193574,1.07148,-0.0125433,2.0465,-0.00182617,1.08538,-0.0129082,2.0523
3.424,-0.00193574,1.07148,-0.0125433,2.0465,-0.00186269,1.08538,-0.012817,2.0523
3.426,-0.00189921,1.07145,-0.0124977,2.0465,-0.00186269,1.08535,-0.0128626,2.05238
3.428,-0.00189921,1.07145,-0.0124977,2.0465,-0.00186269,1.08538,-0.0129082,2.0523
3.43,-0.00189921,1.07145,-0.0124977,2.0465,-0.00189921,1.08538,-0.0129082,2.0523
3.432,-0.00189921,1.07145,-0.0124977,2.0465,-0.00182617,1.08541,-0.0128626,2.0523
3.434,-0.00189921,1.07148,-0.0125433,2.0465,-0.00186269,1.08535,-0.0128626,2.0523
3.436,-0.00189921,1.07148,-0.0125433,2.0465,-0.00186269,1.08538,-0.012817,2.05238
3.438,-0.00193574,1.07145,-0.0124977,2.0465,-0.00182617,1.08538,-0.012817,2.0523
3.44,-0.00193574,1.07145,-0.0124977,2.0465,-0.00186269,1.08538,-0.012817,2.0523
3.442,-0.00189921,1.07145,-0.0124977,2.0465,-0.00189921,1.08538,-0.0129082,2.0523
3.444,-0.00189921,1.07145,-0.0124977,2.0465,-0.00193574,1.08535,-0.0129538,2.05238
3.446,-0.00189921,1.07145,-0.0124977,2.0465,-0.00189921,1.08538,-0.0129082,2.0523
3.448,-0.00189921,1.07148,-0.0125433,2.0465,-0.00186269,1.08535,-0.0128626,2.0523
3.45,-0.00189921,1.07148,-0.0125433,2.0465,-0.00189921,1.08541,-0.0128626,2.0523
3.452,-0.00189921,1.07148,-0.0125433,2.0465,-0.00186269,1.08538,-0.012817,2.0523
3.454,-0.00193574,1.07148,-0.0125433,2.0465,-0.00186269,1.08541,-0.0128626,2.0523
3.456,-0.00193574,1.07145,-0.0124977,2.0465,-0.00186269,1.08538,-0.0129082,2.0523
3.458,-0.00193574,1.07145,-0.0124977,2.0465,-0.00186269,1.08541,-0.0128626,2.05238
3.46,-0.00193574,1.07148,-0.0125433,2.0465,-0.00186269,1.08538,-0.0129082,2.0523
3.462,-0.00193574,1.07151,-0.0124977,2.0465,-0.00189921,1.08538,-0.012817,2.0523
3.464,-0.00189921,1.07148,-0.0125433,2.0465,-0.00182617,1.08538,-0.012817,2.0523
3.466,-0.00189921,1.07145,-0.0124977,2.04642,-0.00186269,1.08538,-0.012817,2.0523
3.468,-0.00193574,1.07145,-0.0124977,2.04642,-0.00186269,1.08538,-0.012817,2.0523
3.47,-0.00193574,1.07148,-0.0125433,2.0465,-0.00186269,1.08541,-0.0128626,2.0523
3.472,-0.00193574,1.07145,-0.0124977,2.04642,-0.00186269,1.08541,-0.0128626,2.0523
3.474,-0.00193574,1.07148,-0.0125433,2.0465,-0.00186269,1.08535,-0.0128626,2.0523
3.476,-0.00189921,1.07148,-0.0125433,2.0465,-0.00186269,1.08538,-0.0129082,2.05238
3.478,-0.00189921,1.07148,-0.0125433,2.0465,-0.00186269,1.08538,-0.0129082,2.0523
3.48,-0.00189921,1.07148,-0.0125433,2.0465,-0.00186269,1.08538,-0.012817,2.0523
3.482,-0.00189921,1.07145,-0.0124977,2.0465,-0.00186269,1.08538,-0.012817,2.05238
3.484,-0.00189921,1.07148,-0.0125433,2.04642,-0.00182617,1.08541,-0.0128626,2.0523
3.486,-0.00189921,1.07148,-0.0125433,2.0465,-0.00186269,1.08538,-0.0129082,2.0523
3.488,-0.00189921,1.07148,-0.0125433,2.04642,-0.00189921,1.08538,-0.0129082,2.0523
3.49,-0.00189921,1.07145,-0.0124977,2.0465,-0.00182617,1.08535,-0.0128626,2.05238
3.492,-0.00189921,1.07148,-0.0125433,2.0465,-0.00186269,1.08541,-0.0128626,2.05238
3.494,-0.00193574,1.07145,-0.0124977,2.0465,-0.00189921,1.08538,-0.0129082,2.0523
3.496,-0.00189921,1.07145,-0.0124977,2.0465,-0.00186269,1.08541,-0.0128626,2.0523
3.498,-0.00189921,1.07148,-0.0125433,2.0465,-0.00189921,1.08541,-0.0128626,2.0523
3.5,-0.00189921,1.07148,-0.0124521,2.04642,-0.00189921,1.08541,-0.0128626,2.0523
3.502,-0.00193574,1.07148,-0.0125433,2.04642,-0.00186269,1.08538,-0.012817,2.0523
3.504,-0.00189921,1.07148,-0.0125433,2.04642,-0.00189921,1.08541,-0.0128626,2.0523
3.506,-0.00189921,1.07148,-0.0125433,2.0465,-0.00186269,1.08535,-0.0128626,2.0523
3.508,-0.00189921,1.07148,-0.0125433,2.0465,-0.00186269,1.08538,-0.0129082,2.0523
3.51,-0.00189921,1.07145,-0.0124977,2.0465,-0.00189921,1.08538,-0.0129082,2.0523
3.512,-0.00189921,1.07148,-0.0125433,2.0465,-0.00186269,1.08541,-0.0128626,2.0523
3.514,-0.00189921,1.07148,-0.0125433,2.0465,-0.00186269,1.08541,-0.0128626,2.0523
3.516,-0.00189921,1.07148,-0.0125433,2.0465,-0.00186269,1.08538,-0.012817,2.0523
3.518,-0.00189921,1.07145,-0.0124977,2.04642,-0.00186269,1.08541,-0.0128626,2.0523
3.52,-0.00189921,1.07145,-0.0124977,2.0465,-0.00186269,1.08535,-0.0128626,2.05238
3.522,-0.00193574,1.07148,-0.0125433,2.0465,-0.00186269,1.08538,-0.0129082,2.0523
3.524,-0.00193574,1.07148,-0.0125433,2.0465,-0.00189921,1.08535,-0.0128626,2.0523
3.526,-0.00189921,1.07148,-0.0125433,2.0465,-0.00182617,1.08535,-0.0128626,2.0523
3.528,-0.00193574,1.07145,-0.0124977,2.0465,-0.00189921,1.08541,-0.0128626,2.0523
3.53,-0.00189921,1.07145,-0.0124977,2.0465,-0.00186269,1.08538,-0.0129082,2.0523
3.532,-0.00189921,1.07148,-0.0124521,2.0465,-0.00186269,1.08538,-0.012817,2.05221
3.534,-0.00189921,1.07148,-0.0125433,2.0465,-0.00186269,1.08538,-0.0129082,2.0523
3.536,-0.00189921,1.07148,-0.0125433,2.0465,-0.00186269,1.08538,-0.012817,2.0523
3.538,-0.00189921,1.07145,-0.0124977,2.0465,-0.00186269,1.08535,-0.0128626,2.0523
3.54,-0.00189921,1.07145,-0.0124977,2.0465,-0.00186269,1.08541,-0.0128626,2.05238
3.542,-0.00189921,1.07145,-0.0124977,2.0465,-0.00182617,1.08541,-0.0128626,2.0523
3.544,-0.00189921,1.07148,-0.0125433,2.0465,-0.00186269,1.08541,-0.0128626,2.05238
3.546,-0.00193574,1.07148,-0.0125433,2.0465,-0.00182617,1.08538,-0.012817,2.0523
3.548,-0.00189921,1.07145,-0.0124977,2.0465,-0.00186269,1.08538,-0.012817,2.0523
3.55,-0.00189921,1.07145,-0.0124977,2.0465,-0.00186269,1.08538,-0.0129082,2.05238
3.552,-0.00189921,1.07145,-0.0124977,2.0465,-0.00186269,1.08538,-0.012817,2.0523
3.554,-0.00189921,1.07148,-0.0125433,2.0465,-0.00186269,1.08535,-0.0128626,2.0523
3.556,-0.00189921,1.07148,-0.0125433,2.0465,-0.00189921,1.08535,-0.0128626,2.0523
3.558,-0.00189921,1.07148,-0.0125433,2.0465,-0.00186269,1.08535,-0.0128626,2.05238
3.56,-0.00189921,1.07148,-0.0125433,2.0465,-0.00186269,1.08541,-0.0128626,2.0523
3.562,-0.00193574,1.07145,-0.0124977,2.0465,-0.00182617,1.08538,-0.012817,2.05238
3.564,-0.00193574,1.07145,-0.0124977,2.04659,-0.00186269,1.08541,-0.0128626,2.0523
3.566,-0.00193574,1.07148,-0.0125433,2.0465,-0.00182617,1.08541,-0.0128626,2.0523
3.568,-0.00189921,1.07148,-0.0125433,2.0465,-0.00189921,1.08535,-0.0128626,2.0523
3.57,-0.00189921,1.07148,-0.0125433,2.0465,-0.00186269,1.08538,-0.0129082,2.0523
3.572,-0.00189921,1.07145,-0.0124977,2.0465,-0.00186269,1.08538,-0.012817,2.0523
3.574,-0.00189921,1.07145,-0.0124977,2.0465,-0.00186269,1.08535,-0.0128626,2.0523
3.576,-0.00189921,1.07145,-0.0124977,2.0465,-0.00186269,1.08541,-0.0128626,2.05238
3.578,-0.00189921,1.07145,-0.0124977,2.0465,-0.00186269,1.08538,-0.0129082,2.0523
3.58,-0.00193574,1.07145,-0.0124977,2.0465,-0.00189921,1.08538,-0.012817,2.0523
3.582,-0.00193574,1.07145,-0.0124977,2.0465,-0.00182617,1.08535,-0.0128626,2.0523
3.584,-0.00193574,1.07148,-0.0125433,2.0465,-0.00182617,1.08541,-0.0128626,2.0523
3.586,-0.00189921,1.07148,-0.0125433,2.0465,-0.00186269,1.08535,-0.0128626,2.0523
3.588,-0.00189921,1.07148,-0.0125433,2.0465,-0.00186269,1.08538,-0.0129082,2.0523
3.59,-0.00186269,1.07148,-0.0125433,2.0465,-0.00186269,1.08538,-0.012817,2.0523
3.592,-0.00189921,1.07148,-0.0125433,2.0465,-0.00189921,1.08541,-0.0127714,2.0523
3.594,-0.00189921,1.07148,-0.0125433,2.0465,-0.00189921,1.08541,-0.0128626,2.0523
3.596,-0.00189921,1.07148,-0.0125433,2.0465,-0.00186269,1.08541,-0.0128626,2.05238
3.598,-0.00193574,1.07148,-0.0125433,2.0465,-0.00182617,1.08535,-0.0128626,2.0523
3.6,-0.00193574,1.07145,-0.0124977,2.0465,-0.00186269,1.08538,-0.0129082,2.0523
3.602,-0.00189921,1.07148,-0.0125433,2.0465,-0.00186269,1.08541,-0.0128626,2.05238
3.604,-0.00189921,1.07145,-0.0124977,2.0465,-0.00186269,1.08538,-0.0129082,2.05238
3.606,-0.00189921,1.07145,-0.0124977,2.0465,-0.00189921,1.08538,-0.012817,2.0523
3.608,-0.00189921,1.07148,-0.0125433,2.0465,-0.00182617,1.08541,-0.0128626,2.0523
3.61,-0.00189921,1.07148,-0.0125433,2.04642,-0.00186269,1.08538,-0.012817,2.0523
3.612,-0.00189921,1.07148,-0.0125433,2.0465,-0.00186269,1.08538,-0.012817,2.0523
3.614,-0.00193574,1.07148,-0.0125433,2.0465,-0.00182617,1.08535,-0.0128626,2.0523
3.616,-0.00193574,1.07145,-0.0124977,2.0465,-0.00182617,1.08538,-0.012817,2.0523
3.618,-0.00193574,1.07145,-0.0124977,2.0465,-0.00189921,1.08538,-0.0129082,2.0523
3.62,-0.00193574,1.07151,-0.0124977,2.0465,-0.00186269,1.08535,-0.0128626,2.0523
3.622,-0.00189921,1.07148,-0.0125433,2.0465,-0.00182617,1.08538,-0.0129082,2.0523
3.624,-0.00189921,1.07145,-0.0124977,2.04642,-0.00186269,1.08538,-0.012817,2.0523
3.626,-0.00189921,1.07145,-0.0124977,2.0465,-0.00186269,1.08538,-0.012817,2.0523
3.628,-0.00189921,1.07145,-0.0124977,2.04642,-0.00186269,1.08541,-0.0128626,2.0523
3.63,-0.00189921,1.07145,-0.0124977,2.0465,-0.00193574,1.08538,-0.012817,2.0523
3.632,-0.00189921,1.07145,-0.0124977,2.0465,-0.00186269,1.08538,-0.012817,2.0523
3.634,-0.00189921,1.07148,-0.0124521,2.0465,-0.00189921,1.08538,-0.012817,2.05238
3.636,-0.00193574,1.07148,-0.0124521,2.0465,-0.00189921,1.08538,-0.012817,2.0523
3.638,-0.00193574,1.07148,-0.0125433,2.0465,-0.00182617,1.08541,-0.0128626,2.0523
3.64,-0.00193574,1.07145,-0.0124977,2.0465,-0.00186269,1.08538,-0.012817,2.0523
3.642,-0.00189921,1.07151,-0.0124977,2.04642,-0.00189921,1.08541,-0.0128626,2.0523
3.644,-0.00193574,1.07148,-0.0125433,2.04642,-0.00186269,1.08541,-0.0128626,2.0523
3.646,-0.00189921,1.07145,-0.0124977,2.0465,-0.00186269,1.08538,-0.0129082,2.0523
3.648,-0.00189921,1.07148,-0.0124521,2.0465,-0.00182617,1.08535,-0.0128626,2.0523
3.65,-0.00189921,1.07145,-0.0124977,2.0465,-0.00186269,1.08535,-0.0128626,2.0523
3.652,-0.00189921,1.07148,-0.0125433,2.0465,-0.00182617,1.08538,-0.012817,2.0523
3.654,-0.00189921,1.07148,-0.0125433,2.0465,-0.00186269,1.08535,-0.0128626,2.0523
3.656,-0.00189921,1.07148,-0.0124521,2.04642,-0.00186269,1.08541,-0.0128626,2.0523
3.658,-0.00189921,1.07148,-0.0124521,2.04642,-0.00186269,1.08538,-0.0129082,2.0523
3.66,-0.00189921,1.07145,-0.0124977,2.0465,-0.00189921,1.08541,-0.0128626,2.05238
3.662,-0.00189921,1.07148,-0.0125433,2.0465,-0.00189921,1.08538,-0.012817,2.0523
3.664,-0.00189921,1.07145,-0.0124977,2.0465,-0.00186269,1.08535,-0.0128626,2.0523
3.666,-0.00189921,1.07145,-0.0124977,2.0465,-0.00189921,1.08538,-0.012817,2.0523
3.668,-0.00189921,1.07148,-0.0125433,2.0465,-0.00186269,1.08535,-0.0128626,2.0523
3.67,-0.00193574,1.07148,-0.0125433,2.0465,-0.00182617,1.08541,-0.0128626,2.0523
3.672,-0.00189921,1.07145,-0.0124977,2.0465,-0.00186269,1.08538,-0.0129082,2.0523
3.674,-0.00193574,1.07145,-0.0124977,2.0465,-0.00186269,1.08538,-0.0129082,2.0523
3.676,-0.00193574,1.07145,-0.0124977,2.0465,-0.00186269,1.08538,-0.0129082,2.0523
3.678,-0.00189921,1.07148,-0.0125433,2.0465,-0.00189921,1.08541,-0.0128626,2.0523
3.68,-0.00189921,1.07148,-0.0125433,2.0465,-0.00186269,1.08538,-0.012817,2.0523
3.682,-0.00189921,1.07145,-0.0124977,2.0465,-0.00186269,1.08535,-0.0128626,2.0523
3.684,-0.00189921,1.07145,-0.0124977,2.0465,-0.00189921,1.08538,-0.0129082,2.05221
3.686,-0.00189921,1.07148,-0.0125433,2.0465,-0.00182617,1.08541,-0.0128626,2.0523
3.688,-0.00189921,1.07145,-0.0124977,2.04642,-0.00182617,1.08538,-0.012817,2.05238
3.69,-0.00189921,1.07145,-0.0124977,2.0465,-0.00186269,1.08541,-0.0128626,2.0523
3.692,-0.00189921,1.07148,-0.0125433,2.04642,-0.00186269,1.08538,-0.0129082,2.0523
3.694,-0.00189921,1.07151,-0.0124977,2.0465,-0.00186269,1.08538,-0.0129082,2.0523
3.696,-0.00189921,1.07145,-0.0124977,2.0465,-0.00189921,1.08538,-0.0129082,2.0523
3.698,-0.00193574,1.07151,-0.0124977,2.0465,-0.00186269,1.08538,-0.0129082,2.05238
3.7,-0.00189921,1.07148,-0.0125433,2.0465,-0.00186269,1.08541,-0.0128626,2.0523
3.702,-0.00189921,1.07148,-0.0125433,2.0465,-0.00186269,1.08538,-0.012817,2.0523
3.704,-0.00189921,1.07145,-0.0124977,2.0465,-0.00186269,1.08538,-0.012817,2.05238
3.706,-0.00193574,1.07148,-0.0125433,2.0465,-0.00182617,1.08541,-0.0128626,2.0523
3.708,-0.00193574,1.07145,-0.0124977,2.0465,-0.00189921,1.08538,-0.0129082,2.0523
3.71,-0.00193574,1.07145,-0.0124977,2.0465,-0.00186269,1.08538,-0.012817,2.0523
3.712,-0.00189921,1.07145,-0.0124977,2.0465,-0.00182617,1.08538,-0.0129082,2.0523
3.714,-0.00193574,1.07148,-0.0125433,2.0465,-0.00186269,1.08541,-0.0128626,2.0523
3.716,-0.00189921,1.07145,-0.0124977,2.0465,-0.00189921,1.08538,-0.012817,2.05238
3.718,-0.00189921,1.07148,-0.0125433,2.0465,-0.00186269,1.08541,-0.0128626,2.0523
3.72,-0.00189921,1.07148,-0.0125433,2.0465,-0.00186269,1.08541,-0.0128626,2.0523
3.722,-0.00193574,1.07148,-0.0125433,2.0465,-0.00186269,1.08541,-0.0128626,2.0523
3.724,-0.00189921,1.07148,-0.0125433,2.0465,-0.00189921,1.08538,-0.0129082,2.0523
3.726,-0.00189921,1.07148,-0.0125433,2.0465,-0.00182617,1.08538,-0.0129082,2.0523
3.728,-0.00189921,1.07145,-0.0124977,2.0465,-0.00186269,1.08538,-0.0129082,2.0523
3.73,-0.00189921,1.07145,-0.0124977,2.0465,-0.00186269,1.08538,-0.012817,2.0523
3.732,-0.00189921,1.07148,-0.0125433,2.0465,-0.00189921,1.08538,-0.012817,2.0523
3.734,-0.00189921,1.07145,-0.0124977,2.0465,-0.00186269,1.08535,-0.0128626,2.0523
3.736,-0.00193574,1.07148,-0.0125433,2.0465,-0.00186269,1.08538,-0.012817,2.0523
3.738,-0.00193574,1.07145,-0.0124977,2.0465,-0.00189921,1.08535,-0.0128626,2.0523
3.74,-0.00193574,1.07145,-0.0124977,2.04642,-0.00186269,1.08538,-0.0129082,2.0523
3.742,-0.00189921,1.07145,-0.0124977,2.0465,-0.00186269,1.08541,-0.0128626,2.0523
3.744,-0.00189921,1.07145,-0.0124977,2.0465,-0.00186269,1.08541,-0.0128626,2.0523
3.746,-0.00189921,1.07151,-0.0124977,2.0465,-0.00186269,1.08538,-0.012817,2.0523
3.748,-0.00189921,1.07148,-0.0125433,2.0465,-0.00189921,1.08535,-0.0128626,2.0523
3.75,-0.00193574,1.07148,-0.0125433,2.0465,-0.00186269,1.08538,-0.012817,2.0523
3.752,-0.00193574,1.07151,-0.0124977,2.0465,-0.00186269,1.08541,-0.0128626,2.0523
3.754,-0.00189921,1.07151,-0.0124977,2.0465,-0.00186269,1.08538,-0.0129082,2.0523
3.756,-0.00193574,1.07148,-0.0125433,2.0465,-0.00186269,1.08541,-0.0128626,2.0523
3.758,-0.00189921,1.07148,-0.0125433,2.0465,-0.00186269,1.08541,-0.0128626,2.0523
3.76,-0.00189921,1.07148,-0.0125433,2.04642,-0.00186269,1.08541,-0.0128626,2.05238
3.762,-0.00189921,1.07145,-0.0124977,2.0465,-0.00182617,1.08538,-0.012817,2.05238
3.764,-0.00189921,1.07148,-0.0125433,2.0465,-0.00189921,1.08535,-0.0128626,2.05238
3.766,-0.00189921,1.07148,-0.0125433,2.0465,-0.00189921,1.08535,-0.0128626,2.0523
3.768,-0.00193574,1.07148,-0.0125433,2.0465,-0.00186269,1.08535,-0.0128626,2.0523
3.77,-0.00193574,1.07148,-0.0125433,2.0465,-0.00186269,1.08541,-0.0128626,2.05221
3.772,-0.00189921,1.07145,-0.0124977,2.0465,-0.00189921,1.08541,-0.0128626,2.0523
3.774,-0.00193574,1.07145,-0.0124977,2.0465,-0.00186269,1.08541,-0.0128626,2.0523
3.776,-0.00193574,1.07145,-0.0124977,2.0465,-0.00182617,1.08535,-0.0128626,2.0523
3.778,-0.00189921,1.07151,-0.0124977,2.0465,-0.00182617,1.08535,-0.0128626,2.0523
3.78,-0.00189921,1.07148,-0.0124521,2.0465,-0.00186269,1.08538,-0.012817,2.0523
3.782,-0.00189921,1.07145,-0.0124977,2.0465,-0.00189921,1.08535,-0.0128626,2.0523
3.784,-0.00189921,1.07145,-0.0124977,2.0465,-0.00186269,1.08541,-0.0128626,2.0523
3.786,-0.00189921,1.07145,-0.0124977,2.0465,-0.00186269,1.08538,-0.012817,2.05238
3.788,-0.00189921,1.07145,-0.0124977,2.0465,-0.00186269,1.08538,-0.012817,2.0523
3.79,-0.00193574,1.07145,-0.0124977,2.0465,-0.00186269,1.08541,-0.0128626,2.0523
3.792,-0.00189921,1.07145,-0.0124977,2.0465,-0.00186269,1.08535,-0.0128626,2.0523
3.794,-0.00189921,1.07148,-0.0125433,2.0465,-0.00186269,1.08535,-0.0128626,2.05238
3.796,-0.00189921,1.07145,-0.0124977,2.0465,-0.00182617,1.08538,-0.012817,2.0523
3.798,-0.00189921,1.07148,-0.0125433,2.0465,-0.00189921,1.08535,-0.0128626,2.05238
3.8,-0.00189921,1.07145,-0.0124977,2.0465,-0.00186269,1.08535,-0.0128626,2.0523
3.802,-0.00189921,1.07145,-0.0124977,2.0465,-0.00189921,1.08538,-0.0129082,2.0523
3.804,-0.00189921,1.07148,-0.0125433,2.0465,-0.00182617,1.08538,-0.012817,2.05238
3.806,-0.00193574,1.07145,-0.0124977,2.0465,-0.00186269,1.08541,-0.0128626,2.0523
3.808,-0.00189921,1.07145,-0.0124977,2.0465,-0.00186269,1.08538,-0.012817,2.05238
3.81,-0.00189921,1.07145,-0.0124977,2.0465,-0.00186269,1.08535,-0.0128626,2.05238
3.812,-0.00189921,1.07145,-0.0124977,2.0465,-0.00189921,1.08538,-0.0129082,2.0523
3.814,-0.00193574,1.07145,-0.0124977,2.0465,-0.00186269,1.08538,-0.012817,2.0523
3.816,-0.00193574,1.07148,-0.0125433,2.0465,-0.00186269,1.08541,-0.0128626,2.0523
3.818,-0.00193574,1.07148,-0.0125433,2.0465,-0.00189921,1.08538,-0.012817,2.0523
3.82,-0.00193574,1.07148,-0.0125433,2.0465,-0.00186269,1.08541,-0.0128626,2.05238
3.822,-0.00193574,1.07145,-0.0124977,2.0465,-0.00186269,1.08538,-0.0129082,2.05238
3.824,-0.00189921,1.07151,-0.0124977,2.0465,-0.00189921,1.08541,-0.0128626,2.0523
3.826,-0.00189921,1.07145,-0.0124977,2.0465,-0.00189921,1.08538,-0.012817,2.05238
3.828,-0.00189921,1.07145,-0.0124977,2.0465,-0.00186269,1.08538,-0.0129082,2.05238
3.83,-0.00189921,1.07148,-0.0125433,2.0465,-0.00186269,1.08535,-0.0128626,2.05238
3.832,-0.00193574,1.07148,-0.0125433,2.0465,-0.00186269,1.08535,-0.0128626,2.0523
3.834,-0.00189921,1.07148,-0.0125433,2.0465,-0.00186269,1.08538,-0.012817,2.0523
3.836,-0.00189921,1.07145,-0.0124977,2.0465,-0.00186269,1.08541,-0.0128626,2.0523
3.838,-0.00189921,1.07145,-0.0124977,2.0465,-0.00186269,1.08541,-0.0128626,2.05238
3.84,-0.00189921,1.07148,-0.0125433,2.0465,-0.00186269,1.08538,-0.012817,2.0523
3.842,-0.00193574,1.07148,-0.0125433,2.0465,-0.00186269,1.08538,-0.0129082,2.0523
3.844,-0.00193574,1.07148,-0.0124521,2.04642,-0.00182617,1.08541,-0.0128626,2.0523
3.846,-0.00189921,1.07151,-0.0124977,2.04642,-0.00178964,1.08538,-0.0129082,2.0523
3.848,-0.00189921,1.07151,-0.0124977,2.0465,-0.00186269,1.08541,-0.0128626,2.0523
3.85,-0.00189921,1.07151,-0.0124977,2.0465,-0.00189921,1.08541,-0.0127714,2.05238
3.852,-0.00189921,1.07148,-0.0125433,2.0465,-0.00182617,1.08541,-0.0128626,2.0523
3.854,-0.00189921,1.07148,-0.0125433,2.0465,-0.00186269,1.08541,-0.0128626,2.0523
3.856,-0.00189921,1.07148,-0.0125433,2.0465,-0.00186269,1.08541,-0.0128626,2.0523
3.858,-0.00189921,1.07151,-0.0124977,2.0465,-0.00186269,1.08535,-0.0129538,2.0523
3.86,-0.00193574,1.07151,-0.0124977,2.0465,-0.00186269,1.08535,-0.0128626,2.0523
3.862,-0.00189921,1.07151,-0.0124977,2.0465,-0.00186269,1.08541,-0.0128626,2.0523
3.864,-0.00189921,1.07148,-0.0125433,2.0465,-0.00186269,1.08541,-0.0128626,2.0523
3.866,-0.00189921,1.07148,-0.0125433,2.0465,-0.00186269,1.08541,-0.0128626,2.0523
3.868,-0.00189921,1.07145,-0.0124977,2.0465,-0.00189921,1.08541,-0.0128626,2.0523
3.87,-0.00189921,1.07145,-0.0124977,2.0465,-0.00186269,1.08543,-0.012817,2.0523
3.872,-0.00189921,1.07148,-0.0125433,2.0465,-0.00186269,1.08538,-0.0129082,2.0523
3.874,-0.00189921,1.07148,-0.0125433,2.0465,-0.00186269,1.08535,-0.0128626,2.05238
3.876,-0.00189921,1.07148,-0.0125433,2.0465,-0.00189921,1.08535,-0.0128626,2.0523
3.878,-0.00189921,1.07145,-0.0124977,2.0465,-0.00182617,1.08538,-0.0129082,2.0523
3.88,-0.00189921,1.07145,-0.0124977,2.0465,-0.00186269,1.08541,-0.0128626,2.0523
3.882,-0.00189921,1.07148,-0.0125433,2.0465,-0.00186269,1.08541,-0.0127714,2.05238
3.884,-0.00189921,1.07148,-0.0125433,2.0465,-0.00186269,1.08541,-0.0128626,2.0523
3.886,-0.00189921,1.07148,-0.0125433,2.0465,-0.00182617,1.08541,-0.0128626,2.0523
3.888,-0.00189921,1.07145,-0.0124977,2.0465,-0.00189921,1.08541,-0.0128626,2.0523
3.89,-0.00189921,1.07148,-0.0125433,2.0465,-0.00186269,1.08538,-0.0129082,2.0523
3.892,-0.00189921,1.07148,-0.0125433,2.0465,-0.00186269,1.08541,-0.0128626,2.0523
3.894,-0.00189921,1.07148,-0.0125433,2.0465,-0.00186269,1.08541,-0.0128626,2.0523
3.896,-0.00189921,1.07145,-0.0124977,2.0465,-0.00182617,1.08535,-0.0128626,2.0523
3.898,-0.00189921,1.07148,-0.0125433,2.0465,-0.00189921,1.08538,-0.0129082,2.0523
3.9,-0.00189921,1.07148,-0.0125433,2.0465,-0.00186269,1.08538,-0.0129082,2.0523
3.902,-0.00189921,1.07148,-0.0125433,2.0465,-0.00186269,1.08541,-0.0128626,2.0523
3.904,-0.00189921,1.07145,-0.0124977,2.0465,-0.00182617,1.08538,-0.012817,2.05238
3.906,-0.00189921,1.07145,-0.0124977,2.0465,-0.00189921,1.08538,-0.012817,2.0523
3.908,-0.00189921,1.07148,-0.0125433,2.0465,-0.00182617,1.08535,-0.0128626,2.0523
3.91,-0.00193574,1.07145,-0.0124977,2.0465,-0.00189921,1.08535,-0.0128626,2.0523
3.912,-0.00189921,1.07151,-0.0124977,2.0465,-0.00186269,1.08541,-0.0128626,2.0523
3.914,-0.00189921,1.07151,-0.0124977,2.0465,-0.00186269,1.08535,-0.0128626,2.0523
3.916,-0.00189921,1.07148,-0.0125433,2.04642,-0.00186269,1.08541,-0.0128626,2.0523
3.918,-0.00189921,1.07148,-0.0125433,2.0465,-0.00182617,1.08538,-0.012817,2.0523
3.92,-0.00189921,1.07145,-0.0124977,2.04642,-0.00186269,1.08541,-0.0128626,2.0523
3.922,-0.00189921,1.07148,-0.0124521,2.0465,-0.00182617,1.08541,-0.0128626,2.0523
3.924,-0.00189921,1.07145,-0.0124977,2.0465,-0.00186269,1.08538,-0.0129082,2.0523
3.926,-0.00189921,1.07148,-0.0125433,2.04642,-0.00186269,1.08535,-0.0128626,2.0523
3.928,-0.00189921,1.07148,-0.0125433,2.0465,-0.00186269,1.08535,-0.0128626,2.0523
3.93,-0.00189921,1.07148,-0.0125433,2.0465,-0.00186269,1.08541,-0.0128626,2.0523
3.932,-0.00189921,1.07145,-0.0124977,2.0465,-0.00182617,1.08538,-0.0129082,2.0523
3.934,-0.00189921,1.07145,-0.0124977,2.0465,-0.00182617,1.08538,-0.0129082,2.0523
3.936,-0.00189921,1.07148,-0.0125433,2.0465,-0.00182617,1.08538,-0.012817,2.05238
3.938,-0.00189921,1.07148,-0.0125433,2.0465,-0.00186269,1.08538,-0.012817,2.0523
3.94,-0.00189921,1.07148,-0.0125433,2.0465,-0.00182617,1.08538,-0.012817,2.0523
3.942,-0.00189921,1.07148,-0.0125433,2.0465,-0.00178964,1.08538,-0.012817,2.0523
3.944,-0.00189921,1.07145,-0.0124977,2.0465,-0.00189921,1.08538,-0.012817,2.0523
3.946,-0.00189921,1.07148,-0.0125433,2.0465,-0.00186269,1.08538,-0.0129082,2.0523
3.948,-0.00189921,1.07145,-0.0124977,2.0465,-0.00186269,1.08541,-0.0128626,2.0523
3.95,-0.00189921,1.07148,-0.0125433,2.0465,-0.00182617,1.08538,-0.0129082,2.0523
3.952,-0.00189921,1.07148,-0.0125433,2.0465,-0.00186269,1.08538,-0.0129082,2.05238
3.954,-0.00193574,1.07148,-0.0125433,2.0465,-0.00186269,1.08541,-0.0128626,2.0523
3.956,-0.00189921,1.07148,-0.0125433,2.0465,-0.00186269,1.08541,-0.0128626,2.0523
3.958,-0.00189921,1.07145,-0.0124977,2.0465,-0.00189921,1.08538,-0.012817,2.0523
3.96,-0.00189921,1.07145,-0.0124977,2.0465,-0.00186269,1.08538,-0.0129082,2.0523
3.962,-0.00189921,1.07148,-0.0125433,2.0465,-0.00186269,1.08541,-0.0128626,2.0523
3.964,-0.00189921,1.07148,-0.0125433,2.0465,-0.00186269,1.08538,-0.0129082,2.0523
3.966,-0.00189921,1.07148,-0.0125433,2.0465,-0.00186269,1.08538,-0.0129082,2.0523
3.968,-0.00189921,1.07148,-0.0124521,2.04642,-0.00186269,1.08541,-0.0128626,2.0523
3.97,-0.00193574,1.07145,-0.0124977,2.04642,-0.00186269,1.08541,-0.0128626,2.0523
3.972,-0.00193574,1.07148,-0.0125433,2.0465,-0.00186269,1.08538,-0.012817,2.0523
3.974,-0.00193574,1.07148,-0.0125433,2.0465,-0.00182617,1.08538,-0.012817,2.0523
3.976,-0.00189921,1.07145,-0.0124977,2.0465,-0.00186269,1.08538,-0.012817,2.0523
3.978,-0.00189921,1.07145,-0.0124977,2.0465,-0.00189921,1.08538,-0.0129082,2.0523
3.98,-0.00189921,1.07148,-0.0125433,2.04659,-0.00189921,1.08535,-0.0129538,2.0523
3.982,-0.00189921,1.07145,-0.0124977,2.0465,-0.00186269,1.08541,-0.0128626,2.05238
3.984,-0.00193574,1.07145,-0.0124977,2.0465,-0.00182617,1.08538,-0.0129082,2.05238
3.986,-0.00193574,1.07148,-0.0125433,2.0465,-0.00186269,1.08538,-0.012817,2.0523
3.988,-0.00193574,1.07148,-0.0125433,2.0465,-0.00186269,1.08538,-0.012817,2.0523
3.99,-0.00189921,1.07148,-0.0125433,2.0465,-0.00186269,1.08541,-0.0128626,2.05238
3.992,-0.00189921,1.07148,-0.0125433,2.0465,-0.00182617,1.08541,-0.0128626,2.05238
3.994,-0.00189921,1.07145,-0.0124977,2.0465,-0.00182617,1.08541,-0.0128626,2.0523
3.996,-0.00189921,1.07148,-0.0125433,2.0465,-0.00182617,1.08535,-0.0128626,2.0523
3.998,-0.00189921,1.07148,-0.0125433,2.0465,-0.00186269,1.08538,-0.0129082,2.05238
4,-0.00189921,1.07145,-0.0124977,2.0465,-0.00186269,1.08538,-0.0129082,2.0523
4.002,-0.00189921,1.07148,-0.0125433,2.04642,-0.00186269,1.08541,-0.0128626,2.05238
4.004,-0.00189921,1.07148,-0.0125433,2.0465,-0.00186269,1.08538,-0.012817,2.0523
4.006,-0.00193574,1.07145,-0.0124977,2.0465,-0.00182617,1.08535,-0.0128626,2.0523
4.008,-0.00189921,1.07148,-0.0124521,2.0465,-0.00182617,1.08538,-0.012817,2.0523
4.01,-0.00189921,1.07148,-0.0125433,2.0465,-0.00186269,1.08538,-0.012817,2.0523
4.012,-0.00189921,1.07148,-0.0125433,2.0465,-0.00186269,1.08538,-0.0129082,2.05238
4.014,-0.00189921,1.07148,-0.0125433,2.0465,-0.00186269,1.08538,-0.0129082,2.0523
4.016,-0.00189921,1.07145,-0.0124977,2.04642,-0.00189921,1.08541,-0.0128626,2.0523
4.018,-0.00193574,1.07145,-0.0124977,2.0465,-0.00189921,1.08541,-0.0128626,2.05238
4.02,-0.00193574,1.07148,-0.0125433,2.0465,-0.00186269,1.08538,-0.012817,2.0523
4.022,-0.00193574,1.07148,-0.0125433,2.0465,-0.00182617,1.08538,-0.012817,2.0523
4.024,-0.00193574,1.07148,-0.0125433,2.0465,-0.00186269,1.08535,-0.0128626,2.0523
4.026,-0.00189921,1.07148,-0.0125433,2.04642,-0.00186269,1.08535,-0.0128626,2.0523
4.028,-0.00189921,1.07148,-0.0125433,2.0465,-0.00186269,1.08538,-0.012817,2.0523
4.03,-0.00189921,1.07145,-0.0124977,2.0465,-0.00186269,1.08541,-0.0128626,2.0523
4.032,-0.00189921,1.07148,-0.0124521,2.0465,-0.00182617,1.08541,-0.0128626,2.05238
4.034,-0.00189921,1.07145,-0.0124977,2.0465,-0.00186269,1.08541,-0.0128626,2.0523
4.036,-0.00193574,1.07148,-0.0125433,2.0465,-0.00186269,1.08538,-0.012817,2.0523
4.038,-0.00193574,1.07148,-0.0125433,2.04642,-0.00186269,1.08535,-0.0128626,2.05238
4.04,-0.00189921,1.07148,-0.0125433,2.0465,-0.00186269,1.08541,-0.0128626,2.0523
4.042,-0.00193574,1.07151,-0.0124977,2.0465,-0.00182617,1.08535,-0.0128626,2.0523
4.044,-0.00189921,1.07145,-0.0124977,2.0465,-0.00189921,1.08538,-0.0129082,2.0523
4.046,-0.00189921,1.07145,-0.0124977,2.0465,-0.00186269,1.08538,-0.0129082,2.05238
4.048,-0.00189921,1.07145,-0.0124977,2.0465,-0.00189921,1.08538,-0.0129082,2.0523
4.05,-0.00189921,1.07148,-0.0125433,2.0465,-0.00182617,1.08541,-0.0128626,2.0523
4.052,-0.00189921,1.07148,-0.0125433,2.0465,-0.00186269,1.08535,-0.0128626,2.0523
4.054,-0.00189921,1.07148,-0.0125433,2.0465,-0.00186269,1.08538,-0.012817,2.0523
4.056,-0.00189921,1.07145,-0.0124977,2.0465,-0.00186269,1.08538,-0.012817,2.0523
4.058,-0.00193574,1.07148,-0.0125433,2.0465,-0.00186269,1.08538,-0.012817,2.05238
4.06,-0.00193574,1.07145,-0.0124977,2.0465,-0.00186269,1.08541,-0.0128626,2.0523
4.062,-0.00189921,1.07145,-0.0124977,2.0465,-0.00189921,1.08541,-0.0128626,2.0523
4.064,-0.00189921,1.07145,-0.0124977,2.0465,-0.00186269,1.08541,-0.0128626,2.0523
4.066,-0.00189921,1.07148,-0.0125433,2.0465,-0.00182617,1.08535,-0.0128626,2.0523
4.068,-0.00189921,1.07148,-0.0125433,2.0465,-0.00189921,1.08535,-0.0128626,2.0523
4.07,-0.00189921,1.07148,-0.0125433,2.0465,-0.00189921,1.08538,-0.012817,2.0523
4.072,-0.00189921,1.07148,-0.0125433,2.0465,-0.00186269,1.08538,-0.0129082,2.0523
4.074,-0.00193574,1.07145,-0.0124977,2.0465,-0.00182617,1.08538,-0.012817,2.05238
4.076,-0.00189921,1.07148,-0.0125433,2.0465,-0.00186269,1.08538,-0.0129082,2.0523
4.078,-0.00193574,1.07145,-0.0124977,2.04642,-0.00186269,1.08538,-0.0129082,2.0523
4.08,-0.00189921,1.07148,-0.0124521,2.0465,-0.00186269,1.08535,-0.0128626,2.0523
4.082,-0.00189921,1.07145,-0.0124977,2.0465,-0.00189921,1.08541,-0.0128626,2.0523
4.084,-0.00189921,1.07148,-0.0125433,2.0465,-0.00186269,1.08538,-0.012817,2.0523
4.086,-0.00189921,1.07148,-0.0124521,2.0465,-0.00182617,1.08538,-0.012817,2.05221
4.088,-0.00189921,1.07148,-0.0125433,2.0465,-0.00182617,1.08538,-0.012817,2.0523
4.09,-0.00193574,1.07151,-0.0124977,2.0465,-0.00189921,1.08541,-0.0128626,2.05238
4.092,-0.00193574,1.07151,-0.0124977,2.0465,-0.00186269,1.08541,-0.0128626,2.0523
4.094,-0.00189921,1.07148,-0.0125433,2.0465,-0.00182617,1.08538,-0.012817,2.0523
4.096,-0.00189921,1.07151,-0.0124977,2.0465,-0.00186269,1.08541,-0.0128626,2.0523
4.098,-0.00193574,1.07148,-0.0125433,2.0465,-0.00189921,1.08535,-0.0128626,2.05238
4.1,-0.00189921,1.07148,-0.0125433,2.04642,-0.00186269,1.08538,-0.0129082,2.0523
4.102,-0.00189921,1.07145,-0.0124977,2.0465,-0.00186269,1.08538,-0.0129082,2.0523
4.104,-0.00189921,1.07148,-0.0125433,2.04642,-0.00189921,1.08538,-0.0129082,2.0523
4.106,-0.00189921,1.07145,-0.0124977,2.04642,-0.00186269,1.08541,-0.0128626,2.0523
4.108,-0.00193574,1.07151,-0.0124977,2.0465,-0.00186269,1.08541,-0.0128626,2.0523
4.11,-0.00193574,1.07148,-0.0125433,2.0465,-0.00186269,1.08538,-0.012817,2.0523
4.112,-0.00193574,1.07151,-0.0124977,2.0465,-0.00186269,1.08541,-0.0128626,2.0523
4.114,-0.00189921,1.07151,-0.0124977,2.0465,-0.00186269,1.08541,-0.0128626,2.05238
4.116,-0.00189921,1.07148,-0.0125433,2.04642,-0.00186269,1.08541,-0.0128626,2.0523
4.118,-0.00189921,1.07148,-0.0124521,2.0465,-0.00186269,1.08538,-0.0129082,2.05238
4.12,-0.00189921,1.07148,-0.0125433,2.04642,-0.00182617,1.08538,-0.0129082,2.0523
4.122,-0.00189921,1.07148,-0.0125433,2.0465,-0.00186269,1.08535,-0.0128626,2.0523
4.124,-0.00189921,1.07148,-0.0125433,2.0465,-0.00186269,1.08535,-0.0128626,2.0523
4.126,-0.00193574,1.07148,-0.0125433,2.0465,-0.00182617,1.08535,-0.0128626,2.0523
4.128,-0.00193574,1.07148,-0.0125433,2.0465,-0.00186269,1.08535,-0.0128626,2.0523
4.13,-0.00193574,1.07148,-0.0125433,2.0465,-0.00186269,1.08541,-0.0128626,2.0523
4.132,-0.00193574,1.07145,-0.0124977,2.0465,-0.00186269,1.08541,-0.0128626,2.0523
4.134,-0.00193574,1.07148,-0.0124521,2.0465,-0.00189921,1.08535,-0.0128626,2.0523
4.136,-0.00189921,1.07145,-0.0124977,2.0465,-0.00189921,1.08535,-0.0128626,2.0523
4.138,-0.00189921,1.07148,-0.0125433,2.0465,-0.00186269,1.08538,-0.0129082,2.0523
4.14,-0.00189921,1.07148,-0.0125433,2.0465,-0.00186269,1.08535,-0.0128626,2.0523
4.142,-0.00189921,1.07148,-0.0125433,2.0465,-0.00186269,1.08535,-0.0128626,2.0523
4.144,-0.00193574,1.07145,-0.0124977,2.0465,-0.00186269,1.08541,-0.0128626,2.0523
4.146,-0.00193574,1.07145,-0.0124977,2.0465,-0.00186269,1.08541,-0.0128626,2.05238
4.148,-0.00193574,1.07148,-0.0125433,2.0465,-0.00182617,1.08538,-0.0129082,2.0523
4.15,-0.00193574,1.07145,-0.0124977,2.0465,-0.00186269,1.08538,-0.0129082,2.0523
4.152,-0.00189921,1.07148,-0.0125433,2.04642,-0.00186269,1.08541,-0.0128626,2.0523
4.154,-0.00189921,1.07148,-0.0124521,2.0465,-0.00186269,1.08538,-0.012817,2.05238
4.156,-0.00189921,1.07148,-0.0125433,2.0465,-0.00189921,1.08541,-0.0128626,2.0523
4.158,-0.00189921,1.07148,-0.0125433,2.0465,-0.00186269,1.08541,-0.0128626,2.05238
4.16,-0.00189921,1.07148,-0.0125433,2.0465,-0.00186269,1.08541,-0.0128626,2.05238
4.162,-0.00193574,1.07148,-0.0125433,2.04642,-0.00186269,1.08541,-0.0128626,2.0523
4.164,-0.00189921,1.07148,-0.0125433,2.0465,-0.00186269,1.08535,-0.0128626,2.0523
4.166,-0.00189921,1.07148,-0.0125433,2.04642,-0.00186269,1.08538,-0.012817,2.05238
4.168,-0.00189921,1.07145,-0.0124977,2.0465,-0.00186269,1.08535,-0.0128626,2.0523
4.17,-0.00189921,1.07145,-0.0124977,2.0465,-0.00182617,1.08535,-0.0128626,2.0523
4.172,-0.00189921,1.07148,-0.0125433,2.0465,-0.00186269,1.08535,-0.0128626,2.0523
4.174,-0.00189921,1.07148,-0.0125433,2.0465,-0.00186269,1.08535,-0.0128626,2.05238
4.176,-0.00189921,1.07145,-0.0124977,2.0465,-0.00189921,1.08538,-0.012817,2.0523
4.178,-0.00193574,1.07148,-0.0125433,2.0465,-0.00189921,1.08535,-0.0128626,2.0523
4.18,-0.00189921,1.07145,-0.0124977,2.0465,-0.00182617,1.08538,-0.0129082,2.0523
4.182,-0.00193574,1.07145,-0.0124977,2.0465,-0.00186269,1.08535,-0.0128626,2.0523
4.184,-0.00193574,1.07145,-0.0124977,2.0465,-0.00186269,1.08535,-0.0128626,2.0523
4.186,-0.00193574,1.07148,-0.0125433,2.0465,-0.00186269,1.08541,-0.0128626,2.0523
4.188,-0.00189921,1.07148,-0.0125433,2.0465,-0.00189921,1.08535,-0.0128626,2.0523
4.19,-0.00189921,1.07145,-0.0124977,2.0465,-0.00186269,1.08541,-0.0128626,2.05238
4.192,-0.00189921,1.07148,-0.0125433,2.0465,-0.00186269,1.08541,-0.0128626,2.0523
4.194,-0.00189921,1.07148,-0.0125433,2.0465,-0.00186269,1.08538,-0.0129082,2.0523
4.196,-0.00189921,1.07148,-0.0125433,2.0465,-0.00186269,1.08541,-0.0128626,2.0523
4.198,-0.00189921,1.07148,-0.0125433,2.0465,-0.00182617,1.08538,-0.0129082,2.0523
4.2,-0.00189921,1.07145,-0.0124977,2.0465,-0.00182617,1.08535,-0.0128626,2.0523
4.202,-0.00189921,1.07148,-0.0125433,2.0465,-0.00189921,1.08541,-0.0127714,2.0523
4.204,-0.00193574,1.07148,-0.0125433,2.0465,-0.00182617,1.08535,-0.0128626,2.0523
4.206,-0.00193574,1.07148,-0.0125433,2.04642,-0.00186269,1.08541,-0.0128626,2.05238
4.208,-0.00189921,1.07145,-0.0124977,2.0465,-0.00186269,1.08538,-0.012817,2.0523
4.21,-0.00189921,1.07151,-0.0124977,2.0465,-0.00189921,1.08541,-0.0128626,2.0523
4.212,-0.00189921,1.07145,-0.0124977,2.0465,-0.00182617,1.08541,-0.0128626,2.0523
4.214,-0.00189921,1.07148,-0.0125433,2.0465,-0.00186269,1.08541,-0.0128626,2.05238
4.216,-0.00193574,1.07148,-0.0125433,2.0465,-0.00186269,1.08538,-0.012817,2.0523
4.218,-0.00189921,1.07148,-0.0125433,2.0465,-0.00186269,1.08538,-0.012817,2.0523
4.22,-0.00189921,1.07148,-0.0124521,2.04642,-0.00186269,1.08535,-0.0128626,2.05238
4.222,-0.00189921,1.07148,-0.0125433,2.04642,-0.00189921,1.08541,-0.0128626,2.0523
4.224,-0.00189921,1.07148,-0.0125433,2.0465,-0.00186269,1.08541,-0.0128626,2.0523
4.226,-0.00189921,1.07145,-0.0124977,2.0465,-0.00182617,1.08538,-0.0129082,2.0523
4.228,-0.00189921,1.07145,-0.0124977,2.04642,-0.00186269,1.08538,-0.0129082,2.0523
4.23,-0.00189921,1.07148,-0.0125433,2.0465,-0.00182617,1.08538,-0.012817,2.05238
4.232,-0.00193574,1.07148,-0.0125433,2.0465,-0.00186269,1.08541,-0.0128626,2.0523
4.234,-0.00189921,1.07148,-0.0125433,2.0465,-0.00182617,1.08541,-0.0128626,2.0523
4.236,-0.00193574,1.07151,-0.0124977,2.0465,-0.00186269,1.08538,-0.012817,2.0523
4.238,-0.00193574,1.07148,-0.0125433,2.0465,-0.00186269,1.08541,-0.0128626,2.05238
4.24,-0.00189921,1.07145,-0.0124977,2.0465,-0.00189921,1.08538,-0.012817,2.0523
4.242,-0.00189921,1.07145,-0.0124977,2.0465,-0.00186269,1.08538,-0.0129082,2.0523
4.244,-0.00189921,1.07145,-0.0124977,2.0465,-0.00186269,1.08538,-0.0129082,2.0523
4.246,-0.00189921,1.07148,-0.0125433,2.0465,-0.00189921,1.08535,-0.0128626,2.0523
4.248,-0.00193574,1.07151,-0.0124977,2.0465,-0.00189921,1.08538,-0.0129082,2.0523
4.25,-0.00189921,1.07148,-0.0125433,2.0465,-0.00182617,1.08538,-0.0129082,2.0523
4.252,-0.00189921,1.07145,-0.0124977,2.0465,-0.00189921,1.08535,-0.0128626,2.0523
4.254,-0.00189921,1.07145,-0.0124977,2.0465,-0.00186269,1.08538,-0.0129082,2.05238
4.256,-0.00193574,1.07145,-0.0124977,2.0465,-0.00186269,1.08541,-0.0128626,2.0523
4.258,-0.00193574,1.07148,-0.0125433,2.0465,-0.00186269,1.08538,-0.0129082,2.0523
4.26,-0.00189921,1.07151,-0.0124977,2.0465,-0.00182617,1.08535,-0.0128626,2.0523
4.262,-0.00189921,1.07151,-0.0124977,2.0465,-0.00186269,1.08538,-0.0129082,2.0523
4.264,-0.00189921,1.07148,-0.0125433,2.04642,-0.00189921,1.08538,-0.012817,2.05238
4.266,-0.00193574,1.07145,-0.0124977,2.0465,-0.00189921,1.08541,-0.0128626,2.0523
4.268,-0.00189921,1.07145,-0.0124977,2.04642,-0.00186269,1.08538,-0.0129082,2.0523
4.27,-0.00189921,1.07145,-0.0124977,2.04642,-0.00186269,1.08541,-0.0128626,2.0523
4.272,-0.00189921,1.07148,-0.0125433,2.0465,-0.00186269,1.08541,-0.0128626,2.0523
4.274,-0.00189921,1.07151,-0.0124977,2.04642,-0.00186269,1.08538,-0.012817,2.0523
4.276,-0.00189921,1.07151,-0.0124977,2.0465,-0.00186269,1.08538,-0.012817,2.0523
4.278,-0.00193574,1.07145,-0.0124977,2.0465,-0.00186269,1.08538,-0.0129082,2.0523
4.28,-0.00189921,1.07148,-0.0125433,2.0465,-0.00182617,1.08541,-0.0128626,2.05238
4.282,-0.00189921,1.07145,-0.0124977,2.0465,-0.00186269,1.08535,-0.0128626,2.0523
4.284,-0.00189921,1.07148,-0.0125433,2.0465,-0.00186269,1.08538,-0.0129082,2.0523
4.286,-0.00193574,1.07145,-0.0124977,2.0465,-0.00178964,1.08535,-0.0128626,2.0523
4.288,-0.00193574,1.07148,-0.0125433,2.0465,-0.00186269,1.08538,-0.0129082,2.0523
4.29,-0.00193574,1.07148,-0.0125433,2.0465,-0.00186269,1.08538,-0.012817,2.05238
4.292,-0.00189921,1.07148,-0.0125433,2.0465,-0.00186269,1.08538,-0.0129082,2.0523
4.294,-0.00189921,1.07148,-0.0125433,2.04642,-0.00186269,1.08541,-0.0128626,2.0523
4.296,-0.00189921,1.07145,-0.0124977,2.04642,-0.00189921,1.08541,-0.0128626,2.0523
4.298,-0.00189921,1.07145,-0.0124977,2.0465,-0.00189921,1.08541,-0.0128626,2.0523
4.3,-0.00189921,1.07148,-0.0125433,2.0465,-0.00186269,1.08538,-0.0129082,2.0523
4.302,-0.00193574,1.07148,-0.0125433,2.0465,-0.00186269,1.08538,-0.012817,2.0523
4.304,-0.00189921,1.07148,-0.0125433,2.0465,-0.00186269,1.08535,-0.0128626,2.0523
4.306,-0.00193574,1.07145,-0.0124977,2.0465,-0.00186269,1.08535,-0.0128626,2.0523
4.308,-0.00189921,1.07145,-0.0124977,2.0465,-0.00186269,1.08538,-0.012817,2.0523
4.31,-0.00193574,1.07145,-0.0124977,2.0465,-0.00189921,1.08541,-0.0128626,2.05238
4.312,-0.00189921,1.07145,-0.0124977,2.0465,-0.00189921,1.08538,-0.012817,2.0523
4.314,-0.00189921,1.07148,-0.0125433,2.04642,-0.00182617,1.08535,-0.0128626,2.0523
4.316,-0.00189921,1.07148,-0.0125433,2.0465,-0.00186269,1.08541,-0.0128626,2.0523
4.318,-0.00193574,1.07148,-0.0125433,2.0465,-0.00186269,1.08538,-0.0129082,2.0523
4.32,-0.00193574,1.07151,-0.0124977,2.0465,-0.00182617,1.08538,-0.012817,2.0523
4.322,-0.00193574,1.07148,-0.0125433,2.0465,-0.00186269,1.08541,-0.0128626,2.0523
4.324,-0.00189921,1.07151,-0.0124977,2.0465,-0.00186269,1.08538,-0.012817,2.05238
4.326,-0.00189921,1.07148,-0.0124521,2.0465,-0.00186269,1.08535,-0.0128626,2.0523
4.328,-0.00189921,1.07151,-0.0124977,2.04642,-0.00186269,1.08541,-0.0128626,2.0523
4.33,-0.00189921,1.07148,-0.0125433,2.0465,-0.00189921,1.08538,-0.0129082,2.0523
4.332,-0.00193574,1.07148,-0.0125433,2.0465,-0.00189921,1.08541,-0.0128626,2.0523
4.334,-0.00193574,1.07145,-0.0124977,2.0465,-0.00182617,1.08538,-0.012817,2.0523
4.336,-0.00189921,1.07148,-0.0125433,2.0465,-0.00182617,1.08538,-0.012817,2.0523
4.338,-0.00189921,1.07148,-0.0125433,2.0465,-0.00186269,1.08535,-0.0128626,2.0523
4.34,-0.00189921,1.07151,-0.0124977,2.0465,-0.00182617,1.08538,-0.0129082,2.0523
4.342,-0.00189921,1.07151,-0.0124977,2.0465,-0.00186269,1.08535,-0.0128626,2.0523
4.344,-0.00189921,1.07151,-0.0124977,2.0465,-0.00186269,1.08538,-0.0129082,2.05238
4.346,-0.00189921,1.07145,-0.0124977,2.0465,-0.00189921,1.08541,-0.0128626,2.05238
4.348,-0.00189921,1.07148,-0.0125433,2.04642,-0.00186269,1.08541,-0.0128626,2.0523
4.35,-0.00189921,1.07148,-0.0125433,2.0465,-0.00186269,1.08538,-0.012817,2.05238
4.352,-0.00193574,1.07145,-0.0124977,2.0465,-0.00182617,1.08538,-0.012817,2.0523
4.354,-0.00189921,1.07145,-0.0124977,2.0465,-0.00186269,1.08538,-0.0129082,2.0523
4.356,-0.00189921,1.07148,-0.0125433,2.0465,-0.00189921,1.08538,-0.0129082,2.0523
4.358,-0.00189921,1.07151,-0.0124977,2.0465,-0.00189921,1.08541,-0.0128626,2.0523
4.36,-0.00189921,1.07148,-0.0125433,2.0465,-0.00189921,1.08541,-0.0128626,2.05238
4.362,-0.00189921,1.07148,-0.0125433,2.04642,-0.00186269,1.08543,-0.012817,2.0523
4.364,-0.00189921,1.07148,-0.0125433,2.04642,-0.00182617,1.08541,-0.0128626,2.0523
4.366,-0.00193574,1.07151,-0.0124977,2.04642,-0.00182617,1.08538,-0.0129082,2.0523
4.368,-0.00189921,1.07148,-0.0125433,2.0465,-0.00186269,1.08541,-0.0128626,2.0523
4.37,-0.00193574,1.07151,-0.0124977,2.0465,-0.00186269,1.08541,-0.0128626,2.05238
4.372,-0.00193574,1.07148,-0.0125433,2.0465,-0.00189921,1.08541,-0.0128626,2.0523
4.374,-0.00189921,1.07145,-0.0124977,2.0465,-0.00189921,1.08541,-0.0128626,2.05238
4.376,-0.00189921,1.07148,-0.0125433,2.0465,-0.00186269,1.08541,-0.0128626,2.0523
4.378,-0.00193574,1.07148,-0.0125433,2.0465,-0.00186269,1.08538,-0.0129082,2.0523
4.38,-0.00193574,1.07148,-0.0125433,2.0465,-0.00182617,1.08541,-0.0128626,2.0523
4.382,-0.00193574,1.07145,-0.0124977,2.0465,-0.00182617,1.08538,-0.0129082,2.0523
4.384,-0.00193574,1.07145,-0.0124977,2.0465,-0.00186269,1.08535,-0.0128626,2.05238
4.386,-0.00189921,1.07148,-0.0125433,2.0465,-0.00186269,1.08535,-0.0128626,2.05238
4.388,-0.00189921,1.07148,-0.0125433,2.0465,-0.00189921,1.08538,-0.012817,2.0523
4.39,-0.00189921,1.07148,-0.0125433,2.0465,-0.00186269,1.08541,-0.0128626,2.0523
4.392,-0.00189921,1.07148,-0.0125433,2.0465,-0.00182617,1.08538,-0.0129082,2.0523
4.394,-0.00193574,1.07148,-0.0125433,2.0465,-0.00186269,1.08538,-0.0129082,2.0523
4.396,-0.00189921,1.07145,-0.0124977,2.0465,-0.00189921,1.08538,-0.0129082,2.0523
4.398,-0.00189921,1.07148,-0.0125433,2.0465,-0.00186269,1.08538,-0.012817,2.0523
4.4,-0.00189921,1.07148,-0.0125433,2.0465,-0.00186269,1.08538,-0.012817,2.0523
4.402,-0.00189921,1.07148,-0.0125433,2.0465,-0.00189921,1.08535,-0.0128626,2.0523
4.404,-0.00189921,1.07145,-0.0124977,2.0465,-0.00186269,1.08538,-0.012817,2.0523
4.406,-0.00189921,1.07151,-0.0124977,2.0465,-0.00182617,1.08538,-0.0129082,2.0523
4.408,-0.00189921,1.07148,-0.0125433,2.0465,-0.00182617,1.08538,-0.0129082,2.0523
4.41,-0.00189921,1.07148,-0.0125433,2.04642,-0.00193574,1.08541,-0.0128626,2.05238
4.412,-0.00189921,1.07145,-0.0124977,2.04642,-0.00186269,1.08541,-0.0128626,2.0523
4.414,-0.00189921,1.07145,-0.0124977,2.0465,-0.00186269,1.08538,-0.0129082,2.0523
4.416,-0.00189921,1.07148,-0.0125433,2.0465,-0.00182617,1.08535,-0.0128626,2.0523
4.418,-0.00189921,1.07148,-0.0125433,2.0465,-0.00182617,1.08538,-0.012817,2.0523
4.42,-0.00193574,1.07148,-0.0125433,2.0465,-0.00189921,1.08538,-0.012817,2.05238
4.422,-0.00189921,1.07151,-0.0124977,2.04642,-0.00186269,1.08538,-0.0129082,2.0523
4.424,-0.00189921,1.07145,-0.0124977,2.0465,-0.00189921,1.08541,-0.0128626,2.05238
4.426,-0.00189921,1.07148,-0.0125433,2.04642,-0.00189921,1.08538,-0.0129082,2.0523
4.428,-0.00189921,1.07148,-0.0125433,2.04642,-0.00186269,1.08541,-0.0128626,2.0523
4.43,-0.00193574,1.07148,-0.0125433,2.0465,-0.00182617,1.08538,-0.0129082,2.0523
4.432,-0.00193574,1.07145,-0.0124977,2.0465,-0.00189921,1.08538,-0.012817,2.0523
4.434,-0.00193574,1.07148,-0.0125433,2.0465,-0.00182617,1.08538,-0.012817,2.0523
4.436,-0.00193574,1.07148,-0.0125433,2.0465,-0.00186269,1.08535,-0.0128626,2.0523
4.438,-0.00189921,1.07148,-0.0125433,2.0465,-0.00186269,1.08538,-0.0129082,2.05238
4.44,-0.00189921,1.07148,-0.0125433,2.0465,-0.00186269,1.08538,-0.0129082,2.0523
4.442,-0.00189921,1.07151,-0.0124977,2.04642,-0.00186269,1.08541,-0.0128626,2.0523
4.444,-0.00189921,1.07145,-0.0124977,2.0465,-0.00193574,1.08538,-0.012817,2.0523
4.446,-0.00193574,1.07145,-0.0124977,2.0465,-0.00186269,1.08541,-0.0128626,2.0523
4.448,-0.00193574,1.07148,-0.0125433,2.0465,-0.00186269,1.08541,-0.0128626,2.0523
4.45,-0.00193574,1.07148,-0.0125433,2.0465,-0.00182617,1.08535,-0.0128626,2.0523
4.452,-0.00189921,1.07148,-0.0125433,2.0465,-0.00186269,1.08535,-0.0128626,2.0523
4.454,-0.00189921,1.07148,-0.0125433,2.0465,-0.00186269,1.08538,-0.012817,2.0523
4.456,-0.00189921,1.07151,-0.0124977,2.0465,-0.00189921,1.08538,-0.012817,2.0523
4.458,-0.00189921,1.07148,-0.0124521,2.04642,-0.00189921,1.08538,-0.012817,2.0523
4.46,-0.00189921,1.07145,-0.0124977,2.0465,-0.00186269,1.08538,-0.0129082,2.05238
4.462,-0.00189921,1.07148,-0.0125433,2.0465,-0.00186269,1.08538,-0.0129082,2.05238
4.464,-0.00189921,1.07148,-0.0125433,2.0465,-0.00186269,1.08541,-0.0128626,2.0523
4.466,-0.00189921,1.07148,-0.0125433,2.0465,-0.00182617,1.08535,-0.0128626,2.0523
4.468,-0.00189921,1.07148,-0.0125433,2.0465,-0.00189921,1.08538,-0.012817,2.05238
4.47,-0.00189921,1.07148,-0.0125433,2.0465,-0.00186269,1.08541,-0.0128626,2.05238
4.472,-0.00189921,1.07148,-0.0125433,2.04642,-0.00186269,1.08541,-0.0128626,2.0523
4.474,-0.00193574,1.07145,-0.0124977,2.04642,-0.00186269,1.08541,-0.0128626,2.0523
4.476,-0.00189921,1.07148,-0.0125433,2.04642,-0.00186269,1.08538,-0.0129082,2.0523
4.478,-0.00189921,1.07151,-0.0124977,2.0465,-0.00182617,1.08541,-0.0128626,2.05238
4.48,-0.00189921,1.07148,-0.0125433,2.0465,-0.00186269,1.08538,-0.0129082,2.0523
4.482,-0.00189921,1.07151,-0.0124977,2.0465,-0.00189921,1.08541,-0.0128626,2.05238
4.484,-0.00189921,1.07145,-0.0124977,2.0465,-0.00189921,1.08541,-0.0128626,2.05238
4.486,-0.00189921,1.07145,-0.0124977,2.0465,-0.00186269,1.08535,-0.0128626,2.05238
4.488,-0.00193574,1.07148,-0.0125433,2.0465,-0.00189921,1.08535,-0.0128626,2.0523
4.49,-0.00193574,1.07148,-0.0125433,2.0465,-0.00186269,1.08535,-0.0128626,2.0523
4.492,-0.00193574,1.07148,-0.0125433,2.0465,-0.00182617,1.08535,-0.0128626,2.05221
4.494,-0.00189921,1.07151,-0.0124977,2.0465,-0.00186269,1.08538,-0.0129082,2.0523
4.496,-0.00189921,1.07145,-0.0124977,2.0465,-0.00186269,1.08541,-0.0128626,2.05238
4.498,-0.00189921,1.07148,-0.0125433,2.0465,-0.00186269,1.08538,-0.0129082,2.0523
4.5,-0.00189921,1.07148,-0.0125433,2.0465,-0.00186269,1.08538,-0.0129082,2.0523
4.502,-0.00189921,1.07148,-0.0125433,2.04642,-0.00186269,1.08541,-0.0128626,2.0523
4.504,-0.00193574,1.07148,-0.0125433,2.04642,-0.00178964,1.08538,-0.012817,2.0523
4.506,-0.00193574,1.07151,-0.0124977,2.04642,-0.00186269,1.08541,-0.0128626,2.0523
4.508,-0.00193574,1.07145,-0.0124977,2.0465,-0.00186269,1.08535,-0.0128626,2.0523
4.51,-0.00189921,1.07148,-0.0125433,2.0465,-0.00186269,1.08541,-0.0128626,2.05238
4.512,-0.00189921,1.07145,-0.0124977,2.0465,-0.00189921,1.08538,-0.012817,2.05238
4.514,-0.00189921,1.07148,-0.0125433,2.0465,-0.00189921,1.08535,-0.0128626,2.0523
4.516,-0.00189921,1.07151,-0.0124977,2.0465,-0.00189921,1.08541,-0.0128626,2.0523
4.518,-0.00189921,1.07148,-0.0125433,2.0465,-0.00186269,1.08538,-0.0129082,2.05221
4.52,-0.00189921,1.07145,-0.0124977,2.0465,-0.00189921,1.08541,-0.0128626,2.0523
4.522,-0.00189921,1.07148,-0.0125433,2.0465,-0.00189921,1.08535,-0.0128626,2.0523
4.524,-0.00189921,1.07145,-0.0124977,2.0465,-0.00186269,1.08541,-0.0128626,2.0523
4.526,-0.00189921,1.07151,-0.0124977,2.0465,-0.00189921,1.08535,-0.0128626,2.05238
4.528,-0.00193574,1.07151,-0.0124977,2.0465,-0.00186269,1.08541,-0.0128626,2.0523
4.53,-0.00189921,1.07148,-0.0125433,2.0465,-0.00182617,1.08538,-0.0129082,2.0523
4.532,-0.00189921,1.07148,-0.0125433,2.0465,-0.00189921,1.08541,-0.0128626,2.0523
4.534,-0.00189921,1.07145,-0.0124977,2.0465,-0.00186269,1.08541,-0.0128626,2.0523
4.536,-0.00189921,1.07145,-0.0124977,2.0465,-0.00189921,1.08538,-0.012817,2.0523
4.538,-0.00189921,1.07148,-0.0125433,2.0465,-0.00186269,1.08538,-0.0129082,2.05238
4.54,-0.00189921,1.07148,-0.0125433,2.0465,-0.00189921,1.08535,-0.0128626,2.0523
4.542,-0.00193574,1.07148,-0.0125433,2.0465,-0.00186269,1.08535,-0.0128626,2.0523
4.544,-0.00193574,1.07145,-0.0124977,2.0465,-0.00189921,1.08535,-0.0128626,2.05238
4.546,-0.00193574,1.07148,-0.0125433,2.0465,-0.00186269,1.08538,-0.0129082,2.0523
4.548,-0.00193574,1.07145,-0.0124977,2.0465,-0.00186269,1.08541,-0.0128626,2.0523
4.55,-0.00189921,1.07148,-0.0125433,2.0465,-0.00186269,1.08538,-0.0129082,2.05238
4.552,-0.00189921,1.07148,-0.0125433,2.0465,-0.00182617,1.08538,-0.0129082,2.05238
4.554,-0.00189921,1.07148,-0.0125433,2.0465,-0.00186269,1.08538,-0.012817,2.0523
4.556,-0.00189921,1.07148,-0.0125433,2.0465,-0.00186269,1.08538,-0.0129082,2.0523
4.558,-0.00193574,1.07148,-0.0125433,2.0465,-0.00189921,1.08541,-0.0128626,2.0523
4.56,-0.00189921,1.07145,-0.0124977,2.0465,-0.00186269,1.08535,-0.0128626,2.0523
4.562,-0.00193574,1.07145,-0.0124977,2.0465,-0.00186269,1.08541,-0.0128626,2.05238
4.564,-0.00189921,1.07148,-0.0125433,2.0465,-0.00182617,1.08538,-0.012817,2.0523
4.566,-0.00189921,1.07145,-0.0124977,2.0465,-0.00189921,1.08541,-0.0128626,2.0523
4.568,-0.00189921,1.07148,-0.0125433,2.04642,-0.00186269,1.08535,-0.0128626,2.0523
4.57,-0.00193574,1.07145,-0.0124977,2.0465,-0.00189921,1.08535,-0.0128626,2.0523
4.572,-0.00193574,1.07145,-0.0124977,2.0465,-0.00186269,1.08535,-0.0128626,2.0523
4.574,-0.00189921,1.07148,-0.0125433,2.0465,-0.00182617,1.08538,-0.012817,2.0523
4.576,-0.00189921,1.07148,-0.0125433,2.0465,-0.00186269,1.08535,-0.0128626,2.0523
4.578,-0.00189921,1.07145,-0.0124977,2.04642,-0.00186269,1.08535,-0.0128626,2.0523
4.58,-0.00189921,1.07145,-0.0124977,2.0465,-0.00182617,1.08541,-0.0128626,2.05238
4.582,-0.00189921,1.07148,-0.0125433,2.0465,-0.00189921,1.08541,-0.0128626,2.0523
4.584,-0.00189921,1.07148,-0.0125433,2.0465,-0.00186269,1.08538,-0.012817,2.0523
4.586,-0.00189921,1.07148,-0.0125433,2.0465,-0.00186269,1.08538,-0.0129082,2.0523
4.588,-0.00189921,1.07148,-0.0125433,2.0465,-0.00186269,1.08538,-0.012817,2.0523
4.59,-0.00189921,1.07148,-0.0125433,2.0465,-0.00182617,1.08538,-0.0129082,2.0523
4.592,-0.00189921,1.07145,-0.0124977,2.0465,-0.00186269,1.08535,-0.0128626,2.0523
4.594,-0.00189921,1.07145,-0.0124977,2.0465,-0.00182617,1.08538,-0.012817,2.0523
4.596,-0.00193574,1.07148,-0.0125433,2.0465,-0.00186269,1.08541,-0.0128626,2.0523
4.598,-0.00189921,1.07145,-0.0124977,2.0465,-0.00186269,1.08541,-0.0127714,2.0523
4.6,-0.00189921,1.07145,-0.0124977,2.0465,-0.00182617,1.08535,-0.0128626,2.05238
4.602,-0.00189921,1.07145,-0.0124977,2.0465,-0.00182617,1.08538,-0.0129082,2.0523
4.604,-0.00189921,1.07145,-0.0124977,2.04659,-0.00182617,1.08538,-0.012817,2.0523
4.606,-0.00189921,1.07148,-0.0124521,2.0465,-0.00186269,1.08541,-0.0128626,2.05238
4.608,-0.00189921,1.07145,-0.0124977,2.0465,-0.00186269,1.08541,-0.0128626,2.0523
4.61,-0.00189921,1.07148,-0.0125433,2.0465,-0.00182617,1.08538,-0.012817,2.0523
4.612,-0.00189921,1.07145,-0.0124977,2.0465,-0.00186269,1.08541,-0.0128626,2.0523
4.614,-0.00189921,1.07145,-0.0124977,2.0465,-0.00186269,1.08535,-0.0128626,2.05238
4.616,-0.00189921,1.07145,-0.0124977,2.0465,-0.00182617,1.08538,-0.0129082,2.0523
4.618,-0.00189921,1.07148,-0.0125433,2.0465,-0.00186269,1.08535,-0.0128626,2.0523
4.62,-0.00189921,1.07148,-0.0125433,2.0465,-0.00182617,1.08535,-0.0128626,2.0523
4.622,-0.00189921,1.07148,-0.0125433,2.0465,-0.00182617,1.08538,-0.0129082,2.0523
4.624,-0.00193574,1.07148,-0.0125433,2.0465,-0.00186269,1.08538,-0.0129082,2.05238
4.626,-0.00193574,1.07145,-0.0124977,2.04642,-0.00186269,1.08541,-0.0128626,2.0523
4.628,-0.00193574,1.07145,-0.0124977,2.0465,-0.00182617,1.08541,-0.0128626,2.0523
4.63,-0.00189921,1.07145,-0.0124977,2.0465,-0.00186269,1.08535,-0.0128626,2.0523
4.632,-0.00193574,1.07148,-0.0125433,2.0465,-0.00182617,1.08535,-0.0128626,2.0523
4.634,-0.00193574,1.07148,-0.0125433,2.0465,-0.00186269,1.08535,-0.0128626,2.0523
4.636,-0.00189921,1.07145,-0.0124977,2.0465,-0.00186269,1.08538,-0.012817,2.05238
4.638,-0.00189921,1.07145,-0.0124977,2.0465,-0.00186269,1.08535,-0.0128626,2.0523
4.64,-0.00189921,1.07148,-0.0125433,2.0465,-0.00189921,1.08538,-0.012817,2.0523
4.642,-0.00189921,1.07148,-0.0125433,2.0465,-0.00189921,1.08541,-0.0128626,2.0523
4.644,-0.00193574,1.07145,-0.0124977,2.0465,-0.00186269,1.08538,-0.012817,2.0523
4.646,-0.00189921,1.07145,-0.0124977,2.0465,-0.00182617,1.08541,-0.0128626,2.0523
4.648,-0.00189921,1.07148,-0.0125433,2.0465,-0.00186269,1.08538,-0.012817,2.0523
4.65,-0.00189921,1.07148,-0.0125433,2.0465,-0.00193574,1.08538,-0.012817,2.0523
4.652,-0.00189921,1.07151,-0.0124977,2.04659,-0.00186269,1.08535,-0.0128626,2.0523
4.654,-0.00189921,1.07151,-0.0124977,2.0465,-0.00186269,1.08538,-0.012817,2.0523
4.656,-0.00189921,1.07145,-0.0124977,2.0465,-0.00186269,1.08541,-0.0128626,2.0523
4.658,-0.00189921,1.07145,-0.0124977,2.0465,-0.00186269,1.08541,-0.0128626,2.05238
4.66,-0.00193574,1.07145,-0.0124977,2.04642,-0.00186269,1.08538,-0.012817,2.0523
4.662,-0.00193574,1.07145,-0.0124977,2.0465,-0.00182617,1.08535,-0.0128626,2.0523
4.664,-0.00193574,1.07148,-0.0125433,2.04642,-0.00186269,1.08535,-0.0128626,2.05238
4.666,-0.00193574,1.07148,-0.0125433,2.0465,-0.00189921,1.08533,-0.012817,2.0523
4.668,-0.00193574,1.07148,-0.0124521,2.0465,-0.00189921,1.08535,-0.0128626,2.0523
4.67,-0.00189921,1.07148,-0.0125433,2.0465,-0.00189921,1.08538,-0.0129082,2.0523
4.672,-0.00189921,1.07148,-0.0125433,2.0465,-0.00182617,1.08538,-0.012817,2.0523
4.674,-0.00189921,1.07148,-0.0125433,2.04642,-0.00186269,1.08541,-0.0128626,2.0523
4.676,-0.00193574,1.07148,-0.0125433,2.04642,-0.00186269,1.08538,-0.0129082,2.0523
4.678,-0.00189921,1.07148,-0.0125433,2.04642,-0.00182617,1.08541,-0.0128626,2.0523
4.68,-0.00189921,1.07148,-0.0125433,2.04642,-0.00186269,1.08535,-0.0128626,2.05238
4.682,-0.00193574,1.07151,-0.0124977,2.0465,-0.00186269,1.08535,-0.0128626,2.0523
4.684,-0.00189921,1.07151,-0.0124977,2.0465,-0.00186269,1.08538,-0.012817,2.0523
4.686,-0.00189921,1.07151,-0.0124977,2.0465,-0.00186269,1.08535,-0.0128626,2.05238
4.688,-0.00189921,1.07148,-0.0125433,2.0465,-0.00182617,1.08541,-0.0128626,2.05238
4.69,-0.00189921,1.07148,-0.0125433,2.04642,-0.00182617,1.08541,-0.0128626,2.0523
4.692,-0.00193574,1.07148,-0.0125433,2.04642,-0.00189921,1.08541,-0.0128626,2.05238
4.694,-0.00189921,1.07148,-0.0125433,2.0465,-0.00189921,1.08541,-0.0128626,2.0523
4.696,-0.00189921,1.07148,-0.0124521,2.0465,-0.00186269,1.08535,-0.0128626,2.0523
4.698,-0.00189921,1.07145,-0.0124977,2.0465,-0.00193574,1.08535,-0.0128626,2.0523
4.7,-0.00189921,1.07148,-0.0125433,2.0465,-0.00189921,1.08538,-0.012817,2.0523
4.702,-0.00193574,1.07151,-0.0124977,2.0465,-0.00186269,1.08535,-0.0128626,2.0523
4.704,-0.00193574,1.07151,-0.0124977,2.0465,-0.00186269,1.08538,-0.012817,2.05238
4.706,-0.00189921,1.07145,-0.0124977,2.0465,-0.00186269,1.08541,-0.0128626,2.0523
4.708,-0.00189921,1.07145,-0.0124977,2.0465,-0.00189921,1.08541,-0.0128626,2.0523
4.71,-0.00189921,1.07145,-0.0124977,2.0465,-0.00189921,1.08541,-0.0128626,2.0523
4.712,-0.00189921,1.07145,-0.0124977,2.0465,-0.00189921,1.08538,-0.0129082,2.0523
4.714,-0.00189921,1.07145,-0.0124977,2.0465,-0.00182617,1.08535,-0.0128626,2.0523
4.716,-0.00189921,1.07145,-0.0124977,2.0465,-0.00186269,1.08538,-0.012817,2.0523
4.718,-0.00189921,1.07148,-0.0125433,2.0465,-0.00182617,1.08538,-0.012817,2.05238
4.72,-0.00189921,1.07148,-0.0125433,2.0465,-0.00182617,1.08541,-0.0128626,2.05238
4.722,-0.00189921,1.07148,-0.0125433,2.0465,-0.00182617,1.08541,-0.0128626,2.0523
4.724,-0.00193574,1.07148,-0.0125433,2.04642,-0.00186269,1.08543,-0.012817,2.0523
4.726,-0.00193574,1.07145,-0.0124977,2.0465,-0.00186269,1.08538,-0.0129082,2.0523
4.728,-0.00193574,1.07151,-0.0124977,2.0465,-0.00186269,1.08538,-0.0129082,2.0523
4.73,-0.00189921,1.07148,-0.0125433,2.0465,-0.00186269,1.08535,-0.0128626,2.0523
4.732,-0.00189921,1.07148,-0.0125433,2.0465,-0.00186269,1.08535,-0.0128626,2.0523
4.734,-0.00189921,1.07145,-0.0124977,2.0465,-0.00186269,1.08535,-0.0128626,2.0523
4.736,-0.00189921,1.07145,-0.0124977,2.0465,-0.00186269,1.08535,-0.0128626,2.0523
4.738,-0.00193574,1.07145,-0.0124977,2.0465,-0.00182617,1.08535,-0.0128626,2.0523
4.74,-0.00193574,1.07148,-0.0125433,2.0465,-0.00189921,1.08538,-0.0129082,2.05238
4.742,-0.00193574,1.07148,-0.0124521,2.0465,-0.00186269,1.08538,-0.012817,2.0523
4.744,-0.00189921,1.07151,-0.0124977,2.0465,-0.00186269,1.08541,-0.0128626,2.0523
4.746,-0.00189921,1.07145,-0.0124977,2.0465,-0.00186269,1.08541,-0.0128626,2.0523
4.748,-0.00189921,1.07145,-0.0124977,2.0465,-0.00189921,1.08538,-0.012817,2.0523
4.75,-0.00189921,1.07148,-0.0125433,2.0465,-0.00182617,1.08541,-0.0128626,2.0523
4.752,-0.00189921,1.07148,-0.0125433,2.0465,-0.00182617,1.08535,-0.0128626,2.0523
4.754,-0.00189921,1.07148,-0.0125433,2.04642,-0.00178964,1.08538,-0.0129082,2.0523
4.756,-0.00193574,1.07151,-0.0124977,2.0465,-0.00186269,1.08538,-0.012817,2.0523
4.758,-0.00193574,1.07148,-0.0125433,2.04642,-0.00186269,1.08538,-0.0129082,2.0523
4.76,-0.00193574,1.07145,-0.0124977,2.0465,-0.00189921,1.08541,-0.0128626,2.05238
4.762,-0.00189921,1.07148,-0.0125433,2.0465,-0.00182617,1.08541,-0.0128626,2.0523
4.764,-0.00189921,1.07148,-0.0125433,2.0465,-0.00186269,1.08541,-0.0128626,2.0523
4.766,-0.00189921,1.07148,-0.0125433,2.0465,-0.00186269,1.08538,-0.012817,2.0523
4.768,-0.00189921,1.07148,-0.0125433,2.0465,-0.00186269,1.08535,-0.0128626,2.0523
4.77,-0.00189921,1.07145,-0.0124977,2.0465,-0.00182617,1.08535,-0.0128626,2.05238
4.772,-0.00193574,1.07148,-0.0125433,2.0465,-0.00189921,1.08538,-0.0129082,2.0523
4.774,-0.00193574,1.07148,-0.0125433,2.0465,-0.00186269,1.08535,-0.0128626,2.05238
4.776,-0.00189921,1.07145,-0.0124977,2.0465,-0.00189921,1.08535,-0.0128626,2.05238
4.778,-0.00193574,1.07145,-0.0124977,2.0465,-0.00186269,1.08538,-0.012817,2.0523
4.78,-0.00189921,1.07148,-0.0125433,2.0465,-0.00186269,1.08538,-0.012817,2.0523
4.782,-0.00189921,1.07148,-0.0125433,2.0465,-0.00182617,1.08535,-0.0128626,2.0523
4.784,-0.00193574,1.07148,-0.0125433,2.0465,-0.00189921,1.08538,-0.0129082,2.0523
4.786,-0.00189921,1.07148,-0.0124521,2.0465,-0.00186269,1.08535,-0.0128626,2.0523
4.788,-0.00189921,1.07151,-0.0124977,2.0465,-0.00186269,1.08541,-0.0128626,2.0523
4.79,-0.00189921,1.07151,-0.0124977,2.0465,-0.00186269,1.08541,-0.0128626,2.05238
4.792,-0.00189921,1.07148,-0.0125433,2.04642,-0.00186269,1.08541,-0.0128626,2.0523
4.794,-0.00189921,1.07148,-0.0125433,2.0465,-0.00186269,1.08538,-0.012817,2.0523
4.796,-0.00193574,1.07148,-0.0125433,2.0465,-0.00186269,1.08535,-0.0128626,2.0523
4.798,-0.00189921,1.07148,-0.0125433,2.0465,-0.00182617,1.08538,-0.0129082,2.0523
4.8,-0.00189921,1.07145,-0.0124977,2.0465,-0.00186269,1.08538,-0.0129082,2.05238
4.802,-0.00189921,1.07148,-0.0125433,2.04642,-0.00186269,1.08541,-0.0128626,2.0523
4.804,-0.00189921,1.07148,-0.0125433,2.04642,-0.00182617,1.08538,-0.012817,2.0523
4.806,-0.00189921,1.07148,-0.0125433,2.04642,-0.00186269,1.08538,-0.012817,2.0523
4.808,-0.00189921,1.07148,-0.0125433,2.0465,-0.00186269,1.08538,-0.012817,2.0523
4.81,-0.00189921,1.07148,-0.0125433,2.0465,-0.00186269,1.08538,-0.012817,2.0523
4.812,-0.00189921,1.07145,-0.0124977,2.0465,-0.00186269,1.08538,-0.012817,2.0523
4.814,-0.00189921,1.07145,-0.0124977,2.0465,-0.00182617,1.08538,-0.0129082,2.0523
4.816,-0.00189921,1.07148,-0.0125433,2.0465,-0.00186269,1.08535,-0.0128626,2.05238
4.818,-0.00189921,1.07148,-0.0125433,2.0465,-0.00189921,1.08535,-0.0128626,2.0523
4.82,-0.00193574,1.07148,-0.0124521,2.0465,-0.00186269,1.08538,-0.0129082,2.05238
4.822,-0.00193574,1.07151,-0.0124977,2.04642,-0.00189921,1.08538,-0.012817,2.0523
4.824,-0.00189921,1.07148,-0.0125433,2.0465,-0.00186269,1.08541,-0.0128626,2.0523
4.826,-0.00189921,1.07148,-0.0125433,2.04642,-0.00186269,1.08541,-0.0128626,2.0523
4.828,-0.00189921,1.07145,-0.0124977,2.0465,-0.00186269,1.08535,-0.0128626,2.0523
4.83,-0.00189921,1.07148,-0.0125433,2.0465,-0.00182617,1.08541,-0.0128626,2.0523
4.832,-0.00193574,1.07151,-0.0124977,2.0465,-0.00182617,1.08535,-0.0128626,2.0523
4.834,-0.00189921,1.07145,-0.0124977,2.0465,-0.00182617,1.08538,-0.0129082,2.0523
4.836,-0.00189921,1.07148,-0.0125433,2.04642,-0.00186269,1.08535,-0.0128626,2.0523
4.838,-0.00189921,1.07148,-0.0125433,2.0465,-0.00189921,1.08535,-0.0128626,2.0523
4.84,-0.00189921,1.07145,-0.0124977,2.0465,-0.00189921,1.08541,-0.0128626,2.0523
4.842,-0.00189921,1.07145,-0.0124977,2.0465,-0.00189921,1.08538,-0.0129082,2.05238
4.844,-0.00189921,1.07148,-0.0125433,2.0465,-0.00182617,1.08535,-0.0128626,2.05238
4.846,-0.00193574,1.07148,-0.0125433,2.0465,-0.00186269,1.08535,-0.0128626,2.0523
4.848,-0.00193574,1.07148,-0.0125433,2.04659,-0.00186269,1.08538,-0.012817,2.0523
4.85,-0.00193574,1.07148,-0.0125433,2.0465,-0.00182617,1.08535,-0.0128626,2.0523
4.852,-0.00189921,1.07145,-0.0124977,2.0465,-0.00186269,1.08541,-0.0128626,2.0523
4.854,-0.00189921,1.07148,-0.0125433,2.0465,-0.00186269,1.08538,-0.0129082,2.0523
4.856,-0.00189921,1.07151,-0.0124977,2.0465,-0.00189921,1.08541,-0.0128626,2.0523
4.858,-0.00189921,1.07151,-0.0124977,2.0465,-0.00189921,1.08538,-0.0129082,2.05238
4.86,-0.00189921,1.07148,-0.0125433,2.0465,-0.00182617,1.08541,-0.0128626,2.05238
4.862,-0.00189921,1.07145,-0.0124977,2.0465,-0.00186269,1.08541,-0.0128626,2.0523
4.864,-0.00193574,1.07148,-0.0125433,2.0465,-0.00182617,1.08535,-0.0128626,2.0523
4.866,-0.00193574,1.07148,-0.0125433,2.0465,-0.00186269,1.08538,-0.012817,2.0523
4.868,-0.00193574,1.07151,-0.0124977,2.04642,-0.00189921,1.08535,-0.0128626,2.0523
4.87,-0.00193574,1.07148,-0.0125433,2.0465,-0.00182617,1.08538,-0.0129082,2.0523
4.872,-0.00189921,1.07145,-0.0124977,2.04642,-0.00186269,1.08538,-0.0129082,2.0523
4.874,-0.00189921,1.07145,-0.0124977,2.0465,-0.00186269,1.08538,-0.0129082,2.0523
4.876,-0.00189921,1.07148,-0.0125433,2.04642,-0.00186269,1.08538,-0.012817,2.0523
4.878,-0.00189921,1.07148,-0.0125433,2.0465,-0.00186269,1.08538,-0.012817,2.0523
4.88,-0.00189921,1.07148,-0.0125433,2.04642,-0.00186269,1.08538,-0.012817,2.05238
4.882,-0.00193574,1.07148,-0.0125433,2.0465,-0.00186269,1.08538,-0.012817,2.0523
4.884,-0.00189921,1.07148,-0.0125433,2.0465,-0.00186269,1.08541,-0.0128626,2.0523
4.886,-0.00193574,1.07145,-0.0124977,2.0465,-0.00186269,1.08541,-0.0128626,2.0523
4.888,-0.00189921,1.07145,-0.0124977,2.0465,-0.00186269,1.08541,-0.0128626,2.0523
4.89,-0.00193574,1.07151,-0.0124977,2.04642,-0.00182617,1.08538,-0.0129082,2.0523
4.892,-0.00189921,1.07148,-0.0125433,2.0465,-0.00186269,1.08535,-0.0128626,2.0523
4.894,-0.00193574,1.07145,-0.0124977,2.0465,-0.00186269,1.08541,-0.0128626,2.0523
4.896,-0.00193574,1.07148,-0.0125433,2.0465,-0.00186269,1.08538,-0.012817,2.0523
4.898,-0.00189921,1.07145,-0.0124977,2.0465,-0.00186269,1.08538,-0.012817,2.0523
4.9,-0.00189921,1.07148,-0.0125433,2.0465,-0.00186269,1.08541,-0.0128626,2.0523
4.902,-0.00189921,1.07145,-0.0124977,2.04642,-0.00186269,1.08538,-0.012817,2.0523
4.904,-0.00189921,1.07148,-0.0125433,2.04642,-0.00182617,1.08538,-0.0129082,2.0523
4.906,-0.00193574,1.07148,-0.0125433,2.04642,-0.00186269,1.08538,-0.012817,2.0523
4.908,-0.00189921,1.07151,-0.0124977,2.04642,-0.00186269,1.08535,-0.0128626,2.0523
4.91,-0.00189921,1.07148,-0.0125433,2.0465,-0.00186269,1.08535,-0.0128626,2.0523
4.912,-0.00189921,1.07148,-0.0125433,2.04642,-0.00186269,1.08538,-0.0129082,2.05238
4.914,-0.00189921,1.07148,-0.0125433,2.04642,-0.00186269,1.08535,-0.0128626,2.05238
4.916,-0.00189921,1.07148,-0.0125433,2.04642,-0.00189921,1.08538,-0.012817,2.0523
4.918,-0.00189921,1.07148,-0.0125433,2.04642,-0.00182617,1.08541,-0.0128626,2.05238
4.92,-0.00189921,1.07148,-0.0124521,2.0465,-0.00182617,1.08538,-0.012817,2.05221
4.922,-0.00189921,1.07148,-0.0125433,2.0465,-0.00186269,1.08538,-0.0129082,2.0523
4.924,-0.00189921,1.07151,-0.0124977,2.0465,-0.00186269,1.08538,-0.012817,2.0523
4.926,-0.00189921,1.07148,-0.0125433,2.0465,-0.00186269,1.08538,-0.0129082,2.0523
4.928,-0.00189921,1.07148,-0.0125433,2.04642,-0.00186269,1.08538,-0.0129082,2.0523
4.93,-0.00189921,1.07148,-0.0125433,2.0465,-0.00182617,1.08535,-0.0128626,2.0523
4.932,-0.00189921,1.07145,-0.0124977,2.0465,-0.00186269,1.08541,-0.0128626,2.0523
4.934,-0.00193574,1.07148,-0.0125433,2.04642,-0.00189921,1.08538,-0.012817,2.05238
4.936,-0.00189921,1.07148,-0.0125433,2.04642,-0.00182617,1.08538,-0.012817,2.0523
4.938,-0.00193574,1.07148,-0.0125433,2.0465,-0.00189921,1.08538,-0.0129082,2.0523
4.94,-0.00193574,1.07145,-0.0124977,2.0465,-0.00189921,1.08538,-0.012817,2.0523
4.942,-0.00189921,1.07151,-0.0124977,2.0465,-0.00186269,1.08538,-0.0129082,2.05238
4.944,-0.00189921,1.07148,-0.0125433,2.0465,-0.00189921,1.08538,-0.0129082,2.0523
4.946,-0.00189921,1.07148,-0.0125433,2.04642,-0.00189921,1.08538,-0.0129082,2.0523
4.948,-0.00193574,1.07148,-0.0125433,2.04642,-0.00186269,1.08538,-0.012817,2.05238
4.95,-0.00193574,1.07148,-0.0125433,2.04642,-0.00186269,1.08538,-0.012817,2.0523
4.952,-0.00189921,1.07151,-0.0124977,2.04642,-0.00186269,1.08538,-0.012817,2.0523
4.954,-0.00189921,1.07145,-0.0124977,2.0465,-0.00186269,1.08538,-0.012817,2.0523
4.956,-0.00189921,1.07145,-0.0124977,2.0465,-0.00189921,1.08538,-0.012817,2.0523
4.958,-0.00189921,1.07145,-0.0124977,2.0465,-0.00186269,1.08541,-0.0128626,2.0523
4.96,-0.00189921,1.07148,-0.0125433,2.0465,-0.00186269,1.08541,-0.0128626,2.0523
4.962,-0.00189921,1.07145,-0.0124977,2.0465,-0.00186269,1.08538,-0.0129082,2.0523
4.964,-0.00193574,1.07145,-0.0124977,2.0465,-0.00182617,1.08535,-0.0128626,2.0523
4.966,-0.00189921,1.07151,-0.0124977,2.04642,-0.00186269,1.08538,-0.012817,2.0523
4.968,-0.00193574,1.07148,-0.0125433,2.0465,-0.00189921,1.08535,-0.0128626,2.0523
4.97,-0.00189921,1.07145,-0.0124977,2.0465,-0.00182617,1.08538,-0.012817,2.0523
4.972,-0.00189921,1.07148,-0.0125433,2.0465,-0.00186269,1.08541,-0.0128626,2.0523
4.974,-0.00189921,1.07151,-0.0124977,2.0465,-0.00186269,1.08538,-0.0129082,2.0523
4.976,-0.00189921,1.07148,-0.0125433,2.0465,-0.00186269,1.08538,-0.0129082,2.0523
4.978,-0.00189921,1.07145,-0.0124977,2.0465,-0.00186269,1.08538,-0.0129082,2.0523
4.98,-0.00193574,1.07148,-0.0125433,2.0465,-0.00182617,1.08538,-0.012817,2.0523
4.982,-0.00193574,1.07148,-0.0125433,2.0465,-0.00182617,1.08535,-0.0128626,2.0523
4.984,-0.00193574,1.07145,-0.0124977,2.04642,-0.00186269,1.08541,-0.0128626,2.0523
4.986,-0.00189921,1.07148,-0.0125433,2.0465,-0.00189921,1.08538,-0.0129082,2.0523
4.988,-0.00189921,1.07148,-0.0125433,2.04642,-0.00189921,1.08538,-0.0129082,2.0523
4.99,-0.00189921,1.07145,-0.0124977,2.0465,-0.00186269,1.08538,-0.012817,2.0523
4.992,-0.00189921,1.07145,-0.0124977,2.04642,-0.00186269,1.08541,-0.0128626,2.0523
4.994,-0.00189921,1.07148,-0.0125433,2.0465,-0.00186269,1.08538,-0.0129082,2.0523
4.996,-0.00189921,1.07148,-0.0125433,2.0465,-0.00186269,1.08538,-0.012817,2.0523
4.998,-0.00189921,1.07148,-0.0125433,2.04642,-0.00182617,1.08535,-0.0128626,2.0523
5,-0.00193574,1.07151,-0.0124977,2.0465,-0.00186269,1.08535,-0.0128626,2.0523
5.002,-0.00189921,1.07148,-0.0125433,2.0465,-0.00186269,1.08535,-0.0128626,2.0523
5.004,-0.00189921,1.07151,-0.0124977,2.04642,-0.00186269,1.08538,-0.0129082,2.0523
5.006,-0.00189921,1.07148,-0.0125433,2.0465,-0.00186269,1.08535,-0.0128626,2.0523
5.008,-0.00189921,1.07148,-0.0125433,2.0465,-0.00186269,1.08538,-0.012817,2.0523
5.01,-0.00189921,1.07148,-0.0125433,2.0465,-0.00186269,1.08538,-0.012817,2.05238
5.012,-0.00189921,1.07148,-0.0125433,2.0465,-0.00186269,1.08541,-0.0128626,2.05238
5.014,-0.00193574,1.07145,-0.0124977,2.0465,-0.00182617,1.08538,-0.0129082,2.0523
5.016,-0.00193574,1.07148,-0.0125433,2.04642,-0.00186269,1.08535,-0.0128626,2.0523
5.018,-0.00193574,1.07148,-0.0125433,2.0465,-0.00189921,1.08538,-0.0129082,2.0523
5.02,-0.00189921,1.07148,-0.0125433,2.0465,-0.00186269,1.08538,-0.012817,2.0523
5.022,-0.00189921,1.07151,-0.0124977,2.04659,-0.00186269,1.08535,-0.0128626,2.0523
5.024,-0.00189921,1.07148,-0.0125433,2.0465,-0.00186269,1.08538,-0.012817,2.0523
5.026,-0.00189921,1.07148,-0.0125433,2.0465,-0.00186269,1.08538,-0.0129082,2.0523
5.028,-0.00189921,1.07148,-0.0125433,2.04642,-0.00186269,1.08538,-0.0129082,2.0523
5.03,-0.00189921,1.07145,-0.0124977,2.04642,-0.00186269,1.08538,-0.0129082,2.0523
5.032,-0.00189921,1.07145,-0.0124977,2.04642,-0.00182617,1.08535,-0.0128626,2.05238
5.034,-0.00189921,1.07145,-0.0124977,2.0465,-0.00189921,1.08535,-0.0128626,2.0523
5.036,-0.00189921,1.07148,-0.0125433,2.0465,-0.00182617,1.08535,-0.0128626,2.0523
5.038,-0.00189921,1.07148,-0.0125433,2.0465,-0.00189921,1.08535,-0.0128626,2.05238
5.04,-0.00189921,1.07145,-0.0124977,2.0465,-0.00189921,1.08535,-0.0128626,2.0523
5.042,-0.00189921,1.07145,-0.0124977,2.0465,-0.00186269,1.08538,-0.0129082,2.0523
5.044,-0.00189921,1.07145,-0.0124977,2.04642,-0.00186269,1.08538,-0.0129082,2.0523
5.046,-0.00189921,1.07145,-0.0124977,2.0465,-0.00189921,1.08538,-0.0129082,2.0523
5.048,-0.00189921,1.07148,-0.0125433,2.04642,-0.00186269,1.08538,-0.012817,2.0523
5.05,-0.00193574,1.07148,-0.0125433,2.0465,-0.00186269,1.08538,-0.012817,2.0523
5.052,-0.00193574,1.07148,-0.0125433,2.0465,-0.00186269,1.08535,-0.0128626,2.0523
5.054,-0.00189921,1.07148,-0.0125433,2.0465,-0.00189921,1.08538,-0.012817,2.0523
5.056,-0.00189921,1.07151,-0.0124977,2.0465,-0.00182617,1.08538,-0.0129082,2.0523
5.058,-0.00193574,1.07148,-0.0125433,2.0465,-0.00182617,1.08535,-0.0128626,2.0523
5.06,-0.00189921,1.07148,-0.0125433,2.0465,-0.00186269,1.08541,-0.0128626,2.0523
5.062,-0.00189921,1.07145,-0.0124977,2.04642,-0.00182617,1.08541,-0.0128626,2.0523
5.064,-0.00189921,1.07148,-0.0125433,2.0465,-0.00186269,1.08538,-0.012817,2.0523
5.066,-0.00189921,1.07148,-0.0125433,2.0465,-0.00186269,1.08538,-0.012817,2.05238
5.068,-0.00189921,1.07145,-0.0124977,2.0465,-0.00182617,1.08535,-0.0128626,2.0523
5.07,-0.00189921,1.07148,-0.0125433,2.0465,-0.00186269,1.08541,-0.0128626,2.0523
5.072,-0.00189921,1.07148,-0.0125433,2.0465,-0.00182617,1.08535,-0.0128626,2.05238
5.074,-0.00189921,1.07145,-0.0124977,2.0465,-0.00193574,1.08535,-0.0128626,2.05238
5.076,-0.00193574,1.07145,-0.0124977,2.04642,-0.00186269,1.08535,-0.0128626,2.0523
5.078,-0.00193574,1.07148,-0.0125433,2.04642,-0.00186269,1.08535,-0.0128626,2.0523
5.08,-0.00189921,1.07145,-0.0124977,2.04642,-0.00182617,1.08535,-0.0128626,2.0523
5.082,-0.00189921,1.07148,-0.0125433,2.04642,-0.00186269,1.08538,-0.012817,2.0523
5.084,-0.00189921,1.07151,-0.0124977,2.0465,-0.00186269,1.08538,-0.012817,2.0523
5.086,-0.00189921,1.07145,-0.0124977,2.0465,-0.00186269,1.08535,-0.0128626,2.0523
5.088,-0.00189921,1.07145,-0.0124977,2.0465,-0.00186269,1.08538,-0.0129082,2.0523
5.09,-0.00189921,1.07148,-0.0125433,2.0465,-0.00182617,1.08541,-0.0128626,2.0523
5.092,-0.00189921,1.07148,-0.0125433,2.0465,-0.00186269,1.08535,-0.0128626,2.0523
5.094,-0.00189921,1.07148,-0.0125433,2.0465,-0.00186269,1.08538,-0.0129082,2.05238
5.096,-0.00193574,1.07148,-0.0125433,2.04642,-0.00186269,1.08538,-0.012817,2.0523
5.098,-0.00189921,1.07148,-0.0125433,2.0465,-0.00186269,1.08535,-0.0128626,2.0523
5.1,-0.00189921,1.07148,-0.0125433,2.0465,-0.00186269,1.08538,-0.012817,2.0523
5.102,-0.00189921,1.07148,-0.0125433,2.0465,-0.00189921,1.08541,-0.0128626,2.0523
5.104,-0.00189921,1.07145,-0.0124977,2.0465,-0.00186269,1.08538,-0.012817,2.05238
5.106,-0.00189921,1.07148,-0.0125433,2.0465,-0.00182617,1.08541,-0.0128626,2.0523
5.108,-0.00189921,1.07148,-0.0124521,2.04642,-0.00186269,1.08535,-0.0128626,2.05238
5.11,-0.00189921,1.07148,-0.0125433,2.04642,-0.00182617,1.08541,-0.0128626,2.05238
5.112,-0.00189921,1.07148,-0.0125433,2.04642,-0.00186269,1.08538,-0.012817,2.0523
5.114,-0.00189921,1.07148,-0.0125433,2.04642,-0.00186269,1.08538,-0.012817,2.05238
5.116,-0.00189921,1.07145,-0.0124977,2.0465,-0.00186269,1.08541,-0.0128626,2.0523
5.118,-0.00189921,1.07148,-0.0125433,2.0465,-0.00186269,1.08535,-0.0128626,2.0523
5.12,-0.00189921,1.07148,-0.0125433,2.0465,-0.00186269,1.08538,-0.0129082,2.0523
5.122,-0.00189921,1.07148,-0.0125433,2.0465,-0.00189921,1.08538,-0.0129082,2.05238
5.124,-0.00193574,1.07148,-0.0125433,2.0465,-0.00186269,1.08541,-0.0128626,2.05238
5.126,-0.00189921,1.07148,-0.0125433,2.0465,-0.00182617,1.08538,-0.0129082,2.0523
5.128,-0.00189921,1.07148,-0.0125433,2.0465,-0.00182617,1.08535,-0.0128626,2.0523
5.13,-0.00189921,1.07145,-0.0124977,2.0465,-0.00186269,1.08538,-0.0129082,2.0523
5.132,-0.00189921,1.07151,-0.0124977,2.0465,-0.00189921,1.08538,-0.012817,2.0523
5.134,-0.00189921,1.07148,-0.0125433,2.0465,-0.00186269,1.08535,-0.0128626,2.05238
5.136,-0.00189921,1.07148,-0.0125433,2.0465,-0.00182617,1.08538,-0.0129082,2.0523
5.138,-0.00189921,1.07148,-0.0125433,2.0465,-0.00189921,1.08538,-0.0129082,2.0523
5.14,-0.00189921,1.07145,-0.0124977,2.0465,-0.00186269,1.08538,-0.0129082,2.0523
5.142,-0.00189921,1.07148,-0.0125433,2.04642,-0.00186269,1.08538,-0.012817,2.0523
5.144,-0.00189921,1.07148,-0.0125433,2.0465,-0.00186269,1.08538,-0.012817,2.0523
5.146,-0.00189921,1.07151,-0.0124977,2.0465,-0.00186269,1.08538,-0.012817,2.0523
5.148,-0.00189921,1.07151,-0.0124977,2.0465,-0.00186269,1.08538,-0.012817,2.0523
5.15,-0.00189921,1.07151,-0.0124977,2.0465,-0.00182617,1.08538,-0.0129082,2.0523
5.152,-0.00189921,1.07145,-0.0124977,2.0465,-0.00186269,1.08538,-0.0129082,2.0523
5.154,-0.00189921,1.07148,-0.0125433,2.0465,-0.00182617,1.08541,-0.0128626,2.05238
5.156,-0.00189921,1.07148,-0.0125433,2.0465,-0.00186269,1.08535,-0.0128626,2.0523
5.158,-0.00189921,1.07148,-0.0125433,2.0465,-0.00186269,1.08535,-0.0128626,2.0523
5.16,-0.00193574,1.07148,-0.0125433,2.04642,-0.00186269,1.08535,-0.0128626,2.0523
5.162,-0.00189921,1.07148,-0.0125433,2.04642,-0.00186269,1.08538,-0.0129082,2.0523
5.164,-0.00189921,1.07151,-0.0124977,2.0465,-0.00186269,1.08541,-0.0128626,2.0523
5.166,-0.00189921,1.07148,-0.0124521,2.0465,-0.00186269,1.08541,-0.0128626,2.0523
5.168,-0.00193574,1.07148,-0.0125433,2.0465,-0.00186269,1.08541,-0.0128626,2.0523
5.17,-0.00189921,1.07148,-0.0125433,2.0465,-0.00186269,1.08541,-0.0128626,2.05238
5.172,-0.00193574,1.07148,-0.0125433,2.0465,-0.00189921,1.08538,-0.012817,2.0523
5.174,-0.00189921,1.07148,-0.0125433,2.0465,-0.00186269,1.08538,-0.0129082,2.05238
5.176,-0.00189921,1.07151,-0.0124977,2.0465,-0.00189921,1.08535,-0.0128626,2.0523
5.178,-0.00189921,1.07148,-0.0125433,2.0465,-0.00189921,1.08535,-0.0128626,2.0523
5.18,-0.00189921,1.07148,-0.0124521,2.0465,-0.00186269,1.08541,-0.0128626,2.0523
5.182,-0.00189921,1.07151,-0.0124977,2.0465,-0.00189921,1.08538,-0.012817,2.0523
5.184,-0.00193574,1.07148,-0.0125433,2.0465,-0.00186269,1.08538,-0.012817,2.05238
5.186,-0.00189921,1.07148,-0.0125433,2.0465,-0.00182617,1.08538,-0.012817,2.0523
5.188,-0.00189921,1.07145,-0.0124977,2.0465,-0.00186269,1.08538,-0.012817,2.0523
5.19,-0.00193574,1.07145,-0.0124977,2.0465,-0.00186269,1.08538,-0.0129082,2.0523
5.192,-0.00189921,1.07148,-0.0124521,2.0465,-0.00189921,1.08538,-0.0129082,2.0523
5.194,-0.00189921,1.07151,-0.0124977,2.0465,-0.00186269,1.08538,-0.012817,2.0523
5.196,-0.00189921,1.07145,-0.0124977,2.0465,-0.00189921,1.08538,-0.012817,2.05238
5.198,-0.00189921,1.07151,-0.0124977,2.0465,-0.00189921,1.08538,-0.012817,2.0523
5.2,-0.00193574,1.07148,-0.0125433,2.04642,-0.00186269,1.08538,-0.012817,2.0523
5.202,-0.00189921,1.07148,-0.0125433,2.0465,-0.00189921,1.08541,-0.0127714,2.0523
5.204,-0.00193574,1.07148,-0.0125433,2.04642,-0.00182617,1.08538,-0.0129082,2.0523
5.206,-0.00193574,1.07148,-0.0124521,2.0465,-0.00186269,1.08538,-0.012817,2.0523
5.208,-0.00189921,1.07151,-0.0124977,2.0465,-0.00186269,1.08535,-0.0128626,2.0523
5.21,-0.00193574,1.07145,-0.0124977,2.0465,-0.00186269,1.08541,-0.0128626,2.0523
5.212,-0.00193574,1.07148,-0.0125433,2.0465,-0.00186269,1.08541,-0.0128626,2.0523
5.214,-0.00189921,1.07148,-0.0125433,2.0465,-0.00186269,1.08538,-0.012817,2.0523
5.216,-0.00189921,1.07151,-0.0124977,2.0465,-0.00186269,1.08538,-0.0129082,2.0523
5.218,-0.00189921,1.07151,-0.0124977,2.0465,-0.00186269,1.08538,-0.0129082,2.0523
5.22,-0.00189921,1.07148,-0.0125433,2.0465,-0.00186269,1.08538,-0.0129082,2.0523
5.222,-0.00193574,1.07148,-0.0125433,2.0465,-0.00182617,1.08535,-0.0128626,2.0523
5.224,-0.00189921,1.07145,-0.0124977,2.0465,-0.00186269,1.08538,-0.012817,2.0523
5.226,-0.00189921,1.07148,-0.0125433,2.0465,-0.00186269,1.08538,-0.012817,2.0523
5.228,-0.00189921,1.07148,-0.0125433,2.0465,-0.00186269,1.08538,-0.012817,2.0523
5.23,-0.00189921,1.07148,-0.0124521,2.0465,-0.00189921,1.08538,-0.012817,2.0523
5.232,-0.00189921,1.07151,-0.0124977,2.0465,-0.00186269,1.08538,-0.012817,2.0523
5.234,-0.00189921,1.07148,-0.0125433,2.0465,-0.00189921,1.08538,-0.012817,2.05238
5.236,-0.00189921,1.07145,-0.0124977,2.0465,-0.00182617,1.08541,-0.0128626,2.05238
5.238,-0.00193574,1.07151,-0.0124977,2.0465,-0.00189921,1.08538,-0.0129082,2.0523
5.24,-0.00193574,1.07148,-0.0125433,2.0465,-0.00182617,1.08538,-0.012817,2.0523
5.242,-0.00189921,1.07148,-0.0125433,2.0465,-0.00189921,1.08535,-0.0128626,2.0523
5.244,-0.00193574,1.07148,-0.0124521,2.04642,-0.00182617,1.08535,-0.0128626,2.05238
5.246,-0.00193574,1.07145,-0.0124977,2.0465,-0.00186269,1.08538,-0.0129082,2.0523
5.248,-0.00189921,1.07151,-0.0124977,2.04642,-0.00182617,1.08541,-0.0128626,2.05238
5.25,-0.00189921,1.07148,-0.0125433,2.0465,-0.00182617,1.08538,-0.012817,2.05238
5.252,-0.00189921,1.07145,-0.0124977,2.0465,-0.00189921,1.08541,-0.0128626,2.0523
5.254,-0.00189921,1.07148,-0.0125433,2.0465,-0.00186269,1.08538,-0.012817,2.0523
5.256,-0.00193574,1.07148,-0.0125433,2.0465,-0.00189921,1.08535,-0.0128626,2.0523
5.258,-0.00189921,1.07151,-0.0124977,2.0465,-0.00186269,1.08535,-0.0128626,2.0523
5.26,-0.00193574,1.07151,-0.0124977,2.04642,-0.00186269,1.08535,-0.0128626,2.0523
5.262,-0.00193574,1.07148,-0.0125433,2.0465,-0.00186269,1.08538,-0.012817,2.0523
5.264,-0.00189921,1.07145,-0.0124977,2.0465,-0.00182617,1.08541,-0.0128626,2.0523
5.266,-0.00189921,1.07148,-0.0125433,2.0465,-0.00186269,1.08541,-0.0128626,2.0523
5.268,-0.00189921,1.07145,-0.0124977,2.0465,-0.00186269,1.08541,-0.0128626,2.0523
5.27,-0.00189921,1.07145,-0.0124977,2.0465,-0.00186269,1.08541,-0.0128626,2.0523
5.272,-0.00189921,1.07148,-0.0125433,2.0465,-0.00182617,1.08538,-0.0129082,2.0523
5.274,-0.00189921,1.07148,-0.0125433,2.0465,-0.00182617,1.08538,-0.0129082,2.05238
5.276,-0.00189921,1.07148,-0.0125433,2.0465,-0.00186269,1.08535,-0.0128626,2.05238
5.278,-0.00189921,1.07148,-0.0125433,2.0465,-0.00186269,1.08538,-0.012817,2.0523
5.28,-0.00189921,1.07148,-0.0125433,2.0465,-0.00186269,1.08535,-0.0128626,2.0523
5.282,-0.00189921,1.07148,-0.0125433,2.0465,-0.00189921,1.08538,-0.012817,2.0523
5.284,-0.00189921,1.07148,-0.0125433,2.0465,-0.00186269,1.08541,-0.0128626,2.0523
5.286,-0.00189921,1.07145,-0.0124977,2.0465,-0.00186269,1.08541,-0.0128626,2.0523
5.288,-0.00189921,1.07145,-0.0124977,2.04642,-0.00189921,1.08538,-0.0129082,2.0523
5.29,-0.00189921,1.07148,-0.0125433,2.04642,-0.00186269,1.08541,-0.0128626,2.0523
5.292,-0.00189921,1.07148,-0.0125433,2.0465,-0.00186269,1.08535,-0.0128626,2.0523
5.294,-0.00189921,1.07148,-0.0125433,2.0465,-0.00189921,1.08538,-0.012817,2.0523
5.296,-0.00189921,1.07148,-0.0125433,2.0465,-0.00186269,1.08538,-0.012817,2.0523
5.298,-0.00189921,1.07151,-0.0124977,2.0465,-0.00186269,1.08538,-0.012817,2.0523
5.3,-0.00189921,1.07151,-0.0124977,2.0465,-0.00182617,1.08538,-0.0129082,2.0523
5.302,-0.00189921,1.07148,-0.0125433,2.0465,-0.00189921,1.08538,-0.0129082,2.0523
5.304,-0.00193574,1.07148,-0.0125433,2.0465,-0.00186269,1.08535,-0.0128626,2.0523
5.306,-0.00189921,1.07145,-0.0124977,2.0465,-0.00182617,1.08538,-0.012817,2.05238
5.308,-0.00193574,1.07148,-0.0125433,2.0465,-0.00186269,1.08535,-0.0128626,2.05238
5.31,-0.00189921,1.07148,-0.0125433,2.0465,-0.00186269,1.08538,-0.012817,2.0523
5.312,-0.00189921,1.07148,-0.0125433,2.0465,-0.00186269,1.08538,-0.012817,2.0523
5.314,-0.00189921,1.07148,-0.0125433,2.0465,-0.00186269,1.08535,-0.0128626,2.0523
5.316,-0.00189921,1.07148,-0.0124521,2.0465,-0.00186269,1.08538,-0.012817,2.0523
5.318,-0.00189921,1.07151,-0.0124977,2.0465,-0.00189921,1.08541,-0.0128626,2.0523
5.32,-0.00189921,1.07145,-0.0124977,2.0465,-0.00182617,1.08538,-0.0129082,2.0523
5.322,-0.00189921,1.07148,-0.0125433,2.0465,-0.00186269,1.08538,-0.012817,2.0523
5.324,-0.00189921,1.07148,-0.0125433,2.0465,-0.00189921,1.08538,-0.012817,2.0523
5.326,-0.00193574,1.07148,-0.0125433,2.0465,-0.00186269,1.08535,-0.0128626,2.0523
5.328,-0.00189921,1.07148,-0.0125433,2.0465,-0.00186269,1.08535,-0.0128626,2.0523
5.33,-0.00189921,1.07148,-0.0124521,2.0465,-0.00186269,1.08538,-0.012817,2.0523
5.332,-0.00189921,1.07151,-0.0124977,2.0465,-0.00186269,1.08541,-0.0128626,2.05238
5.334,-0.00189921,1.07148,-0.0125433,2.04642,-0.00186269,1.08541,-0.0128626,2.0523
5.336,-0.00189921,1.07148,-0.0125433,2.04642,-0.00186269,1.08541,-0.0128626,2.0523
5.338,-0.00189921,1.07151,-0.0124977,2.0465,-0.00186269,1.08541,-0.0128626,2.0523
5.34,-0.00193574,1.07148,-0.0125433,2.0465,-0.00186269,1.08535,-0.0128626,2.0523
5.342,-0.00189921,1.07148,-0.0125433,2.0465,-0.00186269,1.08538,-0.012817,2.05238
5.344,-0.00189921,1.07148,-0.0125433,2.0465,-0.00186269,1.08535,-0.0128626,2.0523
5.346,-0.00189921,1.07148,-0.0125433,2.0465,-0.00186269,1.08541,-0.0128626,2.05238
5.348,-0.00189921,1.07151,-0.0124977,2.0465,-0.00189921,1.08541,-0.0128626,2.0523
5.35,-0.00189921,1.07148,-0.0125433,2.0465,-0.00182617,1.08535,-0.0128626,2.0523
5.352,-0.00193574,1.07148,-0.0125433,2.0465,-0.00182617,1.08538,-0.012817,2.0523
5.354,-0.00193574,1.07148,-0.0125433,2.0465,-0.00186269,1.08538,-0.0129082,2.0523
5.356,-0.00193574,1.07148,-0.0125433,2.0465,-0.00186269,1.08538,-0.012817,2.0523
5.358,-0.00193574,1.07151,-0.0124977,2.0465,-0.00186269,1.08538,-0.0129082,2.05238
5.36,-0.00189921,1.07148,-0.0125433,2.0465,-0.00186269,1.08535,-0.0128626,2.0523
5.362,-0.00189921,1.07145,-0.0124977,2.0465,-0.00186269,1.08535,-0.0128626,2.0523
5.364,-0.00189921,1.07148,-0.0125433,2.0465,-0.00186269,1.08541,-0.0128626,2.0523
5.366,-0.00189921,1.07148,-0.0125433,2.0465,-0.00189921,1.08538,-0.012817,2.05238
5.368,-0.00189921,1.07148,-0.0125433,2.0465,-0.00186269,1.08538,-0.012817,2.0523
5.37,-0.00189921,1.07148,-0.0125433,2.0465,-0.00189921,1.08535,-0.0128626,2.0523
5.372,-0.00189921,1.07148,-0.0125433,2.0465,-0.00186269,1.08538,-0.0129082,2.05238
5.374,-0.00193574,1.07148,-0.0125433,2.0465,-0.00189921,1.08538,-0.0129082,2.0523
5.376,-0.00189921,1.07145,-0.0124977,2.04642,-0.00186269,1.08541,-0.0128626,2.0523
5.378,-0.00193574,1.07151,-0.0124977,2.0465,-0.00182617,1.08535,-0.0128626,2.05238
5.38,-0.00189921,1.07148,-0.0125433,2.0465,-0.00182617,1.08535,-0.0128626,2.0523
5.382,-0.00189921,1.07148,-0.0125433,2.0465,-0.00189921,1.08535,-0.0128626,2.05238
5.384,-0.00189921,1.07151,-0.0124977,2.0465,-0.00186269,1.08538,-0.0129082,2.0523
5.386,-0.00193574,1.07148,-0.0125433,2.0465,-0.00186269,1.08535,-0.0128626,2.05238
5.388,-0.00189921,1.07148,-0.0125433,2.0465,-0.00186269,1.08541,-0.0128626,2.05238
5.39,-0.00193574,1.07148,-0.0125433,2.0465,-0.00186269,1.08535,-0.0128626,2.0523
5.392,-0.00193574,1.07148,-0.0125433,2.0465,-0.00186269,1.08535,-0.0128626,2.0523
5.394,-0.00189921,1.07148,-0.0125433,2.0465,-0.00186269,1.08535,-0.0128626,2.0523
5.396,-0.00193574,1.07151,-0.0124977,2.0465,-0.00189921,1.08538,-0.0129082,2.0523
5.398,-0.00189921,1.07151,-0.0124977,2.0465,-0.00186269,1.08535,-0.0128626,2.0523
5.4,-0.00189921,1.07148,-0.0125433,2.0465,-0.00186269,1.08541,-0.0128626,2.0523
5.402,-0.00189921,1.07148,-0.0125433,2.0465,-0.00189921,1.08535,-0.0128626,2.05238
5.404,-0.00193574,1.07145,-0.0124977,2.0465,-0.00189921,1.08535,-0.0128626,2.0523
5.406,-0.00189921,1.07145,-0.0124977,2.0465,-0.00186269,1.08538,-0.012817,2.05221
5.408,-0.00193574,1.07148,-0.0125433,2.0465,-0.00186269,1.08538,-0.0129082,2.05238
5.41,-0.00193574,1.07148,-0.0125433,2.04642,-0.00186269,1.08538,-0.012817,2.0523
5.412,-0.00193574,1.07145,-0.0124977,2.0465,-0.00189921,1.08535,-0.0128626,2.0523
5.414,-0.00193574,1.07148,-0.0125433,2.0465,-0.00186269,1.08538,-0.0129082,2.0523
5.416,-0.00189921,1.07148,-0.0124521,2.0465,-0.00186269,1.08541,-0.0128626,2.05238
5.418,-0.00186269,1.07148,-0.0125433,2.04642,-0.00189921,1.08538,-0.0129082,2.0523
5.42,-0.00189921,1.07148,-0.0125433,2.0465,-0.00186269,1.08538,-0.012817,2.0523
5.422,-0.00189921,1.07148,-0.0125433,2.0465,-0.00186269,1.08538,-0.012817,2.0523
5.424,-0.00189921,1.07151,-0.0124977,2.0465,-0.00186269,1.08538,-0.012817,2.05238
5.426,-0.00189921,1.07151,-0.0124977,2.0465,-0.00186269,1.08538,-0.012817,2.0523
5.428,-0.00189921,1.07148,-0.0124521,2.04642,-0.00189921,1.08535,-0.0128626,2.0523
5.43,-0.00189921,1.07148,-0.0124521,2.04642,-0.00186269,1.08538,-0.0129082,2.0523
5.432,-0.00189921,1.07148,-0.0125433,2.0465,-0.00182617,1.08538,-0.012817,2.0523
5.434,-0.00189921,1.07148,-0.0125433,2.0465,-0.00186269,1.08541,-0.0128626,2.05221
5.436,-0.00189921,1.07148,-0.0125433,2.0465,-0.00186269,1.08541,-0.0128626,2.0523
5.438,-0.00189921,1.07148,-0.0125433,2.04642,-0.00186269,1.08538,-0.012817,2.0523
5.44,-0.00189921,1.07148,-0.0125433,2.04642,-0.00189921,1.08535,-0.0128626,2.05238
5.442,-0.00189921,1.07145,-0.0124977,2.0465,-0.00186269,1.08538,-0.0129082,2.0523
5.444,-0.00189921,1.07151,-0.0124977,2.0465,-0.00189921,1.08535,-0.0128626,2.0523
5.446,-0.00193574,1.07148,-0.0125433,2.0465,-0.00186269,1.08538,-0.0129082,2.0523
5.448,-0.00193574,1.07148,-0.0125433,2.0465,-0.00182617,1.08538,-0.0129082,2.0523
5.45,-0.00189921,1.07148,-0.0125433,2.0465,-0.00186269,1.08538,-0.012817,2.05238
5.452,-0.00189921,1.07148,-0.0125433,2.0465,-0.00186269,1.08538,-0.0129082,2.0523
5.454,-0.00189921,1.07148,-0.0125433,2.04642,-0.00182617,1.08541,-0.0128626,2.05238
5.456,-0.00189921,1.07148,-0.0125433,2.04642,-0.00189921,1.08538,-0.0129082,2.05238
5.458,-0.00189921,1.07148,-0.0125433,2.0465,-0.00186269,1.08538,-0.012817,2.0523
5.46,-0.00189921,1.07148,-0.0125433,2.0465,-0.00186269,1.08538,-0.012817,2.0523
5.462,-0.00193574,1.07148,-0.0125433,2.0465,-0.00182617,1.08538,-0.0129082,2.0523
5.464,-0.00193574,1.07148,-0.0125433,2.0465,-0.00186269,1.08541,-0.0128626,2.0523
5.466,-0.00193574,1.07151,-0.0124977,2.0465,-0.00186269,1.08538,-0.012817,2.0523
5.468,-0.00193574,1.07148,-0.0124521,2.0465,-0.00186269,1.08541,-0.0128626,2.0523
5.47,-0.00189921,1.07148,-0.0125433,2.0465,-0.00186269,1.08541,-0.0128626,2.0523
5.472,-0.00189921,1.07148,-0.0125433,2.0465,-0.00186269,1.08538,-0.0129082,2.0523
5.474,-0.00189921,1.07151,-0.0124977,2.04642,-0.00186269,1.08538,-0.0129082,2.0523
5.476,-0.00189921,1.07148,-0.0125433,2.0465,-0.00186269,1.08535,-0.0128626,2.0523
5.478,-0.00189921,1.07148,-0.0125433,2.0465,-0.00189921,1.08538,-0.012817,2.05238
5.48,-0.00189921,1.07148,-0.0125433,2.0465,-0.00182617,1.08538,-0.012817,2.0523
5.482,-0.00193574,1.07148,-0.0125433,2.0465,-0.00186269,1.08535,-0.0128626,2.0523
5.484,-0.00193574,1.07151,-0.0124977,2.0465,-0.00182617,1.08535,-0.0128626,2.0523
5.486,-0.00189921,1.07151,-0.0124977,2.0465,-0.00189921,1.08538,-0.012817,2.0523
5.488,-0.00189921,1.07148,-0.0124521,2.0465,-0.00186269,1.08538,-0.0129082,2.05238
5.49,-0.00189921,1.07145,-0.0124977,2.0465,-0.00182617,1.08535,-0.0128626,2.0523
5.492,-0.00189921,1.07148,-0.0125433,2.0465,-0.00186269,1.08538,-0.012817,2.0523
5.494,-0.00193574,1.07148,-0.0125433,2.0465,-0.00186269,1.08538,-0.012817,2.05238
5.496,-0.00189921,1.07148,-0.0125433,2.0465,-0.00186269,1.08538,-0.012817,2.0523
5.498,-0.00193574,1.07148,-0.0125433,2.0465,-0.00182617,1.08535,-0.0128626,2.0523
5.5,-0.00193574,1.07145,-0.0124977,2.0465,-0.00182617,1.08538,-0.0129082,2.0523
5.502,-0.00193574,1.07148,-0.0125433,2.0465,-0.00186269,1.08538,-0.0129082,2.0523
5.504,-0.00189921,1.07148,-0.0125433,2.0465,-0.00182617,1.08535,-0.0128626,2.0523
5.506,-0.00189921,1.07151,-0.0124977,2.0465,-0.00189921,1.08541,-0.0128626,2.0523
5.508,-0.00189921,1.07148,-0.0125433,2.0465,-0.00186269,1.08535,-0.0128626,2.0523
5.51,-0.00189921,1.07148,-0.0125433,2.0465,-0.00182617,1.08538,-0.012817,2.0523
5.512,-0.00193574,1.07151,-0.0124977,2.0465,-0.00186269,1.08538,-0.012817,2.0523
5.514,-0.00193574,1.07151,-0.0124977,2.0465,-0.00189921,1.08538,-0.012817,2.0523
5.516,-0.00193574,1.07148,-0.0125433,2.0465,-0.00182617,1.08538,-0.012817,2.0523
5.518,-0.00189921,1.07148,-0.0125433,2.04642,-0.00189921,1.08541,-0.0128626,2.0523
5.52,-0.00193574,1.07151,-0.0124977,2.04642,-0.00182617,1.08538,-0.012817,2.05238
5.522,-0.00189921,1.07148,-0.0124521,2.0465,-0.00189921,1.08541,-0.0128626,2.0523
5.524,-0.00189921,1.07151,-0.0124977,2.0465,-0.00182617,1.08538,-0.012817,2.0523
5.526,-0.00189921,1.07148,-0.0125433,2.0465,-0.00182617,1.08535,-0.0128626,2.0523
5.528,-0.00189921,1.07148,-0.0125433,2.0465,-0.00186269,1.08538,-0.0129082,2.0523
5.53,-0.00189921,1.07148,-0.0125433,2.0465,-0.00186269,1.08538,-0.012817,2.0523
5.532,-0.00193574,1.07148,-0.0125433,2.0465,-0.00186269,1.08538,-0.012817,2.0523
5.534,-0.00189921,1.07148,-0.0125433,2.0465,-0.00178964,1.08538,-0.012817,2.0523
5.536,-0.00193574,1.07148,-0.0125433,2.0465,-0.00182617,1.08535,-0.0128626,2.0523
5.538,-0.00189921,1.07151,-0.0124977,2.0465,-0.00186269,1.08541,-0.0128626,2.05238
5.54,-0.00189921,1.07148,-0.0125433,2.0465,-0.00182617,1.08541,-0.0128626,2.0523
5.542,-0.00189921,1.07151,-0.0124977,2.0465,-0.00186269,1.08535,-0.0128626,2.0523
5.544,-0.00189921,1.07148,-0.0125433,2.0465,-0.00186269,1.08538,-0.012817,2.0523
5.546,-0.00189921,1.07148,-0.0125433,2.0465,-0.00186269,1.08535,-0.0128626,2.0523
5.548,-0.00189921,1.07151,-0.0124977,2.0465,-0.00182617,1.08538,-0.012817,2.05238
5.55,-0.00193574,1.07148,-0.0125433,2.0465,-0.00186269,1.08538,-0.012817,2.05238
5.552,-0.00193574,1.07148,-0.0125433,2.0465,-0.00186269,1.08538,-0.012817,2.0523
5.554,-0.00193574,1.07145,-0.0124977,2.0465,-0.00186269,1.08541,-0.0128626,2.0523
5.556,-0.00189921,1.07142,-0.0125433,2.04642,-0.00186269,1.08538,-0.0129082,2.0523
5.558,-0.00189921,1.07145,-0.0125889,2.0465,-0.00189921,1.08538,-0.012817,2.0523
5.56,-0.00189921,1.07145,-0.0124977,2.0465,-0.00186269,1.08538,-0.0129082,2.0523
5.562,-0.00189921,1.07145,-0.0124977,2.0465,-0.00189921,1.08538,-0.0129082,2.0523
5.564,-0.00189921,1.07148,-0.0125433,2.0465,-0.00186269,1.08538,-0.012817,2.0523
5.566,-0.00193574,1.07148,-0.0125433,2.0465,-0.00189921,1.08538,-0.012817,2.0523
5.568,-0.00193574,1.07148,-0.0125433,2.0465,-0.00186269,1.08538,-0.012817,2.0523
5.57,-0.00193574,1.07148,-0.0125433,2.0465,-0.00186269,1.08538,-0.012817,2.0523
5.572,-0.00189921,1.07148,-0.0124521,2.0465,-0.00186269,1.08538,-0.0129082,2.05238
5.574,-0.00189921,1.07148,-0.0124521,2.04642,-0.00189921,1.08538,-0.012817,2.0523
5.576,-0.00189921,1.07148,-0.0124521,2.0465,-0.00186269,1.08538,-0.0129082,2.0523
5.578,-0.00189921,1.07151,-0.0124977,2.0465,-0.00186269,1.08541,-0.0128626,2.0523
5.58,-0.00189921,1.07145,-0.0124977,2.0465,-0.00186269,1.08538,-0.012817,2.0523
5.582,-0.00189921,1.07148,-0.0125433,2.0465,-0.00182617,1.08538,-0.012817,2.0523
5.584,-0.00193574,1.07148,-0.0125433,2.0465,-0.00182617,1.08538,-0.012817,2.0523
5.586,-0.00193574,1.07148,-0.0125433,2.0465,-0.00186269,1.08538,-0.0129082,2.0523
5.588,-0.00193574,1.07151,-0.0124977,2.0465,-0.00186269,1.08538,-0.012817,2.05238
5.59,-0.00189921,1.07148,-0.0124521,2.0465,-0.00193574,1.08535,-0.0128626,2.0523
5.592,-0.00189921,1.07148,-0.0124521,2.0465,-0.00189921,1.08541,-0.0128626,2.0523
5.594,-0.00189921,1.07148,-0.0125433,2.0465,-0.00186269,1.08538,-0.012817,2.0523
5.596,-0.00189921,1.07148,-0.0125433,2.0465,-0.00186269,1.08538,-0.012817,2.0523
5.598,-0.00189921,1.07148,-0.0125433,2.0465,-0.00186269,1.08538,-0.012817,2.05238
5.6,-0.00193574,1.07148,-0.0125433,2.0465,-0.00182617,1.08538,-0.012817,2.0523
5.602,-0.00193574,1.07151,-0.0124977,2.0465,-0.00186269,1.08538,-0.012817,2.0523
5.604,-0.00189921,1.07145,-0.0124977,2.0465,-0.00186269,1.08535,-0.0128626,2.0523
5.606,-0.00193574,1.07148,-0.0125433,2.0465,-0.00186269,1.08538,-0.0129082,2.0523
5.608,-0.00193574,1.07151,-0.0124977,2.04642,-0.00186269,1.08541,-0.0128626,2.05238
5.61,-0.00189921,1.07151,-0.0124977,2.0465,-0.00186269,1.08535,-0.0128626,2.0523
5.612,-0.00189921,1.07145,-0.0124977,2.0465,-0.00182617,1.08538,-0.012817,2.0523
5.614,-0.00189921,1.07148,-0.0125433,2.0465,-0.00189921,1.08538,-0.012817,2.0523
5.616,-0.00189921,1.07148,-0.0125433,2.0465,-0.00182617,1.08538,-0.012817,2.0523
5.618,-0.00193574,1.07148,-0.0125433,2.0465,-0.00182617,1.08541,-0.0128626,2.0523
5.62,-0.00193574,1.07148,-0.0125433,2.0465,-0.00189921,1.08538,-0.012817,2.0523
5.622,-0.00193574,1.07145,-0.0124977,2.04642,-0.00186269,1.08535,-0.0128626,2.0523
5.624,-0.00189921,1.07145,-0.0124977,2.0465,-0.00182617,1.08538,-0.012817,2.0523
5.626,-0.00189921,1.07148,-0.0124521,2.0465,-0.00186269,1.08535,-0.0128626,2.0523
5.628,-0.00189921,1.07148,-0.0124521,2.0465,-0.00189921,1.08535,-0.0128626,2.0523
5.63,-0.00189921,1.07151,-0.0124977,2.0465,-0.00182617,1.08535,-0.0128626,2.0523
5.632,-0.00189921,1.07151,-0.0124977,2.0465,-0.00182617,1.08538,-0.012817,2.0523
5.634,-0.00189921,1.07148,-0.0125433,2.0465,-0.00182617,1.08538,-0.012817,2.0523
5.636,-0.00189921,1.07148,-0.0125433,2.0465,-0.00186269,1.08541,-0.0127714,2.05238
5.638,-0.00189921,1.07148,-0.0125433,2.0465,-0.00189921,1.08541,-0.0128626,2.0523
5.64,-0.00189921,1.07145,-0.0124977,2.0465,-0.00186269,1.08538,-0.0129082,2.0523
5.642,-0.00189921,1.07145,-0.0124977,2.0465,-0.00186269,1.08538,-0.012817,2.0523
5.644,-0.00189921,1.07151,-0.0124977,2.0465,-0.00189921,1.08535,-0.0128626,2.05238
5.646,-0.00189921,1.07148,-0.0125433,2.04642,-0.00189921,1.08535,-0.0128626,2.05238
5.648,-0.00189921,1.07148,-0.0125433,2.0465,-0.00186269,1.08538,-0.012817,2.05238
5.65,-0.00193574,1.07151,-0.0124977,2.0465,-0.00186269,1.08538,-0.012817,2.0523
5.652,-0.00189921,1.07145,-0.0124977,2.04642,-0.00186269,1.08538,-0.0129082,2.0523
5.654,-0.00193574,1.07145,-0.0124977,2.0465,-0.00189921,1.08541,-0.0128626,2.0523
5.656,-0.00189921,1.07148,-0.0124521,2.0465,-0.00186269,1.08538,-0.012817,2.0523
5.658,-0.00189921,1.07145,-0.0124977,2.0465,-0.00182617,1.08535,-0.0128626,2.0523
5.66,-0.00189921,1.07151,-0.0124977,2.0465,-0.00186269,1.08535,-0.0128626,2.0523
5.662,-0.00189921,1.07148,-0.0125433,2.0465,-0.00186269,1.08538,-0.012817,2.0523
5.664,-0.00189921,1.07151,-0.0124977,2.0465,-0.00186269,1.08538,-0.012817,2.0523
5.666,-0.00189921,1.07148,-0.0125433,2.0465,-0.00189921,1.08538,-0.0129082,2.0523
5.668,-0.00189921,1.07145,-0.0124977,2.0465,-0.00186269,1.08541,-0.0128626,2.05238
5.67,-0.00189921,1.07148,-0.0125433,2.0465,-0.00189921,1.08541,-0.0128626,2.0523
5.672,-0.00189921,1.07148,-0.0125433,2.0465,-0.00186269,1.08538,-0.012817,2.0523
5.674,-0.00189921,1.07148,-0.0125433,2.0465,-0.00186269,1.08541,-0.0128626,2.0523
5.676,-0.00189921,1.07148,-0.0124521,2.04642,-0.00189921,1.08535,-0.0128626,2.05238
5.678,-0.00189921,1.07145,-0.0124977,2.0465,-0.00182617,1.08538,-0.012817,2.0523
5.68,-0.00189921,1.07148,-0.0125433,2.0465,-0.00182617,1.08538,-0.012817,2.0523
5.682,-0.00189921,1.07148,-0.0125433,2.0465,-0.00186269,1.08538,-0.0129082,2.0523
5.684,-0.00193574,1.07151,-0.0124977,2.0465,-0.00189921,1.08535,-0.0128626,2.0523
5.686,-0.00189921,1.07151,-0.0124977,2.0465,-0.00189921,1.08535,-0.0128626,2.0523
5.688,-0.00189921,1.07151,-0.0124977,2.0465,-0.00182617,1.08541,-0.0128626,2.0523
5.69,-0.00189921,1.07145,-0.0124977,2.04642,-0.00189921,1.08538,-0.012817,2.0523
5.692,-0.00189921,1.07145,-0.0124977,2.0465,-0.00186269,1.08538,-0.012817,2.05238
5.694,-0.00193574,1.07145,-0.0124977,2.0465,-0.00186269,1.08538,-0.012817,2.0523
5.696,-0.00193574,1.07148,-0.0125433,2.0465,-0.00189921,1.08535,-0.0128626,2.0523
5.698,-0.00193574,1.07151,-0.0124977,2.0465,-0.00186269,1.08538,-0.012817,2.0523
5.7,-0.00193574,1.07148,-0.0125433,2.0465,-0.00182617,1.08535,-0.0128626,2.05238
5.702,-0.00189921,1.07148,-0.0125433,2.0465,-0.00186269,1.08538,-0.012817,2.05238
5.704,-0.00189921,1.07148,-0.0125433,2.0465,-0.00189921,1.08538,-0.012817,2.0523
5.706,-0.00189921,1.07148,-0.0125433,2.0465,-0.00186269,1.08538,-0.012817,2.0523
5.708,-0.00193574,1.07148,-0.0125433,2.0465,-0.00186269,1.08538,-0.0129082,2.0523
5.71,-0.00193574,1.07148,-0.0125433,2.0465,-0.00186269,1.08535,-0.0128626,2.0523
5.712,-0.00189921,1.07151,-0.0124977,2.0465,-0.00186269,1.08535,-0.0128626,2.0523
5.714,-0.00189921,1.07151,-0.0124977,2.0465,-0.00182617,1.08538,-0.012817,2.05238
5.716,-0.00189921,1.07148,-0.0125433,2.0465,-0.00186269,1.08538,-0.0129082,2.0523
5.718,-0.00189921,1.07148,-0.0125433,2.0465,-0.00186269,1.08535,-0.0128626,2.0523
5.72,-0.00189921,1.07148,-0.0125433,2.0465,-0.00186269,1.08541,-0.0128626,2.0523
5.722,-0.00189921,1.07148,-0.0125433,2.04642,-0.00186269,1.08538,-0.012817,2.0523
5.724,-0.00189921,1.07148,-0.0125433,2.0465,-0.00186269,1.08538,-0.0129082,2.0523
5.726,-0.00189921,1.07148,-0.0125433,2.0465,-0.00186269,1.08535,-0.0128626,2.0523
5.728,-0.00189921,1.07151,-0.0124977,2.0465,-0.00186269,1.08538,-0.012817,2.0523
5.73,-0.00193574,1.07148,-0.0124521,2.0465,-0.00186269,1.08538,-0.012817,2.0523
5.732,-0.00193574,1.07148,-0.0125433,2.0465,-0.00189921,1.08538,-0.012817,2.0523
5.734,-0.00193574,1.07148,-0.0125433,2.0465,-0.00186269,1.08541,-0.0128626,2.0523
5.736,-0.00189921,1.07148,-0.0125433,2.0465,-0.00186269,1.08541,-0.0128626,2.05238
5.738,-0.00189921,1.07148,-0.0125433,2.0465,-0.00186269,1.08538,-0.012817,2.0523
5.74,-0.00189921,1.07148,-0.0125433,2.0465,-0.00186269,1.08538,-0.0129082,2.0523
5.742,-0.00193574,1.07151,-0.0124977,2.0465,-0.00186269,1.08538,-0.012817,2.0523
5.744,-0.00193574,1.07148,-0.0125433,2.0465,-0.00186269,1.08538,-0.012817,2.0523
5.746,-0.00189921,1.07148,-0.0125433,2.0465,-0.00189921,1.08541,-0.0128626,2.0523
5.748,-0.00193574,1.07145,-0.0124977,2.0465,-0.00182617,1.08535,-0.0128626,2.05238
5.75,-0.00193574,1.07148,-0.0125433,2.04642,-0.00186269,1.08538,-0.012817,2.0523
5.752,-0.00189921,1.07148,-0.0124521,2.04642,-0.00186269,1.08535,-0.0128626,2.0523
5.754,-0.00189921,1.07151,-0.0124977,2.04642,-0.00189921,1.08538,-0.012817,2.0523
5.756,-0.00193574,1.07151,-0.0124977,2.0465,-0.00182617,1.08535,-0.0128626,2.0523
5.758,-0.00193574,1.07148,-0.0125433,2.0465,-0.00186269,1.08538,-0.012817,2.0523
5.76,-0.00193574,1.07145,-0.0124977,2.0465,-0.00186269,1.08535,-0.0128626,2.0523
5.762,-0.00193574,1.07148,-0.0124521,2.0465,-0.00182617,1.08538,-0.0129082,2.0523
5.764,-0.00193574,1.07145,-0.0124977,2.0465,-0.00186269,1.08538,-0.0129082,2.0523
5.766,-0.00193574,1.07148,-0.0125433,2.0465,-0.00186269,1.08538,-0.012817,2.0523
5.768,-0.00193574,1.07148,-0.0125433,2.0465,-0.00182617,1.08535,-0.0128626,2.0523
5.77,-0.00189921,1.07145,-0.0124977,2.0465,-0.00186269,1.08535,-0.0128626,2.0523
5.772,-0.00189921,1.07148,-0.0125433,2.0465,-0.00189921,1.08541,-0.0128626,2.0523
5.774,-0.00189921,1.07151,-0.0124977,2.0465,-0.00182617,1.08535,-0.0128626,2.0523
5.776,-0.00189921,1.07148,-0.0125433,2.0465,-0.00189921,1.08538,-0.0129082,2.0523
5.778,-0.00189921,1.07148,-0.0125433,2.0465,-0.00182617,1.08541,-0.0128626,2.0523
5.78,-0.00193574,1.07148,-0.0125433,2.0465,-0.00182617,1.08538,-0.0129082,2.05238
5.782,-0.00193574,1.07148,-0.0125433,2.0465,-0.00182617,1.08538,-0.0129082,2.0523
5.784,-0.00189921,1.07151,-0.0124977,2.0465,-0.00186269,1.08538,-0.0129082,2.0523
5.786,-0.00189921,1.07151,-0.0124977,2.0465,-0.00186269,1.08541,-0.0128626,2.0523
5.788,-0.00189921,1.07151,-0.0124977,2.0465,-0.00189921,1.08538,-0.012817,2.0523
5.79,-0.00189921,1.07151,-0.0124977,2.0465,-0.00186269,1.08538,-0.012817,2.0523
5.792,-0.00189921,1.07148,-0.0125433,2.04642,-0.00186269,1.08538,-0.012817,2.0523
5.794,-0.00189921,1.07148,-0.0125433,2.0465,-0.00186269,1.08533,-0.0129082,2.0523
5.796,-0.00189921,1.07148,-0.0125433,2.0465,-0.00189921,1.08538,-0.0129082,2.0523
5.798,-0.00193574,1.07151,-0.0124977,2.0465,-0.00186269,1.08535,-0.0128626,2.0523
5.8,-0.00189921,1.07145,-0.0124977,2.0465,-0.00189921,1.08538,-0.0129082,2.0523
5.802,-0.00189921,1.07148,-0.0125433,2.0465,-0.00186269,1.08535,-0.0128626,2.0523
5.804,-0.00189921,1.07148,-0.0125433,2.0465,-0.00189921,1.08535,-0.0128626,2.05238
5.806,-0.00189921,1.07148,-0.0125433,2.0465,-0.00186269,1.08535,-0.0128626,2.0523
5.808,-0.00189921,1.07148,-0.0125433,2.0465,-0.00186269,1.08538,-0.012817,2.0523
5.81,-0.00189921,1.07148,-0.0124521,2.0465,-0.00186269,1.08538,-0.0129082,2.05238
5.812,-0.00193574,1.07148,-0.0125433,2.04659,-0.00182617,1.08538,-0.0129082,2.0523
5.814,-0.00193574,1.07148,-0.0125433,2.0465,-0.00186269,1.08538,-0.012817,2.0523
5.816,-0.00193574,1.07148,-0.0125433,2.0465,-0.00186269,1.08538,-0.0129082,2.05238
5.818,-0.00189921,1.07145,-0.0124977,2.0465,-0.00186269,1.08538,-0.012817,2.05238
5.82,-0.00189921,1.07148,-0.0125433,2.0465,-0.00189921,1.08538,-0.0129082,2.0523
5.822,-0.00189921,1.07148,-0.0124521,2.0465,-0.00186269,1.08538,-0.012817,2.0523
5.824,-0.00189921,1.07148,-0.0125433,2.0465,-0.00189921,1.08535,-0.0128626,2.0523
5.826,-0.00189921,1.07148,-0.0125433,2.0465,-0.00186269,1.08535,-0.0128626,2.0523
5.828,-0.00189921,1.07148,-0.0125433,2.0465,-0.00186269,1.08538,-0.012817,2.0523
5.83,-0.00193574,1.07145,-0.0124977,2.0465,-0.00189921,1.08538,-0.012817,2.0523
5.832,-0.00189921,1.07148,-0.0124521,2.0465,-0.00182617,1.08538,-0.0129082,2.0523
5.834,-0.00189921,1.07148,-0.0124521,2.0465,-0.00189921,1.08538,-0.0129082,2.0523
5.836,-0.00189921,1.07151,-0.0124977,2.0465,-0.00189921,1.08541,-0.0128626,2.0523
5.838,-0.00193574,1.07151,-0.0124977,2.04642,-0.00189921,1.08535,-0.0128626,2.0523
5.84,-0.00189921,1.07148,-0.0124521,2.0465,-0.00193574,1.08538,-0.012817,2.0523
5.842,-0.00189921,1.07148,-0.0125433,2.0465,-0.00186269,1.08538,-0.012817,2.0523
5.844,-0.00189921,1.07145,-0.0124977,2.0465,-0.00186269,1.08543,-0.012817,2.0523
5.846,-0.00189921,1.07145,-0.0124977,2.0465,-0.00186269,1.08538,-0.0129082,2.0523
5.848,-0.00189921,1.07145,-0.0124977,2.0465,-0.00186269,1.08535,-0.0128626,2.0523
5.85,-0.00189921,1.07151,-0.0124977,2.0465,-0.00186269,1.08535,-0.0128626,2.05238
5.852,-0.00189921,1.07151,-0.0124977,2.0465,-0.00186269,1.08535,-0.0128626,2.05238
5.854,-0.00193574,1.07148,-0.0125433,2.0465,-0.00189921,1.08538,-0.012817,2.0523
5.856,-0.00189921,1.07148,-0.0125433,2.0465,-0.00186269,1.08541,-0.0128626,2.0523
5.858,-0.00189921,1.07145,-0.0124977,2.0465,-0.00186269,1.08541,-0.0128626,2.0523
5.86,-0.00189921,1.07145,-0.0124977,2.0465,-0.00186269,1.08538,-0.0129082,2.05238
5.862,-0.00193574,1.07148,-0.0125433,2.04659,-0.00186269,1.08538,-0.012817,2.0523
5.864,-0.00193574,1.07151,-0.0124977,2.0465,-0.00189921,1.08535,-0.0128626,2.05238
5.866,-0.00193574,1.07148,-0.0125433,2.0465,-0.00189921,1.08535,-0.0128626,2.0523
5.868,-0.00189921,1.07148,-0.0125433,2.04659,-0.00186269,1.08535,-0.0128626,2.05238
5.87,-0.00193574,1.07148,-0.0124521,2.0465,-0.00182617,1.08538,-0.0129082,2.0523
5.872,-0.00193574,1.07148,-0.0124521,2.0465,-0.00189921,1.08541,-0.0128626,2.0523
5.874,-0.00193574,1.07148,-0.0124521,2.0465,-0.00186269,1.08538,-0.012817,2.0523
5.876,-0.00189921,1.07148,-0.0125433,2.0465,-0.00186269,1.08535,-0.0128626,2.05238
5.878,-0.00189921,1.07148,-0.0125433,2.0465,-0.00189921,1.08538,-0.012817,2.0523
5.88,-0.00189921,1.07148,-0.0125433,2.0465,-0.00186269,1.08538,-0.012817,2.05238
5.882,-0.00189921,1.07148,-0.0124521,2.0465,-0.00186269,1.08535,-0.0128626,2.0523
5.884,-0.00189921,1.07145,-0.0124977,2.0465,-0.00186269,1.08535,-0.0128626,2.05221
5.886,-0.00189921,1.07145,-0.0124977,2.04642,-0.00182617,1.08541,-0.0128626,2.0523
5.888,-0.00189921,1.07148,-0.0125433,2.0465,-0.00186269,1.08541,-0.0128626,2.0523
5.89,-0.00189921,1.07151,-0.0124977,2.0465,-0.00186269,1.08535,-0.0128626,2.0523
5.892,-0.00189921,1.07151,-0.0124977,2.0465,-0.00186269,1.08535,-0.0128626,2.0523
5.894,-0.00193574,1.07151,-0.0124977,2.0465,-0.00186269,1.08538,-0.012817,2.0523
5.896,-0.00189921,1.07148,-0.0125433,2.0465,-0.00182617,1.08538,-0.012817,2.05238
5.898,-0.00189921,1.07148,-0.0125433,2.0465,-0.00182617,1.08541,-0.0128626,2.0523
5.9,-0.00189921,1.07148,-0.0124521,2.0465,-0.00182617,1.08538,-0.012817,2.0523
5.902,-0.00189921,1.07148,-0.0124521,2.0465,-0.00182617,1.08538,-0.0129082,2.0523
5.904,-0.00189921,1.07151,-0.0124977,2.0465,-0.00186269,1.08538,-0.0129082,2.0523
5.906,-0.00189921,1.07151,-0.0124977,2.0465,-0.00186269,1.08541,-0.0128626,2.05238
5.908,-0.00193574,1.07148,-0.0125433,2.0465,-0.00186269,1.08538,-0.012817,2.05238
5.91,-0.00189921,1.07151,-0.0124977,2.04659,-0.00189921,1.08541,-0.0128626,2.0523
5.912,-0.00193574,1.07145,-0.0124977,2.0465,-0.00182617,1.08538,-0.012817,2.0523
5.914,-0.00189921,1.07148,-0.0124521,2.04659,-0.00186269,1.08538,-0.012817,2.0523
5.916,-0.00189921,1.07148,-0.0125433,2.0465,-0.00186269,1.08541,-0.0128626,2.0523
5.918,-0.00189921,1.07145,-0.0124977,2.0465,-0.00186269,1.08538,-0.0129082,2.0523
5.92,-0.00189921,1.07148,-0.0125433,2.0465,-0.00186269,1.08535,-0.0128626,2.0523
5.922,-0.00189921,1.07148,-0.0125433,2.0465,-0.00186269,1.08535,-0.0128626,2.05238
5.924,-0.00189921,1.07151,-0.0124977,2.0465,-0.00186269,1.08541,-0.0128626,2.0523
5.926,-0.00189921,1.07151,-0.0124977,2.0465,-0.00178964,1.08535,-0.0128626,2.05238
5.928,-0.00189921,1.07151,-0.0124977,2.0465,-0.00186269,1.08535,-0.0128626,2.0523
5.93,-0.00193574,1.07148,-0.0125433,2.0465,-0.00186269,1.08538,-0.012817,2.0523
5.932,-0.00193574,1.07151,-0.0124977,2.0465,-0.00186269,1.08535,-0.0128626,2.0523
5.934,-0.00189921,1.07151,-0.0124977,2.0465,-0.00189921,1.08535,-0.0128626,2.0523
5.936,-0.00189921,1.07148,-0.0124521,2.0465,-0.00186269,1.08541,-0.0128626,2.0523
5.938,-0.00189921,1.07148,-0.0125433,2.0465,-0.00186269,1.08541,-0.0128626,2.0523
5.94,-0.00189921,1.07148,-0.0125433,2.0465,-0.00186269,1.08538,-0.012817,2.0523
5.942,-0.00189921,1.07148,-0.0125433,2.0465,-0.00186269,1.08541,-0.0128626,2.0523
5.944,-0.00193574,1.07148,-0.0125433,2.0465,-0.00186269,1.08538,-0.0129082,2.05238
5.946,-0.00193574,1.07151,-0.0124977,2.0465,-0.00186269,1.08535,-0.0128626,2.0523
5.948,-0.00193574,1.07151,-0.0124977,2.0465,-0.00186269,1.08538,-0.0129082,2.0523
5.95,-0.00189921,1.07148,-0.0124521,2.0465,-0.00189921,1.08535,-0.0128626,2.0523
5.952,-0.00189921,1.07151,-0.0124977,2.0465,-0.00189921,1.08535,-0.0128626,2.05238
5.954,-0.00189921,1.07145,-0.0124977,2.0465,-0.00186269,1.08538,-0.012817,2.0523
5.956,-0.00193574,1.07148,-0.0125433,2.0465,-0.00186269,1.08538,-0.012817,2.0523
5.958,-0.00189921,1.07145,-0.0124977,2.0465,-0.00186269,1.08535,-0.0128626,2.0523
5.96,-0.00193574,1.07151,-0.0124977,2.0465,-0.00182617,1.08535,-0.0128626,2.05238
5.962,-0.00189921,1.07145,-0.0124977,2.0465,-0.00186269,1.08538,-0.0129082,2.0523
5.964,-0.00189921,1.07151,-0.0124977,2.0465,-0.00186269,1.08538,-0.0129082,2.0523
5.966,-0.00193574,1.07151,-0.0124977,2.0465,-0.00186269,1.08535,-0.0128626,2.05238
5.968,-0.00189921,1.07148,-0.0125433,2.0465,-0.00189921,1.08538,-0.012817,2.05238
5.97,-0.00189921,1.07148,-0.0125433,2.0465,-0.00189921,1.08535,-0.0128626,2.05238
5.972,-0.00193574,1.07145,-0.0124977,2.0465,-0.00186269,1.08538,-0.012817,2.0523
5.974,-0.00189921,1.07148,-0.0125433,2.0465,-0.00186269,1.08538,-0.012817,2.0523
5.976,-0.00189921,1.07151,-0.0124977,2.04659,-0.00186269,1.08535,-0.0128626,2.0523
5.978,-0.00189921,1.07145,-0.0124977,2.0465,-0.00186269,1.08535,-0.0128626,2.0523
5.98,-0.00193574,1.07145,-0.0124977,2.0465,-0.00186269,1.08538,-0.0129082,2.0523
5.982,-0.00189921,1.07145,-0.0124977,2.04659,-0.00182617,1.08538,-0.0129082,2.0523
5.984,-0.00189921,1.07148,-0.0125433,2.0465,-0.00189921,1.08538,-0.012817,2.0523
5.986,-0.00189921,1.07151,-0.0124977,2.0465,-0.00182617,1.08541,-0.0128626,2.05238
5.988,-0.00189921,1.07151,-0.0124977,2.0465,-0.00186269,1.08541,-0.0128626,2.0523
5.99,-0.00189921,1.07151,-0.0124977,2.0465,-0.00182617,1.08538,-0.012817,2.0523
5.992,-0.00189921,1.07148,-0.0125433,2.0465,-0.00186269,1.08538,-0.012817,2.05238
5.994,-0.00189921,1.07145,-0.0124977,2.0465,-0.00186269,1.08541,-0.0128626,2.0523
5.996,-0.00189921,1.07148,-0.0125433,2.0465,-0.00186269,1.08538,-0.0129082,2.0523
5.998,-0.00193574,1.07148,-0.0125433,2.0465,-0.00186269,1.08538,-0.0129082,2.0523
6,-0.00189921,1.07151,-0.0124977,2.0465,-0.00186269,1.08535,-0.0128626,2.0523
6.002,-0.00189921,1.07151,-0.0124977,2.0465,-0.00186269,1.08538,-0.012817,2.05238
6.004,-0.00189921,1.07148,-0.0125433,2.0465,-0.00186269,1.08535,-0.0128626,2.0523
6.006,-0.00189921,1.07148,-0.0125433,2.04642,-0.00182617,1.08541,-0.0128626,2.0523
6.008,-0.00189921,1.07148,-0.0125433,2.0465,-0.00189921,1.08535,-0.0128626,2.05238
6.01,-0.00193574,1.07151,-0.0124977,2.0465,-0.00186269,1.08541,-0.0128626,2.0523
6.012,-0.00189921,1.07148,-0.0124521,2.0465,-0.00189921,1.08535,-0.0128626,2.0523
6.014,-0.00189921,1.07148,-0.0125433,2.0465,-0.00186269,1.08538,-0.012817,2.0523
6.016,-0.00189921,1.07148,-0.0125433,2.0465,-0.00186269,1.08538,-0.0129082,2.0523
6.018,-0.00189921,1.07148,-0.0125433,2.0465,-0.00186269,1.08538,-0.012817,2.05238
6.02,-0.00189921,1.07148,-0.0125433,2.0465,-0.00182617,1.08538,-0.012817,2.05238
6.022,-0.00193574,1.07145,-0.0124977,2.0465,-0.00182617,1.08541,-0.0128626,2.0523
6.024,-0.00193574,1.07148,-0.0125433,2.0465,-0.00186269,1.08538,-0.012817,2.0523
6.026,-0.00193574,1.07148,-0.0125433,2.0465,-0.00186269,1.08538,-0.0129082,2.05238
6.028,-0.00193574,1.07151,-0.0124977,2.0465,-0.00189921,1.08538,-0.0129082,2.0523
6.03,-0.00189921,1.07151,-0.0124977,2.0465,-0.00186269,1.08535,-0.0128626,2.05238
6.032,-0.00189921,1.07151,-0.0124977,2.0465,-0.00189921,1.08538,-0.012817,2.0523
6.034,-0.00189921,1.07145,-0.0124977,2.04642,-0.00186269,1.08541,-0.0128626,2.05238
6.036,-0.00189921,1.07145,-0.0124977,2.0465,-0.00186269,1.08538,-0.012817,2.0523
6.038,-0.00193574,1.07148,-0.0125433,2.0465,-0.00182617,1.08538,-0.012817,2.05238
6.04,-0.00193574,1.07148,-0.0125433,2.0465,-0.00189921,1.08535,-0.0128626,2.0523
6.042,-0.00193574,1.07148,-0.0125433,2.0465,-0.00189921,1.08535,-0.0128626,2.05238
6.044,-0.00189921,1.07148,-0.0124521,2.0465,-0.00189921,1.08535,-0.0128626,2.0523
6.046,-0.00189921,1.07148,-0.0125433,2.04659,-0.00186269,1.08538,-0.0129082,2.05238
6.048,-0.00189921,1.07148,-0.0125433,2.0465,-0.00189921,1.08535,-0.0128626,2.05238
6.05,-0.00189921,1.07148,-0.0125433,2.0465,-0.00186269,1.08538,-0.0129082,2.0523
6.052,-0.00189921,1.07145,-0.0124977,2.0465,-0.00186269,1.08538,-0.0129082,2.0523
6.054,-0.00193574,1.07145,-0.0124977,2.0465,-0.00186269,1.08538,-0.012817,2.05238
6.056,-0.00189921,1.07151,-0.0124977,2.0465,-0.00182617,1.08535,-0.0128626,2.05238
6.058,-0.00193574,1.07151,-0.0124977,2.0465,-0.00186269,1.08535,-0.0128626,2.0523
6.06,-0.00193574,1.07151,-0.0124977,2.0465,-0.00186269,1.08535,-0.0128626,2.0523
6.062,-0.00189921,1.07148,-0.0124521,2.04659,-0.00186269,1.08541,-0.0128626,2.05238
6.064,-0.00189921,1.07151,-0.0124977,2.0465,-0.00186269,1.08538,-0.012817,2.05238
6.066,-0.00189921,1.07148,-0.0125433,2.0465,-0.00189921,1.08538,-0.0129082,2.05238
6.068,-0.00189921,1.07148,-0.0125433,2.0465,-0.00186269,1.08538,-0.012817,2.0523
6.07,-0.00189921,1.07148,-0.0125433,2.0465,-0.00186269,1.08538,-0.0129082,2.0523
6.072,-0.00193574,1.07148,-0.0124521,2.0465,-0.00186269,1.08538,-0.012817,2.0523
6.074,-0.00193574,1.07148,-0.0125433,2.0465,-0.00182617,1.08538,-0.0129082,2.0523
6.076,-0.00193574,1.07148,-0.0125433,2.0465,-0.00186269,1.08535,-0.0128626,2.0523
6.078,-0.00193574,1.07148,-0.0125433,2.0465,-0.00182617,1.08538,-0.0129082,2.05238
6.08,-0.00189921,1.07148,-0.0124521,2.0465,-0.00186269,1.08541,-0.0128626,2.0523
6.082,-0.00189921,1.07151,-0.0124977,2.0465,-0.00186269,1.08535,-0.0128626,2.0523
6.084,-0.00189921,1.07151,-0.0124977,2.0465,-0.00189921,1.08538,-0.012817,2.05238
6.086,-0.00189921,1.07151,-0.0124977,2.0465,-0.00186269,1.08541,-0.0128626,2.05238
6.088,-0.00189921,1.07148,-0.0125433,2.0465,-0.00186269,1.08538,-0.012817,2.0523
6.09,-0.00193574,1.07148,-0.0125433,2.0465,-0.00186269,1.08541,-0.0128626,2.0523
6.092,-0.00193574,1.07151,-0.0124977,2.0465,-0.00186269,1.08535,-0.0128626,2.0523
6.094,-0.00193574,1.07148,-0.0125433,2.0465,-0.00186269,1.08538,-0.012817,2.0523
6.096,-0.00189921,1.07148,-0.0125433,2.0465,-0.00186269,1.08538,-0.012817,2.05238
6.098,-0.00189921,1.07148,-0.0124521,2.04642,-0.00186269,1.08541,-0.0128626,2.0523
6.1,-0.00189921,1.07148,-0.0124521,2.0465,-0.00186269,1.08538,-0.012817,2.05238
6.102,-0.00189921,1.07148,-0.0124521,2.0465,-0.00189921,1.08535,-0.0128626,2.0523
6.104,-0.00189921,1.07148,-0.0125433,2.0465,-0.00182617,1.08535,-0.0128626,2.0523
6.106,-0.00189921,1.07151,-0.0124977,2.0465,-0.00189921,1.08535,-0.0128626,2.0523
6.108,-0.00193574,1.07148,-0.0124521,2.0465,-0.00182617,1.08538,-0.012817,2.0523
6.11,-0.00193574,1.07145,-0.0124977,2.0465,-0.00182617,1.08541,-0.0128626,2.05238
6.112,-0.00189921,1.07151,-0.0124977,2.0465,-0.00189921,1.08535,-0.0128626,2.05238
6.114,-0.00189921,1.07148,-0.0124521,2.0465,-0.00186269,1.08538,-0.012817,2.0523
6.116,-0.00189921,1.07151,-0.0124977,2.0465,-0.00186269,1.08538,-0.0129082,2.05238
6.118,-0.00189921,1.07145,-0.0124977,2.0465,-0.00182617,1.08538,-0.0129082,2.0523
6.12,-0.00189921,1.07145,-0.0124977,2.0465,-0.00182617,1.08535,-0.0128626,2.0523
6.122,-0.00193574,1.07145,-0.0124977,2.0465,-0.00186269,1.08538,-0.0129082,2.0523
6.124,-0.00189921,1.07151,-0.0124977,2.0465,-0.00186269,1.08535,-0.0128626,2.05238
6.126,-0.00189921,1.07151,-0.0124977,2.0465,-0.00186269,1.08535,-0.0128626,2.05238
6.128,-0.00193574,1.07148,-0.0124521,2.0465,-0.00178964,1.08538,-0.0129082,2.05238
6.13,-0.00189921,1.07148,-0.0125433,2.0465,-0.00186269,1.08541,-0.0128626,2.0523
6.132,-0.00193574,1.07148,-0.0125433,2.0465,-0.00182617,1.08541,-0.0128626,2.0523
6.134,-0.00193574,1.07145,-0.0124977,2.0465,-0.00189921,1.08541,-0.0128626,2.0523
6.136,-0.00189921,1.07145,-0.0124977,2.0465,-0.00189921,1.08535,-0.0128626,2.0523
6.138,-0.00189921,1.07148,-0.0125433,2.0465,-0.00182617,1.08535,-0.0128626,2.0523
6.14,-0.00193574,1.07151,-0.0124977,2.0465,-0.00186269,1.08535,-0.0128626,2.0523
6.142,-0.00189921,1.07151,-0.0124977,2.0465,-0.00182617,1.08535,-0.0128626,2.05238
6.144,-0.00189921,1.07148,-0.0124521,2.04642,-0.00186269,1.08538,-0.012817,2.05238
6.146,-0.00189921,1.07148,-0.0125433,2.0465,-0.00189921,1.08538,-0.012817,2.05238
6.148,-0.00189921,1.07145,-0.0124977,2.0465,-0.00186269,1.08541,-0.0128626,2.0523
6.15,-0.00189921,1.07148,-0.0125433,2.0465,-0.00186269,1.08538,-0.012817,2.0523
6.152,-0.00189921,1.07151,-0.0124977,2.0465,-0.00189921,1.08538,-0.0129082,2.05238
6.154,-0.00193574,1.07148,-0.0125433,2.0465,-0.00186269,1.08533,-0.0129082,2.05238
6.156,-0.00193574,1.07148,-0.0125433,2.0465,-0.00186269,1.08533,-0.0129082,2.0523
6.158,-0.00193574,1.07145,-0.0124977,2.0465,-0.00186269,1.08535,-0.0128626,2.0523
6.16,-0.00189921,1.07145,-0.0124977,2.0465,-0.00186269,1.08541,-0.0128626,2.0523
6.162,-0.00189921,1.07145,-0.0124977,2.0465,-0.00186269,1.08535,-0.0128626,2.0523
6.164,-0.00189921,1.07148,-0.0125433,2.0465,-0.00186269,1.08538,-0.012817,2.0523
6.166,-0.00193574,1.07145,-0.0124977,2.0465,-0.00189921,1.08535,-0.0128626,2.0523
6.168,-0.00193574,1.07148,-0.0125433,2.0465,-0.00182617,1.08538,-0.0129082,2.0523
6.17,-0.00189921,1.07148,-0.0125433,2.0465,-0.00186269,1.08535,-0.0128626,2.0523
6.172,-0.00189921,1.07148,-0.0125433,2.0465,-0.00189921,1.08535,-0.0128626,2.05238
6.174,-0.00189921,1.07148,-0.0125433,2.0465,-0.00189921,1.08538,-0.012817,2.0523
6.176,-0.00189921,1.07148,-0.0125433,2.0465,-0.00186269,1.08538,-0.012817,2.0523
6.178,-0.00193574,1.07148,-0.0125433,2.0465,-0.00182617,1.08538,-0.0129082,2.0523
6.18,-0.00189921,1.07145,-0.0124977,2.0465,-0.00189921,1.08538,-0.012817,2.05238
6.182,-0.00189921,1.07151,-0.0124977,2.0465,-0.00189921,1.08538,-0.0129082,2.0523
6.184,-0.00193574,1.07148,-0.0125433,2.0465,-0.00186269,1.08538,-0.0129082,2.05238
6.186,-0.00189921,1.07148,-0.0125433,2.04642,-0.00189921,1.08535,-0.0128626,2.0523
6.188,-0.00189921,1.07145,-0.0124977,2.0465,-0.00186269,1.08535,-0.0128626,2.05238
6.19,-0.00193574,1.07148,-0.0125433,2.0465,-0.00186269,1.08538,-0.0129082,2.0523
6.192,-0.00189921,1.07148,-0.0125433,2.0465,-0.00186269,1.08535,-0.0128626,2.0523
6.194,-0.00189921,1.07148,-0.0125433,2.0465,-0.00182617,1.08538,-0.0129082,2.0523
6.196,-0.00189921,1.07151,-0.0124977,2.0465,-0.00186269,1.08538,-0.012817,2.05238
6.198,-0.00189921,1.07148,-0.0125433,2.0465,-0.00189921,1.08535,-0.0128626,2.05238
6.2,-0.00189921,1.07148,-0.0125433,2.0465,-0.00189921,1.08538,-0.0129082,2.0523
6.202,-0.00193574,1.07148,-0.0125433,2.0465,-0.00186269,1.08538,-0.012817,2.0523
6.204,-0.00189921,1.07148,-0.0125433,2.0465,-0.00186269,1.08535,-0.0128626,2.05238
6.206,-0.00193574,1.07148,-0.0124521,2.0465,-0.00186269,1.08538,-0.012817,2.0523
6.208,-0.00189921,1.07151,-0.0124977,2.0465,-0.00186269,1.08541,-0.0128626,2.0523
6.21,-0.00189921,1.07148,-0.0125433,2.0465,-0.00182617,1.08541,-0.0128626,2.0523
6.212,-0.00189921,1.07148,-0.0125433,2.0465,-0.00186269,1.08538,-0.0129082,2.0523
6.214,-0.00189921,1.07151,-0.0124977,2.0465,-0.00186269,1.08541,-0.0128626,2.05238
6.216,-0.00189921,1.07148,-0.0124521,2.0465,-0.00189921,1.08538,-0.0129082,2.0523
6.218,-0.00193574,1.07148,-0.0124521,2.0465,-0.00182617,1.08541,-0.0128626,2.0523
6.22,-0.00189921,1.07151,-0.0124977,2.0465,-0.00186269,1.08538,-0.012817,2.05238
6.222,-0.00193574,1.07148,-0.0125433,2.04642,-0.00182617,1.08535,-0.0128626,2.0523
6.224,-0.00193574,1.07148,-0.0125433,2.0465,-0.00186269,1.08535,-0.0128626,2.0523
6.226,-0.00189921,1.07151,-0.0124977,2.0465,-0.00186269,1.08538,-0.012817,2.0523
6.228,-0.00189921,1.07148,-0.0124521,2.0465,-0.00186269,1.08535,-0.0128626,2.0523
6.23,-0.00189921,1.07145,-0.0124977,2.0465,-0.00186269,1.08538,-0.0129082,2.0523
6.232,-0.00189921,1.07145,-0.0124977,2.0465,-0.00186269,1.08538,-0.0129082,2.05238
6.234,-0.00189921,1.07148,-0.0125433,2.0465,-0.00186269,1.08541,-0.0128626,2.05238
6.236,-0.00189921,1.07151,-0.0124977,2.0465,-0.00186269,1.08535,-0.0128626,2.0523
6.238,-0.00189921,1.07148,-0.0125433,2.0465,-0.00182617,1.08538,-0.012817,2.0523
6.24,-0.00189921,1.07148,-0.0125433,2.0465,-0.00189921,1.08535,-0.0128626,2.0523
6.242,-0.00189921,1.07151,-0.0124977,2.0465,-0.00186269,1.08535,-0.0128626,2.0523
6.244,-0.00189921,1.07148,-0.0125433,2.0465,-0.00186269,1.08541,-0.0128626,2.0523
6.246,-0.00189921,1.07145,-0.0124977,2.0465,-0.00189921,1.08541,-0.0128626,2.0523
6.248,-0.00189921,1.07145,-0.0124977,2.0465,-0.00186269,1.08538,-0.0129082,2.0523
6.25,-0.00189921,1.07148,-0.0125433,2.0465,-0.00189921,1.08535,-0.0128626,2.0523
6.252,-0.00193574,1.07148,-0.0125433,2.0465,-0.00186269,1.08538,-0.012817,2.0523
6.254,-0.00193574,1.07148,-0.0125433,2.0465,-0.00182617,1.08538,-0.012817,2.0523
6.256,-0.00193574,1.07148,-0.0125433,2.04642,-0.00186269,1.08541,-0.0128626,2.0523
6.258,-0.00193574,1.07148,-0.0125433,2.0465,-0.00186269,1.08535,-0.0128626,2.0523
6.26,-0.00189921,1.07145,-0.0124977,2.0465,-0.00186269,1.08538,-0.0129082,2.0523
6.262,-0.00189921,1.07148,-0.0124521,2.04642,-0.00182617,1.08541,-0.0128626,2.0523
6.264,-0.00189921,1.07151,-0.0124977,2.0465,-0.00186269,1.08535,-0.0128626,2.0523
6.266,-0.00193574,1.07148,-0.0125433,2.0465,-0.00186269,1.08538,-0.0129082,2.0523
6.268,-0.00193574,1.07148,-0.0125433,2.0465,-0.00189921,1.08541,-0.0128626,2.0523
6.27,-0.00189921,1.07148,-0.0125433,2.0465,-0.00186269,1.08538,-0.012817,2.0523
6.272,-0.00193574,1.07145,-0.0124977,2.0465,-0.00189921,1.08538,-0.0129082,2.0523
6.274,-0.00189921,1.07145,-0.0124977,2.0465,-0.00182617,1.08538,-0.0129082,2.0523
6.276,-0.00189921,1.07148,-0.0125433,2.0465,-0.00186269,1.08538,-0.012817,2.0523
6.278,-0.00189921,1.07151,-0.0124977,2.0465,-0.00186269,1.08535,-0.0128626,2.05238
6.28,-0.00189921,1.07151,-0.0124977,2.0465,-0.00186269,1.08538,-0.0129082,2.0523
6.282,-0.00193574,1.07151,-0.0124977,2.0465,-0.00189921,1.08535,-0.0128626,2.0523
6.284,-0.00193574,1.07148,-0.0125433,2.0465,-0.00189921,1.08541,-0.0128626,2.0523
6.286,-0.00193574,1.07145,-0.0124977,2.0465,-0.00189921,1.08541,-0.0128626,2.05238
6.288,-0.00189921,1.07148,-0.0125433,2.0465,-0.00186269,1.08538,-0.012817,2.05238
6.29,-0.00189921,1.07151,-0.0124977,2.0465,-0.00186269,1.08535,-0.0128626,2.0523
6.292,-0.00193574,1.07148,-0.0125433,2.0465,-0.00189921,1.08535,-0.0128626,2.0523
6.294,-0.00189921,1.07151,-0.0124977,2.0465,-0.00186269,1.08538,-0.012817,2.0523
6.296,-0.00193574,1.07151,-0.0124977,2.0465,-0.00186269,1.08535,-0.0128626,2.0523
6.298,-0.00189921,1.07148,-0.0125433,2.0465,-0.00186269,1.08538,-0.0129082,2.0523
6.3,-0.00189921,1.07145,-0.0124977,2.0465,-0.00189921,1.08541,-0.0128626,2.05238
6.302,-0.00193574,1.07145,-0.0124977,2.0465,-0.00186269,1.08538,-0.012817,2.0523
6.304,-0.00189921,1.07148,-0.0125433,2.0465,-0.00186269,1.08538,-0.012817,2.05238
6.306,-0.00189921,1.07148,-0.0125433,2.0465,-0.00186269,1.08538,-0.012817,2.05221
6.308,-0.00189921,1.07148,-0.0125433,2.0465,-0.00186269,1.08535,-0.0128626,2.0523
6.31,-0.00189921,1.07151,-0.0124977,2.0465,-0.00186269,1.08541,-0.0128626,2.0523
6.312,-0.00189921,1.07145,-0.0124977,2.0465,-0.00186269,1.08541,-0.0128626,2.0523
6.314,-0.00189921,1.07145,-0.0124977,2.0465,-0.00182617,1.08535,-0.0128626,2.0523
6.316,-0.00189921,1.07148,-0.0125433,2.0465,-0.00186269,1.08538,-0.0129082,2.0523
6.318,-0.00193574,1.07148,-0.0125433,2.0465,-0.00189921,1.08538,-0.012817,2.05238
6.32,-0.00189921,1.07148,-0.0125433,2.0465,-0.00182617,1.08538,-0.012817,2.0523
6.322,-0.00189921,1.07148,-0.0124521,2.0465,-0.00186269,1.08535,-0.0128626,2.0523
6.324,-0.00189921,1.07148,-0.0125433,2.0465,-0.00182617,1.08535,-0.0128626,2.05221
6.326,-0.00193574,1.07148,-0.0125433,2.0465,-0.00186269,1.08535,-0.0128626,2.0523
6.328,-0.00189921,1.07148,-0.0125433,2.0465,-0.00182617,1.08538,-0.0129082,2.0523
6.33,-0.00193574,1.07145,-0.0124977,2.04642,-0.00182617,1.08538,-0.012817,2.05238
6.332,-0.00193574,1.07145,-0.0124977,2.04642,-0.00186269,1.08538,-0.0129082,2.0523
6.334,-0.00189921,1.07148,-0.0125433,2.04642,-0.00186269,1.08538,-0.012817,2.05238
6.336,-0.00189921,1.07148,-0.0125433,2.0465,-0.00186269,1.08535,-0.0128626,2.0523
6.338,-0.00189921,1.07151,-0.0124977,2.0465,-0.00186269,1.08535,-0.0128626,2.0523
6.34,-0.00189921,1.07148,-0.0125433,2.0465,-0.00182617,1.08541,-0.0128626,2.0523
6.342,-0.00193574,1.07148,-0.0125433,2.0465,-0.00186269,1.08535,-0.0128626,2.0523
6.344,-0.00189921,1.07145,-0.0124977,2.0465,-0.00189921,1.08538,-0.0129082,2.0523
6.346,-0.00189921,1.07148,-0.0125433,2.04642,-0.00182617,1.08541,-0.0128626,2.05238
6.348,-0.00189921,1.07151,-0.0124977,2.04642,-0.00189921,1.08538,-0.012817,2.0523
6.35,-0.00189921,1.07148,-0.0125433,2.04642,-0.00186269,1.08535,-0.0128626,2.0523
6.352,-0.00189921,1.07151,-0.0124977,2.0465,-0.00186269,1.08538,-0.012817,2.0523
6.354,-0.00189921,1.07148,-0.0124521,2.0465,-0.00186269,1.08538,-0.0129082,2.05238
6.356,-0.00189921,1.07151,-0.0124977,2.0465,-0.00186269,1.08538,-0.0129082,2.05238
6.358,-0.00189921,1.07151,-0.0124977,2.0465,-0.00182617,1.08541,-0.0128626,2.0523
6.36,-0.00189921,1.07151,-0.0124977,2.0465,-0.00186269,1.08538,-0.012817,2.05238
6.362,-0.00193574,1.07151,-0.0124977,2.0465,-0.00186269,1.08538,-0.012817,2.0523
6.364,-0.00189921,1.07148,-0.0125433,2.04642,-0.00186269,1.08538,-0.012817,2.0523
6.366,-0.00189921,1.07148,-0.0125433,2.0465,-0.00182617,1.08538,-0.012817,2.05221
6.368,-0.00189921,1.07148,-0.0124521,2.0465,-0.00186269,1.08535,-0.0128626,2.05238
6.37,-0.00189921,1.07145,-0.0124977,2.0465,-0.00182617,1.08535,-0.0128626,2.05238
6.372,-0.00189921,1.07145,-0.0124977,2.0465,-0.00186269,1.08535,-0.0128626,2.05238
6.374,-0.00189921,1.07145,-0.0124977,2.0465,-0.00186269,1.08538,-0.012817,2.0523
6.376,-0.00189921,1.07148,-0.0125433,2.0465,-0.00186269,1.08538,-0.012817,2.0523
6.378,-0.00189921,1.07145,-0.0124977,2.0465,-0.00186269,1.08535,-0.0128626,2.0523
6.38,-0.00189921,1.07145,-0.0124977,2.0465,-0.00186269,1.08541,-0.0128626,2.05238
6.382,-0.00189921,1.07145,-0.0124977,2.0465,-0.00189921,1.08538,-0.012817,2.05238
6.384,-0.00193574,1.07148,-0.0125433,2.04659,-0.00186269,1.08538,-0.012817,2.0523
6.386,-0.00193574,1.07151,-0.0124977,2.0465,-0.00186269,1.08541,-0.0128626,2.0523
6.388,-0.00189921,1.07151,-0.0124977,2.0465,-0.00186269,1.08535,-0.0128626,2.0523
6.39,-0.00193574,1.07151,-0.0124977,2.0465,-0.00186269,1.08535,-0.0128626,2.0523
6.392,-0.00193574,1.07145,-0.0124977,2.0465,-0.00186269,1.08541,-0.0128626,2.0523
6.394,-0.00193574,1.07148,-0.0125433,2.0465,-0.00189921,1.08541,-0.0128626,2.05238
6.396,-0.00189921,1.07148,-0.0125433,2.0465,-0.00182617,1.08538,-0.012817,2.0523
6.398,-0.00189921,1.07145,-0.0124977,2.0465,-0.00189921,1.08535,-0.0128626,2.0523
6.4,-0.00189921,1.07148,-0.0125433,2.0465,-0.00189921,1.08535,-0.0128626,2.0523
6.402,-0.00189921,1.07151,-0.0124977,2.0465,-0.00186269,1.08535,-0.0128626,2.0523
6.404,-0.00189921,1.07151,-0.0124977,2.0465,-0.00186269,1.08541,-0.0128626,2.0523
6.406,-0.00193574,1.07151,-0.0124977,2.0465,-0.00189921,1.08538,-0.0129082,2.05238
6.408,-0.00193574,1.07148,-0.0125433,2.0465,-0.00189921,1.08541,-0.0128626,2.0523
6.41,-0.00193574,1.07151,-0.0124977,2.0465,-0.00186269,1.08538,-0.012817,2.05238
6.412,-0.00193574,1.07148,-0.0125433,2.04642,-0.00189921,1.08538,-0.012817,2.0523
6.414,-0.00193574,1.07151,-0.0124977,2.0465,-0.00186269,1.08535,-0.0128626,2.0523
6.416,-0.00193574,1.07151,-0.0124977,2.0465,-0.00186269,1.08535,-0.0128626,2.0523
6.418,-0.00189921,1.07151,-0.0124977,2.0465,-0.00186269,1.08535,-0.0128626,2.0523
6.42,-0.00189921,1.07145,-0.0124977,2.0465,-0.00186269,1.08538,-0.012817,2.0523
6.422,-0.00189921,1.07145,-0.0124977,2.0465,-0.00186269,1.08535,-0.0128626,2.0523
6.424,-0.00189921,1.07151,-0.0124977,2.0465,-0.00186269,1.08541,-0.0128626,2.0523
6.426,-0.00189921,1.07148,-0.0125433,2.0465,-0.00186269,1.08538,-0.012817,2.0523
6.428,-0.00189921,1.07151,-0.0124977,2.0465,-0.00189921,1.08535,-0.0128626,2.05238
6.43,-0.00189921,1.07148,-0.0125433,2.0465,-0.00186269,1.08535,-0.0128626,2.0523
6.432,-0.00189921,1.07148,-0.0125433,2.0465,-0.00189921,1.08535,-0.0128626,2.0523
6.434,-0.00193574,1.07151,-0.0124977,2.0465,-0.00186269,1.08535,-0.0128626,2.0523
6.436,-0.00189921,1.07148,-0.0125433,2.0465,-0.00186269,1.08535,-0.0128626,2.05238
6.438,-0.00193574,1.07148,-0.0125433,2.0465,-0.00186269,1.08535,-0.0128626,2.0523
6.44,-0.00189921,1.07145,-0.0124977,2.0465,-0.00189921,1.08538,-0.0129082,2.0523
6.442,-0.00189921,1.07145,-0.0124977,2.0465,-0.00186269,1.08538,-0.012817,2.0523
6.444,-0.00193574,1.07148,-0.0125433,2.0465,-0.00182617,1.08541,-0.0128626,2.05238
6.446,-0.00189921,1.07148,-0.0125433,2.0465,-0.00186269,1.08535,-0.0128626,2.0523
6.448,-0.00193574,1.07151,-0.0124977,2.0465,-0.00186269,1.08538,-0.012817,2.0523
6.45,-0.00189921,1.07145,-0.0124977,2.0465,-0.00186269,1.08535,-0.0129538,2.0523
6.452,-0.00189921,1.07151,-0.0124977,2.0465,-0.00182617,1.08541,-0.0128626,2.05238
6.454,-0.00193574,1.07151,-0.0124977,2.0465,-0.00189921,1.08541,-0.0128626,2.0523
6.456,-0.00193574,1.07145,-0.0124977,2.0465,-0.00186269,1.08538,-0.012817,2.0523
6.458,-0.00189921,1.07148,-0.0125433,2.04642,-0.00186269,1.08535,-0.0128626,2.0523
6.46,-0.00189921,1.07148,-0.0125433,2.0465,-0.00186269,1.08535,-0.0128626,2.0523
6.462,-0.00193574,1.07148,-0.0125433,2.0465,-0.00186269,1.08538,-0.012817,2.05238
6.464,-0.00189921,1.07148,-0.0125433,2.0465,-0.00186269,1.08535,-0.0128626,2.0523
6.466,-0.00189921,1.07148,-0.0124521,2.0465,-0.00186269,1.08538,-0.012817,2.0523
6.468,-0.00189921,1.07148,-0.0125433,2.0465,-0.00189921,1.08541,-0.0128626,2.0523
6.47,-0.00189921,1.07148,-0.0124521,2.0465,-0.00186269,1.08538,-0.0129082,2.0523
6.472,-0.00193574,1.07148,-0.0124521,2.0465,-0.00182617,1.08538,-0.0129082,2.0523
6.474,-0.00189921,1.07148,-0.0125433,2.0465,-0.00186269,1.08541,-0.0128626,2.0523
6.476,-0.00189921,1.07151,-0.0124977,2.0465,-0.00186269,1.08538,-0.012817,2.0523
6.478,-0.00189921,1.07148,-0.0125433,2.0465,-0.00186269,1.08538,-0.012817,2.0523
6.48,-0.00189921,1.07148,-0.0125433,2.0465,-0.00186269,1.08538,-0.0129082,2.0523
6.482,-0.00189921,1.07145,-0.0124977,2.04659,-0.00186269,1.08535,-0.0128626,2.0523
6.484,-0.00189921,1.07148,-0.0125433,2.0465,-0.00189921,1.08538,-0.0129082,2.0523
6.486,-0.00189921,1.07151,-0.0124977,2.0465,-0.00186269,1.08538,-0.0129082,2.0523
6.488,-0.00189921,1.07148,-0.0125433,2.0465,-0.00186269,1.08541,-0.0128626,2.0523
6.49,-0.00193574,1.07148,-0.0125433,2.0465,-0.00186269,1.08541,-0.0128626,2.0523
6.492,-0.00193574,1.07148,-0.0125433,2.0465,-0.00186269,1.08541,-0.0127714,2.0523
6.494,-0.00193574,1.07148,-0.0125433,2.04642,-0.00186269,1.08538,-0.012817,2.0523
6.496,-0.00193574,1.07151,-0.0124977,2.0465,-0.00186269,1.08538,-0.012817,2.0523
6.498,-0.00189921,1.07151,-0.0124977,2.0465,-0.00186269,1.08538,-0.0129082,2.0523
6.5,-0.00189921,1.07148,-0.0124521,2.04642,-0.00186269,1.08535,-0.0128626,2.0523
6.502,-0.00189921,1.07145,-0.0124977,2.04642,-0.00186269,1.08541,-0.0128626,2.0523
6.504,-0.00189921,1.07145,-0.0124977,2.0465,-0.00186269,1.08541,-0.0128626,2.0523
6.506,-0.00193574,1.07145,-0.0124977,2.0465,-0.00186269,1.08541,-0.0128626,2.0523
6.508,-0.00193574,1.07148,-0.0125433,2.04642,-0.00186269,1.08538,-0.012817,2.0523
6.51,-0.00193574,1.07148,-0.0125433,2.0465,-0.00186269,1.08535,-0.0128626,2.0523
6.512,-0.00193574,1.07151,-0.0124977,2.0465,-0.00186269,1.08538,-0.012817,2.0523
6.514,-0.00193574,1.07151,-0.0124977,2.0465,-0.00182617,1.08535,-0.0128626,2.0523
6.516,-0.00189921,1.07148,-0.0124521,2.0465,-0.00189921,1.08541,-0.0128626,2.0523
6.518,-0.00189921,1.07145,-0.0124977,2.0465,-0.00189921,1.08538,-0.0129082,2.0523
6.52,-0.00189921,1.07148,-0.0125433,2.0465,-0.00186269,1.08541,-0.0128626,2.05238
6.522,-0.00189921,1.07148,-0.0125433,2.0465,-0.00182617,1.08538,-0.012817,2.0523
6.524,-0.00189921,1.07151,-0.0124977,2.0465,-0.00182617,1.08535,-0.0128626,2.0523
6.526,-0.00193574,1.07148,-0.0125433,2.04659,-0.00186269,1.08538,-0.012817,2.0523
6.528,-0.00193574,1.07148,-0.0125433,2.04659,-0.00186269,1.08538,-0.012817,2.0523
6.53,-0.00189921,1.07151,-0.0124977,2.04659,-0.00186269,1.08535,-0.0128626,2.0523
6.532,-0.00189921,1.07145,-0.0124977,2.0465,-0.00186269,1.08541,-0.0128626,2.05238
6.534,-0.00189921,1.07145,-0.0124977,2.0465,-0.00189921,1.08535,-0.0128626,2.05238
6.536,-0.00189921,1.07151,-0.0124977,2.04642,-0.00186269,1.08538,-0.0129082,2.0523
6.538,-0.00189921,1.07148,-0.0125433,2.0465,-0.00186269,1.08538,-0.012817,2.0523
6.54,-0.00189921,1.07151,-0.0124977,2.0465,-0.00186269,1.08535,-0.0128626,2.0523
6.542,-0.00193574,1.07151,-0.0124977,2.0465,-0.00186269,1.08535,-0.0128626,2.0523
6.544,-0.00193574,1.07145,-0.0124977,2.0465,-0.00186269,1.08538,-0.012817,2.0523
6.546,-0.00189921,1.07148,-0.0125433,2.04642,-0.00189921,1.08538,-0.0129082,2.05238
6.548,-0.00193574,1.07151,-0.0124977,2.0465,-0.00186269,1.08538,-0.012817,2.05238
6.55,-0.00189921,1.07151,-0.0124977,2.0465,-0.00189921,1.08538,-0.012817,2.05238
6.552,-0.00189921,1.07148,-0.0125433,2.0465,-0.00189921,1.08538,-0.0129082,2.0523
6.554,-0.00189921,1.07148,-0.0125433,2.0465,-0.00186269,1.08538,-0.012817,2.0523
6.556,-0.00189921,1.07148,-0.0125433,2.0465,-0.00186269,1.08538,-0.0129082,2.0523
6.558,-0.00189921,1.07145,-0.0124977,2.0465,-0.00186269,1.08541,-0.0128626,2.0523
6.56,-0.00193574,1.07148,-0.0125433,2.0465,-0.00186269,1.08535,-0.0128626,2.0523
6.562,-0.00189921,1.07148,-0.0124521,2.0465,-0.00189921,1.08541,-0.0128626,2.0523
6.564,-0.00193574,1.07148,-0.0125433,2.0465,-0.00186269,1.08538,-0.012817,2.0523
6.566,-0.00189921,1.07145,-0.0124977,2.0465,-0.00182617,1.08538,-0.0129082,2.0523
6.568,-0.00189921,1.07145,-0.0124977,2.0465,-0.00186269,1.08535,-0.0128626,2.0523
6.57,-0.00189921,1.07148,-0.0125433,2.0465,-0.00189921,1.08541,-0.0128626,2.0523
6.572,-0.00189921,1.07145,-0.0124977,2.0465,-0.00189921,1.08538,-0.012817,2.05238
6.574,-0.00193574,1.07148,-0.0124521,2.0465,-0.00186269,1.08538,-0.0129082,2.0523
6.576,-0.00193574,1.07145,-0.0124977,2.0465,-0.00186269,1.08538,-0.012817,2.0523
6.578,-0.00193574,1.07148,-0.0125433,2.0465,-0.00186269,1.08538,-0.012817,2.0523
6.58,-0.00193574,1.07151,-0.0124977,2.0465,-0.00186269,1.08535,-0.0128626,2.0523
6.582,-0.00193574,1.07148,-0.0124521,2.0465,-0.00186269,1.08541,-0.0128626,2.0523
6.584,-0.00189921,1.07148,-0.0124521,2.0465,-0.00189921,1.08538,-0.012817,2.0523
6.586,-0.00189921,1.07145,-0.0124977,2.0465,-0.00186269,1.08538,-0.012817,2.0523
6.588,-0.00189921,1.07148,-0.0124521,2.0465,-0.00189921,1.08541,-0.0128626,2.0523
6.59,-0.00189921,1.07151,-0.0124977,2.0465,-0.00186269,1.08538,-0.012817,2.0523
6.592,-0.00189921,1.07151,-0.0124977,2.0465,-0.00186269,1.08541,-0.0128626,2.0523
6.594,-0.00193574,1.07151,-0.0124977,2.0465,-0.00186269,1.08535,-0.0128626,2.0523
6.596,-0.00193574,1.07148,-0.0125433,2.0465,-0.00189921,1.08541,-0.0128626,2.0523
6.598,-0.00189921,1.07148,-0.0125433,2.0465,-0.00182617,1.08541,-0.0128626,2.05238
6.6,-0.00189921,1.07148,-0.0124521,2.0465,-0.00186269,1.08535,-0.0128626,2.05238
6.602,-0.00189921,1.07151,-0.0124977,2.0465,-0.00186269,1.08538,-0.012817,2.05238
6.604,-0.00189921,1.07148,-0.0125433,2.0465,-0.00186269,1.08535,-0.0128626,2.0523
6.606,-0.00189921,1.07145,-0.0124977,2.04642,-0.00186269,1.08538,-0.012817,2.0523
6.608,-0.00193574,1.07148,-0.0125433,2.04642,-0.00186269,1.08538,-0.012817,2.0523
6.61,-0.00189921,1.07151,-0.0124977,2.0465,-0.00189921,1.08538,-0.012817,2.0523
6.612,-0.00189921,1.07148,-0.0125433,2.0465,-0.00186269,1.08538,-0.012817,2.05238
6.614,-0.00193574,1.07151,-0.0124977,2.0465,-0.00186269,1.08538,-0.012817,2.05238
6.616,-0.00189921,1.07145,-0.0124977,2.04659,-0.00186269,1.08538,-0.0129082,2.0523
6.618,-0.00189921,1.07151,-0.0124977,2.0465,-0.00186269,1.08541,-0.0128626,2.0523
6.62,-0.00193574,1.07151,-0.0124977,2.0465,-0.00186269,1.08538,-0.0129082,2.0523
6.622,-0.00189921,1.07148,-0.0125433,2.0465,-0.00186269,1.08541,-0.0128626,2.0523
6.624,-0.00189921,1.07145,-0.0124977,2.0465,-0.00186269,1.08535,-0.0128626,2.0523
6.626,-0.00189921,1.07148,-0.0125433,2.0465,-0.00186269,1.08538,-0.012817,2.05238
6.628,-0.00189921,1.07145,-0.0124977,2.0465,-0.00186269,1.08538,-0.012817,2.0523
6.63,-0.00189921,1.07151,-0.0124977,2.0465,-0.00186269,1.08541,-0.0128626,2.05238
6.632,-0.00189921,1.07145,-0.0124977,2.0465,-0.00186269,1.08535,-0.0128626,2.0523
6.634,-0.00189921,1.07145,-0.0124977,2.0465,-0.00182617,1.08538,-0.0129082,2.0523
6.636,-0.00193574,1.07148,-0.0125433,2.0465,-0.00186269,1.08541,-0.0128626,2.0523
6.638,-0.00189921,1.07148,-0.0125433,2.0465,-0.00186269,1.08538,-0.012817,2.0523
6.64,-0.00189921,1.07145,-0.0124977,2.0465,-0.00189921,1.08538,-0.0129082,2.05238
6.642,-0.00189921,1.07148,-0.0125433,2.04642,-0.00182617,1.08535,-0.0128626,2.0523
6.644,-0.00189921,1.07151,-0.0124977,2.0465,-0.00189921,1.08535,-0.0128626,2.0523
6.646,-0.00193574,1.07151,-0.0124977,2.04642,-0.00182617,1.08535,-0.0128626,2.05238
6.648,-0.00193574,1.07151,-0.0124977,2.0465,-0.00182617,1.08535,-0.0128626,2.05238
6.65,-0.00193574,1.07148,-0.0124521,2.0465,-0.00182617,1.08535,-0.0128626,2.0523
6.652,-0.00189921,1.07148,-0.0125433,2.0465,-0.00186269,1.08538,-0.012817,2.0523
6.654,-0.00189921,1.07145,-0.0124977,2.0465,-0.00182617,1.08535,-0.0128626,2.0523
6.656,-0.00189921,1.07148,-0.0125433,2.0465,-0.00189921,1.08538,-0.0129082,2.0523
6.658,-0.00189921,1.07148,-0.0125433,2.0465,-0.00182617,1.08535,-0.0128626,2.0523
6.66,-0.00189921,1.07145,-0.0124977,2.0465,-0.00186269,1.08538,-0.0129082,2.0523
6.662,-0.00189921,1.07145,-0.0124977,2.0465,-0.00189921,1.08538,-0.012817,2.0523
6.664,-0.00193574,1.07148,-0.0125433,2.0465,-0.00189921,1.08535,-0.0128626,2.0523
6.666,-0.00193574,1.07148,-0.0125433,2.0465,-0.00186269,1.08535,-0.0128626,2.0523
6.668,-0.00193574,1.07145,-0.0124977,2.0465,-0.00189921,1.08538,-0.012817,2.0523
6.67,-0.00193574,1.07148,-0.0125433,2.0465,-0.00186269,1.08538,-0.0129082,2.05238
6.672,-0.00189921,1.07151,-0.0124977,2.0465,-0.00182617,1.08538,-0.0129082,2.0523
6.674,-0.00189921,1.07148,-0.0125433,2.0465,-0.00186269,1.08535,-0.0128626,2.0523
6.676,-0.00189921,1.07145,-0.0124977,2.0465,-0.00186269,1.08535,-0.0128626,2.0523
6.678,-0.00193574,1.07145,-0.0124977,2.0465,-0.00186269,1.08541,-0.0128626,2.0523
6.68,-0.00193574,1.07148,-0.0125433,2.0465,-0.00182617,1.08535,-0.0128626,2.0523
6.682,-0.00193574,1.07148,-0.0124521,2.0465,-0.00189921,1.08535,-0.0128626,2.05238
6.684,-0.00193574,1.07148,-0.0124521,2.0465,-0.00186269,1.08538,-0.012817,2.05238
6.686,-0.00189921,1.07148,-0.0124521,2.0465,-0.00186269,1.08538,-0.012817,2.0523
6.688,-0.00189921,1.07151,-0.0124977,2.0465,-0.00186269,1.08541,-0.0128626,2.0523
6.69,-0.00189921,1.07151,-0.0124977,2.0465,-0.00186269,1.08541,-0.0128626,2.0523
6.692,-0.00189921,1.07148,-0.0125433,2.0465,-0.00186269,1.08538,-0.0129082,2.05238
6.694,-0.00193574,1.07151,-0.0124977,2.0465,-0.00186269,1.08541,-0.0128626,2.05238
6.696,-0.00193574,1.07151,-0.0124977,2.0465,-0.00186269,1.08535,-0.0128626,2.0523
6.698,-0.00189921,1.07151,-0.0124977,2.0465,-0.00186269,1.08535,-0.0128626,2.0523
6.7,-0.00193574,1.07148,-0.0125433,2.0465,-0.00182617,1.08538,-0.012817,2.0523
6.702,-0.00189921,1.07148,-0.0125433,2.0465,-0.00186269,1.08541,-0.0128626,2.05238
6.704,-0.00189921,1.07148,-0.0125433,2.0465,-0.00182617,1.08541,-0.0128626,2.05238
6.706,-0.00189921,1.07151,-0.0124977,2.0465,-0.00189921,1.08538,-0.012817,2.0523
6.708,-0.00189921,1.07148,-0.0124521,2.0465,-0.00186269,1.08538,-0.0129082,2.0523
6.71,-0.00193574,1.07148,-0.0125433,2.04642,-0.00186269,1.08538,-0.0129082,2.05238
6.712,-0.00189921,1.07148,-0.0125433,2.04642,-0.00186269,1.08541,-0.0128626,2.0523
6.714,-0.00193574,1.07151,-0.0124977,2.04642,-0.00182617,1.08535,-0.0128626,2.0523
6.716,-0.00193574,1.07148,-0.0125433,2.0465,-0.00186269,1.08535,-0.0128626,2.0523
6.718,-0.00193574,1.07151,-0.0124977,2.0465,-0.00186269,1.08538,-0.012817,2.0523
6.72,-0.00189921,1.07148,-0.0125433,2.0465,-0.00186269,1.08538,-0.0129082,2.05238
6.722,-0.00189921,1.07148,-0.0125433,2.0465,-0.00189921,1.08538,-0.0129082,2.05238
6.724,-0.00189921,1.07148,-0.0125433,2.0465,-0.00186269,1.08541,-0.0128626,2.0523
6.726,-0.00189921,1.07148,-0.0125433,2.0465,-0.00186269,1.08538,-0.012817,2.0523
6.728,-0.00189921,1.07148,-0.0125433,2.0465,-0.00186269,1.08535,-0.0128626,2.0523
6.73,-0.00193574,1.07148,-0.0125433,2.0465,-0.00186269,1.08538,-0.012817,2.0523
6.732,-0.00193574,1.07151,-0.0124977,2.0465,-0.00186269,1.08535,-0.0128626,2.0523
6.734,-0.00193574,1.07151,-0.0124977,2.0465,-0.00182617,1.08535,-0.0128626,2.05238
6.736,-0.00189921,1.07145,-0.0124977,2.0465,-0.00189921,1.08535,-0.0128626,2.05238
6.738,-0.00189921,1.07145,-0.0124977,2.0465,-0.00189921,1.08538,-0.0129082,2.05238
6.74,-0.00189921,1.07145,-0.0124977,2.0465,-0.00189921,1.08538,-0.012817,2.0523
6.742,-0.00189921,1.07148,-0.0125433,2.0465,-0.00186269,1.08535,-0.0128626,2.0523
6.744,-0.00189921,1.07148,-0.0125433,2.0465,-0.00182617,1.08535,-0.0128626,2.0523
6.746,-0.00193574,1.07151,-0.0124977,2.0465,-0.00186269,1.08535,-0.0128626,2.0523
6.748,-0.00193574,1.07148,-0.0125433,2.04659,-0.00182617,1.08535,-0.0128626,2.0523
6.75,-0.00189921,1.07148,-0.0124521,2.0465,-0.00182617,1.08538,-0.012817,2.0523
6.752,-0.00189921,1.07145,-0.0124977,2.0465,-0.00186269,1.08538,-0.012817,2.05238
6.754,-0.00189921,1.07148,-0.0125433,2.0465,-0.00186269,1.08541,-0.0128626,2.0523
6.756,-0.00189921,1.07148,-0.0125433,2.0465,-0.00182617,1.08538,-0.012817,2.0523
6.758,-0.00189921,1.07145,-0.0124977,2.0465,-0.00189921,1.08535,-0.0128626,2.0523
6.76,-0.00189921,1.07148,-0.0124521,2.0465,-0.00186269,1.08535,-0.0128626,2.0523
6.762,-0.00193574,1.07151,-0.0124977,2.0465,-0.00189921,1.08535,-0.0128626,2.0523
6.764,-0.00189921,1.07145,-0.0124977,2.0465,-0.00186269,1.08535,-0.0128626,2.0523
6.766,-0.00193574,1.07148,-0.0125433,2.0465,-0.00186269,1.08538,-0.012817,2.0523
6.768,-0.00193574,1.07151,-0.0124977,2.0465,-0.00182617,1.08538,-0.0129082,2.0523
6.77,-0.00193574,1.07145,-0.0124977,2.0465,-0.00186269,1.08535,-0.0128626,2.0523
6.772,-0.00189921,1.07148,-0.0125433,2.0465,-0.00186269,1.08538,-0.012817,2.0523
6.774,-0.00189921,1.07148,-0.0124521,2.0465,-0.00182617,1.08535,-0.0128626,2.0523
6.776,-0.00189921,1.07148,-0.0125433,2.04659,-0.00186269,1.08538,-0.012817,2.05238
6.778,-0.00189921,1.07148,-0.0125433,2.0465,-0.00182617,1.08535,-0.0128626,2.0523
6.78,-0.00189921,1.07148,-0.0125433,2.0465,-0.00186269,1.08538,-0.012817,2.0523
6.782,-0.00189921,1.07148,-0.0125433,2.0465,-0.00186269,1.08541,-0.0128626,2.0523
6.784,-0.00193574,1.07148,-0.0125433,2.0465,-0.00189921,1.08535,-0.0128626,2.0523
6.786,-0.00189921,1.07151,-0.0124977,2.04642,-0.00186269,1.08541,-0.0128626,2.0523
6.788,-0.00193574,1.07148,-0.0125433,2.0465,-0.00186269,1.08535,-0.0128626,2.0523
6.79,-0.00189921,1.07151,-0.0124977,2.0465,-0.00186269,1.08535,-0.0128626,2.0523
6.792,-0.00189921,1.07148,-0.0124521,2.0465,-0.00186269,1.08535,-0.0128626,2.0523
6.794,-0.00189921,1.07145,-0.0124977,2.0465,-0.00186269,1.08535,-0.0128626,2.0523
6.796,-0.00189921,1.07145,-0.0124977,2.0465,-0.00186269,1.08538,-0.012817,2.0523
6.798,-0.00189921,1.07148,-0.0125433,2.0465,-0.00189921,1.08535,-0.0128626,2.0523
6.8,-0.00189921,1.07148,-0.0125433,2.0465,-0.00189921,1.08535,-0.0128626,2.05238
6.802,-0.00189921,1.07148,-0.0124521,2.0465,-0.00182617,1.08535,-0.0128626,2.0523
6.804,-0.00189921,1.07148,-0.0125433,2.0465,-0.00186269,1.08535,-0.0128626,2.0523
6.806,-0.00189921,1.07148,-0.0125433,2.0465,-0.00186269,1.08535,-0.0128626,2.0523
6.808,-0.00193574,1.07145,-0.0124977,2.0465,-0.00189921,1.08538,-0.012817,2.0523
6.81,-0.00193574,1.07151,-0.0124977,2.0465,-0.00189921,1.08541,-0.0128626,2.0523
6.812,-0.00189921,1.07151,-0.0124977,2.0465,-0.00186269,1.08538,-0.012817,2.0523
6.814,-0.00189921,1.07145,-0.0124977,2.0465,-0.00186269,1.08538,-0.012817,2.05238
6.816,-0.00189921,1.07148,-0.0125433,2.0465,-0.00186269,1.08535,-0.0128626,2.0523
6.818,-0.00189921,1.07151,-0.0124977,2.0465,-0.00186269,1.08535,-0.0128626,2.0523
6.82,-0.00189921,1.07148,-0.0125433,2.0465,-0.00186269,1.08538,-0.012817,2.0523
6.822,-0.00189921,1.07145,-0.0124977,2.0465,-0.00182617,1.08541,-0.0128626,2.0523
6.824,-0.00193574,1.07145,-0.0124977,2.0465,-0.00189921,1.08538,-0.012817,2.0523
6.826,-0.00193574,1.07151,-0.0124977,2.0465,-0.00186269,1.08541,-0.0128626,2.0523
6.828,-0.00189921,1.07151,-0.0124977,2.0465,-0.00186269,1.08535,-0.0128626,2.0523
6.83,-0.00189921,1.07151,-0.0124977,2.0465,-0.00186269,1.08538,-0.012817,2.0523
6.832,-0.00189921,1.07151,-0.0124977,2.0465,-0.00189921,1.08541,-0.0128626,2.0523
6.834,-0.00189921,1.07148,-0.0125433,2.0465,-0.00186269,1.08538,-0.012817,2.0523
6.836,-0.00189921,1.07148,-0.0125433,2.0465,-0.00182617,1.08535,-0.0128626,2.0523
6.838,-0.00189921,1.07148,-0.0125433,2.0465,-0.00189921,1.08538,-0.0129082,2.0523
6.84,-0.00189921,1.07148,-0.0125433,2.0465,-0.00186269,1.08535,-0.0128626,2.0523
6.842,-0.00189921,1.07148,-0.0125433,2.0465,-0.00186269,1.08535,-0.0128626,2.0523
6.844,-0.00193574,1.07148,-0.0125433,2.0465,-0.00186269,1.08538,-0.012817,2.0523
6.846,-0.00189921,1.07148,-0.0125433,2.0465,-0.00186269,1.08538,-0.012817,2.0523
6.848,-0.00189921,1.07148,-0.0125433,2.0465,-0.00182617,1.08538,-0.012817,2.05238
6.85,-0.00189921,1.07151,-0.0124977,2.04659,-0.00189921,1.08538,-0.012817,2.0523
6.852,-0.00189921,1.07145,-0.0124977,2.0465,-0.00189921,1.08538,-0.012817,2.0523
6.854,-0.00189921,1.07145,-0.0124977,2.0465,-0.00186269,1.08538,-0.0129082,2.05238
6.856,-0.00189921,1.07148,-0.0125433,2.0465,-0.00182617,1.08538,-0.012817,2.0523
6.858,-0.00193574,1.07145,-0.0124977,2.0465,-0.00186269,1.08535,-0.0128626,2.0523
6.86,-0.00193574,1.07145,-0.0124977,2.0465,-0.00182617,1.08535,-0.0128626,2.0523
6.862,-0.00193574,1.07148,-0.0125433,2.0465,-0.00182617,1.08535,-0.0128626,2.0523
6.864,-0.00189921,1.07148,-0.0125433,2.0465,-0.00186269,1.08535,-0.0128626,2.0523
6.866,-0.00189921,1.07148,-0.0124521,2.0465,-0.00189921,1.08541,-0.0128626,2.05238
6.868,-0.00189921,1.07148,-0.0125433,2.0465,-0.00186269,1.08541,-0.0128626,2.05238
6.87,-0.00189921,1.07148,-0.0125433,2.0465,-0.00186269,1.08538,-0.0129082,2.0523
6.872,-0.00189921,1.07145,-0.0124977,2.0465,-0.00186269,1.08538,-0.012817,2.0523
6.874,-0.00193574,1.07148,-0.0125433,2.0465,-0.00186269,1.08535,-0.0128626,2.0523
6.876,-0.00193574,1.07148,-0.0125433,2.0465,-0.00182617,1.08538,-0.012817,2.0523
6.878,-0.00193574,1.07151,-0.0124977,2.0465,-0.00189921,1.08538,-0.012817,2.05238
6.88,-0.00189921,1.07151,-0.0124977,2.0465,-0.00182617,1.08535,-0.0128626,2.0523
6.882,-0.00189921,1.07148,-0.0124521,2.0465,-0.00189921,1.08538,-0.0129082,2.0523
6.884,-0.00189921,1.07148,-0.0124521,2.0465,-0.00186269,1.08541,-0.0128626,2.0523
6.886,-0.00193574,1.07145,-0.0124977,2.0465,-0.00189921,1.08541,-0.0128626,2.0523
6.888,-0.00189921,1.07148,-0.0125433,2.0465,-0.00186269,1.08535,-0.0128626,2.0523
6.89,-0.00189921,1.07148,-0.0125433,2.0465,-0.00186269,1.08535,-0.0128626,2.05238
6.892,-0.00193574,1.07148,-0.0125433,2.0465,-0.00186269,1.08533,-0.0129082,2.05238
6.894,-0.00189921,1.07151,-0.0124977,2.0465,-0.00182617,1.08535,-0.0128626,2.0523
6.896,-0.00193574,1.07151,-0.0124977,2.0465,-0.00182617,1.08535,-0.0128626,2.0523
6.898,-0.00189921,1.07148,-0.0125433,2.0465,-0.00186269,1.08541,-0.0128626,2.0523
6.9,-0.00189921,1.07148,-0.0125433,2.0465,-0.00186269,1.08541,-0.0128626,2.0523
6.902,-0.00189921,1.07151,-0.0124977,2.0465,-0.00189921,1.08538,-0.0129082,2.0523
6.904,-0.00189921,1.07148,-0.0125433,2.0465,-0.00189921,1.08535,-0.0128626,2.05238
6.906,-0.00189921,1.07148,-0.0125433,2.0465,-0.00178964,1.08535,-0.0128626,2.05238
6.908,-0.00189921,1.07145,-0.0124977,2.0465,-0.00186269,1.08535,-0.0128626,2.0523
6.91,-0.00193574,1.07145,-0.0124977,2.0465,-0.00182617,1.08535,-0.0128626,2.0523
6.912,-0.00193574,1.07151,-0.0124977,2.0465,-0.00186269,1.08535,-0.0128626,2.0523
6.914,-0.00193574,1.07151,-0.0124977,2.0465,-0.00186269,1.08538,-0.012817,2.0523
6.916,-0.00193574,1.07148,-0.0124521,2.0465,-0.00193574,1.08538,-0.012817,2.0523
6.918,-0.00189921,1.07148,-0.0124521,2.0465,-0.00189921,1.08535,-0.0128626,2.05238
6.92,-0.00189921,1.07148,-0.0125433,2.0465,-0.00189921,1.08541,-0.0128626,2.0523
6.922,-0.00189921,1.07151,-0.0124977,2.0465,-0.00186269,1.08535,-0.0128626,2.0523
6.924,-0.00189921,1.07145,-0.0124977,2.0465,-0.00182617,1.08535,-0.0128626,2.05238
6.926,-0.00189921,1.07145,-0.0124977,2.0465,-0.00186269,1.08535,-0.0128626,2.0523
6.928,-0.00193574,1.07148,-0.0124521,2.0465,-0.00189921,1.08535,-0.0128626,2.0523
6.93,-0.00193574,1.07148,-0.0125433,2.0465,-0.00186269,1.08535,-0.0128626,2.05238
6.932,-0.00193574,1.07148,-0.0125433,2.0465,-0.00186269,1.08538,-0.012817,2.05238
6.934,-0.00193574,1.07148,-0.0124521,2.0465,-0.00189921,1.08541,-0.0128626,2.0523
6.936,-0.00189921,1.07151,-0.0124977,2.0465,-0.00193574,1.08538,-0.0129082,2.0523
6.938,-0.00189921,1.07148,-0.0125433,2.0465,-0.00186269,1.08538,-0.012817,2.0523
6.94,-0.00189921,1.07148,-0.0125433,2.0465,-0.00186269,1.08535,-0.0128626,2.0523
6.942,-0.00189921,1.07151,-0.0124977,2.0465,-0.00186269,1.08533,-0.012817,2.0523
6.944,-0.00193574,1.07151,-0.0124977,2.0465,-0.00189921,1.08535,-0.0128626,2.05238
6.946,-0.00193574,1.07151,-0.0124977,2.0465,-0.00186269,1.08541,-0.0128626,2.0523
6.948,-0.00193574,1.07148,-0.0124521,2.0465,-0.00189921,1.08538,-0.0129082,2.0523
6.95,-0.00193574,1.07148,-0.0124521,2.0465,-0.00186269,1.08541,-0.0128626,2.05238
6.952,-0.00189921,1.07148,-0.0125433,2.0465,-0.00186269,1.08535,-0.0128626,2.0523
6.954,-0.00189921,1.07145,-0.0124977,2.0465,-0.00182617,1.08541,-0.0128626,2.0523
6.956,-0.00193574,1.07151,-0.0124977,2.0465,-0.00186269,1.08535,-0.0128626,2.0523
6.958,-0.00189921,1.07151,-0.0124977,2.0465,-0.00186269,1.08535,-0.0128626,2.0523
6.96,-0.00193574,1.07151,-0.0124977,2.0465,-0.00182617,1.08535,-0.0128626,2.0523
6.962,-0.00193574,1.07151,-0.0124977,2.0465,-0.00182617,1.08535,-0.0128626,2.05238
6.964,-0.00189921,1.07148,-0.0125433,2.0465,-0.00186269,1.08538,-0.012817,2.0523
6.966,-0.00193574,1.07148,-0.0125433,2.0465,-0.00186269,1.08538,-0.0129082,2.05238
6.968,-0.00193574,1.07145,-0.0124977,2.0465,-0.00182617,1.08538,-0.012817,2.0523
6.97,-0.00189921,1.07145,-0.0124977,2.0465,-0.00186269,1.08538,-0.012817,2.0523
6.972,-0.00189921,1.07151,-0.0124977,2.0465,-0.00186269,1.08535,-0.0128626,2.05238
6.974,-0.00189921,1.07148,-0.0124521,2.0465,-0.00186269,1.08535,-0.0128626,2.05238
6.976,-0.00189921,1.07145,-0.0124977,2.0465,-0.00182617,1.08535,-0.0128626,2.0523
6.978,-0.00189921,1.07151,-0.0124977,2.0465,-0.00189921,1.08538,-0.012817,2.0523
6.98,-0.00193574,1.07148,-0.0125433,2.0465,-0.00182617,1.08541,-0.0128626,2.0523
6.982,-0.00193574,1.07148,-0.0125433,2.0465,-0.00186269,1.08541,-0.0128626,2.0523
6.984,-0.00189921,1.07148,-0.0125433,2.04642,-0.00186269,1.08541,-0.0128626,2.0523
6.986,-0.00189921,1.07151,-0.0124977,2.0465,-0.00189921,1.08538,-0.0129082,2.0523
6.988,-0.00189921,1.07151,-0.0124977,2.0465,-0.00186269,1.08538,-0.012817,2.0523
6.99,-0.00189921,1.07151,-0.0124977,2.0465,-0.00189921,1.08535,-0.0128626,2.0523
6.992,-0.00189921,1.07148,-0.0125433,2.0465,-0.00186269,1.08538,-0.012817,2.0523
6.994,-0.00193574,1.07148,-0.0125433,2.04642,-0.00186269,1.08538,-0.012817,2.0523
6.996,-0.00193574,1.07148,-0.0125433,2.04642,-0.00182617,1.08535,-0.0128626,2.0523
6.998,-0.00189921,1.07151,-0.0124977,2.0465,-0.00182617,1.08538,-0.012817,2.0523
7,-0.00189921,1.07148,-0.0125433,2.0465,-0.00182617,1.08538,-0.0129082,2.0523
7.002,-0.00189921,1.07148,-0.0124521,2.0465,-0.00186269,1.08538,-0.0129082,2.0523
7.004,-0.00189921,1.07148,-0.0125433,2.0465,-0.00186269,1.08538,-0.0129082,2.0523
7.006,-0.00193574,1.07151,-0.0124977,2.0465,-0.00186269,1.08535,-0.0128626,2.0523
7.008,-0.00193574,1.07148,-0.0125433,2.0465,-0.00189921,1.08538,-0.012817,2.05238
7.01,-0.00189921,1.07145,-0.0124977,2.0465,-0.00182617,1.08535,-0.0128626,2.05238
7.012,-0.00189921,1.07148,-0.0125433,2.0465,-0.00186269,1.08538,-0.012817,2.0523
7.014,-0.00189921,1.07151,-0.0124977,2.04642,-0.00189921,1.08541,-0.0128626,2.0523
7.016,-0.00193574,1.07145,-0.0124977,2.0465,-0.00186269,1.08538,-0.0129082,2.0523
7.018,-0.00189921,1.07151,-0.0124977,2.0465,-0.00182617,1.08538,-0.0129082,2.05238
7.02,-0.00189921,1.07148,-0.0125433,2.0465,-0.00182617,1.08535,-0.0128626,2.0523
7.022,-0.00193574,1.07148,-0.0125433,2.04659,-0.00182617,1.08538,-0.012817,2.05238
7.024,-0.00193574,1.07151,-0.0124977,2.0465,-0.00186269,1.08538,-0.0129082,2.0523
7.026,-0.00193574,1.07148,-0.0125433,2.0465,-0.00186269,1.08535,-0.0128626,2.0523
7.028,-0.00189921,1.07145,-0.0124977,2.04642,-0.00186269,1.08538,-0.012817,2.0523
7.03,-0.00189921,1.07145,-0.0124977,2.0465,-0.00189921,1.08538,-0.0129082,2.0523
7.032,-0.00189921,1.07148,-0.0125433,2.0465,-0.00186269,1.08538,-0.012817,2.0523
7.034,-0.00189921,1.07148,-0.0125433,2.0465,-0.00186269,1.08535,-0.0128626,2.0523
7.036,-0.00189921,1.07151,-0.0124977,2.0465,-0.00186269,1.08535,-0.0128626,2.0523
7.038,-0.00193574,1.07148,-0.0125433,2.0465,-0.00182617,1.08535,-0.0128626,2.05238
7.04,-0.00193574,1.07145,-0.0124977,2.0465,-0.00186269,1.08541,-0.0128626,2.0523
7.042,-0.00189921,1.07151,-0.0124977,2.0465,-0.00189921,1.08538,-0.012817,2.05238
7.044,-0.00189921,1.07151,-0.0124977,2.0465,-0.00189921,1.08541,-0.0128626,2.0523
7.046,-0.00186269,1.07148,-0.0125433,2.0465,-0.00186269,1.08541,-0.0128626,2.0523
7.048,-0.00189921,1.07148,-0.0125433,2.0465,-0.00186269,1.08535,-0.0128626,2.05221
7.05,-0.00189921,1.07148,-0.0124521,2.0465,-0.00182617,1.08538,-0.012817,2.0523
7.052,-0.00189921,1.07148,-0.0124521,2.0465,-0.00186269,1.08535,-0.0128626,2.0523
7.054,-0.00189921,1.07151,-0.0124977,2.0465,-0.00186269,1.08535,-0.0128626,2.05238
7.056,-0.00189921,1.07151,-0.0124977,2.0465,-0.00186269,1.08535,-0.0128626,2.0523
7.058,-0.00193574,1.07148,-0.0124521,2.0465,-0.00186269,1.08538,-0.012817,2.0523
7.06,-0.00189921,1.07145,-0.0124977,2.0465,-0.00186269,1.08538,-0.012817,2.0523
7.062,-0.00189921,1.07145,-0.0124977,2.0465,-0.00182617,1.08535,-0.0128626,2.0523
7.064,-0.00189921,1.07145,-0.0124977,2.0465,-0.00189921,1.08535,-0.0128626,2.0523
7.066,-0.00189921,1.07148,-0.0125433,2.0465,-0.00186269,1.08535,-0.0128626,2.0523
7.068,-0.00189921,1.07151,-0.0124977,2.0465,-0.00189921,1.08535,-0.0128626,2.05238
7.07,-0.00189921,1.07148,-0.0125433,2.0465,-0.00186269,1.08535,-0.0128626,2.0523
7.072,-0.00189921,1.07145,-0.0124977,2.0465,-0.00182617,1.08535,-0.0128626,2.05221
7.074,-0.00193574,1.07145,-0.0124977,2.0465,-0.00182617,1.08538,-0.012817,2.0523
7.076,-0.00193574,1.07145,-0.0124977,2.0465,-0.00186269,1.08535,-0.0128626,2.0523
7.078,-0.00193574,1.07148,-0.0125433,2.0465,-0.00186269,1.08538,-0.0129082,2.0523
7.08,-0.00189921,1.07148,-0.0125433,2.0465,-0.00189921,1.08538,-0.012817,2.05238
7.082,-0.00189921,1.07148,-0.0125433,2.0465,-0.00186269,1.08535,-0.0128626,2.0523
7.084,-0.00189921,1.07145,-0.0124977,2.0465,-0.00189921,1.08538,-0.012817,2.0523
7.086,-0.00189921,1.07148,-0.0125433,2.0465,-0.00182617,1.08541,-0.0128626,2.0523
7.088,-0.00193574,1.07148,-0.0125433,2.04642,-0.00186269,1.08538,-0.012817,2.0523
7.09,-0.00193574,1.07145,-0.0124977,2.0465,-0.00186269,1.08538,-0.012817,2.0523
7.092,-0.00193574,1.07151,-0.0124977,2.0465,-0.00186269,1.08541,-0.0128626,2.0523
7.094,-0.00193574,1.07151,-0.0124977,2.0465,-0.00182617,1.08538,-0.0129082,2.0523
7.096,-0.00193574,1.07148,-0.0125433,2.0465,-0.00186269,1.08538,-0.0129082,2.0523
7.098,-0.00189921,1.07148,-0.0124521,2.0465,-0.00186269,1.08535,-0.0128626,2.0523
7.1,-0.00189921,1.07148,-0.0125433,2.0465,-0.00186269,1.08538,-0.0129082,2.0523
7.102,-0.00189921,1.07148,-0.0125433,2.04642,-0.00186269,1.08535,-0.0128626,2.05238
7.104,-0.00193574,1.07148,-0.0125433,2.0465,-0.00182617,1.08535,-0.0128626,2.05238
7.106,-0.00193574,1.07148,-0.0125433,2.0465,-0.00186269,1.08535,-0.0128626,2.0523
7.108,-0.00189921,1.07148,-0.0125433,2.0465,-0.00186269,1.08535,-0.0128626,2.05221
7.11,-0.00193574,1.07151,-0.0124977,2.0465,-0.00182617,1.08535,-0.0128626,2.0523
7.112,-0.00193574,1.07148,-0.0125433,2.0465,-0.00182617,1.08535,-0.0128626,2.05238
7.114,-0.00189921,1.07145,-0.0124977,2.0465,-0.00182617,1.08538,-0.012817,2.0523
7.116,-0.00189921,1.07148,-0.0125433,2.0465,-0.00186269,1.08538,-0.012817,2.05238
7.118,-0.00189921,1.07148,-0.0125433,2.0465,-0.00186269,1.08538,-0.0129082,2.0523
7.12,-0.00189921,1.07148,-0.0125433,2.0465,-0.00186269,1.08535,-0.0128626,2.0523
7.122,-0.00189921,1.07148,-0.0125433,2.0465,-0.00182617,1.08538,-0.0129082,2.0523
7.124,-0.00193574,1.07148,-0.0125433,2.0465,-0.00189921,1.08538,-0.0129082,2.05238
7.126,-0.00193574,1.07148,-0.0125433,2.0465,-0.00186269,1.08535,-0.0128626,2.0523
7.128,-0.00189921,1.07151,-0.0124977,2.0465,-0.00189921,1.08538,-0.0129082,2.05238
7.13,-0.00189921,1.07148,-0.0125433,2.0465,-0.00189921,1.08538,-0.0129082,2.05238
7.132,-0.00189921,1.07148,-0.0125433,2.0465,-0.00189921,1.08538,-0.012817,2.0523
7.134,-0.00189921,1.07151,-0.0124977,2.0465,-0.00186269,1.08538,-0.012817,2.0523
7.136,-0.00193574,1.07145,-0.0124977,2.0465,-0.00186269,1.08535,-0.0128626,2.0523
7.138,-0.00189921,1.07148,-0.0125433,2.0465,-0.00186269,1.08535,-0.0128626,2.0523
7.14,-0.00189921,1.07148,-0.0125433,2.0465,-0.00186269,1.08538,-0.012817,2.0523
7.142,-0.00193574,1.07145,-0.0124977,2.0465,-0.00182617,1.08538,-0.0129082,2.0523
7.144,-0.00193574,1.07145,-0.0124977,2.0465,-0.00186269,1.08535,-0.0128626,2.0523
7.146,-0.00189921,1.07148,-0.0125433,2.0465,-0.00186269,1.08541,-0.0128626,2.05238
7.148,-0.00189921,1.07145,-0.0124977,2.0465,-0.00186269,1.08538,-0.012817,2.0523
7.15,-0.00189921,1.07148,-0.0125433,2.0465,-0.00182617,1.08538,-0.012817,2.0523
7.152,-0.00189921,1.07148,-0.0125433,2.0465,-0.00186269,1.08535,-0.0128626,2.05238
7.154,-0.00189921,1.07151,-0.0124977,2.0465,-0.00186269,1.08538,-0.0129082,2.0523
7.156,-0.00193574,1.07145,-0.0124977,2.0465,-0.00186269,1.08538,-0.0129082,2.0523
7.158,-0.00193574,1.07148,-0.0125433,2.0465,-0.00186269,1.08541,-0.0128626,2.05238
7.16,-0.00193574,1.07148,-0.0125433,2.0465,-0.00186269,1.08538,-0.0129082,2.0523
7.162,-0.00193574,1.07148,-0.0125433,2.0465,-0.00186269,1.08535,-0.0128626,2.0523
7.164,-0.00193574,1.07148,-0.0125433,2.0465,-0.00186269,1.08538,-0.012817,2.0523
7.166,-0.00193574,1.07151,-0.0124977,2.0465,-0.00186269,1.08535,-0.0128626,2.0523
7.168,-0.00189921,1.07148,-0.0124521,2.0465,-0.00189921,1.08541,-0.0128626,2.0523
7.17,-0.00189921,1.07148,-0.0125433,2.0465,-0.00189921,1.08535,-0.0128626,2.0523
7.172,-0.00193574,1.07148,-0.0125433,2.0465,-0.00189921,1.08541,-0.0128626,2.0523
7.174,-0.00189921,1.07145,-0.0124977,2.0465,-0.00189921,1.08538,-0.012817,2.05238
7.176,-0.00189921,1.07151,-0.0124977,2.0465,-0.00189921,1.08535,-0.0128626,2.0523
7.178,-0.00193574,1.07151,-0.0124977,2.0465,-0.00186269,1.08535,-0.0128626,2.05238
7.18,-0.00193574,1.07151,-0.0124977,2.0465,-0.00186269,1.08533,-0.0129082,2.05238
7.182,-0.00193574,1.07151,-0.0124977,2.0465,-0.00186269,1.08535,-0.0128626,2.0523
7.184,-0.00189921,1.07145,-0.0124977,2.0465,-0.00186269,1.08535,-0.0128626,2.0523
7.186,-0.00189921,1.07148,-0.0125433,2.0465,-0.00186269,1.08538,-0.012817,2.0523
7.188,-0.00189921,1.07145,-0.0124977,2.0465,-0.00189921,1.08538,-0.012817,2.0523
7.19,-0.00189921,1.07151,-0.0124977,2.0465,-0.00186269,1.08538,-0.012817,2.0523
7.192,-0.00193574,1.07148,-0.0125433,2.0465,-0.00186269,1.08535,-0.0128626,2.0523
7.194,-0.00189921,1.07151,-0.0124977,2.0465,-0.00186269,1.08538,-0.0129082,2.0523
7.196,-0.00193574,1.07148,-0.0125433,2.0465,-0.00182617,1.08538,-0.012817,2.0523
7.198,-0.00193574,1.07148,-0.0125433,2.0465,-0.00182617,1.08535,-0.0128626,2.0523
7.2,-0.00189921,1.07148,-0.0124521,2.0465,-0.00186269,1.08538,-0.0129082,2.0523
7.202,-0.00189921,1.07148,-0.0124521,2.0465,-0.00186269,1.08541,-0.0128626,2.0523
7.204,-0.00189921,1.07145,-0.0124977,2.0465,-0.00189921,1.08538,-0.012817,2.0523
7.206,-0.00189921,1.07148,-0.0125433,2.0465,-0.00186269,1.08538,-0.012817,2.0523
7.208,-0.00193574,1.07148,-0.0125433,2.0465,-0.00182617,1.08535,-0.0128626,2.0523
7.21,-0.00193574,1.07148,-0.0125433,2.0465,-0.00186269,1.08535,-0.0128626,2.0523
7.212,-0.00189921,1.07151,-0.0124977,2.0465,-0.00186269,1.08535,-0.0128626,2.05238
7.214,-0.00189921,1.07145,-0.0124977,2.0465,-0.00189921,1.08535,-0.0128626,2.0523
7.216,-0.00189921,1.07151,-0.0124977,2.0465,-0.00186269,1.08538,-0.0129082,2.0523
7.218,-0.00189921,1.07148,-0.0125433,2.0465,-0.00186269,1.08535,-0.0128626,2.0523
7.22,-0.00193574,1.07151,-0.0124977,2.0465,-0.00186269,1.08541,-0.0128626,2.0523
7.222,-0.00193574,1.07148,-0.0125433,2.0465,-0.00186269,1.08535,-0.0128626,2.0523
7.224,-0.00193574,1.07148,-0.0125433,2.0465,-0.00182617,1.08538,-0.012817,2.0523
7.226,-0.00189921,1.07148,-0.0125433,2.0465,-0.00186269,1.08535,-0.0128626,2.0523
7.228,-0.00189921,1.07151,-0.0124977,2.0465,-0.00186269,1.08535,-0.0128626,2.0523
7.23,-0.00189921,1.07148,-0.0125433,2.0465,-0.00186269,1.08533,-0.0129082,2.05238
7.232,-0.00189921,1.07151,-0.0124977,2.0465,-0.00186269,1.08535,-0.0128626,2.0523
7.234,-0.00193574,1.07148,-0.0125433,2.0465,-0.00186269,1.08538,-0.0129082,2.05238
7.236,-0.00193574,1.07148,-0.0125433,2.0465,-0.00186269,1.08538,-0.012817,2.05238
7.238,-0.00193574,1.07148,-0.0124521,2.0465,-0.00189921,1.08538,-0.012817,2.0523
7.24,-0.00189921,1.07145,-0.0124977,2.0465,-0.00186269,1.08541,-0.0128626,2.0523
7.242,-0.00193574,1.07148,-0.0125433,2.0465,-0.00186269,1.08538,-0.012817,2.0523
7.244,-0.00189921,1.07145,-0.0124977,2.0465,-0.00178964,1.08535,-0.0128626,2.05238
7.246,-0.00193574,1.07145,-0.0124977,2.0465,-0.00186269,1.08533,-0.0129082,2.0523
7.248,-0.00189921,1.07151,-0.0124977,2.0465,-0.00189921,1.08535,-0.0129538,2.05238
7.25,-0.00193574,1.07148,-0.0125433,2.0465,-0.00186269,1.08541,-0.0128626,2.0523
7.252,-0.00189921,1.07148,-0.0125433,2.0465,-0.00182617,1.08541,-0.0128626,2.0523
7.254,-0.00189921,1.07145,-0.0124977,2.0465,-0.00186269,1.08538,-0.012817,2.0523
7.256,-0.00189921,1.07145,-0.0124977,2.0465,-0.00186269,1.08541,-0.0128626,2.0523
7.258,-0.00189921,1.07151,-0.0124977,2.0465,-0.00186269,1.08535,-0.0128626,2.05238
7.26,-0.00189921,1.07148,-0.0125433,2.0465,-0.00182617,1.08535,-0.0128626,2.0523
7.262,-0.00189921,1.07148,-0.0125433,2.0465,-0.00186269,1.08535,-0.0128626,2.0523
7.264,-0.00189921,1.07148,-0.0124521,2.0465,-0.00186269,1.08535,-0.0128626,2.0523
7.266,-0.00193574,1.07145,-0.0124977,2.0465,-0.00182617,1.08535,-0.0128626,2.0523
7.268,-0.00193574,1.07148,-0.0125433,2.04659,-0.00189921,1.08535,-0.0128626,2.05221
7.27,-0.00193574,1.07148,-0.0125433,2.0465,-0.00186269,1.08538,-0.012817,2.0523
7.272,-0.00189921,1.07151,-0.0124977,2.0465,-0.00186269,1.08535,-0.0128626,2.0523
7.274,-0.00189921,1.07145,-0.0124977,2.0465,-0.00186269,1.08538,-0.012817,2.0523
7.276,-0.00189921,1.07145,-0.0124977,2.0465,-0.00186269,1.08535,-0.0128626,2.0523
7.278,-0.00189921,1.07148,-0.0125433,2.0465,-0.00182617,1.08535,-0.0128626,2.0523
7.28,-0.00189921,1.07148,-0.0125433,2.0465,-0.00186269,1.08535,-0.0128626,2.0523
7.282,-0.00189921,1.07148,-0.0125433,2.0465,-0.00182617,1.08535,-0.0128626,2.0523
7.284,-0.00189921,1.07148,-0.0125433,2.0465,-0.00186269,1.08535,-0.0128626,2.05238
7.286,-0.00193574,1.07148,-0.0125433,2.0465,-0.00189921,1.08538,-0.0129082,2.05238
7.288,-0.00189921,1.07145,-0.0124977,2.0465,-0.00189921,1.08535,-0.0128626,2.0523
7.29,-0.00189921,1.07151,-0.0124977,2.0465,-0.00189921,1.08538,-0.0129082,2.0523
7.292,-0.00189921,1.07148,-0.0125433,2.0465,-0.00186269,1.08535,-0.0128626,2.0523
7.294,-0.00189921,1.07145,-0.0124977,2.0465,-0.00182617,1.08541,-0.0128626,2.0523
7.296,-0.00193574,1.07148,-0.0125433,2.0465,-0.00186269,1.08538,-0.0129082,2.0523
7.298,-0.00193574,1.07148,-0.0125433,2.0465,-0.00186269,1.08538,-0.0129082,2.0523
7.3,-0.00193574,1.07151,-0.0124977,2.0465,-0.00186269,1.08538,-0.012817,2.0523
7.302,-0.00189921,1.07151,-0.0124977,2.0465,-0.00186269,1.08538,-0.0129082,2.05238
7.304,-0.00193574,1.07151,-0.0124977,2.0465,-0.00186269,1.08538,-0.0129082,2.0523
7.306,-0.00189921,1.07151,-0.0124977,2.0465,-0.00189921,1.08538,-0.0129082,2.05221
7.308,-0.00189921,1.07151,-0.0124977,2.0465,-0.00189921,1.08541,-0.0128626,2.0523
7.31,-0.00193574,1.07145,-0.0124977,2.0465,-0.00186269,1.08535,-0.0128626,2.0523
7.312,-0.00193574,1.07148,-0.0125433,2.0465,-0.00186269,1.08535,-0.0128626,2.0523
7.314,-0.00189921,1.07148,-0.0125433,2.0465,-0.00186269,1.08538,-0.012817,2.0523
7.316,-0.00193574,1.07148,-0.0125433,2.0465,-0.00186269,1.08535,-0.0128626,2.0523
7.318,-0.00189921,1.07148,-0.0125433,2.0465,-0.00189921,1.08535,-0.0128626,2.0523
7.32,-0.00193574,1.07148,-0.0125433,2.0465,-0.00186269,1.08541,-0.0128626,2.0523
7.322,-0.00193574,1.07148,-0.0125433,2.0465,-0.00182617,1.08538,-0.0129082,2.0523
7.324,-0.00193574,1.07148,-0.0125433,2.0465,-0.00186269,1.08538,-0.0129082,2.0523
7.326,-0.00193574,1.07148,-0.0125433,2.0465,-0.00186269,1.08538,-0.012817,2.05238
7.328,-0.00189921,1.07148,-0.0125433,2.0465,-0.00189921,1.08538,-0.012817,2.0523
7.33,-0.00189921,1.07148,-0.0125433,2.0465,-0.00189921,1.08535,-0.0128626,2.0523
7.332,-0.00189921,1.07145,-0.0124977,2.0465,-0.00186269,1.08535,-0.0128626,2.0523
7.334,-0.00189921,1.07148,-0.0125433,2.0465,-0.00186269,1.08538,-0.0129082,2.0523
7.336,-0.00189921,1.07145,-0.0124977,2.0465,-0.00189921,1.08535,-0.0128626,2.0523
7.338,-0.00193574,1.07148,-0.0125433,2.0465,-0.00182617,1.08538,-0.0129082,2.05238
7.34,-0.00189921,1.07145,-0.0124977,2.0465,-0.00182617,1.08538,-0.012817,2.0523
7.342,-0.00189921,1.07148,-0.0125433,2.04642,-0.00189921,1.08538,-0.012817,2.0523
7.344,-0.00189921,1.07148,-0.0125433,2.0465,-0.00189921,1.08535,-0.0128626,2.0523
7.346,-0.00189921,1.07148,-0.0125433,2.0465,-0.00186269,1.08538,-0.012817,2.0523
7.348,-0.00193574,1.07148,-0.0125433,2.0465,-0.00186269,1.08535,-0.0128626,2.0523
7.35,-0.00189921,1.07148,-0.0125433,2.0465,-0.00186269,1.08535,-0.0128626,2.0523
7.352,-0.00189921,1.07148,-0.0125433,2.0465,-0.00186269,1.08538,-0.012817,2.0523
7.354,-0.00189921,1.07145,-0.0124977,2.0465,-0.00186269,1.08533,-0.0129082,2.0523
7.356,-0.00189921,1.07151,-0.0124977,2.04659,-0.00189921,1.08535,-0.0128626,2.0523
7.358,-0.00189921,1.07151,-0.0124977,2.0465,-0.00182617,1.08538,-0.012817,2.0523
7.36,-0.00189921,1.07151,-0.0124977,2.0465,-0.00186269,1.08535,-0.0128626,2.0523
7.362,-0.00189921,1.07148,-0.0125433,2.0465,-0.00186269,1.08541,-0.0128626,2.0523
7.364,-0.00189921,1.07148,-0.0125433,2.0465,-0.00186269,1.08538,-0.0129082,2.05238
7.366,-0.00189921,1.07148,-0.0125433,2.0465,-0.00186269,1.08538,-0.0129082,2.0523
7.368,-0.00189921,1.07148,-0.0125433,2.0465,-0.00189921,1.08541,-0.0128626,2.0523
7.37,-0.00189921,1.07148,-0.0125433,2.0465,-0.00186269,1.08535,-0.0128626,2.0523
7.372,-0.00189921,1.07151,-0.0124977,2.0465,-0.00186269,1.08538,-0.0129082,2.0523
7.374,-0.00193574,1.07151,-0.0124977,2.0465,-0.00182617,1.08535,-0.0128626,2.0523
7.376,-0.00189921,1.07148,-0.0125433,2.04642,-0.00186269,1.08535,-0.0128626,2.05238
7.378,-0.00189921,1.07148,-0.0125433,2.04642,-0.00182617,1.08541,-0.0128626,2.05238
7.38,-0.00189921,1.07148,-0.0125433,2.0465,-0.00182617,1.08538,-0.0129082,2.0523
7.382,-0.00189921,1.07148,-0.0124521,2.0465,-0.00186269,1.08541,-0.0128626,2.0523
7.384,-0.00189921,1.07145,-0.0124977,2.0465,-0.00189921,1.08535,-0.0128626,2.0523
7.386,-0.00189921,1.07151,-0.0124977,2.0465,-0.00186269,1.08535,-0.0128626,2.0523
7.388,-0.00189921,1.07151,-0.0124977,2.0465,-0.00189921,1.08535,-0.0128626,2.0523
7.39,-0.00189921,1.07151,-0.0124977,2.0465,-0.00186269,1.08535,-0.0128626,2.0523
7.392,-0.00193574,1.07151,-0.0124977,2.0465,-0.00186269,1.08538,-0.012817,2.05238
7.394,-0.00193574,1.07148,-0.0125433,2.0465,-0.00186269,1.08538,-0.012817,2.0523
7.396,-0.00189921,1.07145,-0.0124977,2.0465,-0.00189921,1.08538,-0.012817,2.0523
7.398,-0.00189921,1.07148,-0.0125433,2.04659,-0.00186269,1.08541,-0.0128626,2.0523
7.4,-0.00189921,1.07148,-0.0125433,2.0465,-0.00182617,1.08538,-0.0129082,2.0523
7.402,-0.00189921,1.07151,-0.0124977,2.04659,-0.00186269,1.08538,-0.0129082,2.0523
7.404,-0.00193574,1.07151,-0.0124977,2.0465,-0.00182617,1.08535,-0.0128626,2.0523
7.406,-0.00189921,1.07148,-0.0124521,2.0465,-0.00189921,1.08538,-0.012817,2.05238
7.408,-0.00189921,1.07148,-0.0125433,2.0465,-0.00186269,1.08541,-0.0128626,2.0523
7.41,-0.00193574,1.07148,-0.0125433,2.0465,-0.00189921,1.08541,-0.0127714,2.0523
7.412,-0.00193574,1.07148,-0.0125433,2.0465,-0.00189921,1.08541,-0.0128626,2.0523
7.414,-0.00193574,1.07148,-0.0124521,2.0465,-0.00186269,1.08538,-0.012817,2.0523
7.416,-0.00189921,1.07151,-0.0124977,2.04659,-0.00182617,1.08535,-0.0128626,2.0523
7.418,-0.00193574,1.07148,-0.0124521,2.0465,-0.00186269,1.08535,-0.0128626,2.0523
7.42,-0.00189921,1.07145,-0.0124977,2.0465,-0.00189921,1.08541,-0.0128626,2.05238
7.422,-0.00193574,1.07145,-0.0124977,2.0465,-0.00189921,1.08541,-0.0128626,2.0523
7.424,-0.00189921,1.07148,-0.0125433,2.0465,-0.00186269,1.08535,-0.0128626,2.05238
7.426,-0.00189921,1.07148,-0.0125433,2.0465,-0.00189921,1.08538,-0.0129082,2.0523
7.428,-0.00193574,1.07148,-0.0125433,2.0465,-0.00186269,1.08541,-0.0128626,2.0523
7.43,-0.00189921,1.07148,-0.0125433,2.0465,-0.00182617,1.08538,-0.0129082,2.0523
7.432,-0.00189921,1.07148,-0.0124521,2.0465,-0.00182617,1.08535,-0.0128626,2.05238
7.434,-0.00193574,1.07148,-0.0125433,2.0465,-0.00182617,1.08538,-0.012817,2.05238
7.436,-0.00189921,1.07148,-0.0125433,2.0465,-0.00186269,1.08538,-0.0129082,2.0523
7.438,-0.00189921,1.07148,-0.0125433,2.0465,-0.00186269,1.08535,-0.0128626,2.0523
7.44,-0.00189921,1.07148,-0.0125433,2.0465,-0.00189921,1.08538,-0.0129082,2.0523
7.442,-0.00189921,1.07148,-0.0125433,2.0465,-0.00186269,1.08541,-0.0128626,2.0523
7.444,-0.00189921,1.07148,-0.0125433,2.0465,-0.00189921,1.08541,-0.0128626,2.0523
7.446,-0.00189921,1.07148,-0.0125433,2.0465,-0.00182617,1.08535,-0.0128626,2.0523
7.448,-0.00193574,1.07148,-0.0125433,2.0465,-0.00182617,1.08541,-0.0128626,2.0523
7.45,-0.00193574,1.07148,-0.0125433,2.0465,-0.00186269,1.08541,-0.0128626,2.0523
7.452,-0.00189921,1.07148,-0.0125433,2.04659,-0.00182617,1.08541,-0.0128626,2.05238
7.454,-0.00189921,1.07145,-0.0124977,2.0465,-0.00186269,1.08538,-0.012817,2.0523
7.456,-0.00189921,1.07148,-0.0125433,2.0465,-0.00186269,1.08535,-0.0128626,2.05221
7.458,-0.00189921,1.07145,-0.0124977,2.0465,-0.00186269,1.08538,-0.012817,2.0523
7.46,-0.00189921,1.07148,-0.0125433,2.0465,-0.00186269,1.08535,-0.0128626,2.0523
7.462,-0.00193574,1.07145,-0.0124977,2.04659,-0.00186269,1.08535,-0.0128626,2.05238
7.464,-0.00193574,1.07145,-0.0124977,2.0465,-0.00182617,1.08538,-0.0129082,2.0523
7.466,-0.00193574,1.07148,-0.0125433,2.0465,-0.00189921,1.08535,-0.0128626,2.0523
7.468,-0.00189921,1.07148,-0.0125433,2.0465,-0.00189921,1.08535,-0.0128626,2.0523
7.47,-0.00193574,1.07145,-0.0124977,2.0465,-0.00186269,1.08541,-0.0128626,2.0523
7.472,-0.00189921,1.07148,-0.0125433,2.0465,-0.00186269,1.08535,-0.0128626,2.0523
7.474,-0.00193574,1.07145,-0.0124977,2.0465,-0.00189921,1.08538,-0.0129082,2.0523
7.476,-0.00189921,1.07148,-0.0125433,2.0465,-0.00186269,1.08538,-0.012817,2.0523
7.478,-0.00189921,1.07148,-0.0125433,2.0465,-0.00186269,1.08535,-0.0128626,2.0523
7.48,-0.00189921,1.07148,-0.0125433,2.0465,-0.00186269,1.08535,-0.0128626,2.05221
7.482,-0.00189921,1.07148,-0.0125433,2.04642,-0.00182617,1.08535,-0.0128626,2.0523
7.484,-0.00189921,1.07148,-0.0125433,2.0465,-0.00186269,1.08535,-0.0128626,2.0523
7.486,-0.00189921,1.07148,-0.0125433,2.0465,-0.00189921,1.08535,-0.0128626,2.0523
7.488,-0.00189921,1.07145,-0.0124977,2.0465,-0.00186269,1.08541,-0.0128626,2.0523
7.49,-0.00189921,1.07145,-0.0124977,2.0465,-0.00186269,1.08538,-0.012817,2.0523
7.492,-0.00189921,1.07145,-0.0124977,2.0465,-0.00186269,1.08535,-0.0128626,2.0523
7.494,-0.00193574,1.07148,-0.0125433,2.0465,-0.00182617,1.08535,-0.0128626,2.0523
7.496,-0.00189921,1.07151,-0.0125889,2.0465,-0.00186269,1.08535,-0.0128626,2.0523
7.498,-0.00189921,1.07151,-0.0124977,2.04642,-0.00186269,1.08535,-0.0127714,2.05238
7.5,-0.00189921,1.07148,-0.0125433,2.0465,-0.00186269,1.08538,-0.0129082,2.05238
7.502,-0.00189921,1.07145,-0.0124977,2.0465,-0.00189921,1.08538,-0.0129082,2.0523
7.504,-0.00189921,1.07145,-0.0124977,2.0465,-0.00189921,1.08538,-0.0129082,2.0523
7.506,-0.00189921,1.07148,-0.0125433,2.0465,-0.00189921,1.08538,-0.012817,2.0523
7.508,-0.00193574,1.07148,-0.0125433,2.0465,-0.00182617,1.08535,-0.0128626,2.0523
7.51,-0.00189921,1.07148,-0.0125433,2.0465,-0.00186269,1.08535,-0.0128626,2.0523
7.512,-0.00189921,1.07148,-0.0125433,2.0465,-0.00186269,1.08538,-0.012817,2.0523
7.514,-0.00189921,1.07145,-0.0124977,2.04642,-0.00189921,1.08538,-0.012817,2.0523
7.516,-0.00189921,1.07145,-0.0124977,2.0465,-0.00182617,1.08538,-0.0129082,2.0523
7.518,-0.00189921,1.07145,-0.0124977,2.0465,-0.00186269,1.08541,-0.0128626,2.0523
7.52,-0.00193574,1.07148,-0.0125433,2.0465,-0.00182617,1.08541,-0.0128626,2.0523
7.522,-0.00193574,1.07151,-0.0124977,2.0465,-0.00189921,1.08538,-0.012817,2.0523
7.524,-0.00193574,1.07148,-0.0125433,2.0465,-0.00186269,1.08535,-0.0128626,2.0523
7.526,-0.00193574,1.07148,-0.0125433,2.0465,-0.00186269,1.08538,-0.0129082,2.0523
7.528,-0.00193574,1.07151,-0.0124977,2.0465,-0.00189921,1.08535,-0.0128626,2.05238
7.53,-0.00189921,1.07145,-0.0124977,2.0465,-0.00189921,1.08541,-0.0128626,2.0523
7.532,-0.00189921,1.07148,-0.0124521,2.0465,-0.00182617,1.08541,-0.0128626,2.0523
7.534,-0.00189921,1.07151,-0.0124977,2.0465,-0.00186269,1.08541,-0.0128626,2.0523
7.536,-0.00193574,1.07148,-0.0125433,2.0465,-0.00186269,1.08538,-0.012817,2.05238
7.538,-0.00193574,1.07148,-0.0125433,2.0465,-0.00189921,1.08535,-0.0128626,2.0523
7.54,-0.00193574,1.07148,-0.0125433,2.0465,-0.00186269,1.08535,-0.0128626,2.0523
7.542,-0.00189921,1.07148,-0.0125433,2.0465,-0.00186269,1.08538,-0.012817,2.0523
7.544,-0.00189921,1.07145,-0.0124977,2.0465,-0.00186269,1.08538,-0.012817,2.0523
7.546,-0.00189921,1.07145,-0.0124977,2.0465,-0.00186269,1.08538,-0.0129082,2.0523
7.548,-0.00189921,1.07148,-0.0125433,2.0465,-0.00182617,1.08538,-0.0129082,2.0523
7.55,-0.00189921,1.07148,-0.0125433,2.0465,-0.00189921,1.08535,-0.0128626,2.0523
7.552,-0.00193574,1.07151,-0.0124977,2.0465,-0.00189921,1.08535,-0.0128626,2.0523
7.554,-0.00193574,1.07148,-0.0125433,2.04659,-0.00182617,1.08538,-0.012817,2.0523
7.556,-0.00193574,1.07148,-0.0125433,2.0465,-0.00182617,1.08535,-0.0128626,2.0523
7.558,-0.00193574,1.07145,-0.0124977,2.0465,-0.00186269,1.08535,-0.0128626,2.0523
7.56,-0.00193574,1.07145,-0.0124977,2.0465,-0.00186269,1.08535,-0.0128626,2.0523
7.562,-0.00189921,1.07148,-0.0125433,2.0465,-0.00186269,1.08535,-0.0128626,2.0523
7.564,-0.00189921,1.07151,-0.0124977,2.0465,-0.00186269,1.08535,-0.0128626,2.0523
7.566,-0.00189921,1.07148,-0.0125433,2.0465,-0.00186269,1.08535,-0.0128626,2.0523
7.568,-0.00189921,1.07148,-0.0125433,2.0465,-0.00189921,1.08538,-0.012817,2.0523
7.57,-0.00193574,1.07148,-0.0125433,2.0465,-0.00186269,1.08538,-0.0129082,2.0523
7.572,-0.00193574,1.07145,-0.0124977,2.0465,-0.00186269,1.08538,-0.0129082,2.0523
7.574,-0.00193574,1.07151,-0.0124977,2.0465,-0.00182617,1.08538,-0.012817,2.0523
7.576,-0.00189921,1.07148,-0.0125433,2.0465,-0.00182617,1.08538,-0.012817,2.0523
7.578,-0.00193574,1.07151,-0.0124977,2.0465,-0.00189921,1.08538,-0.0129082,2.05238
7.58,-0.00193574,1.07145,-0.0124977,2.0465,-0.00186269,1.08535,-0.0128626,2.0523
7.582,-0.00189921,1.07145,-0.0124977,2.0465,-0.00186269,1.08538,-0.012817,2.0523
7.584,-0.00189921,1.07148,-0.0124521,2.0465,-0.00186269,1.08538,-0.012817,2.05238
7.586,-0.00189921,1.07151,-0.0124977,2.0465,-0.00186269,1.08535,-0.0128626,2.0523
7.588,-0.00193574,1.07148,-0.0125433,2.0465,-0.00186269,1.08538,-0.012817,2.0523
7.59,-0.00193574,1.07148,-0.0125433,2.0465,-0.00189921,1.08538,-0.012817,2.05238
7.592,-0.00189921,1.07148,-0.0124521,2.0465,-0.00182617,1.08535,-0.0128626,2.0523
7.594,-0.00189921,1.07148,-0.0125433,2.0465,-0.00186269,1.08535,-0.0128626,2.0523
7.596,-0.00193574,1.07145,-0.0124977,2.0465,-0.00189921,1.08535,-0.0128626,2.0523
7.598,-0.00189921,1.07145,-0.0124977,2.0465,-0.00186269,1.08535,-0.0128626,2.05238
7.6,-0.00189921,1.07151,-0.0124977,2.0465,-0.00186269,1.08535,-0.0128626,2.0523
7.602,-0.00189921,1.07151,-0.0124977,2.0465,-0.00182617,1.08538,-0.012817,2.0523
7.604,-0.00189921,1.07148,-0.0125433,2.04659,-0.00189921,1.08541,-0.0128626,2.0523
7.606,-0.00189921,1.07151,-0.0124977,2.0465,-0.00189921,1.08535,-0.0128626,2.0523
7.608,-0.00189921,1.07148,-0.0125433,2.0465,-0.00186269,1.08538,-0.0129082,2.0523
7.61,-0.00189921,1.07148,-0.0124521,2.0465,-0.00186269,1.08538,-0.0129082,2.0523
7.612,-0.00189921,1.07151,-0.0124977,2.0465,-0.00182617,1.08541,-0.0128626,2.0523
7.614,-0.00189921,1.07148,-0.0125433,2.0465,-0.00186269,1.08538,-0.012817,2.0523
7.616,-0.00189921,1.07148,-0.0125433,2.04642,-0.00189921,1.08538,-0.012817,2.0523
7.618,-0.00189921,1.07148,-0.0125433,2.0465,-0.00186269,1.08535,-0.0128626,2.0523
7.62,-0.00189921,1.07151,-0.0124977,2.0465,-0.00189921,1.08535,-0.0128626,2.0523
7.622,-0.00189921,1.07145,-0.0124977,2.0465,-0.00186269,1.08535,-0.0128626,2.0523
7.624,-0.00189921,1.07151,-0.0124977,2.0465,-0.00186269,1.08538,-0.012817,2.0523
7.626,-0.00189921,1.07148,-0.0125433,2.0465,-0.00189921,1.08538,-0.0129082,2.0523
7.628,-0.00193574,1.07145,-0.0124977,2.0465,-0.00186269,1.08538,-0.012817,2.0523
7.63,-0.00193574,1.07148,-0.0125433,2.0465,-0.00186269,1.08541,-0.0128626,2.0523
7.632,-0.00189921,1.07148,-0.0125433,2.0465,-0.00186269,1.08538,-0.012817,2.0523
7.634,-0.00189921,1.07151,-0.0124977,2.0465,-0.00186269,1.08535,-0.0128626,2.0523
7.636,-0.00189921,1.07151,-0.0124977,2.0465,-0.00186269,1.08535,-0.0128626,2.0523
7.638,-0.00193574,1.07148,-0.0125433,2.0465,-0.00186269,1.08538,-0.012817,2.0523
7.64,-0.00189921,1.07151,-0.0124977,2.04659,-0.00189921,1.08538,-0.0129082,2.0523
7.642,-0.00189921,1.07148,-0.0125433,2.0465,-0.00186269,1.08538,-0.0129082,2.0523
7.644,-0.00189921,1.07148,-0.0125433,2.04659,-0.00186269,1.08541,-0.0128626,2.05238
7.646,-0.00193574,1.07148,-0.0124521,2.0465,-0.00189921,1.08538,-0.012817,2.05238
7.648,-0.00189921,1.07148,-0.0125433,2.0465,-0.00189921,1.08535,-0.0128626,2.0523
7.65,-0.00189921,1.07151,-0.0124977,2.0465,-0.00186269,1.08535,-0.0128626,2.0523
7.652,-0.00189921,1.07148,-0.0125433,2.0465,-0.00182617,1.08535,-0.0128626,2.0523
7.654,-0.00189921,1.07148,-0.0125433,2.0465,-0.00186269,1.08538,-0.0129082,2.0523
7.656,-0.00193574,1.07148,-0.0124521,2.0465,-0.00186269,1.08535,-0.0128626,2.05238
7.658,-0.00193574,1.07148,-0.0125433,2.0465,-0.00182617,1.08541,-0.0128626,2.0523
7.66,-0.00193574,1.07148,-0.0125433,2.0465,-0.00186269,1.08538,-0.0129082,2.0523
7.662,-0.00193574,1.07148,-0.0125433,2.0465,-0.00189921,1.08538,-0.012817,2.0523
7.664,-0.00189921,1.07148,-0.0125433,2.0465,-0.00186269,1.08535,-0.0128626,2.0523
7.666,-0.00189921,1.07148,-0.0124521,2.0465,-0.00189921,1.08541,-0.0128626,2.0523
7.668,-0.00189921,1.07145,-0.0124977,2.0465,-0.00189921,1.08538,-0.012817,2.05221
7.67,-0.00189921,1.07148,-0.0125433,2.0465,-0.00186269,1.08535,-0.0129538,2.0523
7.672,-0.00189921,1.07151,-0.0124977,2.0465,-0.00189921,1.08538,-0.0129082,2.0523
7.674,-0.00193574,1.07151,-0.0124977,2.0465,-0.00189921,1.08535,-0.0128626,2.0523
7.676,-0.00189921,1.07151,-0.0124977,2.0465,-0.00182617,1.08538,-0.0129082,2.05238
7.678,-0.00193574,1.07148,-0.0125433,2.0465,-0.00186269,1.08541,-0.0128626,2.0523
7.68,-0.00193574,1.07145,-0.0124977,2.0465,-0.00189921,1.08538,-0.0129082,2.0523
7.682,-0.00193574,1.07148,-0.0125433,2.0465,-0.00186269,1.08538,-0.0129082,2.0523
7.684,-0.00189921,1.07148,-0.0125433,2.0465,-0.00186269,1.08538,-0.0129082,2.0523
7.686,-0.00189921,1.07151,-0.0124977,2.0465,-0.00186269,1.08535,-0.0129538,2.0523
7.688,-0.00189921,1.07148,-0.0125433,2.0465,-0.00186269,1.08535,-0.0128626,2.0523
7.69,-0.00189921,1.07148,-0.0125433,2.04659,-0.00186269,1.08535,-0.0128626,2.05238
7.692,-0.00193574,1.07145,-0.0124977,2.0465,-0.00186269,1.08538,-0.012817,2.0523
7.694,-0.00193574,1.07151,-0.0124977,2.0465,-0.00186269,1.08541,-0.0128626,2.0523
7.696,-0.00193574,1.07145,-0.0124977,2.0465,-0.00186269,1.08538,-0.0129082,2.0523
7.698,-0.00193574,1.07148,-0.0125433,2.0465,-0.00186269,1.08538,-0.012817,2.0523
7.7,-0.00193574,1.07148,-0.0125433,2.0465,-0.00186269,1.08535,-0.0128626,2.0523
7.702,-0.00193574,1.07148,-0.0125433,2.0465,-0.00182617,1.08535,-0.0128626,2.0523
7.704,-0.00189921,1.07148,-0.0125433,2.0465,-0.00189921,1.08535,-0.0128626,2.05238
7.706,-0.00189921,1.07148,-0.0125433,2.0465,-0.00186269,1.08535,-0.0128626,2.0523
7.708,-0.00189921,1.07151,-0.0124977,2.0465,-0.00186269,1.08541,-0.0128626,2.0523
7.71,-0.00189921,1.07151,-0.0124977,2.0465,-0.00186269,1.08541,-0.0128626,2.0523
7.712,-0.00193574,1.07145,-0.0124977,2.0465,-0.00186269,1.08541,-0.0128626,2.0523
7.714,-0.00193574,1.07145,-0.0124977,2.0465,-0.00186269,1.08541,-0.0128626,2.05238
7.716,-0.00189921,1.07148,-0.0124521,2.0465,-0.00182617,1.08538,-0.012817,2.0523
7.718,-0.00189921,1.07151,-0.0124977,2.0465,-0.00186269,1.08538,-0.012817,2.0523
7.72,-0.00189921,1.07151,-0.0124977,2.0465,-0.00189921,1.08535,-0.0128626,2.0523
7.722,-0.00193574,1.07151,-0.0124977,2.0465,-0.00186269,1.08538,-0.012817,2.0523
7.724,-0.00193574,1.07151,-0.0124977,2.0465,-0.00189921,1.08541,-0.0128626,2.0523
7.726,-0.00189921,1.07151,-0.0124977,2.0465,-0.00186269,1.08538,-0.0129082,2.0523
7.728,-0.00189921,1.07151,-0.0124977,2.04642,-0.00186269,1.08538,-0.0129082,2.05238
7.73,-0.00193574,1.07148,-0.0124521,2.0465,-0.00186269,1.08538,-0.0129082,2.0523
7.732,-0.00189921,1.07151,-0.0124977,2.0465,-0.00186269,1.08535,-0.0128626,2.05238
7.734,-0.00193574,1.07148,-0.0125433,2.0465,-0.00182617,1.08535,-0.0128626,2.05221
7.736,-0.00189921,1.07151,-0.0124977,2.0465,-0.00186269,1.08535,-0.0128626,2.0523
7.738,-0.00189921,1.07151,-0.0124977,2.0465,-0.00186269,1.08538,-0.012817,2.0523
7.74,-0.00189921,1.07151,-0.0124977,2.0465,-0.00186269,1.08538,-0.0129082,2.0523
7.742,-0.00189921,1.07151,-0.0124977,2.0465,-0.00182617,1.08538,-0.0129082,2.0523
7.744,-0.00189921,1.07151,-0.0124977,2.04642,-0.00186269,1.08541,-0.0128626,2.0523
7.746,-0.00189921,1.07151,-0.0124977,2.0465,-0.00186269,1.08541,-0.0128626,2.05238
7.748,-0.00189921,1.07148,-0.0125433,2.0465,-0.00186269,1.08538,-0.0129082,2.0523
7.75,-0.00189921,1.07148,-0.0125433,2.0465,-0.00186269,1.08538,-0.012817,2.0523
7.752,-0.00189921,1.07151,-0.0124977,2.04659,-0.00186269,1.08538,-0.012817,2.0523
7.754,-0.00193574,1.07151,-0.0124977,2.0465,-0.00186269,1.08535,-0.0128626,2.0523
7.756,-0.00189921,1.07145,-0.0124977,2.0465,-0.00186269,1.08535,-0.0128626,2.0523
7.758,-0.00189921,1.07151,-0.0124977,2.04642,-0.00189921,1.08541,-0.0128626,2.05238
7.76,-0.00189921,1.07151,-0.0124977,2.0465,-0.00186269,1.08535,-0.0128626,2.05238
7.762,-0.00189921,1.07148,-0.0125433,2.04642,-0.00186269,1.08541,-0.0128626,2.0523
7.764,-0.00189921,1.07148,-0.0125433,2.0465,-0.00182617,1.08535,-0.0128626,2.05238
7.766,-0.00193574,1.07148,-0.0125433,2.0465,-0.00186269,1.08535,-0.0128626,2.0523
7.768,-0.00193574,1.07148,-0.0125433,2.0465,-0.00186269,1.08538,-0.012817,2.0523
7.77,-0.00193574,1.07148,-0.0125433,2.0465,-0.00186269,1.08535,-0.0128626,2.0523
7.772,-0.00193574,1.07145,-0.0124977,2.0465,-0.00189921,1.08535,-0.0128626,2.0523
7.774,-0.00193574,1.07145,-0.0124977,2.0465,-0.00186269,1.08538,-0.0129082,2.0523
7.776,-0.00189921,1.07151,-0.0124977,2.04642,-0.00189921,1.08538,-0.012817,2.0523
7.778,-0.00193574,1.07151,-0.0124977,2.04642,-0.00186269,1.08538,-0.012817,2.0523
7.78,-0.00189921,1.07148,-0.0125433,2.0465,-0.00186269,1.08541,-0.0128626,2.0523
7.782,-0.00193574,1.07148,-0.0125433,2.04642,-0.00186269,1.08538,-0.012817,2.0523
7.784,-0.00193574,1.07151,-0.0124977,2.0465,-0.00182617,1.08538,-0.0129082,2.0523
7.786,-0.00193574,1.07148,-0.0125433,2.0465,-0.00182617,1.08541,-0.0128626,2.0523
7.788,-0.00189921,1.07151,-0.0124977,2.0465,-0.00189921,1.08535,-0.0128626,2.0523
7.79,-0.00193574,1.07148,-0.0125433,2.0465,-0.00186269,1.08538,-0.0129082,2.0523
7.792,-0.00193574,1.07148,-0.0125433,2.0465,-0.00182617,1.08535,-0.0128626,2.0523
7.794,-0.00189921,1.07145,-0.0124977,2.0465,-0.00186269,1.08535,-0.0128626,2.0523
7.796,-0.00193574,1.07145,-0.0124977,2.0465,-0.00182617,1.08538,-0.012817,2.05238
7.798,-0.00189921,1.07148,-0.0125433,2.0465,-0.00186269,1.08535,-0.0128626,2.0523
7.8,-0.00193574,1.07148,-0.0125433,2.04659,-0.00186269,1.08535,-0.0128626,2.0523
7.802,-0.00189921,1.07148,-0.0125433,2.0465,-0.00186269,1.08535,-0.0128626,2.0523
7.804,-0.00189921,1.07151,-0.0124977,2.0465,-0.00186269,1.08535,-0.0128626,2.05238
7.806,-0.00189921,1.07151,-0.0124977,2.0465,-0.00182617,1.08535,-0.0128626,2.05238
7.808,-0.00189921,1.07148,-0.0125433,2.0465,-0.00182617,1.08538,-0.012817,2.05238
7.81,-0.00189921,1.07145,-0.0124977,2.0465,-0.00182617,1.08535,-0.0128626,2.0523
7.812,-0.00189921,1.07148,-0.0125433,2.04659,-0.00189921,1.08535,-0.0128626,2.05238
7.814,-0.00193574,1.07148,-0.0125433,2.0465,-0.00182617,1.08535,-0.0128626,2.0523
7.816,-0.00189921,1.07151,-0.0124977,2.04659,-0.00189921,1.08535,-0.0128626,2.0523
7.818,-0.00189921,1.07148,-0.0125433,2.0465,-0.00182617,1.08535,-0.0128626,2.0523
7.82,-0.00189921,1.07148,-0.0125433,2.0465,-0.00186269,1.08538,-0.012817,2.0523
7.822,-0.00189921,1.07148,-0.0125433,2.04642,-0.00182617,1.08535,-0.0128626,2.0523
7.824,-0.00193574,1.07148,-0.0124521,2.0465,-0.00186269,1.08538,-0.0129082,2.0523
7.826,-0.00193574,1.07148,-0.0125433,2.0465,-0.00186269,1.08538,-0.0129082,2.0523
7.828,-0.00189921,1.07148,-0.0125433,2.0465,-0.00186269,1.08533,-0.0129082,2.05238
7.83,-0.00189921,1.07148,-0.0125433,2.0465,-0.00182617,1.08535,-0.0128626,2.05238
7.832,-0.00189921,1.07148,-0.0125433,2.0465,-0.00182617,1.08535,-0.0128626,2.0523
7.834,-0.00189921,1.07148,-0.0125433,2.0465,-0.00186269,1.08538,-0.012817,2.0523
7.836,-0.00189921,1.07148,-0.0125433,2.0465,-0.00186269,1.08538,-0.0129082,2.0523
7.838,-0.00189921,1.07145,-0.0124977,2.0465,-0.00189921,1.08538,-0.0129082,2.05238
7.84,-0.00189921,1.07148,-0.0125433,2.0465,-0.00186269,1.08538,-0.012817,2.0523
7.842,-0.00189921,1.07151,-0.0124977,2.0465,-0.00186269,1.08538,-0.0129082,2.0523
7.844,-0.00193574,1.07148,-0.0124521,2.0465,-0.00182617,1.08538,-0.012817,2.0523
7.846,-0.00189921,1.07145,-0.0124977,2.0465,-0.00182617,1.08538,-0.012817,2.0523
7.848,-0.00189921,1.07148,-0.0125433,2.0465,-0.00186269,1.08538,-0.012817,2.0523
7.85,-0.00189921,1.07148,-0.0125433,2.0465,-0.00186269,1.08538,-0.0129082,2.0523
7.852,-0.00189921,1.07148,-0.0125433,2.0465,-0.00182617,1.08538,-0.012817,2.0523
7.854,-0.00189921,1.07148,-0.0124521,2.0465,-0.00186269,1.08538,-0.0129082,2.0523
7.856,-0.00189921,1.07145,-0.0124977,2.0465,-0.00186269,1.08535,-0.0128626,2.0523
7.858,-0.00193574,1.07148,-0.0125433,2.0465,-0.00182617,1.08535,-0.0128626,2.0523
7.86,-0.00189921,1.07148,-0.0125433,2.0465,-0.00182617,1.08535,-0.0128626,2.0523
7.862,-0.00189921,1.07148,-0.0125433,2.0465,-0.00186269,1.08541,-0.0128626,2.05238
7.864,-0.00189921,1.07151,-0.0124977,2.0465,-0.00186269,1.08538,-0.012817,2.0523
7.866,-0.00189921,1.07151,-0.0124977,2.0465,-0.00186269,1.08538,-0.0129082,2.0523
7.868,-0.00186269,1.07148,-0.0125433,2.0465,-0.00189921,1.08538,-0.012817,2.0523
7.87,-0.00189921,1.07148,-0.0125433,2.0465,-0.00189921,1.08538,-0.0129082,2.0523
7.872,-0.00189921,1.07148,-0.0125433,2.0465,-0.00186269,1.08535,-0.0128626,2.0523
7.874,-0.00189921,1.07148,-0.0125433,2.0465,-0.00182617,1.08535,-0.0128626,2.0523
7.876,-0.00193574,1.07145,-0.0124977,2.0465,-0.00182617,1.08535,-0.0128626,2.0523
7.878,-0.00193574,1.07151,-0.0124977,2.0465,-0.00189921,1.08535,-0.0128626,2.0523
7.88,-0.00193574,1.07148,-0.0125433,2.0465,-0.00186269,1.08538,-0.0129082,2.0523
7.882,-0.00189921,1.07145,-0.0124977,2.0465,-0.00189921,1.08535,-0.0128626,2.05238
7.884,-0.00189921,1.07148,-0.0125433,2.0465,-0.00186269,1.08535,-0.0128626,2.0523
7.886,-0.00189921,1.07148,-0.0125433,2.0465,-0.00182617,1.08538,-0.0129082,2.0523
7.888,-0.00189921,1.07151,-0.0124977,2.0465,-0.00186269,1.08538,-0.012817,2.0523
7.89,-0.00189921,1.07148,-0.0125433,2.0465,-0.00182617,1.08535,-0.0128626,2.0523
7.892,-0.00193574,1.07148,-0.0125433,2.0465,-0.00186269,1.08535,-0.0128626,2.0523
7.894,-0.00193574,1.07148,-0.0125433,2.0465,-0.00186269,1.08538,-0.0129082,2.0523
7.896,-0.00193574,1.07148,-0.0125433,2.0465,-0.00189921,1.08535,-0.0128626,2.05238
7.898,-0.00193574,1.07148,-0.0125433,2.0465,-0.00182617,1.08538,-0.012817,2.0523
7.9,-0.00189921,1.07148,-0.0125433,2.0465,-0.00189921,1.08535,-0.0128626,2.0523
7.902,-0.00189921,1.07151,-0.0124977,2.0465,-0.00186269,1.08535,-0.0128626,2.0523
7.904,-0.00189921,1.07148,-0.0125433,2.0465,-0.00189921,1.08538,-0.0129082,2.0523
7.906,-0.00189921,1.07148,-0.0125433,2.04659,-0.00189921,1.08535,-0.0128626,2.05238
7.908,-0.00189921,1.07145,-0.0124977,2.0465,-0.00186269,1.08541,-0.0128626,2.05238
7.91,-0.00193574,1.07151,-0.0124977,2.0465,-0.00186269,1.08541,-0.0128626,2.05238
7.912,-0.00189921,1.07148,-0.0125433,2.0465,-0.00186269,1.08535,-0.0128626,2.0523
7.914,-0.00193574,1.07148,-0.0125433,2.04659,-0.00186269,1.08538,-0.0129082,2.05238
7.916,-0.00193574,1.07148,-0.0125433,2.0465,-0.00189921,1.08535,-0.0128626,2.0523
7.918,-0.00189921,1.07151,-0.0124977,2.04659,-0.00189921,1.08535,-0.0128626,2.0523
7.92,-0.00189921,1.07151,-0.0124977,2.0465,-0.00186269,1.08535,-0.0128626,2.0523
7.922,-0.00189921,1.07148,-0.0125433,2.0465,-0.00186269,1.08538,-0.0129082,2.0523
7.924,-0.00189921,1.07151,-0.0124977,2.0465,-0.00189921,1.08541,-0.0128626,2.0523
7.926,-0.00193574,1.07148,-0.0125433,2.0465,-0.00186269,1.08538,-0.012817,2.0523
7.928,-0.00193574,1.07148,-0.0125433,2.0465,-0.00186269,1.08538,-0.0129082,2.0523
7.93,-0.00193574,1.07151,-0.0124977,2.0465,-0.00186269,1.08535,-0.0128626,2.0523
7.932,-0.00193574,1.07148,-0.0125433,2.04659,-0.00182617,1.08538,-0.0129082,2.0523
7.934,-0.00189921,1.07151,-0.0124977,2.0465,-0.00186269,1.08535,-0.0128626,2.0523
7.936,-0.00189921,1.07151,-0.0124977,2.0465,-0.00186269,1.08538,-0.012817,2.0523
7.938,-0.00189921,1.07148,-0.0124521,2.04642,-0.00186269,1.08535,-0.0128626,2.05238
7.94,-0.00189921,1.07148,-0.0125433,2.0465,-0.00186269,1.08538,-0.012817,2.0523
7.942,-0.00189921,1.07148,-0.0125433,2.0465,-0.00186269,1.08538,-0.012817,2.0523
7.944,-0.00189921,1.07148,-0.0125433,2.0465,-0.00182617,1.08535,-0.0128626,2.0523
7.946,-0.00193574,1.07148,-0.0125433,2.0465,-0.00186269,1.08538,-0.012817,2.0523
7.948,-0.00193574,1.07148,-0.0125433,2.0465,-0.00186269,1.08538,-0.012817,2.0523
7.95,-0.00193574,1.07148,-0.0124521,2.0465,-0.00186269,1.08535,-0.0128626,2.0523
7.952,-0.00189921,1.07148,-0.0124521,2.0465,-0.00186269,1.08535,-0.0128626,2.0523
7.954,-0.00189921,1.07148,-0.0125433,2.0465,-0.00182617,1.08541,-0.0128626,2.05238
7.956,-0.00189921,1.07148,-0.0125433,2.0465,-0.00186269,1.08538,-0.012817,2.0523
7.958,-0.00189921,1.07148,-0.0125433,2.0465,-0.00186269,1.08538,-0.012817,2.0523
7.96,-0.00189921,1.07148,-0.0124521,2.0465,-0.00186269,1.08538,-0.012817,2.05238
7.962,-0.00189921,1.07148,-0.0125433,2.0465,-0.00189921,1.08535,-0.0128626,2.0523
7.964,-0.00193574,1.07148,-0.0125433,2.04659,-0.00182617,1.08538,-0.012817,2.0523
7.966,-0.00193574,1.07151,-0.0124977,2.0465,-0.00186269,1.08538,-0.0129082,2.0523
7.968,-0.00189921,1.07148,-0.0124521,2.0465,-0.00186269,1.08538,-0.0129082,2.05238
7.97,-0.00193574,1.07145,-0.0124977,2.04642,-0.00186269,1.08541,-0.0128626,2.05238
7.972,-0.00189921,1.07145,-0.0124977,2.0465,-0.00189921,1.08541,-0.0128626,2.0523
7.974,-0.00189921,1.07151,-0.0124977,2.0465,-0.00186269,1.08538,-0.0129082,2.0523
7.976,-0.00189921,1.07148,-0.0125433,2.0465,-0.00186269,1.08538,-0.012817,2.0523
7.978,-0.00189921,1.07148,-0.0125433,2.0465,-0.00186269,1.08535,-0.0128626,2.0523
7.98,-0.00189921,1.07148,-0.0125433,2.0465,-0.00186269,1.08538,-0.012817,2.0523
7.982,-0.00193574,1.07148,-0.0124521,2.0465,-0.00182617,1.08538,-0.0129082,2.0523
7.984,-0.00193574,1.07148,-0.0124521,2.0465,-0.00186269,1.08538,-0.0129082,2.0523
7.986,-0.00193574,1.07151,-0.0124977,2.0465,-0.00186269,1.08535,-0.0128626,2.0523
7.988,-0.00193574,1.07151,-0.0124977,2.0465,-0.00186269,1.08535,-0.0128626,2.0523
7.99,-0.00193574,1.07151,-0.0124977,2.0465,-0.00182617,1.08535,-0.0128626,2.0523
7.992,-0.00189921,1.07151,-0.0124977,2.0465,-0.00182617,1.08535,-0.0128626,2.0523
7.994,-0.00189921,1.07151,-0.0124977,2.0465,-0.00182617,1.08535,-0.0128626,2.0523
7.996,-0.00189921,1.07148,-0.0125433,2.0465,-0.00182617,1.08535,-0.0128626,2.05238
7.998,-0.00189921,1.07148,-0.0125433,2.0465,-0.00182617,1.08538,-0.012817,2.0523
8,-0.00189921,1.07148,-0.0125433,2.0465,-0.00189921,1.08538,-0.012817,2.05238
8.002,-0.00189921,1.07151,-0.0124977,2.0465,-0.00186269,1.08541,-0.0128626,2.0523
8.004,-0.00193574,1.07151,-0.0124977,2.0465,-0.00189921,1.08535,-0.0128626,2.0523
8.006,-0.00189921,1.07151,-0.0124977,2.0465,-0.00186269,1.08538,-0.0129082,2.0523
8.008,-0.00189921,1.07145,-0.0124977,2.0465,-0.00186269,1.08541,-0.0128626,2.0523
8.01,-0.00189921,1.07151,-0.0124977,2.04659,-0.00186269,1.08538,-0.012817,2.0523
8.012,-0.00189921,1.07151,-0.0124977,2.0465,-0.00186269,1.08541,-0.0128626,2.0523
8.014,-0.00189921,1.07148,-0.0125433,2.04659,-0.00186269,1.08535,-0.0128626,2.05238
8.016,-0.00189921,1.07148,-0.0125433,2.0465,-0.00186269,1.08538,-0.012817,2.0523
8.018,-0.00193574,1.07145,-0.0124977,2.04659,-0.00186269,1.08535,-0.0128626,2.0523
8.02,-0.00189921,1.07148,-0.0125433,2.04659,-0.00186269,1.08541,-0.0128626,2.0523
8.022,-0.00189921,1.07148,-0.0125433,2.04659,-0.00182617,1.08538,-0.0129082,2.0523
8.024,-0.00193574,1.07145,-0.0124977,2.0465,-0.00186269,1.08538,-0.0129082,2.05238
8.026,-0.00193574,1.07148,-0.0125433,2.0465,-0.00189921,1.08535,-0.0128626,2.0523
8.028,-0.00193574,1.07148,-0.0125433,2.0465,-0.00186269,1.08538,-0.012817,2.05238
8.03,-0.00189921,1.07148,-0.0125433,2.04659,-0.00186269,1.08538,-0.012817,2.05238
8.032,-0.00189921,1.07148,-0.0125433,2.04659,-0.00189921,1.08535,-0.0128626,2.05238
8.034,-0.00189921,1.07148,-0.0125433,2.0465,-0.00186269,1.08535,-0.0128626,2.0523
8.036,-0.00189921,1.07148,-0.0125433,2.04659,-0.00189921,1.08538,-0.0129082,2.0523
8.038,-0.00193574,1.07145,-0.0124977,2.0465,-0.00186269,1.08535,-0.0128626,2.0523
8.04,-0.00193574,1.07145,-0.0124977,2.0465,-0.00186269,1.08538,-0.0129082,2.05238
8.042,-0.00193574,1.07151,-0.0124977,2.0465,-0.00186269,1.08535,-0.0128626,2.0523
8.044,-0.00189921,1.07148,-0.0125433,2.0465,-0.00186269,1.08538,-0.012817,2.0523
8.046,-0.00189921,1.07148,-0.0125433,2.0465,-0.00186269,1.08538,-0.012817,2.0523
8.048,-0.00189921,1.07148,-0.0125433,2.0465,-0.00189921,1.08535,-0.0128626,2.0523
8.05,-0.00189921,1.07148,-0.0125433,2.0465,-0.00186269,1.08538,-0.0129082,2.0523
8.052,-0.00189921,1.07151,-0.0124977,2.0465,-0.00186269,1.08535,-0.0128626,2.0523
8.054,-0.00189921,1.07148,-0.0125433,2.0465,-0.00186269,1.08538,-0.0129082,2.0523
8.056,-0.00189921,1.07145,-0.0124977,2.0465,-0.00186269,1.08535,-0.0128626,2.0523
8.058,-0.00193574,1.07148,-0.0125433,2.0465,-0.00186269,1.08538,-0.012817,2.05238
8.06,-0.00189921,1.07148,-0.0125433,2.0465,-0.00186269,1.08538,-0.012817,2.0523
8.062,-0.00189921,1.07148,-0.0125433,2.0465,-0.00186269,1.08541,-0.0128626,2.0523
8.064,-0.00189921,1.07151,-0.0124977,2.0465,-0.00186269,1.08538,-0.012817,2.0523
8.066,-0.00189921,1.07148,-0.0124521,2.0465,-0.00186269,1.08541,-0.0128626,2.0523
8.068,-0.00189921,1.07148,-0.0125433,2.0465,-0.00182617,1.08538,-0.0129082,2.0523
8.07,-0.00189921,1.07148,-0.0125433,2.0465,-0.00182617,1.08538,-0.0129082,2.0523
8.072,-0.00193574,1.07151,-0.0124977,2.0465,-0.00186269,1.08535,-0.0128626,2.0523
8.074,-0.00193574,1.07151,-0.0124977,2.0465,-0.00189921,1.08535,-0.0128626,2.05238
8.076,-0.00193574,1.07151,-0.0124977,2.0465,-0.00186269,1.08535,-0.0128626,2.0523
8.078,-0.00189921,1.07145,-0.0124977,2.0465,-0.00186269,1.08538,-0.012817,2.0523
8.08,-0.00189921,1.07145,-0.0124977,2.0465,-0.00186269,1.08535,-0.0128626,2.0523
8.082,-0.00189921,1.07145,-0.0124977,2.0465,-0.00186269,1.08538,-0.012817,2.05238
8.084,-0.00189921,1.07148,-0.0125433,2.0465,-0.00189921,1.08535,-0.0128626,2.0523
8.086,-0.00189921,1.07151,-0.0124977,2.0465,-0.00186269,1.08533,-0.0129082,2.0523
8.088,-0.00189921,1.07151,-0.0124977,2.0465,-0.00186269,1.08541,-0.0128626,2.0523
8.09,-0.00189921,1.07151,-0.0124977,2.04642,-0.00186269,1.08535,-0.0128626,2.0523
8.092,-0.00193574,1.07148,-0.0125433,2.0465,-0.00186269,1.08535,-0.0128626,2.0523
8.094,-0.00189921,1.07148,-0.0125433,2.0465,-0.00189921,1.08538,-0.012817,2.0523
8.096,-0.00189921,1.07151,-0.0124977,2.0465,-0.00186269,1.08538,-0.0129082,2.0523
8.098,-0.00189921,1.07148,-0.0125433,2.04659,-0.00186269,1.08538,-0.0129082,2.05238
8.1,-0.00189921,1.07148,-0.0125433,2.04659,-0.00189921,1.08535,-0.0128626,2.0523
8.102,-0.00189921,1.07148,-0.0125433,2.0465,-0.00189921,1.08538,-0.0129082,2.0523
8.104,-0.00189921,1.07148,-0.0125433,2.0465,-0.00189921,1.08535,-0.0128626,2.0523
8.106,-0.00193574,1.07151,-0.0124977,2.0465,-0.00186269,1.08538,-0.012817,2.0523
8.108,-0.00193574,1.07151,-0.0124977,2.0465,-0.00182617,1.08541,-0.0128626,2.0523
8.11,-0.00193574,1.07151,-0.0124977,2.0465,-0.00182617,1.08535,-0.0128626,2.0523
8.112,-0.00189921,1.07151,-0.0124977,2.0465,-0.00186269,1.08538,-0.0129082,2.0523
8.114,-0.00189921,1.07148,-0.0125433,2.04659,-0.00189921,1.08541,-0.0128626,2.0523
8.116,-0.00189921,1.07148,-0.0125433,2.0465,-0.00189921,1.08535,-0.0128626,2.0523
8.118,-0.00189921,1.07148,-0.0125433,2.0465,-0.00186269,1.08538,-0.012817,2.05221
8.12,-0.00189921,1.07148,-0.0125433,2.0465,-0.00182617,1.08541,-0.0128626,2.0523
8.122,-0.00189921,1.07148,-0.0125433,2.04642,-0.00182617,1.08535,-0.0128626,2.05238
8.124,-0.00193574,1.07145,-0.0124977,2.04642,-0.00186269,1.08538,-0.012817,2.05238
8.126,-0.00189921,1.07148,-0.0125433,2.0465,-0.00186269,1.08533,-0.0129082,2.0523
8.128,-0.00189921,1.07148,-0.0125433,2.0465,-0.00186269,1.08535,-0.0129538,2.05238
8.13,-0.00189921,1.07151,-0.0124977,2.0465,-0.00189921,1.08535,-0.0128626,2.0523
8.132,-0.00189921,1.07145,-0.0124977,2.0465,-0.00189921,1.08538,-0.0129082,2.0523
8.134,-0.00189921,1.07148,-0.0125433,2.0465,-0.00186269,1.08535,-0.0128626,2.0523
8.136,-0.00189921,1.07148,-0.0125433,2.0465,-0.00186269,1.08535,-0.0128626,2.0523
8.138,-0.00189921,1.07148,-0.0125433,2.0465,-0.00186269,1.08538,-0.012817,2.0523
8.14,-0.00193574,1.07148,-0.0125433,2.0465,-0.00189921,1.08541,-0.0128626,2.0523
8.142,-0.00193574,1.07148,-0.0125433,2.04659,-0.00189921,1.08538,-0.012817,2.0523
8.144,-0.00193574,1.07151,-0.0124977,2.04659,-0.00186269,1.08538,-0.0129082,2.0523
8.146,-0.00193574,1.07151,-0.0124977,2.04659,-0.00189921,1.08538,-0.0129082,2.0523
8.148,-0.00193574,1.07148,-0.0125433,2.0465,-0.00186269,1.08538,-0.012817,2.0523
8.15,-0.00189921,1.07148,-0.0125433,2.0465,-0.00186269,1.08535,-0.0128626,2.0523
8.152,-0.00189921,1.07148,-0.0125433,2.0465,-0.00186269,1.08538,-0.012817,2.0523
8.154,-0.00189921,1.07148,-0.0125433,2.0465,-0.00186269,1.08538,-0.012817,2.0523
8.156,-0.00189921,1.07148,-0.0125433,2.0465,-0.00189921,1.08535,-0.0128626,2.0523
8.158,-0.00189921,1.07148,-0.0125433,2.0465,-0.00186269,1.08538,-0.0129082,2.0523
8.16,-0.00193574,1.07148,-0.0125433,2.0465,-0.00186269,1.08541,-0.0128626,2.0523
8.162,-0.00189921,1.07148,-0.0125433,2.0465,-0.00182617,1.08533,-0.0129082,2.05238
8.164,-0.00189921,1.07148,-0.0125433,2.0465,-0.00186269,1.08535,-0.0128626,2.0523
8.166,-0.00193574,1.07148,-0.0125433,2.0465,-0.00186269,1.08535,-0.0128626,2.05238
8.168,-0.00189921,1.07151,-0.0124977,2.0465,-0.00186269,1.08535,-0.0128626,2.0523
8.17,-0.00189921,1.07148,-0.0125433,2.0465,-0.00186269,1.08538,-0.012817,2.05221
8.172,-0.00189921,1.07148,-0.0125433,2.0465,-0.00186269,1.08541,-0.0128626,2.0523
8.174,-0.00189921,1.07148,-0.0125433,2.0465,-0.00186269,1.08538,-0.012817,2.0523
8.176,-0.00189921,1.07148,-0.0125433,2.0465,-0.00186269,1.08538,-0.0129082,2.0523
8.178,-0.00193574,1.07148,-0.0125433,2.0465,-0.00186269,1.08535,-0.0128626,2.0523
8.18,-0.00193574,1.07148,-0.0125433,2.0465,-0.00186269,1.08541,-0.0128626,2.0523
8.182,-0.00189921,1.07148,-0.0125433,2.0465,-0.00186269,1.08538,-0.0129082,2.0523
8.184,-0.00189921,1.07151,-0.0124977,2.0465,-0.00182617,1.08541,-0.0128626,2.0523
8.186,-0.00189921,1.07148,-0.0125433,2.04659,-0.00189921,1.08541,-0.0128626,2.05238
8.188,-0.00189921,1.07148,-0.0125433,2.0465,-0.00189921,1.08538,-0.012817,2.0523
8.19,-0.00189921,1.07145,-0.0124977,2.0465,-0.00186269,1.08541,-0.0128626,2.0523
8.192,-0.00189921,1.07145,-0.0124977,2.0465,-0.00186269,1.08538,-0.0129082,2.05238
8.194,-0.00189921,1.07148,-0.0125433,2.0465,-0.00189921,1.08538,-0.012817,2.0523
8.196,-0.00193574,1.07148,-0.0125433,2.0465,-0.00186269,1.08535,-0.0128626,2.0523
8.198,-0.00189921,1.07148,-0.0125433,2.0465,-0.00182617,1.08535,-0.0128626,2.0523
8.2,-0.00189921,1.07148,-0.0125433,2.0465,-0.00189921,1.08538,-0.012817,2.0523
8.202,-0.00189921,1.07151,-0.0124977,2.0465,-0.00182617,1.08541,-0.0128626,2.0523
8.204,-0.00189921,1.07148,-0.0125433,2.0465,-0.00186269,1.08535,-0.0128626,2.0523
8.206,-0.00189921,1.07148,-0.0125433,2.0465,-0.00186269,1.08538,-0.0129082,2.0523
8.208,-0.00189921,1.07145,-0.0124977,2.0465,-0.00189921,1.08538,-0.012817,2.05238
8.21,-0.00189921,1.07148,-0.0125433,2.0465,-0.00189921,1.08538,-0.012817,2.0523
8.212,-0.00189921,1.07151,-0.0124977,2.0465,-0.00186269,1.08538,-0.012817,2.0523
8.214,-0.00189921,1.07151,-0.0124977,2.04659,-0.00189921,1.08538,-0.0129082,2.0523
8.216,-0.00189921,1.07148,-0.0125433,2.0465,-0.00182617,1.08541,-0.0128626,2.0523
8.218,-0.00189921,1.07145,-0.0124977,2.0465,-0.00186269,1.08541,-0.0128626,2.0523
8.22,-0.00193574,1.07148,-0.0125433,2.0465,-0.00182617,1.08541,-0.0128626,2.0523
8.222,-0.00189921,1.07148,-0.0125433,2.0465,-0.00186269,1.08538,-0.0129082,2.0523
8.224,-0.00189921,1.07148,-0.0125433,2.0465,-0.00182617,1.08538,-0.0129082,2.0523
8.226,-0.00189921,1.07151,-0.0124977,2.0465,-0.00186269,1.08535,-0.0128626,2.05238
8.228,-0.00189921,1.07151,-0.0124977,2.0465,-0.00189921,1.08541,-0.0128626,2.0523
8.23,-0.00193574,1.07145,-0.0124977,2.0465,-0.00189921,1.08541,-0.0128626,2.05238
8.232,-0.00189921,1.07148,-0.0125433,2.0465,-0.00186269,1.08538,-0.012817,2.05238
8.234,-0.00189921,1.07148,-0.0125433,2.0465,-0.00186269,1.08535,-0.0128626,2.0523
8.236,-0.00189921,1.07148,-0.0125433,2.0465,-0.00182617,1.08535,-0.0128626,2.0523
8.238,-0.00193574,1.07151,-0.0124977,2.0465,-0.00186269,1.08535,-0.0128626,2.0523
8.24,-0.00193574,1.07151,-0.0124977,2.0465,-0.00186269,1.08535,-0.0128626,2.0523
8.242,-0.00189921,1.07151,-0.0124977,2.0465,-0.00186269,1.08535,-0.0128626,2.0523
8.244,-0.00189921,1.07145,-0.0124977,2.0465,-0.00186269,1.08535,-0.0128626,2.05238
8.246,-0.00189921,1.07148,-0.0125433,2.0465,-0.00186269,1.08538,-0.0129082,2.0523
8.248,-0.00189921,1.07145,-0.0124977,2.0465,-0.00189921,1.08541,-0.0128626,2.0523
8.25,-0.00189921,1.07148,-0.0125433,2.0465,-0.00186269,1.08538,-0.012817,2.0523
8.252,-0.00189921,1.07151,-0.0124977,2.0465,-0.00182617,1.08533,-0.0129082,2.0523
8.254,-0.00189921,1.07151,-0.0124977,2.0465,-0.00189921,1.08535,-0.0128626,2.05238
8.256,-0.00193574,1.07151,-0.0124977,2.04659,-0.00189921,1.08538,-0.0129082,2.05238
8.258,-0.00193574,1.07151,-0.0124977,2.0465,-0.00186269,1.08541,-0.0128626,2.0523
8.26,-0.00193574,1.07148,-0.0125433,2.0465,-0.00186269,1.08541,-0.0128626,2.0523
8.262,-0.00193574,1.07151,-0.0124977,2.0465,-0.00189921,1.08541,-0.0128626,2.05238
8.264,-0.00193574,1.07151,-0.0124977,2.0465,-0.00186269,1.08535,-0.0128626,2.0523
8.266,-0.00189921,1.07148,-0.0125433,2.04659,-0.00189921,1.08538,-0.012817,2.0523
8.268,-0.00189921,1.07151,-0.0124977,2.04659,-0.00189921,1.08535,-0.0128626,2.0523
8.27,-0.00193574,1.07151,-0.0124977,2.0465,-0.00182617,1.08535,-0.0128626,2.0523
8.272,-0.00189921,1.07145,-0.0124977,2.0465,-0.00189921,1.08538,-0.012817,2.0523
8.274,-0.00189921,1.07151,-0.0124977,2.0465,-0.00186269,1.08541,-0.0128626,2.05238
8.276,-0.00193574,1.07151,-0.0124977,2.0465,-0.00186269,1.08538,-0.012817,2.0523
8.278,-0.00193574,1.07151,-0.0124977,2.0465,-0.00186269,1.08541,-0.0128626,2.0523
8.28,-0.00193574,1.07151,-0.0124977,2.0465,-0.00189921,1.08535,-0.0128626,2.0523
8.282,-0.00193574,1.07151,-0.0124977,2.0465,-0.00186269,1.08535,-0.0128626,2.0523
8.284,-0.00189921,1.07151,-0.0124977,2.04659,-0.00186269,1.08541,-0.0128626,2.0523
8.286,-0.00189921,1.07145,-0.0124977,2.0465,-0.00186269,1.08535,-0.0128626,2.05238
8.288,-0.00189921,1.07145,-0.0124977,2.0465,-0.00186269,1.08538,-0.0129082,2.0523
8.29,-0.00189921,1.07148,-0.0125433,2.0465,-0.00186269,1.08538,-0.0129082,2.0523
8.292,-0.00189921,1.07148,-0.0125433,2.0465,-0.00189921,1.08538,-0.012817,2.0523
8.294,-0.00193574,1.07148,-0.0125433,2.0465,-0.00186269,1.08538,-0.012817,2.0523
8.296,-0.00189921,1.07151,-0.0124977,2.0465,-0.00186269,1.08535,-0.0128626,2.0523
8.298,-0.00193574,1.07148,-0.0125433,2.0465,-0.00189921,1.08538,-0.0129082,2.0523
8.3,-0.00189921,1.07148,-0.0125433,2.04659,-0.00189921,1.08535,-0.0128626,2.0523
8.302,-0.00189921,1.07145,-0.0124977,2.0465,-0.00189921,1.08538,-0.0129082,2.05238
8.304,-0.00189921,1.07148,-0.0125433,2.0465,-0.00189921,1.08538,-0.0129082,2.05238
8.306,-0.00189921,1.07148,-0.0125433,2.0465,-0.00182617,1.08535,-0.0128626,2.0523
8.308,-0.00193574,1.07148,-0.0125433,2.0465,-0.00189921,1.08538,-0.012817,2.05238
8.31,-0.00193574,1.07151,-0.0124977,2.0465,-0.00182617,1.08535,-0.0128626,2.0523
8.312,-0.00193574,1.07151,-0.0124977,2.0465,-0.00186269,1.08541,-0.0128626,2.0523
8.314,-0.00189921,1.07148,-0.0125433,2.0465,-0.00186269,1.08538,-0.0129082,2.0523
8.316,-0.00189921,1.07148,-0.0124521,2.0465,-0.00189921,1.08538,-0.0129082,2.05238
8.318,-0.00189921,1.07145,-0.0124977,2.0465,-0.00186269,1.08538,-0.012817,2.05238
8.32,-0.00189921,1.07151,-0.0124977,2.04642,-0.00182617,1.08538,-0.012817,2.0523
8.322,-0.00189921,1.07151,-0.0124977,2.0465,-0.00186269,1.08535,-0.0128626,2.0523
8.324,-0.00193574,1.07148,-0.0125433,2.0465,-0.00186269,1.08538,-0.012817,2.0523
8.326,-0.00193574,1.07148,-0.0125433,2.0465,-0.00193574,1.08538,-0.012817,2.0523
8.328,-0.00189921,1.07145,-0.0124977,2.0465,-0.00186269,1.08538,-0.012817,2.0523
8.33,-0.00189921,1.07148,-0.0125433,2.0465,-0.00186269,1.08538,-0.0129082,2.0523
8.332,-0.00189921,1.07151,-0.0124977,2.0465,-0.00186269,1.08538,-0.0129082,2.0523
8.334,-0.00189921,1.07151,-0.0124977,2.0465,-0.00182617,1.08538,-0.0129082,2.0523
8.336,-0.00189921,1.07148,-0.0125433,2.04642,-0.00186269,1.08535,-0.0128626,2.0523
8.338,-0.00189921,1.07145,-0.0124977,2.04642,-0.00186269,1.08535,-0.0128626,2.05238
8.34,-0.00189921,1.07148,-0.0125433,2.0465,-0.00186269,1.08541,-0.0128626,2.05238
8.342,-0.00189921,1.07151,-0.0124977,2.0465,-0.00182617,1.08535,-0.0128626,2.0523
8.344,-0.00193574,1.07148,-0.0124521,2.0465,-0.00186269,1.08538,-0.0129082,2.0523
8.346,-0.00193574,1.07148,-0.0125433,2.0465,-0.00182617,1.08538,-0.012817,2.0523
8.348,-0.00189921,1.07151,-0.0124977,2.0465,-0.00186269,1.08538,-0.0129082,2.0523
8.35,-0.00193574,1.07148,-0.0125433,2.0465,-0.00186269,1.08535,-0.0128626,2.0523
8.352,-0.00193574,1.07151,-0.0124977,2.0465,-0.00186269,1.08541,-0.0128626,2.0523
8.354,-0.00189921,1.07151,-0.0124977,2.04642,-0.00186269,1.08538,-0.0129082,2.0523
8.356,-0.00189921,1.07145,-0.0124977,2.0465,-0.00186269,1.08541,-0.0128626,2.05238
8.358,-0.00189921,1.07145,-0.0124977,2.0465,-0.00186269,1.08535,-0.0128626,2.0523
8.36,-0.00193574,1.07148,-0.0124521,2.0465,-0.00189921,1.08535,-0.0128626,2.0523
8.362,-0.00193574,1.07151,-0.0124977,2.0465,-0.00186269,1.08535,-0.0128626,2.0523
8.364,-0.00193574,1.07151,-0.0124977,2.04642,-0.00186269,1.08535,-0.0128626,2.0523
8.366,-0.00189921,1.07148,-0.0125433,2.04642,-0.00186269,1.08541,-0.0128626,2.05238
8.368,-0.00189921,1.07148,-0.0125433,2.0465,-0.00189921,1.08535,-0.0128626,2.0523
8.37,-0.00189921,1.07145,-0.0124977,2.0465,-0.00186269,1.08538,-0.0129082,2.0523
8.372,-0.00189921,1.07148,-0.0125433,2.0465,-0.00186269,1.08538,-0.0129082,2.05238
8.374,-0.00189921,1.07148,-0.0125433,2.04659,-0.00178964,1.08535,-0.0128626,2.0523
8.376,-0.00193574,1.07151,-0.0124977,2.0465,-0.00186269,1.08535,-0.0128626,2.0523
8.378,-0.00193574,1.07148,-0.0125433,2.0465,-0.00182617,1.08535,-0.0128626,2.0523
8.38,-0.00193574,1.07148,-0.0125433,2.0465,-0.00186269,1.08538,-0.012817,2.0523
8.382,-0.00189921,1.07148,-0.0124521,2.0465,-0.00189921,1.08535,-0.0128626,2.0523
8.384,-0.00189921,1.07145,-0.0124977,2.0465,-0.00189921,1.08541,-0.0128626,2.0523
8.386,-0.00189921,1.07148,-0.0125433,2.0465,-0.00186269,1.08541,-0.0128626,2.05238
8.388,-0.00189921,1.07151,-0.0124977,2.0465,-0.00186269,1.08535,-0.0128626,2.0523
8.39,-0.00189921,1.07151,-0.0124977,2.0465,-0.00186269,1.08541,-0.0128626,2.0523
8.392,-0.00193574,1.07151,-0.0124977,2.04659,-0.00182617,1.08535,-0.0128626,2.0523
8.394,-0.00193574,1.07151,-0.0124977,2.04659,-0.00186269,1.08535,-0.0128626,2.0523
8.396,-0.00189921,1.07148,-0.0125433,2.0465,-0.00186269,1.08535,-0.0128626,2.05238
8.398,-0.00189921,1.07148,-0.0125433,2.0465,-0.00186269,1.08538,-0.012817,2.0523
8.4,-0.00189921,1.07148,-0.0125433,2.0465,-0.00186269,1.08535,-0.0128626,2.0523
8.402,-0.00189921,1.07151,-0.0124977,2.0465,-0.00186269,1.08538,-0.012817,2.0523
8.404,-0.00189921,1.07151,-0.0124977,2.0465,-0.00182617,1.08538,-0.0129082,2.05238
8.406,-0.00193574,1.07148,-0.0125433,2.0465,-0.00186269,1.08538,-0.0129082,2.0523
8.408,-0.00189921,1.07148,-0.0125433,2.04659,-0.00186269,1.08538,-0.0129082,2.0523
8.41,-0.00189921,1.07145,-0.0124977,2.0465,-0.00182617,1.08538,-0.0129082,2.0523
8.412,-0.00189921,1.07148,-0.0125433,2.0465,-0.00186269,1.08538,-0.012817,2.0523
8.414,-0.00189921,1.07148,-0.0125433,2.0465,-0.00186269,1.08535,-0.0128626,2.0523
8.416,-0.00193574,1.07151,-0.0124977,2.0465,-0.00182617,1.08535,-0.0128626,2.0523
8.418,-0.00189921,1.07151,-0.0124977,2.0465,-0.00182617,1.08538,-0.012817,2.0523
8.42,-0.00189921,1.07151,-0.0124977,2.0465,-0.00182617,1.08538,-0.0129082,2.0523
8.422,-0.00189921,1.07148,-0.0124521,2.04642,-0.00182617,1.08541,-0.0128626,2.0523
8.424,-0.00189921,1.07145,-0.0124977,2.0465,-0.00182617,1.08541,-0.0127714,2.0523
8.426,-0.00189921,1.07148,-0.0124521,2.0465,-0.00186269,1.08535,-0.0128626,2.0523
8.428,-0.00189921,1.07148,-0.0125433,2.0465,-0.00186269,1.08538,-0.0129082,2.0523
8.43,-0.00189921,1.07148,-0.0125433,2.04642,-0.00193574,1.08538,-0.012817,2.0523
8.432,-0.00189921,1.07148,-0.0125433,2.04642,-0.00189921,1.08535,-0.0128626,2.0523
8.434,-0.00193574,1.07148,-0.0124521,2.0465,-0.00182617,1.08535,-0.0128626,2.05238
8.436,-0.00193574,1.07145,-0.0124977,2.0465,-0.00186269,1.08535,-0.0128626,2.0523
8.438,-0.00193574,1.07145,-0.0124977,2.04659,-0.00186269,1.08538,-0.0129082,2.0523
8.44,-0.00189921,1.07148,-0.0125433,2.0465,-0.00186269,1.08535,-0.0128626,2.0523
8.442,-0.00189921,1.07148,-0.0125433,2.0465,-0.00186269,1.08535,-0.0128626,2.0523
8.444,-0.00189921,1.07151,-0.0124977,2.0465,-0.00189921,1.08535,-0.0128626,2.0523
8.446,-0.00189921,1.07151,-0.0124977,2.0465,-0.00186269,1.08535,-0.0128626,2.05238
8.448,-0.00189921,1.07151,-0.0124977,2.0465,-0.00186269,1.08535,-0.0128626,2.0523
8.45,-0.00193574,1.07148,-0.0125433,2.0465,-0.00182617,1.08535,-0.0128626,2.05238
8.452,-0.00193574,1.07148,-0.0125433,2.0465,-0.00186269,1.08535,-0.0128626,2.0523
8.454,-0.00193574,1.07148,-0.0124521,2.0465,-0.00189921,1.08538,-0.012817,2.0523
8.456,-0.00189921,1.07151,-0.0124977,2.0465,-0.00186269,1.08541,-0.0128626,2.0523
8.458,-0.00189921,1.07151,-0.0124977,2.0465,-0.00186269,1.08535,-0.0128626,2.0523
8.46,-0.00189921,1.07148,-0.0125433,2.0465,-0.00189921,1.08535,-0.0128626,2.0523
8.462,-0.00189921,1.07151,-0.0124977,2.0465,-0.00186269,1.08541,-0.0128626,2.0523
8.464,-0.00193574,1.07151,-0.0124977,2.0465,-0.00186269,1.08535,-0.0128626,2.0523
8.466,-0.00189921,1.07148,-0.0125433,2.0465,-0.00186269,1.08541,-0.0128626,2.0523
8.468,-0.00193574,1.07148,-0.0125433,2.0465,-0.00186269,1.08538,-0.0129082,2.0523
8.47,-0.00193574,1.07151,-0.0124977,2.0465,-0.00186269,1.08541,-0.0128626,2.0523
8.472,-0.00193574,1.07151,-0.0124977,2.0465,-0.00189921,1.08538,-0.0129082,2.05238
8.474,-0.00189921,1.07148,-0.0125433,2.0465,-0.00186269,1.08538,-0.0129082,2.0523
8.476,-0.00193574,1.07148,-0.0125433,2.0465,-0.00189921,1.08538,-0.012817,2.0523
8.478,-0.00189921,1.07148,-0.0125433,2.0465,-0.00186269,1.08538,-0.012817,2.0523
8.48,-0.00189921,1.07148,-0.0125433,2.0465,-0.00186269,1.08538,-0.012817,2.0523
8.482,-0.00189921,1.07148,-0.0125433,2.0465,-0.00186269,1.08535,-0.0128626,2.0523
8.484,-0.00193574,1.07148,-0.0125433,2.0465,-0.00186269,1.08538,-0.012817,2.0523
8.486,-0.00189921,1.07145,-0.0124977,2.04659,-0.00182617,1.08538,-0.0129082,2.0523
8.488,-0.00193574,1.07148,-0.0125433,2.0465,-0.00186269,1.08538,-0.0129082,2.0523
8.49,-0.00193574,1.07145,-0.0124977,2.0465,-0.00189921,1.08535,-0.0128626,2.0523
8.492,-0.00189921,1.07151,-0.0124977,2.0465,-0.00186269,1.08538,-0.012817,2.0523
8.494,-0.00189921,1.07151,-0.0124977,2.0465,-0.00186269,1.08535,-0.0128626,2.05238
8.496,-0.00193574,1.07148,-0.0125433,2.0465,-0.00186269,1.08538,-0.012817,2.0523
8.498,-0.00193574,1.07148,-0.0125433,2.0465,-0.00186269,1.08538,-0.012817,2.0523
8.5,-0.00193574,1.07148,-0.0125433,2.0465,-0.00189921,1.08538,-0.0129082,2.0523
8.502,-0.00193574,1.07151,-0.0124977,2.0465,-0.00186269,1.08541,-0.0128626,2.0523
8.504,-0.00193574,1.07148,-0.0125433,2.0465,-0.00186269,1.08538,-0.0129082,2.05238
8.506,-0.00189921,1.07151,-0.0124977,2.04659,-0.00189921,1.08538,-0.0129082,2.0523
8.508,-0.00189921,1.07148,-0.0125433,2.0465,-0.00186269,1.08538,-0.0129082,2.0523
8.51,-0.00189921,1.07151,-0.0124977,2.0465,-0.00189921,1.08535,-0.0128626,2.0523
8.512,-0.00189921,1.07148,-0.0125433,2.0465,-0.00186269,1.08535,-0.0128626,2.0523
8.514,-0.00189921,1.07148,-0.0125433,2.0465,-0.00186269,1.08538,-0.012817,2.0523
8.516,-0.00193574,1.07148,-0.0125433,2.0465,-0.00182617,1.08535,-0.0128626,2.0523
8.518,-0.00193574,1.07145,-0.0124977,2.0465,-0.00186269,1.08535,-0.0128626,2.0523
8.52,-0.00193574,1.07151,-0.0124977,2.0465,-0.00189921,1.08538,-0.0129082,2.0523
8.522,-0.00189921,1.07148,-0.0125433,2.0465,-0.00189921,1.08535,-0.0128626,2.0523
8.524,-0.00189921,1.07145,-0.0124977,2.0465,-0.00189921,1.08541,-0.0128626,2.05238
8.526,-0.00189921,1.07145,-0.0124977,2.0465,-0.00186269,1.08535,-0.0128626,2.0523
8.528,-0.00189921,1.07151,-0.0124977,2.0465,-0.00182617,1.08535,-0.0128626,2.0523
8.53,-0.00189921,1.07151,-0.0124977,2.0465,-0.00189921,1.08535,-0.0128626,2.0523
8.532,-0.00193574,1.07151,-0.0124977,2.0465,-0.00186269,1.08535,-0.0128626,2.0523
8.534,-0.00189921,1.07148,-0.0125433,2.0465,-0.00186269,1.08535,-0.0128626,2.0523
8.536,-0.00193574,1.07148,-0.0125433,2.04659,-0.00186269,1.08535,-0.0128626,2.0523
8.538,-0.00189921,1.07148,-0.0125433,2.04659,-0.00186269,1.08538,-0.0129082,2.0523
8.54,-0.00189921,1.07145,-0.0124977,2.0465,-0.00186269,1.08538,-0.0129082,2.0523
8.542,-0.00189921,1.07151,-0.0124977,2.0465,-0.00186269,1.08538,-0.012817,2.0523
8.544,-0.00189921,1.07151,-0.0124977,2.0465,-0.00186269,1.08535,-0.0128626,2.0523
8.546,-0.00193574,1.07148,-0.0125433,2.04642,-0.00186269,1.08538,-0.012817,2.0523
8.548,-0.00193574,1.07148,-0.0125433,2.0465,-0.00186269,1.08538,-0.012817,2.0523
8.55,-0.00189921,1.07148,-0.0125433,2.0465,-0.00186269,1.08541,-0.0128626,2.05238
8.552,-0.00193574,1.07151,-0.0124977,2.0465,-0.00186269,1.08538,-0.0129082,2.0523
8.554,-0.00189921,1.07151,-0.0124977,2.0465,-0.00186269,1.08538,-0.0129082,2.0523
8.556,-0.00189921,1.07151,-0.0124977,2.0465,-0.00189921,1.08538,-0.0129082,2.0523
8.558,-0.00189921,1.07151,-0.0124977,2.04642,-0.00186269,1.08538,-0.0129082,2.05238
8.56,-0.00189921,1.07145,-0.0124977,2.0465,-0.00186269,1.08535,-0.0128626,2.0523
8.562,-0.00189921,1.07145,-0.0124977,2.04642,-0.00189921,1.08538,-0.012817,2.0523
8.564,-0.00193574,1.07148,-0.0124521,2.04642,-0.00182617,1.08535,-0.0128626,2.0523
8.566,-0.00193574,1.07151,-0.0124977,2.0465,-0.00182617,1.08535,-0.0128626,2.05221
8.568,-0.00189921,1.07151,-0.0124977,2.0465,-0.00186269,1.08535,-0.0128626,2.0523
8.57,-0.00189921,1.07151,-0.0124977,2.0465,-0.00186269,1.08535,-0.0128626,2.0523
8.572,-0.00189921,1.07148,-0.0125433,2.0465,-0.00189921,1.08541,-0.0128626,2.0523
8.574,-0.00189921,1.07148,-0.0124521,2.0465,-0.00186269,1.08541,-0.0128626,2.0523
8.576,-0.00189921,1.07148,-0.0125433,2.0465,-0.00186269,1.08538,-0.012817,2.0523
8.578,-0.00193574,1.07151,-0.0124977,2.0465,-0.00186269,1.08538,-0.0129082,2.0523
8.58,-0.00189921,1.07148,-0.0125433,2.0465,-0.00186269,1.08535,-0.0128626,2.0523
8.582,-0.00193574,1.07148,-0.0125433,2.0465,-0.00186269,1.08538,-0.012817,2.0523
8.584,-0.00189921,1.07151,-0.0124977,2.0465,-0.00186269,1.08535,-0.0128626,2.0523
8.586,-0.00189921,1.07145,-0.0124977,2.0465,-0.00186269,1.08538,-0.012817,2.0523
8.588,-0.00189921,1.07148,-0.0125433,2.0465,-0.00186269,1.08535,-0.0128626,2.0523
8.59,-0.00189921,1.07148,-0.0124521,2.0465,-0.00189921,1.08538,-0.0129082,2.0523
8.592,-0.00189921,1.07151,-0.0124977,2.0465,-0.00186269,1.08538,-0.0129082,2.0523
8.594,-0.00193574,1.07151,-0.0124977,2.0465,-0.00186269,1.08535,-0.0128626,2.05238
8.596,-0.00193574,1.07151,-0.0124977,2.0465,-0.00186269,1.08538,-0.012817,2.0523
8.598,-0.00193574,1.07151,-0.0124977,2.0465,-0.00186269,1.08538,-0.012817,2.0523
8.6,-0.00193574,1.07148,-0.0125433,2.0465,-0.00186269,1.08538,-0.0129082,2.0523
8.602,-0.00193574,1.07151,-0.0124977,2.0465,-0.00186269,1.08535,-0.0128626,2.0523
8.604,-0.00189921,1.07148,-0.0125433,2.0465,-0.00186269,1.08533,-0.0129082,2.0523
8.606,-0.00189921,1.07151,-0.0124977,2.0465,-0.00189921,1.08538,-0.0129082,2.0523
8.608,-0.00189921,1.07151,-0.0124977,2.0465,-0.00186269,1.08535,-0.0128626,2.05238
8.61,-0.00193574,1.07148,-0.0125433,2.0465,-0.00189921,1.08538,-0.012817,2.05238
8.612,-0.00193574,1.07148,-0.0125433,2.0465,-0.00186269,1.08535,-0.0128626,2.0523
8.614,-0.00193574,1.07148,-0.0125433,2.0465,-0.00186269,1.08535,-0.0128626,2.05238
8.616,-0.00193574,1.07148,-0.0125433,2.0465,-0.00186269,1.08538,-0.012817,2.0523
8.618,-0.00193574,1.07151,-0.0124977,2.0465,-0.00186269,1.08535,-0.0128626,2.05238
8.62,-0.00193574,1.07148,-0.0124521,2.0465,-0.00189921,1.08538,-0.0129082,2.0523
8.622,-0.00189921,1.07151,-0.0124977,2.0465,-0.00189921,1.08535,-0.0128626,2.0523
8.624,-0.00189921,1.07148,-0.0125433,2.0465,-0.00189921,1.08535,-0.0128626,2.0523
8.626,-0.00189921,1.07151,-0.0124977,2.0465,-0.00189921,1.08541,-0.0128626,2.0523
8.628,-0.00193574,1.07148,-0.0125433,2.0465,-0.00186269,1.08535,-0.0128626,2.05238
8.63,-0.00193574,1.07148,-0.0125433,2.0465,-0.00182617,1.08541,-0.0128626,2.0523
8.632,-0.00193574,1.07151,-0.0124977,2.0465,-0.00186269,1.08535,-0.0128626,2.0523
8.634,-0.00193574,1.07148,-0.0125433,2.0465,-0.00186269,1.08535,-0.0128626,2.05238
8.636,-0.00193574,1.07148,-0.0125433,2.0465,-0.00189921,1.08538,-0.0129082,2.0523
8.638,-0.00189921,1.07151,-0.0124977,2.0465,-0.00186269,1.08533,-0.0129082,2.0523
8.64,-0.00189921,1.07148,-0.0124521,2.0465,-0.00186269,1.08535,-0.0128626,2.0523
8.642,-0.00189921,1.07151,-0.0124977,2.0465,-0.00189921,1.08541,-0.0128626,2.0523
8.644,-0.00189921,1.07148,-0.0125433,2.0465,-0.00189921,1.08535,-0.0128626,2.0523
8.646,-0.00193574,1.07148,-0.0125433,2.0465,-0.00189921,1.08538,-0.012817,2.0523
8.648,-0.00193574,1.07148,-0.0125433,2.0465,-0.00186269,1.08535,-0.0128626,2.0523
8.65,-0.00193574,1.07148,-0.0125433,2.0465,-0.00189921,1.08535,-0.0128626,2.0523
8.652,-0.00193574,1.07151,-0.0124977,2.0465,-0.00186269,1.08535,-0.0128626,2.0523
8.654,-0.00193574,1.07145,-0.0124977,2.0465,-0.00186269,1.08535,-0.0128626,2.0523
8.656,-0.00189921,1.07151,-0.0124977,2.0465,-0.00189921,1.08535,-0.0128626,2.0523
8.658,-0.00189921,1.07151,-0.0124977,2.0465,-0.00186269,1.08535,-0.0128626,2.0523
8.66,-0.00189921,1.07148,-0.0125433,2.0465,-0.00189921,1.08535,-0.0128626,2.0523
8.662,-0.00189921,1.07148,-0.0125433,2.0465,-0.00186269,1.08538,-0.0129082,2.0523
8.664,-0.00189921,1.07151,-0.0124977,2.0465,-0.00186269,1.08535,-0.0128626,2.0523
8.666,-0.00193574,1.07148,-0.0125433,2.0465,-0.00186269,1.08538,-0.0129082,2.0523
8.668,-0.00193574,1.07145,-0.0124977,2.0465,-0.00189921,1.08535,-0.0128626,2.0523
8.67,-0.00193574,1.07151,-0.0124977,2.0465,-0.00186269,1.08538,-0.0129082,2.0523
8.672,-0.00189921,1.07151,-0.0124977,2.0465,-0.00182617,1.08535,-0.0128626,2.0523
8.674,-0.00189921,1.07148,-0.0125433,2.0465,-0.00182617,1.08538,-0.0129082,2.0523
8.676,-0.00189921,1.07148,-0.0124521,2.0465,-0.00182617,1.08535,-0.0128626,2.0523
8.678,-0.00189921,1.07148,-0.0125433,2.0465,-0.00186269,1.08538,-0.012817,2.0523
8.68,-0.00189921,1.07151,-0.0124977,2.0465,-0.00186269,1.08535,-0.0128626,2.0523
8.682,-0.00189921,1.07148,-0.0125433,2.0465,-0.00186269,1.08538,-0.012817,2.05238
8.684,-0.00189921,1.07148,-0.0125433,2.0465,-0.00189921,1.08535,-0.0128626,2.0523
8.686,-0.00189921,1.07148,-0.0125433,2.0465,-0.00182617,1.08535,-0.0128626,2.05238
8.688,-0.00189921,1.07151,-0.0124977,2.0465,-0.00182617,1.08533,-0.0129082,2.0523
8.69,-0.00193574,1.07148,-0.0125433,2.0465,-0.00186269,1.08538,-0.0129082,2.0523
8.692,-0.00189921,1.07148,-0.0125433,2.0465,-0.00189921,1.08538,-0.0129082,2.05238
8.694,-0.00189921,1.07145,-0.0124977,2.0465,-0.00182617,1.08538,-0.012817,2.0523
8.696,-0.00189921,1.07148,-0.0125433,2.0465,-0.00186269,1.08538,-0.012817,2.05238
8.698,-0.00189921,1.07151,-0.0124977,2.0465,-0.00186269,1.08535,-0.0128626,2.0523
8.7,-0.00189921,1.07148,-0.0125433,2.0465,-0.00189921,1.08538,-0.012817,2.0523
8.702,-0.00193574,1.07151,-0.0124977,2.04642,-0.00186269,1.08538,-0.0129082,2.0523
8.704,-0.00193574,1.07148,-0.0124521,2.0465,-0.00189921,1.08535,-0.0128626,2.0523
8.706,-0.00189921,1.07148,-0.0124521,2.0465,-0.00186269,1.08535,-0.0128626,2.0523
8.708,-0.00189921,1.07148,-0.0125433,2.0465,-0.00186269,1.08538,-0.0129082,2.0523
8.71,-0.00189921,1.07148,-0.0125433,2.0465,-0.00186269,1.08538,-0.012817,2.0523
8.712,-0.00189921,1.07148,-0.0125433,2.0465,-0.00182617,1.08541,-0.0128626,2.0523
8.714,-0.00193574,1.07151,-0.0124977,2.04642,-0.00186269,1.08538,-0.012817,2.05238
8.716,-0.00189921,1.07151,-0.0124977,2.04642,-0.00182617,1.08538,-0.012817,2.0523
8.718,-0.00189921,1.07148,-0.0125433,2.04642,-0.00186269,1.08541,-0.0128626,2.0523
8.72,-0.00189921,1.07151,-0.0124977,2.0465,-0.00186269,1.08538,-0.012817,2.0523
8.722,-0.00189921,1.07151,-0.0124977,2.0465,-0.00186269,1.08538,-0.0129082,2.0523
8.724,-0.00193574,1.07148,-0.0124521,2.04659,-0.00186269,1.08538,-0.0129082,2.0523
8.726,-0.00189921,1.07151,-0.0124977,2.0465,-0.00186269,1.08533,-0.0129082,2.0523
8.728,-0.00189921,1.07148,-0.0125433,2.0465,-0.00186269,1.08538,-0.012817,2.05238
8.73,-0.00189921,1.07148,-0.0125433,2.0465,-0.00189921,1.08538,-0.012817,2.05238
8.732,-0.00193574,1.07148,-0.0125433,2.0465,-0.00186269,1.08541,-0.0128626,2.0523
8.734,-0.00193574,1.07148,-0.0125433,2.0465,-0.00186269,1.08535,-0.0128626,2.0523
8.736,-0.00189921,1.07148,-0.0125433,2.0465,-0.00186269,1.08538,-0.0129082,2.0523
8.738,-0.00189921,1.07151,-0.0124977,2.0465,-0.00186269,1.08538,-0.012817,2.0523
8.74,-0.00189921,1.07151,-0.0124977,2.04659,-0.00186269,1.08538,-0.0129082,2.0523
8.742,-0.00189921,1.07148,-0.0125433,2.04659,-0.00186269,1.08535,-0.0128626,2.0523
8.744,-0.00189921,1.07148,-0.0125433,2.0465,-0.00186269,1.08535,-0.0128626,2.05238
8.746,-0.00193574,1.07151,-0.0124977,2.0465,-0.00186269,1.08538,-0.012817,2.0523
8.748,-0.00193574,1.07148,-0.0125433,2.0465,-0.00182617,1.08535,-0.0128626,2.0523
8.75,-0.00189921,1.07148,-0.0125433,2.0465,-0.00186269,1.08538,-0.012817,2.0523
8.752,-0.00189921,1.07148,-0.0125433,2.04659,-0.00186269,1.08541,-0.0128626,2.0523
8.754,-0.00189921,1.07151,-0.0124977,2.0465,-0.00182617,1.08538,-0.0129082,2.05238
8.756,-0.00189921,1.07151,-0.0124977,2.0465,-0.00186269,1.08538,-0.0129082,2.05238
8.758,-0.00189921,1.07151,-0.0124977,2.0465,-0.00189921,1.08541,-0.0128626,2.0523
8.76,-0.00193574,1.07148,-0.0125433,2.0465,-0.00189921,1.08535,-0.0128626,2.0523
8.762,-0.00193574,1.07148,-0.0125433,2.0465,-0.00189921,1.08538,-0.012817,2.0523
8.764,-0.00193574,1.07145,-0.0124977,2.0465,-0.00186269,1.08538,-0.012817,2.0523
8.766,-0.00189921,1.07151,-0.0124977,2.0465,-0.00186269,1.08538,-0.012817,2.0523
8.768,-0.00189921,1.07151,-0.0124977,2.0465,-0.00186269,1.08538,-0.012817,2.0523
8.77,-0.00189921,1.07151,-0.0124977,2.0465,-0.00186269,1.08538,-0.0129082,2.0523
8.772,-0.00189921,1.07151,-0.0124977,2.0465,-0.00186269,1.08538,-0.0129082,2.05238
8.774,-0.00189921,1.07151,-0.0124977,2.0465,-0.00189921,1.08538,-0.0129082,2.0523
8.776,-0.00189921,1.07148,-0.0125433,2.0465,-0.00186269,1.08541,-0.0128626,2.0523
8.778,-0.00189921,1.07148,-0.0125433,2.04642,-0.00186269,1.08535,-0.0128626,2.05238
8.78,-0.00189921,1.07151,-0.0124977,2.0465,-0.00186269,1.08535,-0.0128626,2.05238
8.782,-0.00189921,1.07148,-0.0125433,2.0465,-0.00182617,1.08535,-0.0128626,2.0523
8.784,-0.00189921,1.07148,-0.0125433,2.0465,-0.00186269,1.08535,-0.0128626,2.05238
8.786,-0.00189921,1.07148,-0.0125433,2.0465,-0.00186269,1.08535,-0.0128626,2.05238
8.788,-0.00189921,1.07148,-0.0125433,2.0465,-0.00186269,1.08535,-0.0128626,2.0523
8.79,-0.00189921,1.07148,-0.0125433,2.0465,-0.00189921,1.08535,-0.0128626,2.0523
8.792,-0.00189921,1.07148,-0.0125433,2.0465,-0.00186269,1.08535,-0.0128626,2.0523
8.794,-0.00189921,1.07148,-0.0125433,2.04642,-0.00186269,1.08538,-0.0129082,2.0523
8.796,-0.00189921,1.07151,-0.0124977,2.04642,-0.00189921,1.08538,-0.012817,2.0523
8.798,-0.00193574,1.07151,-0.0124977,2.0465,-0.00186269,1.08538,-0.012817,2.0523
8.8,-0.00193574,1.07148,-0.0125433,2.0465,-0.00182617,1.08538,-0.0129082,2.0523
8.802,-0.00189921,1.07148,-0.0125433,2.0465,-0.00189921,1.08538,-0.0129082,2.0523
8.804,-0.00189921,1.07148,-0.0125433,2.0465,-0.00186269,1.08535,-0.0128626,2.0523
8.806,-0.00189921,1.07148,-0.0124521,2.0465,-0.00189921,1.08535,-0.0128626,2.0523
8.808,-0.00189921,1.07148,-0.0125433,2.0465,-0.00189921,1.08538,-0.012817,2.05238
8.81,-0.00193574,1.07148,-0.0125433,2.04642,-0.00182617,1.08535,-0.0128626,2.0523
8.812,-0.00189921,1.07148,-0.0125433,2.0465,-0.00186269,1.08535,-0.0128626,2.0523
8.814,-0.00193574,1.07151,-0.0124977,2.0465,-0.00182617,1.08538,-0.012817,2.0523
8.816,-0.00193574,1.07151,-0.0124977,2.0465,-0.00186269,1.08535,-0.0128626,2.0523
8.818,-0.00189921,1.07151,-0.0124977,2.0465,-0.00182617,1.08538,-0.012817,2.0523
8.82,-0.00193574,1.07151,-0.0124977,2.0465,-0.00189921,1.08538,-0.0129082,2.05238
8.822,-0.00189921,1.07148,-0.0125433,2.0465,-0.00186269,1.08538,-0.012817,2.05238
8.824,-0.00189921,1.07145,-0.0124977,2.0465,-0.00189921,1.08535,-0.0128626,2.0523
8.826,-0.00189921,1.07145,-0.0124977,2.0465,-0.00186269,1.08538,-0.012817,2.0523
8.828,-0.00189921,1.07148,-0.0125433,2.0465,-0.00186269,1.08535,-0.0128626,2.0523
8.83,-0.00189921,1.07148,-0.0125433,2.0465,-0.00189921,1.08535,-0.0128626,2.0523
8.832,-0.00193574,1.07148,-0.0125433,2.0465,-0.00189921,1.08535,-0.0128626,2.0523
8.834,-0.00193574,1.07151,-0.0124977,2.0465,-0.00182617,1.08538,-0.012817,2.05238
8.836,-0.00189921,1.07148,-0.0125433,2.0465,-0.00186269,1.08538,-0.0129082,2.0523
8.838,-0.00189921,1.07148,-0.0124521,2.0465,-0.00189921,1.08535,-0.0128626,2.0523
8.84,-0.00189921,1.07151,-0.0124977,2.0465,-0.00182617,1.08535,-0.0128626,2.0523
8.842,-0.00189921,1.07148,-0.0125433,2.0465,-0.00189921,1.08535,-0.0128626,2.0523
8.844,-0.00189921,1.07148,-0.0125433,2.04659,-0.00189921,1.08535,-0.0128626,2.0523
8.846,-0.00189921,1.07148,-0.0125433,2.0465,-0.00186269,1.08535,-0.0128626,2.0523
8.848,-0.00193574,1.07151,-0.0124977,2.0465,-0.00186269,1.08538,-0.012817,2.05238
8.85,-0.00193574,1.07151,-0.0124977,2.0465,-0.00189921,1.08535,-0.0128626,2.05238
8.852,-0.00193574,1.07148,-0.0125433,2.0465,-0.00189921,1.08541,-0.0128626,2.0523
8.854,-0.00189921,1.07148,-0.0125433,2.0465,-0.00189921,1.08538,-0.012817,2.0523
8.856,-0.00189921,1.07148,-0.0125433,2.0465,-0.00186269,1.08535,-0.0128626,2.0523
8.858,-0.00189921,1.07148,-0.0125433,2.0465,-0.00186269,1.08535,-0.0128626,2.0523
8.86,-0.00189921,1.07148,-0.0125433,2.0465,-0.00186269,1.08535,-0.0128626,2.0523
8.862,-0.00189921,1.07148,-0.0125433,2.0465,-0.00186269,1.08535,-0.0128626,2.05238
8.864,-0.00189921,1.07148,-0.0125433,2.0465,-0.00186269,1.08538,-0.012817,2.0523
8.866,-0.00193574,1.07148,-0.0125433,2.0465,-0.00186269,1.08535,-0.0128626,2.0523
8.868,-0.00193574,1.07148,-0.0125433,2.0465,-0.00182617,1.08541,-0.0128626,2.0523
8.87,-0.00193574,1.07148,-0.0125433,2.0465,-0.00186269,1.08538,-0.0129082,2.0523
8.872,-0.00193574,1.07148,-0.0124521,2.04642,-0.00186269,1.08535,-0.0128626,2.0523
8.874,-0.00193574,1.07151,-0.0124977,2.0465,-0.00182617,1.08535,-0.0128626,2.05238
8.876,-0.00189921,1.07148,-0.0125433,2.0465,-0.00186269,1.08541,-0.0128626,2.0523
8.878,-0.00189921,1.07148,-0.0125433,2.0465,-0.00189921,1.08538,-0.012817,2.0523
8.88,-0.00189921,1.07148,-0.0125433,2.0465,-0.00182617,1.08535,-0.0128626,2.0523
8.882,-0.00189921,1.07151,-0.0124977,2.0465,-0.00186269,1.08538,-0.0129082,2.05238
8.884,-0.00193574,1.07151,-0.0124977,2.0465,-0.00186269,1.08541,-0.0128626,2.0523
8.886,-0.00193574,1.07151,-0.0124977,2.0465,-0.00186269,1.08541,-0.0128626,2.0523
8.888,-0.00193574,1.07148,-0.0125433,2.0465,-0.00182617,1.08535,-0.0128626,2.0523
8.89,-0.00193574,1.07151,-0.0124977,2.0465,-0.00189921,1.08538,-0.0129082,2.05238
8.892,-0.00189921,1.07148,-0.0125433,2.0465,-0.00182617,1.08538,-0.012817,2.0523
8.894,-0.00189921,1.07151,-0.0124977,2.0465,-0.00186269,1.08535,-0.0128626,2.0523
8.896,-0.00189921,1.07151,-0.0124977,2.04659,-0.00189921,1.08535,-0.0128626,2.0523
8.898,-0.00189921,1.07148,-0.0125433,2.04659,-0.00186269,1.08535,-0.0128626,2.0523
8.9,-0.00189921,1.07151,-0.0124977,2.0465,-0.00186269,1.08535,-0.0128626,2.0523
8.902,-0.00189921,1.07148,-0.0125433,2.0465,-0.00186269,1.08538,-0.012817,2.0523
8.904,-0.00193574,1.07151,-0.0124977,2.0465,-0.00186269,1.08541,-0.0128626,2.0523
8.906,-0.00193574,1.07151,-0.0124977,2.0465,-0.00189921,1.08535,-0.0128626,2.0523
8.908,-0.00193574,1.07151,-0.0124977,2.0465,-0.00186269,1.08541,-0.0128626,2.05238
8.91,-0.00189921,1.07151,-0.0124977,2.0465,-0.00186269,1.08538,-0.0129082,2.05238
8.912,-0.00189921,1.07151,-0.0124977,2.0465,-0.00189921,1.08535,-0.0128626,2.0523
8.914,-0.00189921,1.07151,-0.0124977,2.0465,-0.00186269,1.08535,-0.0128626,2.05238
8.916,-0.00189921,1.07148,-0.0125433,2.0465,-0.00189921,1.08541,-0.0128626,2.05238
8.918,-0.00189921,1.07148,-0.0125433,2.0465,-0.00186269,1.08538,-0.012817,2.0523
8.92,-0.00189921,1.07148,-0.0125433,2.0465,-0.00186269,1.08535,-0.0128626,2.0523
8.922,-0.00189921,1.07148,-0.0125433,2.04642,-0.00182617,1.08535,-0.0128626,2.0523
8.924,-0.00189921,1.07145,-0.0124977,2.0465,-0.00189921,1.08535,-0.0128626,2.0523
8.926,-0.00189921,1.07151,-0.0124977,2.04642,-0.00186269,1.08538,-0.012817,2.0523
8.928,-0.00189921,1.07151,-0.0124977,2.0465,-0.00186269,1.08535,-0.0128626,2.0523
8.93,-0.00189921,1.07148,-0.0125433,2.0465,-0.00186269,1.08538,-0.0129082,2.0523
8.932,-0.00189921,1.07148,-0.0125433,2.0465,-0.00186269,1.08541,-0.0128626,2.0523
8.934,-0.00189921,1.07151,-0.0124977,2.0465,-0.00193574,1.08538,-0.012817,2.0523
8.936,-0.00189921,1.07151,-0.0124977,2.04642,-0.00182617,1.08535,-0.0128626,2.0523
8.938,-0.00189921,1.07148,-0.0125433,2.0465,-0.00186269,1.08535,-0.0128626,2.0523
8.94,-0.00189921,1.07148,-0.0125433,2.0465,-0.00186269,1.08535,-0.0128626,2.0523
8.942,-0.00193574,1.07151,-0.0124977,2.04642,-0.00186269,1.08538,-0.0129082,2.0523
8.944,-0.00189921,1.07148,-0.0125433,2.0465,-0.00186269,1.08535,-0.0128626,2.0523
8.946,-0.00189921,1.07148,-0.0125433,2.0465,-0.00186269,1.08538,-0.012817,2.0523
8.948,-0.00189921,1.07148,-0.0124521,2.0465,-0.00189921,1.08538,-0.012817,2.0523
8.95,-0.00189921,1.07151,-0.0124977,2.0465,-0.00182617,1.08535,-0.0128626,2.0523
8.952,-0.00189921,1.07148,-0.0125433,2.0465,-0.00182617,1.08538,-0.012817,2.0523
8.954,-0.00189921,1.07151,-0.0124977,2.0465,-0.00186269,1.08538,-0.0129082,2.0523
8.956,-0.00189921,1.07148,-0.0125433,2.0465,-0.00189921,1.08535,-0.0128626,2.0523
8.958,-0.00193574,1.07151,-0.0124977,2.0465,-0.00186269,1.08535,-0.0128626,2.0523
8.96,-0.00193574,1.07151,-0.0124977,2.0465,-0.00189921,1.08535,-0.0128626,2.0523
8.962,-0.00189921,1.07148,-0.0125433,2.0465,-0.00186269,1.08535,-0.0128626,2.0523
8.964,-0.00189921,1.07148,-0.0125433,2.0465,-0.00189921,1.08538,-0.012817,2.0523
8.966,-0.00189921,1.07148,-0.0125433,2.0465,-0.00186269,1.08538,-0.0129082,2.05238
8.968,-0.00193574,1.07151,-0.0124977,2.0465,-0.00186269,1.08538,-0.012817,2.0523
8.97,-0.00193574,1.07151,-0.0124977,2.0465,-0.00186269,1.08535,-0.0128626,2.0523
8.972,-0.00189921,1.07151,-0.0124977,2.0465,-0.00189921,1.08535,-0.0128626,2.0523
8.974,-0.00189921,1.07148,-0.0125433,2.0465,-0.00189921,1.08541,-0.0128626,2.05238
8.976,-0.00189921,1.07148,-0.0125433,2.04659,-0.00186269,1.08538,-0.012817,2.0523
8.978,-0.00189921,1.07151,-0.0124977,2.0465,-0.00193574,1.08541,-0.0128626,2.0523
8.98,-0.00189921,1.07151,-0.0124977,2.0465,-0.00186269,1.08538,-0.0129082,2.0523
8.982,-0.00189921,1.07151,-0.0124977,2.0465,-0.00186269,1.08541,-0.0128626,2.0523
8.984,-0.00193574,1.07148,-0.0125433,2.0465,-0.00186269,1.08538,-0.012817,2.0523
8.986,-0.00193574,1.07151,-0.0124977,2.0465,-0.00182617,1.08541,-0.0128626,2.05238
8.988,-0.00189921,1.07151,-0.0124977,2.0465,-0.00186269,1.08535,-0.0128626,2.0523
8.99,-0.00189921,1.07151,-0.0124977,2.04659,-0.00189921,1.08535,-0.0128626,2.0523
8.992,-0.00189921,1.07148,-0.0125433,2.0465,-0.00186269,1.08538,-0.012817,2.05238
8.994,-0.00189921,1.07148,-0.0124521,2.0465,-0.00189921,1.08538,-0.012817,2.0523
8.996,-0.00189921,1.07148,-0.0125433,2.0465,-0.00186269,1.08538,-0.012817,2.0523
8.998,-0.00189921,1.07148,-0.0125433,2.04642,-0.00186269,1.08538,-0.0129082,2.0523
9,-0.00193574,1.07148,-0.0125433,2.0465,-0.00186269,1.08535,-0.0128626,2.0523
9.002,-0.00193574,1.07151,-0.0124977,2.0465,-0.00189921,1.08535,-0.0128626,2.0523
9.004,-0.00189921,1.07151,-0.0124977,2.0465,-0.00186269,1.08535,-0.0128626,2.0523
9.006,-0.00189921,1.07151,-0.0124977,2.0465,-0.00189921,1.08535,-0.0128626,2.05238
9.008,-0.00189921,1.07151,-0.0124977,2.0465,-0.00186269,1.08541,-0.0128626,2.0523
9.01,-0.00189921,1.07151,-0.0124977,2.0465,-0.00186269,1.08535,-0.0128626,2.0523
9.012,-0.00189921,1.07148,-0.0125433,2.0465,-0.00186269,1.08538,-0.0129082,2.0523
9.014,-0.00193574,1.07148,-0.0125433,2.0465,-0.00182617,1.08535,-0.0128626,2.0523
9.016,-0.00193574,1.07151,-0.0124977,2.0465,-0.00186269,1.08538,-0.012817,2.0523
9.018,-0.00189921,1.07151,-0.0124977,2.0465,-0.00186269,1.08538,-0.0129082,2.0523
9.02,-0.00189921,1.07148,-0.0125433,2.0465,-0.00186269,1.08538,-0.0129082,2.0523
9.022,-0.00189921,1.07148,-0.0125433,2.0465,-0.00182617,1.08541,-0.0128626,2.0523
9.024,-0.00189921,1.07151,-0.0124977,2.0465,-0.00186269,1.08538,-0.012817,2.05238
9.026,-0.00189921,1.07151,-0.0124977,2.04659,-0.00189921,1.08538,-0.012817,2.0523
9.028,-0.00189921,1.07151,-0.0124977,2.0465,-0.00186269,1.08535,-0.0128626,2.0523
9.03,-0.00189921,1.07151,-0.0124977,2.0465,-0.00186269,1.08538,-0.0129082,2.0523
9.032,-0.00189921,1.07148,-0.0125433,2.0465,-0.00186269,1.08538,-0.012817,2.0523
9.034,-0.00189921,1.07148,-0.0125433,2.0465,-0.00186269,1.08538,-0.012817,2.0523
9.036,-0.00189921,1.07145,-0.0124977,2.04642,-0.00186269,1.08538,-0.0129082,2.0523
9.038,-0.00189921,1.07148,-0.0125433,2.04642,-0.00182617,1.08538,-0.012817,2.0523
9.04,-0.00189921,1.07151,-0.0124977,2.04642,-0.00186269,1.08535,-0.0128626,2.0523
9.042,-0.00189921,1.07151,-0.0124977,2.0465,-0.00186269,1.08538,-0.012817,2.0523
9.044,-0.00189921,1.07151,-0.0124977,2.0465,-0.00186269,1.08538,-0.012817,2.05238
9.046,-0.00189921,1.07151,-0.0124977,2.0465,-0.00186269,1.08538,-0.012817,2.05238
9.048,-0.00189921,1.07151,-0.0124977,2.0465,-0.00186269,1.08541,-0.0128626,2.05238
9.05,-0.00189921,1.07145,-0.0124977,2.0465,-0.00186269,1.08535,-0.0128626,2.0523
9.052,-0.00189921,1.07148,-0.0125433,2.0465,-0.00182617,1.08535,-0.0128626,2.0523
9.054,-0.00189921,1.07151,-0.0124977,2.0465,-0.00182617,1.08535,-0.0128626,2.0523
9.056,-0.00189921,1.07148,-0.0125433,2.0465,-0.00186269,1.08535,-0.0128626,2.0523
9.058,-0.00193574,1.07148,-0.0125433,2.0465,-0.00189921,1.08535,-0.0128626,2.0523
9.06,-0.00189921,1.07148,-0.0125433,2.0465,-0.00189921,1.08538,-0.012817,2.0523
9.062,-0.00189921,1.07148,-0.0125433,2.0465,-0.00182617,1.08535,-0.0128626,2.0523
9.064,-0.00189921,1.07148,-0.0125433,2.0465,-0.00186269,1.08541,-0.0128626,2.0523
9.066,-0.00189921,1.07145,-0.0124977,2.0465,-0.00186269,1.08541,-0.0128626,2.0523
9.068,-0.00193574,1.07148,-0.0125433,2.0465,-0.00186269,1.08535,-0.0128626,2.05238
9.07,-0.00193574,1.07148,-0.0125433,2.0465,-0.00182617,1.08535,-0.0128626,2.0523
9.072,-0.00193574,1.07148,-0.0125433,2.0465,-0.00186269,1.08535,-0.0128626,2.0523
9.074,-0.00189921,1.07151,-0.0124977,2.0465,-0.00186269,1.08535,-0.0128626,2.0523
9.076,-0.00189921,1.07148,-0.0125433,2.0465,-0.00186269,1.08535,-0.0128626,2.05238
9.078,-0.00189921,1.07145,-0.0124977,2.0465,-0.00186269,1.08538,-0.012817,2.0523
9.08,-0.00189921,1.07148,-0.0125433,2.0465,-0.00186269,1.08538,-0.0129082,2.0523
9.082,-0.00193574,1.07145,-0.0124977,2.0465,-0.00186269,1.08535,-0.0128626,2.0523
9.084,-0.00189921,1.07151,-0.0124977,2.0465,-0.00186269,1.08535,-0.0128626,2.05238
9.086,-0.00189921,1.07151,-0.0124977,2.0465,-0.00186269,1.08535,-0.0128626,2.0523
9.088,-0.00193574,1.07148,-0.0125433,2.0465,-0.00182617,1.08535,-0.0128626,2.0523
9.09,-0.00189921,1.07148,-0.0125433,2.0465,-0.00189921,1.08535,-0.0128626,2.0523
9.092,-0.00189921,1.07145,-0.0124977,2.0465,-0.00186269,1.08541,-0.0128626,2.0523
9.094,-0.00193574,1.07151,-0.0124977,2.0465,-0.00189921,1.08541,-0.0128626,2.05238
9.096,-0.00189921,1.07151,-0.0124977,2.0465,-0.00182617,1.08535,-0.0128626,2.0523
9.098,-0.00193574,1.07148,-0.0125433,2.0465,-0.00186269,1.08541,-0.0128626,2.05238
9.1,-0.00193574,1.07151,-0.0124977,2.0465,-0.00189921,1.08535,-0.0128626,2.0523
9.102,-0.00193574,1.07151,-0.0124977,2.0465,-0.00186269,1.08538,-0.0129082,2.05238
9.104,-0.00193574,1.07148,-0.0125433,2.0465,-0.00186269,1.08535,-0.0128626,2.0523
9.106,-0.00193574,1.07148,-0.0125433,2.0465,-0.00189921,1.08541,-0.0128626,2.0523
9.108,-0.00189921,1.07148,-0.0125433,2.0465,-0.00186269,1.08535,-0.0128626,2.0523
9.11,-0.00189921,1.07151,-0.0124977,2.0465,-0.00189921,1.08538,-0.0129082,2.0523
9.112,-0.00189921,1.07151,-0.0124977,2.0465,-0.00186269,1.08538,-0.012817,2.0523
9.114,-0.00189921,1.07151,-0.0124977,2.0465,-0.00186269,1.08541,-0.0128626,2.0523
9.116,-0.00193574,1.07148,-0.0125433,2.0465,-0.00189921,1.08538,-0.012817,2.0523
9.118,-0.00193574,1.07148,-0.0125433,2.0465,-0.00186269,1.08535,-0.0128626,2.0523
9.12,-0.00193574,1.07148,-0.0125433,2.0465,-0.00182617,1.08538,-0.012817,2.0523
9.122,-0.00189921,1.07151,-0.0124977,2.0465,-0.00189921,1.08535,-0.0128626,2.0523
9.124,-0.00189921,1.07151,-0.0124977,2.0465,-0.00182617,1.08535,-0.0128626,2.0523
9.126,-0.00189921,1.07151,-0.0124977,2.0465,-0.00186269,1.08535,-0.0128626,2.05238
9.128,-0.00189921,1.07148,-0.0125433,2.0465,-0.00186269,1.08541,-0.0128626,2.0523
9.13,-0.00189921,1.07148,-0.0125433,2.04659,-0.00186269,1.08538,-0.0129082,2.0523
9.132,-0.00189921,1.07148,-0.0125433,2.04659,-0.00186269,1.08535,-0.0128626,2.0523
9.134,-0.00193574,1.07148,-0.0125433,2.04659,-0.00189921,1.08538,-0.012817,2.05238
9.136,-0.00193574,1.07151,-0.0124977,2.0465,-0.00186269,1.08535,-0.0128626,2.0523
9.138,-0.00193574,1.07151,-0.0124977,2.0465,-0.00186269,1.08538,-0.0129082,2.05238
9.14,-0.00189921,1.07148,-0.0125433,2.0465,-0.00186269,1.08535,-0.0128626,2.05238
9.142,-0.00189921,1.07151,-0.0124977,2.0465,-0.00186269,1.08541,-0.0128626,2.0523
9.144,-0.00189921,1.07151,-0.0124977,2.0465,-0.00186269,1.08538,-0.012817,2.0523
9.146,-0.00189921,1.07148,-0.0125433,2.0465,-0.00186269,1.08541,-0.0128626,2.0523
9.148,-0.00189921,1.07148,-0.0125433,2.0465,-0.00182617,1.08535,-0.0128626,2.0523
9.15,-0.00193574,1.07151,-0.0124977,2.0465,-0.00189921,1.08535,-0.0128626,2.0523
9.152,-0.00193574,1.07151,-0.0124977,2.0465,-0.00186269,1.08538,-0.012817,2.0523
9.154,-0.00189921,1.07151,-0.0124977,2.04642,-0.00186269,1.08538,-0.012817,2.0523
9.156,-0.00189921,1.07151,-0.0124977,2.04642,-0.00182617,1.08535,-0.0128626,2.05238
9.158,-0.00189921,1.07151,-0.0124977,2.0465,-0.00189921,1.08538,-0.012817,2.0523
9.16,-0.00189921,1.07151,-0.0124977,2.0465,-0.00186269,1.08538,-0.0129082,2.0523
9.162,-0.00189921,1.07151,-0.0124977,2.0465,-0.00189921,1.08535,-0.0128626,2.0523
9.164,-0.00189921,1.07151,-0.0124977,2.0465,-0.00182617,1.08535,-0.0128626,2.0523
9.166,-0.00193574,1.07151,-0.0124977,2.0465,-0.00186269,1.08535,-0.0128626,2.05238
9.168,-0.00189921,1.07151,-0.0124977,2.04659,-0.00182617,1.08538,-0.0129082,2.0523
9.17,-0.00189921,1.07148,-0.0125433,2.04659,-0.00189921,1.08535,-0.0128626,2.0523
9.172,-0.00189921,1.07148,-0.0125433,2.0465,-0.00186269,1.08535,-0.0128626,2.0523
9.174,-0.00189921,1.07145,-0.0124977,2.0465,-0.00186269,1.08541,-0.0128626,2.05238
9.176,-0.00189921,1.07151,-0.0124977,2.0465,-0.00186269,1.08535,-0.0128626,2.0523
9.178,-0.00189921,1.07151,-0.0124977,2.0465,-0.00182617,1.08538,-0.0129082,2.05238
9.18,-0.00189921,1.07151,-0.0124977,2.0465,-0.00186269,1.08535,-0.0128626,2.0523
9.182,-0.00189921,1.07151,-0.0124977,2.0465,-0.00186269,1.08535,-0.0128626,2.0523
9.184,-0.00193574,1.07148,-0.0125433,2.0465,-0.00186269,1.08535,-0.0128626,2.0523
9.186,-0.00189921,1.07151,-0.0124977,2.0465,-0.00182617,1.08538,-0.012817,2.05238
9.188,-0.00189921,1.07148,-0.0125433,2.0465,-0.00186269,1.08538,-0.012817,2.05238
9.19,-0.00189921,1.07151,-0.0124977,2.0465,-0.00182617,1.08538,-0.012817,2.0523
9.192,-0.00189921,1.07148,-0.0125433,2.0465,-0.00182617,1.08535,-0.0128626,2.05238
9.194,-0.00189921,1.07148,-0.0125433,2.0465,-0.00182617,1.08541,-0.0128626,2.0523
9.196,-0.00189921,1.07151,-0.0124977,2.04659,-0.00189921,1.08535,-0.0128626,2.0523
9.198,-0.00189921,1.07151,-0.0124977,2.0465,-0.00186269,1.08535,-0.0128626,2.0523
9.2,-0.00193574,1.07148,-0.0125433,2.0465,-0.00186269,1.08538,-0.012817,2.0523
9.202,-0.00193574,1.07151,-0.0124977,2.0465,-0.00189921,1.08535,-0.0128626,2.0523
9.204,-0.00193574,1.07148,-0.0125433,2.0465,-0.00186269,1.08538,-0.012817,2.0523
9.206,-0.00189921,1.07148,-0.0125433,2.0465,-0.00186269,1.08538,-0.012817,2.0523
9.208,-0.00193574,1.07151,-0.0124977,2.0465,-0.00182617,1.08538,-0.012817,2.0523
9.21,-0.00193574,1.07148,-0.0125433,2.0465,-0.00189921,1.08538,-0.012817,2.0523
9.212,-0.00189921,1.07151,-0.0124977,2.0465,-0.00186269,1.08535,-0.0128626,2.0523
9.214,-0.00189921,1.07151,-0.0124977,2.0465,-0.00186269,1.08538,-0.0129082,2.0523
9.216,-0.00189921,1.07151,-0.0124977,2.0465,-0.00186269,1.08535,-0.0128626,2.0523
9.218,-0.00193574,1.07151,-0.0124977,2.0465,-0.00186269,1.08535,-0.0128626,2.05238
9.22,-0.00193574,1.07148,-0.0125433,2.0465,-0.00186269,1.08535,-0.0128626,2.0523
9.222,-0.00193574,1.07148,-0.0125433,2.0465,-0.00186269,1.08538,-0.012817,2.0523
9.224,-0.00189921,1.07151,-0.0124977,2.0465,-0.00186269,1.08535,-0.0128626,2.05238
9.226,-0.00189921,1.07151,-0.0124977,2.0465,-0.00186269,1.08538,-0.012817,2.0523
9.228,-0.00189921,1.07148,-0.0125433,2.0465,-0.00186269,1.08538,-0.012817,2.0523
9.23,-0.00189921,1.07151,-0.0124977,2.0465,-0.00186269,1.08538,-0.0129082,2.0523
9.232,-0.00189921,1.07151,-0.0124977,2.0465,-0.00186269,1.08541,-0.0128626,2.0523
9.234,-0.00193574,1.07151,-0.0124977,2.0465,-0.00186269,1.08538,-0.012817,2.0523
9.236,-0.00193574,1.07148,-0.0125433,2.0465,-0.00182617,1.08538,-0.0129082,2.0523
9.238,-0.00189921,1.07151,-0.0124977,2.0465,-0.00182617,1.08535,-0.0128626,2.0523
9.24,-0.00189921,1.07148,-0.0125433,2.0465,-0.00186269,1.08535,-0.0128626,2.0523
9.242,-0.00189921,1.07148,-0.0125433,2.0465,-0.00189921,1.08538,-0.0129082,2.0523
9.244,-0.00189921,1.07148,-0.0125433,2.0465,-0.00186269,1.08538,-0.0129082,2.0523
9.246,-0.00189921,1.07148,-0.0125433,2.04659,-0.00186269,1.08535,-0.0128626,2.0523
9.248,-0.00189921,1.07145,-0.0124977,2.0465,-0.00186269,1.08538,-0.0129082,2.05238
9.25,-0.00193574,1.07148,-0.0125433,2.0465,-0.00186269,1.08538,-0.012817,2.0523
9.252,-0.00193574,1.07148,-0.0125433,2.0465,-0.00186269,1.08535,-0.0128626,2.05238
9.254,-0.00193574,1.07148,-0.0125433,2.0465,-0.00189921,1.08541,-0.0128626,2.0523
9.256,-0.00193574,1.07148,-0.0125433,2.0465,-0.00186269,1.08535,-0.0128626,2.0523
9.258,-0.00193574,1.07151,-0.0124977,2.0465,-0.00186269,1.08538,-0.0129082,2.0523
9.26,-0.00189921,1.07148,-0.0125433,2.0465,-0.00186269,1.08535,-0.0128626,2.0523
9.262,-0.00189921,1.07151,-0.0124977,2.0465,-0.00186269,1.08541,-0.0128626,2.0523
9.264,-0.00189921,1.07151,-0.0124977,2.0465,-0.00182617,1.08541,-0.0128626,2.0523
9.266,-0.00189921,1.07148,-0.0125433,2.0465,-0.00186269,1.08538,-0.012817,2.0523
9.268,-0.00189921,1.07148,-0.0125433,2.04642,-0.00182617,1.08541,-0.0128626,2.0523
9.27,-0.00189921,1.07145,-0.0124977,2.04642,-0.00189921,1.08535,-0.0128626,2.0523
9.272,-0.00189921,1.07151,-0.0124977,2.0465,-0.00189921,1.08535,-0.0128626,2.0523
9.274,-0.00189921,1.07151,-0.0124977,2.04642,-0.00186269,1.08535,-0.0128626,2.0523
9.276,-0.00189921,1.07151,-0.0124977,2.0465,-0.00186269,1.08535,-0.0128626,2.0523
9.278,-0.00189921,1.07148,-0.0125433,2.0465,-0.00182617,1.08541,-0.0128626,2.0523
9.28,-0.00189921,1.07148,-0.0125433,2.0465,-0.00182617,1.08535,-0.0128626,2.05238
9.282,-0.00189921,1.07148,-0.0125433,2.0465,-0.00186269,1.08541,-0.0128626,2.0523
9.284,-0.00193574,1.07151,-0.0124977,2.04642,-0.00186269,1.08538,-0.0129082,2.0523
9.286,-0.00189921,1.07151,-0.0124977,2.0465,-0.00186269,1.08535,-0.0128626,2.0523
9.288,-0.00189921,1.07151,-0.0124977,2.0465,-0.00178964,1.08535,-0.0128626,2.0523
9.29,-0.00189921,1.07148,-0.0125433,2.0465,-0.00182617,1.08535,-0.0128626,2.0523
9.292,-0.00189921,1.07148,-0.0125433,2.0465,-0.00186269,1.08535,-0.0128626,2.0523
9.294,-0.00189921,1.07151,-0.0124977,2.0465,-0.00186269,1.08538,-0.0129082,2.0523
9.296,-0.00189921,1.07151,-0.0124977,2.0465,-0.00186269,1.08541,-0.0128626,2.0523
9.298,-0.00189921,1.07148,-0.0125433,2.0465,-0.00182617,1.08541,-0.0128626,2.0523
9.3,-0.00193574,1.07151,-0.0124977,2.0465,-0.00189921,1.08541,-0.0128626,2.0523
9.302,-0.00193574,1.07148,-0.0125433,2.0465,-0.00189921,1.08535,-0.0128626,2.0523
9.304,-0.00193574,1.07151,-0.0124977,2.0465,-0.00182617,1.08538,-0.012817,2.0523
9.306,-0.00189921,1.07151,-0.0124977,2.0465,-0.00193574,1.08535,-0.0128626,2.0523
9.308,-0.00189921,1.07151,-0.0124977,2.0465,-0.00189921,1.08541,-0.0128626,2.0523
9.31,-0.00189921,1.07148,-0.0125433,2.0465,-0.00186269,1.08538,-0.012817,2.05238
9.312,-0.00189921,1.07148,-0.0125433,2.0465,-0.00186269,1.08541,-0.0128626,2.05221
9.314,-0.00193574,1.07148,-0.0125433,2.0465,-0.00186269,1.08535,-0.0128626,2.05238
9.316,-0.00193574,1.07148,-0.0125433,2.0465,-0.00189921,1.08538,-0.012817,2.0523
9.318,-0.00193574,1.07148,-0.0125433,2.0465,-0.00186269,1.08535,-0.0128626,2.0523
9.32,-0.00193574,1.07148,-0.0125433,2.04659,-0.00189921,1.08535,-0.0128626,2.0523
9.322,-0.00189921,1.07148,-0.0125433,2.0465,-0.00186269,1.08538,-0.012817,2.05238
9.324,-0.00189921,1.07148,-0.0125433,2.0465,-0.00182617,1.08538,-0.012817,2.05238
9.326,-0.00189921,1.07151,-0.0124977,2.04642,-0.00186269,1.08538,-0.012817,2.05238
9.328,-0.00189921,1.07151,-0.0124977,2.0465,-0.00186269,1.08538,-0.0129082,2.0523
9.33,-0.00189921,1.07151,-0.0124977,2.0465,-0.00186269,1.08538,-0.012817,2.0523
9.332,-0.00189921,1.07151,-0.0124977,2.0465,-0.00189921,1.08538,-0.012817,2.0523
9.334,-0.00193574,1.07148,-0.0125433,2.0465,-0.00182617,1.08538,-0.012817,2.0523
9.336,-0.00189921,1.07148,-0.0125433,2.0465,-0.00186269,1.08541,-0.0128626,2.0523
9.338,-0.00193574,1.07148,-0.0124521,2.0465,-0.00182617,1.08535,-0.0128626,2.0523
9.34,-0.00193574,1.07151,-0.0124977,2.0465,-0.00193574,1.08541,-0.0128626,2.05221
9.342,-0.00189921,1.07151,-0.0124977,2.0465,-0.00186269,1.08535,-0.0128626,2.0523
9.344,-0.00189921,1.07148,-0.0125433,2.0465,-0.00186269,1.08535,-0.0128626,2.0523
9.346,-0.00189921,1.07148,-0.0125433,2.0465,-0.00182617,1.08535,-0.0128626,2.0523
9.348,-0.00189921,1.07148,-0.0125433,2.04659,-0.00186269,1.08535,-0.0128626,2.0523
9.35,-0.00193574,1.07148,-0.0125433,2.04659,-0.00186269,1.08538,-0.012817,2.0523
9.352,-0.00189921,1.07148,-0.0125433,2.04659,-0.00186269,1.08535,-0.0128626,2.0523
9.354,-0.00189921,1.07148,-0.0125433,2.0465,-0.00186269,1.08538,-0.0129082,2.0523
9.356,-0.00189921,1.07148,-0.0125433,2.0465,-0.00186269,1.08535,-0.0128626,2.0523
9.358,-0.00193574,1.07148,-0.0125433,2.0465,-0.00182617,1.08535,-0.0128626,2.05238
9.36,-0.00193574,1.07148,-0.0124521,2.0465,-0.00189921,1.08538,-0.012817,2.0523
9.362,-0.00189921,1.07148,-0.0125433,2.0465,-0.00186269,1.08535,-0.0128626,2.0523
9.364,-0.00189921,1.07151,-0.0124977,2.0465,-0.00182617,1.08535,-0.0128626,2.0523
9.366,-0.00189921,1.07148,-0.0125433,2.0465,-0.00178964,1.08538,-0.0129082,2.05238
9.368,-0.00189921,1.07151,-0.0124977,2.0465,-0.00186269,1.08535,-0.0128626,2.0523
9.37,-0.00189921,1.07148,-0.0125433,2.0465,-0.00186269,1.08538,-0.012817,2.0523
9.372,-0.00193574,1.07148,-0.0125433,2.0465,-0.00189921,1.08535,-0.0128626,2.0523
9.374,-0.00193574,1.07148,-0.0125433,2.0465,-0.00189921,1.08541,-0.0128626,2.0523
9.376,-0.00189921,1.07148,-0.0125433,2.0465,-0.00182617,1.08538,-0.012817,2.0523
9.378,-0.00189921,1.07151,-0.0124977,2.0465,-0.00178964,1.08538,-0.0129082,2.0523
9.38,-0.00189921,1.07148,-0.0125433,2.0465,-0.00182617,1.08535,-0.0128626,2.05238
9.382,-0.00189921,1.07151,-0.0124977,2.0465,-0.00189921,1.08535,-0.0128626,2.0523
9.384,-0.00189921,1.07151,-0.0124977,2.0465,-0.00186269,1.08538,-0.012817,2.05238
9.386,-0.00193574,1.07148,-0.0125433,2.0465,-0.00182617,1.08538,-0.0129082,2.0523
9.388,-0.00189921,1.07148,-0.0125433,2.0465,-0.00186269,1.08538,-0.012817,2.0523
9.39,-0.00189921,1.07148,-0.0125433,2.0465,-0.00189921,1.08541,-0.0128626,2.0523
9.392,-0.00189921,1.07148,-0.0124521,2.0465,-0.00186269,1.08538,-0.0129082,2.05238
9.394,-0.00193574,1.07151,-0.0124977,2.0465,-0.00186269,1.08535,-0.0128626,2.0523
9.396,-0.00193574,1.07151,-0.0124977,2.0465,-0.00189921,1.08538,-0.012817,2.0523
9.398,-0.00189921,1.07151,-0.0124977,2.0465,-0.00186269,1.08538,-0.0129082,2.0523
9.4,-0.00189921,1.07148,-0.0125433,2.0465,-0.00186269,1.08538,-0.0129082,2.0523
9.402,-0.00189921,1.07151,-0.0124977,2.0465,-0.00186269,1.08541,-0.0128626,2.0523
9.404,-0.00189921,1.07148,-0.0125433,2.0465,-0.00189921,1.08538,-0.012817,2.0523
9.406,-0.00189921,1.07151,-0.0124977,2.0465,-0.00186269,1.08538,-0.0129082,2.05221
9.408,-0.00189921,1.07151,-0.0124977,2.0465,-0.00186269,1.08535,-0.0128626,2.0523
9.41,-0.00189921,1.07151,-0.0124977,2.0465,-0.00186269,1.08535,-0.0128626,2.0523
9.412,-0.00189921,1.07148,-0.0125433,2.0465,-0.00186269,1.08535,-0.0128626,2.0523
9.414,-0.00193574,1.07151,-0.0124977,2.0465,-0.00186269,1.08538,-0.012817,2.05238
9.416,-0.00189921,1.07151,-0.0124977,2.0465,-0.00186269,1.08535,-0.0128626,2.0523
9.418,-0.00189921,1.07151,-0.0124977,2.0465,-0.00189921,1.08535,-0.0128626,2.0523
9.42,-0.00189921,1.07151,-0.0124977,2.0465,-0.00182617,1.08538,-0.012817,2.0523
9.422,-0.00189921,1.07151,-0.0124977,2.0465,-0.00189921,1.08535,-0.0128626,2.0523
9.424,-0.00193574,1.07151,-0.0124977,2.04659,-0.00186269,1.08538,-0.0129082,2.0523
9.426,-0.00193574,1.07151,-0.0124977,2.0465,-0.00186269,1.08535,-0.0128626,2.0523
9.428,-0.00193574,1.07151,-0.0124977,2.0465,-0.00186269,1.08538,-0.012817,2.0523
9.43,-0.00193574,1.07145,-0.0124977,2.0465,-0.00189921,1.08538,-0.012817,2.0523
9.432,-0.00189921,1.07151,-0.0124977,2.0465,-0.00186269,1.08535,-0.0128626,2.0523
9.434,-0.00189921,1.07148,-0.0125433,2.0465,-0.00186269,1.08535,-0.0128626,2.0523
9.436,-0.00189921,1.07151,-0.0124977,2.0465,-0.00182617,1.08538,-0.012817,2.05238
9.438,-0.00189921,1.07148,-0.0125433,2.0465,-0.00186269,1.08535,-0.0128626,2.0523
9.44,-0.00193574,1.07151,-0.0124977,2.0465,-0.00186269,1.08538,-0.0129082,2.05238
9.442,-0.00193574,1.07148,-0.0125433,2.0465,-0.00186269,1.08538,-0.012817,2.0523
9.444,-0.00189921,1.07148,-0.0125433,2.0465,-0.00182617,1.08538,-0.012817,2.0523
9.446,-0.00189921,1.07151,-0.0124977,2.0465,-0.00186269,1.08535,-0.0128626,2.0523
9.448,-0.00189921,1.07148,-0.0125433,2.0465,-0.00189921,1.08541,-0.0128626,2.0523
9.45,-0.00189921,1.07151,-0.0124977,2.0465,-0.00182617,1.08535,-0.0128626,2.05238
9.452,-0.00189921,1.07151,-0.0124977,2.0465,-0.00189921,1.08538,-0.0129082,2.05238
9.454,-0.00189921,1.07148,-0.0125433,2.0465,-0.00189921,1.08538,-0.0129082,2.0523
9.456,-0.00189921,1.07148,-0.0125433,2.0465,-0.00186269,1.08538,-0.012817,2.0523
9.458,-0.00193574,1.07151,-0.0124977,2.0465,-0.00186269,1.08535,-0.0128626,2.0523
9.46,-0.00189921,1.07148,-0.0125433,2.0465,-0.00186269,1.08535,-0.0128626,2.05238
9.462,-0.00189921,1.07151,-0.0124977,2.0465,-0.00189921,1.08535,-0.0128626,2.0523
9.464,-0.00193574,1.07151,-0.0124977,2.0465,-0.00186269,1.08535,-0.0128626,2.0523
9.466,-0.00189921,1.07151,-0.0124977,2.0465,-0.00182617,1.08535,-0.0128626,2.0523
9.468,-0.00189921,1.07148,-0.0125433,2.0465,-0.00189921,1.08535,-0.0128626,2.0523
9.47,-0.00189921,1.07148,-0.0125433,2.0465,-0.00186269,1.08538,-0.0129082,2.05238
9.472,-0.00189921,1.07151,-0.0124977,2.0465,-0.00186269,1.08538,-0.012817,2.0523
9.474,-0.00193574,1.07151,-0.0124977,2.0465,-0.00186269,1.08535,-0.0128626,2.0523
9.476,-0.00189921,1.07151,-0.0124977,2.0465,-0.00182617,1.08535,-0.0128626,2.0523
9.478,-0.00189921,1.07148,-0.0125433,2.0465,-0.00182617,1.08535,-0.0128626,2.0523
9.48,-0.00189921,1.07148,-0.0125433,2.0465,-0.00186269,1.08535,-0.0128626,2.05238
9.482,-0.00189921,1.07151,-0.0124977,2.0465,-0.00186269,1.08535,-0.0128626,2.0523
9.484,-0.00189921,1.07151,-0.0124977,2.0465,-0.00186269,1.08535,-0.0128626,2.0523
9.486,-0.00193574,1.07148,-0.0125433,2.0465,-0.00182617,1.08535,-0.0128626,2.0523
9.488,-0.00193574,1.07148,-0.0124521,2.0465,-0.00186269,1.08535,-0.0128626,2.0523
9.49,-0.00189921,1.07151,-0.0124977,2.0465,-0.00186269,1.08538,-0.012817,2.0523
9.492,-0.00189921,1.07148,-0.0125433,2.0465,-0.00182617,1.08535,-0.0128626,2.0523
9.494,-0.00189921,1.07145,-0.0124977,2.04659,-0.00182617,1.08535,-0.0128626,2.0523
9.496,-0.00189921,1.07148,-0.0125433,2.0465,-0.00189921,1.08535,-0.0128626,2.0523
9.498,-0.00189921,1.07148,-0.0125433,2.0465,-0.00186269,1.08535,-0.0128626,2.0523
9.5,-0.00193574,1.07151,-0.0124977,2.0465,-0.00186269,1.08535,-0.0128626,2.0523
9.502,-0.00193574,1.07148,-0.0125433,2.0465,-0.00186269,1.08535,-0.0128626,2.0523
9.504,-0.00193574,1.07148,-0.0125433,2.0465,-0.00186269,1.08541,-0.0128626,2.0523
9.506,-0.00193574,1.07151,-0.0124977,2.0465,-0.00186269,1.08538,-0.012817,2.05238
9.508,-0.00193574,1.07148,-0.0125433,2.0465,-0.00186269,1.08538,-0.0129082,2.0523
9.51,-0.00189921,1.07148,-0.0125433,2.04659,-0.00186269,1.08538,-0.0129082,2.0523
9.512,-0.00189921,1.07148,-0.0125433,2.0465,-0.00186269,1.08535,-0.0128626,2.0523
9.514,-0.00189921,1.07151,-0.0124977,2.0465,-0.00186269,1.08535,-0.0128626,2.0523
9.516,-0.00193574,1.07151,-0.0124977,2.0465,-0.00182617,1.08535,-0.0128626,2.0523
9.518,-0.00193574,1.07148,-0.0125433,2.0465,-0.00182617,1.08538,-0.012817,2.05238
9.52,-0.00193574,1.07148,-0.0125433,2.0465,-0.00186269,1.08535,-0.0128626,2.05238
9.522,-0.00189921,1.07151,-0.0124977,2.0465,-0.00186269,1.08538,-0.012817,2.0523
9.524,-0.00189921,1.07148,-0.0125433,2.0465,-0.00186269,1.08535,-0.0128626,2.0523
9.526,-0.00189921,1.07148,-0.0125433,2.0465,-0.00186269,1.08538,-0.0129082,2.0523
9.528,-0.00189921,1.07148,-0.0125433,2.0465,-0.00186269,1.08538,-0.0129082,2.05238
9.53,-0.00189921,1.07148,-0.0125433,2.0465,-0.00186269,1.08535,-0.0128626,2.0523
9.532,-0.00193574,1.07151,-0.0124977,2.0465,-0.00182617,1.08541,-0.0128626,2.0523
9.534,-0.00189921,1.07148,-0.0125433,2.0465,-0.00186269,1.08538,-0.0129082,2.0523
9.536,-0.00189921,1.07148,-0.0125433,2.0465,-0.00186269,1.08535,-0.0128626,2.0523
9.538,-0.00189921,1.07148,-0.0125433,2.0465,-0.00186269,1.08538,-0.012817,2.0523
9.54,-0.00189921,1.07148,-0.0125433,2.0465,-0.00186269,1.08535,-0.0128626,2.0523
9.542,-0.00189921,1.07148,-0.0125433,2.0465,-0.00182617,1.08535,-0.0128626,2.05238
9.544,-0.00189921,1.07151,-0.0124977,2.0465,-0.00189921,1.08535,-0.0128626,2.0523
9.546,-0.00189921,1.07151,-0.0124977,2.0465,-0.00186269,1.08541,-0.0128626,2.0523
9.548,-0.00189921,1.07148,-0.0125433,2.0465,-0.00186269,1.08538,-0.012817,2.0523
9.55,-0.00189921,1.07148,-0.0125433,2.0465,-0.00182617,1.08535,-0.0128626,2.0523
9.552,-0.00193574,1.07148,-0.0125433,2.0465,-0.00182617,1.08538,-0.012817,2.0523
9.554,-0.00189921,1.07148,-0.0125433,2.0465,-0.00186269,1.08538,-0.012817,2.0523
9.556,-0.00193574,1.07151,-0.0124977,2.0465,-0.00189921,1.08538,-0.012817,2.0523
9.558,-0.00189921,1.07148,-0.0125433,2.0465,-0.00186269,1.08535,-0.0128626,2.05238
9.56,-0.00189921,1.07151,-0.0124977,2.0465,-0.00186269,1.08535,-0.0128626,2.0523
9.562,-0.00193574,1.07148,-0.0125433,2.0465,-0.00186269,1.08535,-0.0128626,2.0523
9.564,-0.00189921,1.07151,-0.0124977,2.0465,-0.00186269,1.08541,-0.0128626,2.0523
9.566,-0.00193574,1.07148,-0.0125433,2.0465,-0.00186269,1.08541,-0.0128626,2.0523
9.568,-0.00193574,1.07148,-0.0125433,2.0465,-0.00189921,1.08538,-0.012817,2.05238
9.57,-0.00193574,1.07145,-0.0124977,2.0465,-0.00186269,1.08538,-0.0129082,2.0523
9.572,-0.00193574,1.07148,-0.0125433,2.0465,-0.00186269,1.08538,-0.012817,2.0523
9.574,-0.00189921,1.07148,-0.0125433,2.0465,-0.00182617,1.08538,-0.012817,2.05238
9.576,-0.00189921,1.07148,-0.0125433,2.0465,-0.00186269,1.08535,-0.0128626,2.0523
9.578,-0.00193574,1.07151,-0.0124977,2.0465,-0.00186269,1.08535,-0.0128626,2.0523
9.58,-0.00193574,1.07148,-0.0125433,2.0465,-0.00182617,1.08538,-0.0129082,2.0523
9.582,-0.00189921,1.07148,-0.0125433,2.0465,-0.00186269,1.08538,-0.0129082,2.0523
9.584,-0.00189921,1.07148,-0.0125433,2.0465,-0.00182617,1.08538,-0.0129082,2.05238
9.586,-0.00189921,1.07148,-0.0125433,2.0465,-0.00186269,1.08535,-0.0128626,2.0523
9.588,-0.00189921,1.07151,-0.0124977,2.0465,-0.00182617,1.08538,-0.0129082,2.0523
9.59,-0.00193574,1.07148,-0.0125433,2.0465,-0.00189921,1.08535,-0.0128626,2.0523
9.592,-0.00189921,1.07148,-0.0125433,2.0465,-0.00186269,1.08538,-0.012817,2.0523
9.594,-0.00189921,1.07148,-0.0125433,2.0465,-0.00186269,1.08538,-0.012817,2.0523
9.596,-0.00189921,1.07151,-0.0124977,2.0465,-0.00186269,1.08538,-0.0129082,2.0523
9.598,-0.00189921,1.07151,-0.0124977,2.04642,-0.00189921,1.08535,-0.0128626,2.05238
9.6,-0.00193574,1.07151,-0.0124977,2.0465,-0.00186269,1.08535,-0.0128626,2.0523
9.602,-0.00189921,1.07148,-0.0125433,2.0465,-0.00189921,1.08538,-0.012817,2.0523
9.604,-0.00193574,1.07148,-0.0125433,2.0465,-0.00186269,1.08538,-0.012817,2.0523
9.606,-0.00189921,1.07145,-0.0124977,2.04642,-0.00186269,1.08541,-0.0128626,2.0523
9.608,-0.00189921,1.07151,-0.0124977,2.0465,-0.00186269,1.08535,-0.0128626,2.0523
9.61,-0.00189921,1.07151,-0.0124977,2.0465,-0.00186269,1.08535,-0.0128626,2.05238
9.612,-0.00189921,1.07151,-0.0124977,2.0465,-0.00186269,1.08538,-0.0129082,2.0523
9.614,-0.00193574,1.07151,-0.0124977,2.0465,-0.00186269,1.08538,-0.012817,2.0523
9.616,-0.00189921,1.07151,-0.0124977,2.0465,-0.00178964,1.08541,-0.0128626,2.0523
9.618,-0.00193574,1.07148,-0.0125433,2.04642,-0.00186269,1.08538,-0.012817,2.0523
9.62,-0.00193574,1.07148,-0.0124521,2.0465,-0.00186269,1.08538,-0.012817,2.0523
9.622,-0.00189921,1.07148,-0.0125433,2.0465,-0.00189921,1.08535,-0.0128626,2.0523
9.624,-0.00189921,1.07151,-0.0124977,2.0465,-0.00182617,1.08535,-0.0128626,2.05238
9.626,-0.00189921,1.07148,-0.0125433,2.0465,-0.00189921,1.08535,-0.0128626,2.0523
9.628,-0.00189921,1.07148,-0.0125433,2.0465,-0.00182617,1.08538,-0.0129082,2.0523
9.63,-0.00193574,1.07148,-0.0125433,2.0465,-0.00189921,1.08538,-0.012817,2.0523
9.632,-0.00189921,1.07148,-0.0125433,2.0465,-0.00182617,1.08535,-0.0128626,2.0523
9.634,-0.00193574,1.07151,-0.0124977,2.0465,-0.00189921,1.08538,-0.012817,2.0523
9.636,-0.00189921,1.07151,-0.0124977,2.0465,-0.00186269,1.08535,-0.0128626,2.05238
9.638,-0.00189921,1.07151,-0.0124977,2.0465,-0.00186269,1.08541,-0.0128626,2.0523
9.64,-0.00189921,1.07148,-0.0125433,2.0465,-0.00182617,1.08538,-0.0129082,2.0523
9.642,-0.00189921,1.07145,-0.0124977,2.0465,-0.00186269,1.08535,-0.0128626,2.0523
9.644,-0.00189921,1.07148,-0.0125433,2.0465,-0.00186269,1.08535,-0.0128626,2.0523
9.646,-0.00189921,1.07151,-0.0124977,2.0465,-0.00186269,1.08538,-0.012817,2.05238
9.648,-0.00193574,1.07151,-0.0124977,2.0465,-0.00186269,1.08538,-0.0129082,2.0523
9.65,-0.00189921,1.07148,-0.0125433,2.0465,-0.00189921,1.08538,-0.012817,2.0523
9.652,-0.00189921,1.07145,-0.0124977,2.0465,-0.00186269,1.08538,-0.0129082,2.0523
9.654,-0.00189921,1.07145,-0.0124977,2.0465,-0.00182617,1.08541,-0.0128626,2.0523
9.656,-0.00189921,1.07151,-0.0124977,2.0465,-0.00182617,1.08538,-0.012817,2.0523
9.658,-0.00189921,1.07151,-0.0124977,2.0465,-0.00189921,1.08535,-0.0128626,2.0523
9.66,-0.00193574,1.07151,-0.0124977,2.0465,-0.00186269,1.08535,-0.0128626,2.0523
9.662,-0.00193574,1.07148,-0.0125433,2.0465,-0.00186269,1.08535,-0.0128626,2.0523
9.664,-0.00193574,1.07148,-0.0125433,2.0465,-0.00186269,1.08538,-0.0129082,2.0523
9.666,-0.00193574,1.07145,-0.0124977,2.0465,-0.00186269,1.08538,-0.0129082,2.0523
9.668,-0.00193574,1.07151,-0.0124977,2.0465,-0.00182617,1.08538,-0.0129082,2.05238
9.67,-0.00189921,1.07151,-0.0124977,2.0465,-0.00186269,1.08535,-0.0128626,2.05238
9.672,-0.00189921,1.07151,-0.0124977,2.0465,-0.00186269,1.08535,-0.0128626,2.0523
9.674,-0.00189921,1.07148,-0.0125433,2.0465,-0.00186269,1.08535,-0.0128626,2.0523
9.676,-0.00193574,1.07148,-0.0125433,2.0465,-0.00182617,1.08535,-0.0128626,2.0523
9.678,-0.00189921,1.07145,-0.0124977,2.0465,-0.00182617,1.08541,-0.0128626,2.05238
9.68,-0.00189921,1.07151,-0.0124977,2.0465,-0.00189921,1.08541,-0.0128626,2.05238
9.682,-0.00189921,1.07148,-0.0125433,2.0465,-0.00186269,1.08535,-0.0128626,2.0523
9.684,-0.00189921,1.07151,-0.0124977,2.0465,-0.00182617,1.08535,-0.0128626,2.0523
9.686,-0.00189921,1.07151,-0.0124977,2.0465,-0.00186269,1.08535,-0.0128626,2.0523
9.688,-0.00189921,1.07151,-0.0124977,2.04659,-0.00186269,1.08535,-0.0128626,2.0523
9.69,-0.00193574,1.07148,-0.0125433,2.0465,-0.00186269,1.08535,-0.0128626,2.0523
9.692,-0.00189921,1.07148,-0.0125433,2.0465,-0.00186269,1.08538,-0.0129082,2.0523
9.694,-0.00189921,1.07151,-0.0124977,2.0465,-0.00186269,1.08535,-0.0128626,2.0523
9.696,-0.00189921,1.07151,-0.0124977,2.0465,-0.00186269,1.08535,-0.0128626,2.05238
9.698,-0.00189921,1.07151,-0.0124977,2.0465,-0.00189921,1.08541,-0.0128626,2.0523
9.7,-0.00193574,1.07148,-0.0125433,2.0465,-0.00182617,1.08538,-0.0129082,2.0523
9.702,-0.00193574,1.07148,-0.0125433,2.0465,-0.00186269,1.08538,-0.012817,2.0523
9.704,-0.00193574,1.07148,-0.0125433,2.04659,-0.00189921,1.08535,-0.0128626,2.0523
9.706,-0.00193574,1.07151,-0.0124977,2.0465,-0.00186269,1.08535,-0.0128626,2.0523
9.708,-0.00193574,1.07151,-0.0124977,2.04659,-0.00189921,1.08541,-0.0128626,2.0523
9.71,-0.00189921,1.07151,-0.0124977,2.0465,-0.00186269,1.08538,-0.0129082,2.0523
9.712,-0.00189921,1.07148,-0.0125433,2.0465,-0.00186269,1.08538,-0.012817,2.0523
9.714,-0.00189921,1.07148,-0.0125433,2.0465,-0.00189921,1.08538,-0.0129082,2.05238
9.716,-0.00189921,1.07148,-0.0125433,2.0465,-0.00186269,1.08538,-0.012817,2.0523
9.718,-0.00189921,1.07148,-0.0125433,2.0465,-0.00186269,1.08535,-0.0128626,2.0523
9.72,-0.00193574,1.07151,-0.0124977,2.0465,-0.00186269,1.08535,-0.0128626,2.0523
9.722,-0.00193574,1.07148,-0.0125433,2.0465,-0.00186269,1.08535,-0.0128626,2.05238
9.724,-0.00193574,1.07145,-0.0124977,2.0465,-0.00186269,1.08535,-0.0128626,2.0523
9.726,-0.00189921,1.07148,-0.0125433,2.0465,-0.00189921,1.08538,-0.012817,2.05238
9.728,-0.00189921,1.07145,-0.0124977,2.0465,-0.00189921,1.08538,-0.0129082,2.05238
9.73,-0.00189921,1.07151,-0.0124977,2.0465,-0.00186269,1.08535,-0.0128626,2.0523
9.732,-0.00193574,1.07148,-0.0125433,2.0465,-0.00189921,1.08535,-0.0128626,2.0523
9.734,-0.00189921,1.07148,-0.0125433,2.04659,-0.00182617,1.08538,-0.012817,2.0523
9.736,-0.00189921,1.07151,-0.0124977,2.04659,-0.00186269,1.08538,-0.012817,2.0523
9.738,-0.00189921,1.07148,-0.0125433,2.04659,-0.00186269,1.08535,-0.0128626,2.0523
9.74,-0.00193574,1.07148,-0.0125433,2.0465,-0.00189921,1.08535,-0.0128626,2.0523
9.742,-0.00193574,1.07151,-0.0124977,2.0465,-0.00189921,1.08538,-0.0129082,2.05238
9.744,-0.00189921,1.07151,-0.0124977,2.04642,-0.00186269,1.08533,-0.0129082,2.0523
9.746,-0.00189921,1.07148,-0.0125433,2.0465,-0.00189921,1.08535,-0.0128626,2.0523
9.748,-0.00189921,1.07148,-0.0125433,2.0465,-0.00186269,1.08535,-0.0128626,2.0523
9.75,-0.00189921,1.07148,-0.0125433,2.0465,-0.00189921,1.08538,-0.012817,2.0523
9.752,-0.00189921,1.07148,-0.0125433,2.0465,-0.00189921,1.08535,-0.0128626,2.0523
9.754,-0.00189921,1.07151,-0.0124977,2.0465,-0.00186269,1.08538,-0.0129082,2.0523
9.756,-0.00189921,1.07148,-0.0125433,2.0465,-0.00186269,1.08538,-0.0129082,2.05238
9.758,-0.00193574,1.07148,-0.0125433,2.0465,-0.00178964,1.08535,-0.0128626,2.0523
9.76,-0.00193574,1.07148,-0.0125433,2.0465,-0.00189921,1.08538,-0.0129082,2.0523
9.762,-0.00193574,1.07148,-0.0125433,2.0465,-0.00189921,1.08538,-0.012817,2.05221
9.764,-0.00193574,1.07151,-0.0124977,2.0465,-0.00186269,1.08541,-0.0128626,2.0523
9.766,-0.00189921,1.07151,-0.0124977,2.0465,-0.00186269,1.08535,-0.0128626,2.0523
9.768,-0.00189921,1.07148,-0.0125433,2.04659,-0.00186269,1.08535,-0.0128626,2.0523
9.77,-0.00193574,1.07148,-0.0125433,2.04659,-0.00186269,1.08535,-0.0128626,2.0523
9.772,-0.00193574,1.07148,-0.0125433,2.0465,-0.00186269,1.08535,-0.0128626,2.0523
9.774,-0.00193574,1.07148,-0.0125433,2.0465,-0.00182617,1.08538,-0.012817,2.0523
9.776,-0.00189921,1.07148,-0.0125433,2.0465,-0.00186269,1.08538,-0.0129082,2.0523
9.778,-0.00193574,1.07151,-0.0124977,2.0465,-0.00182617,1.08535,-0.0128626,2.0523
9.78,-0.00189921,1.07151,-0.0124977,2.0465,-0.00182617,1.08535,-0.0128626,2.0523
9.782,-0.00189921,1.07151,-0.0124977,2.0465,-0.00186269,1.08538,-0.012817,2.0523
9.784,-0.00189921,1.07151,-0.0124977,2.0465,-0.00182617,1.08535,-0.0128626,2.0523
9.786,-0.00189921,1.07148,-0.0125433,2.0465,-0.00182617,1.08541,-0.0128626,2.05238
9.788,-0.00189921,1.07148,-0.0125433,2.0465,-0.00186269,1.08538,-0.012817,2.0523
9.79,-0.00193574,1.07148,-0.0125433,2.0465,-0.00186269,1.08541,-0.0128626,2.0523
9.792,-0.00189921,1.07148,-0.0125433,2.0465,-0.00186269,1.08535,-0.0128626,2.0523
9.794,-0.00189921,1.07148,-0.0125433,2.0465,-0.00186269,1.08535,-0.0128626,2.0523
9.796,-0.00189921,1.07151,-0.0124977,2.0465,-0.00189921,1.08535,-0.0128626,2.0523
9.798,-0.00193574,1.07151,-0.0124977,2.04659,-0.00186269,1.08538,-0.0129082,2.0523
9.8,-0.00189921,1.07151,-0.0124977,2.0465,-0.00182617,1.08538,-0.012817,2.0523
9.802,-0.00189921,1.07148,-0.0125433,2.0465,-0.00186269,1.08538,-0.012817,2.05238
9.804,-0.00189921,1.07148,-0.0125433,2.0465,-0.00186269,1.08538,-0.0129082,2.0523
9.806,-0.00193574,1.07148,-0.0125433,2.0465,-0.00186269,1.08535,-0.0128626,2.05238
9.808,-0.00189921,1.07145,-0.0124977,2.0465,-0.00189921,1.08538,-0.0129082,2.0523
9.81,-0.00189921,1.07151,-0.0124977,2.0465,-0.00186269,1.08535,-0.0128626,2.0523
9.812,-0.00189921,1.07148,-0.0125433,2.04659,-0.00182617,1.08538,-0.012817,2.0523
9.814,-0.00189921,1.07148,-0.0125433,2.0465,-0.00186269,1.08535,-0.0128626,2.05238
9.816,-0.00189921,1.07148,-0.0125433,2.0465,-0.00186269,1.08535,-0.0128626,2.0523
9.818,-0.00189921,1.07148,-0.0125433,2.0465,-0.00186269,1.08538,-0.012817,2.05238
9.82,-0.00193574,1.07148,-0.0125433,2.0465,-0.00186269,1.08535,-0.0128626,2.05238
9.822,-0.00189921,1.07151,-0.0124977,2.0465,-0.00186269,1.08535,-0.0128626,2.0523
9.824,-0.00193574,1.07151,-0.0124977,2.04659,-0.00186269,1.08538,-0.012817,2.0523
9.826,-0.00189921,1.07151,-0.0124977,2.0465,-0.00182617,1.08535,-0.0128626,2.0523
9.828,-0.00193574,1.07148,-0.0125433,2.0465,-0.00182617,1.08541,-0.0128626,2.0523
9.83,-0.00193574,1.07151,-0.0124977,2.0465,-0.00186269,1.08538,-0.012817,2.0523
9.832,-0.00193574,1.07151,-0.0124977,2.0465,-0.00186269,1.08538,-0.0129082,2.0523
9.834,-0.00189921,1.07148,-0.0125433,2.0465,-0.00186269,1.08538,-0.0129082,2.0523
9.836,-0.00189921,1.07151,-0.0124977,2.0465,-0.00189921,1.08535,-0.0128626,2.0523
9.838,-0.00189921,1.07148,-0.0125433,2.0465,-0.00186269,1.08538,-0.012817,2.0523
9.84,-0.00193574,1.07148,-0.0125433,2.0465,-0.00186269,1.08535,-0.0128626,2.0523
9.842,-0.00193574,1.07151,-0.0124977,2.04659,-0.00186269,1.08535,-0.0128626,2.0523
9.844,-0.00193574,1.07145,-0.0124977,2.0465,-0.00189921,1.08538,-0.012817,2.0523
9.846,-0.00189921,1.07148,-0.0125433,2.0465,-0.00186269,1.08535,-0.0128626,2.0523
9.848,-0.00189921,1.07151,-0.0124977,2.04659,-0.00186269,1.08538,-0.0129082,2.0523
9.85,-0.00189921,1.07148,-0.0125433,2.0465,-0.00186269,1.08535,-0.0128626,2.0523
9.852,-0.00189921,1.07151,-0.0124977,2.0465,-0.00186269,1.08538,-0.012817,2.0523
9.854,-0.00189921,1.07151,-0.0124977,2.0465,-0.00186269,1.08535,-0.0128626,2.0523
9.856,-0.00189921,1.07148,-0.0125433,2.0465,-0.00186269,1.08535,-0.0128626,2.0523
9.858,-0.00189921,1.07148,-0.0125433,2.0465,-0.00186269,1.08535,-0.0128626,2.0523
9.86,-0.00189921,1.07148,-0.0125433,2.0465,-0.00186269,1.08535,-0.0128626,2.0523
9.862,-0.00193574,1.07151,-0.0124977,2.0465,-0.00186269,1.08535,-0.0128626,2.0523
9.864,-0.00189921,1.07148,-0.0125433,2.0465,-0.00182617,1.08541,-0.0128626,2.0523
9.866,-0.00189921,1.07145,-0.0124977,2.0465,-0.00189921,1.08535,-0.0128626,2.0523
9.868,-0.00189921,1.07148,-0.0125433,2.0465,-0.00186269,1.08538,-0.0129082,2.0523
9.87,-0.00189921,1.07148,-0.0125433,2.0465,-0.00186269,1.08538,-0.012817,2.0523
9.872,-0.00189921,1.07151,-0.0124977,2.0465,-0.00186269,1.08538,-0.012817,2.0523
9.874,-0.00189921,1.07151,-0.0124977,2.0465,-0.00186269,1.08535,-0.0128626,2.0523
9.876,-0.00193574,1.07148,-0.0125433,2.0465,-0.00186269,1.08535,-0.0128626,2.0523
9.878,-0.00193574,1.07151,-0.0124977,2.0465,-0.00186269,1.08535,-0.0128626,2.0523
9.88,-0.00193574,1.07151,-0.0124977,2.0465,-0.00182617,1.08538,-0.012817,2.0523
9.882,-0.00189921,1.07148,-0.0125433,2.0465,-0.00189921,1.08538,-0.0129082,2.0523
9.884,-0.00189921,1.07148,-0.0125433,2.04642,-0.00186269,1.08535,-0.0128626,2.0523
9.886,-0.00189921,1.07148,-0.0125433,2.04642,-0.00182617,1.08535,-0.0128626,2.0523
9.888,-0.00189921,1.07148,-0.0125433,2.0465,-0.00186269,1.08535,-0.0128626,2.0523
9.89,-0.00189921,1.07151,-0.0124977,2.0465,-0.00186269,1.08535,-0.0128626,2.05238
9.892,-0.00189921,1.07148,-0.0125433,2.0465,-0.00186269,1.08535,-0.0128626,2.05238
9.894,-0.00189921,1.07151,-0.0124977,2.0465,-0.00186269,1.08541,-0.0128626,2.0523
9.896,-0.00189921,1.07148,-0.0125433,2.0465,-0.00182617,1.08538,-0.012817,2.0523
9.898,-0.00193574,1.07148,-0.0125433,2.0465,-0.00182617,1.08541,-0.0128626,2.0523
9.9,-0.00189921,1.07148,-0.0125433,2.0465,-0.00186269,1.08535,-0.0128626,2.0523
9.902,-0.00189921,1.07151,-0.0124977,2.0465,-0.00186269,1.08535,-0.0128626,2.0523
9.904,-0.00189921,1.07151,-0.0124977,2.0465,-0.00186269,1.08538,-0.012817,2.0523
9.906,-0.00189921,1.07151,-0.0124977,2.0465,-0.00189921,1.08535,-0.0128626,2.0523
9.908,-0.00189921,1.07151,-0.0124977,2.0465,-0.00189921,1.08538,-0.012817,2.0523
9.91,-0.00189921,1.07148,-0.0125433,2.0465,-0.00186269,1.08538,-0.012817,2.0523
9.912,-0.00193574,1.07148,-0.0125433,2.0465,-0.00186269,1.08535,-0.0128626,2.0523
9.914,-0.00193574,1.07148,-0.0125433,2.0465,-0.00186269,1.08538,-0.0129082,2.0523
9.916,-0.00193574,1.07151,-0.0124977,2.0465,-0.00186269,1.08535,-0.0128626,2.05238
9.918,-0.00189921,1.07151,-0.0124977,2.0465,-0.00186269,1.08535,-0.0128626,2.0523
9.92,-0.00189921,1.07151,-0.0124977,2.0465,-0.00189921,1.08538,-0.0129082,2.0523
9.922,-0.00189921,1.07148,-0.0125433,2.0465,-0.00186269,1.08538,-0.012817,2.05238
9.924,-0.00189921,1.07151,-0.0124977,2.0465,-0.00186269,1.08538,-0.012817,2.0523
9.926,-0.00189921,1.07151,-0.0124977,2.0465,-0.00189921,1.08538,-0.012817,2.0523
9.928,-0.00193574,1.07148,-0.0125433,2.0465,-0.00189921,1.08535,-0.0128626,2.0523
9.93,-0.00193574,1.07151,-0.0124977,2.0465,-0.00186269,1.08535,-0.0129538,2.0523
9.932,-0.00193574,1.07151,-0.0124977,2.0465,-0.00186269,1.08535,-0.0128626,2.0523
9.934,-0.00189921,1.07151,-0.0124977,2.0465,-0.00186269,1.08538,-0.0129082,2.0523
9.936,-0.00189921,1.07151,-0.0124977,2.0465,-0.00189921,1.08538,-0.0129082,2.0523
9.938,-0.00189921,1.07148,-0.0125433,2.0465,-0.00182617,1.08538,-0.012817,2.0523
9.94,-0.00189921,1.07148,-0.0125433,2.0465,-0.00186269,1.08538,-0.0129082,2.0523
9.942,-0.00189921,1.07151,-0.0124977,2.04659,-0.00186269,1.08538,-0.012817,2.0523
9.944,-0.00193574,1.07153,-0.0125433,2.0465,-0.00182617,1.08538,-0.0129082,2.05238
9.946,-0.00189921,1.07151,-0.0124977,2.0465,-0.00186269,1.08535,-0.0128626,2.0523
9.948,-0.00193574,1.07148,-0.0125433,2.0465,-0.00186269,1.08535,-0.0128626,2.0523
9.95,-0.00189921,1.07148,-0.0125433,2.0465,-0.00189921,1.08538,-0.0129082,2.0523
9.952,-0.00193574,1.07148,-0.0125433,2.0465,-0.00186269,1.08538,-0.012817,2.0523
9.954,-0.00193574,1.07148,-0.0125433,2.0465,-0.00186269,1.08535,-0.0128626,2.0523
9.956,-0.00189921,1.07151,-0.0124977,2.0465,-0.00186269,1.08535,-0.0128626,2.0523
9.958,-0.00189921,1.07151,-0.0124977,2.0465,-0.00189921,1.08535,-0.0128626,2.0523
9.96,-0.00189921,1.07151,-0.0125889,2.0465,-0.00186269,1.08535,-0.0128626,2.05221
9.962,-0.00189921,1.07148,-0.0125433,2.0465,-0.00186269,1.08541,-0.0128626,2.0523
9.964,-0.00189921,1.07145,-0.0124977,2.0465,-0.00186269,1.08538,-0.012817,2.05238
9.966,-0.00189921,1.07148,-0.0125433,2.0465,-0.00189921,1.08535,-0.0128626,2.0523
9.968,-0.00189921,1.07151,-0.0124977,2.0465,-0.00186269,1.08538,-0.0129082,2.0523
9.97,-0.00189921,1.07151,-0.0124977,2.0465,-0.00189921,1.08538,-0.012817,2.05238
9.972,-0.00189921,1.07151,-0.0124977,2.0465,-0.00186269,1.08538,-0.012817,2.05238
9.974,-0.00189921,1.07148,-0.0125433,2.0465,-0.00186269,1.08538,-0.012817,2.0523
9.976,-0.00189921,1.07148,-0.0125433,2.0465,-0.00182617,1.08538,-0.012817,2.0523
9.978,-0.00189921,1.07151,-0.0124977,2.0465,-0.00182617,1.08535,-0.0128626,2.0523
9.98,-0.00189921,1.07151,-0.0124977,2.0465,-0.00186269,1.08538,-0.0129082,2.05238
9.982,-0.00189921,1.07148,-0.0125433,2.0465,-0.00186269,1.08535,-0.0128626,2.0523
9.984,-0.00189921,1.07148,-0.0125433,2.0465,-0.00186269,1.08538,-0.012817,2.0523
9.986,-0.00189921,1.07148,-0.0125433,2.0465,-0.00186269,1.08535,-0.0128626,2.0523
9.988,-0.00189921,1.07148,-0.0125433,2.04659,-0.00186269,1.08535,-0.0128626,2.0523
9.99,-0.00189921,1.07148,-0.0125433,2.0465,-0.00186269,1.08538,-0.0129082,2.0523
9.992,-0.00193574,1.07151,-0.0124977,2.0465,-0.00182617,1.08535,-0.0128626,2.0523
9.994,-0.00193574,1.07151,-0.0124977,2.0465,-0.00186269,1.08538,-0.012817,2.0523
9.996,-0.00189921,1.07148,-0.0125433,2.0465,-0.00186269,1.08538,-0.012817,2.0523
9.998,-0.00189921,1.07148,-0.0125433,2.0465,-0.00186269,1.08535,-0.0128626,2.0523
10,-0.00193574,1.07151,-0.0124977,2.0465,-0.00186269,1.08535,-0.0128626,2.0523
10.002,-0.00189921,1.07151,-0.0124977,2.0465,-0.00186269,1.08535,-0.0128626,2.0523
10.004,-0.00189921,1.07151,-0.0124977,2.0465,-0.00186269,1.08538,-0.012817,2.0523
10.006,-0.00189921,1.07148,-0.0125433,2.0465,-0.00186269,1.08535,-0.0128626,2.05238
10.008,-0.00189921,1.07145,-0.0124977,2.0465,-0.00189921,1.08541,-0.0128626,2.0523
10.01,-0.00189921,1.07148,-0.0125433,2.0465,-0.00186269,1.08538,-0.0129082,2.0523
10.012,-0.00189921,1.07151,-0.0124977,2.0465,-0.00186269,1.08538,-0.012817,2.0523
10.014,-0.00193574,1.07151,-0.0124977,2.0465,-0.00186269,1.08535,-0.0128626,2.0523
10.016,-0.00189921,1.07151,-0.0124977,2.0465,-0.00189921,1.08538,-0.0129082,2.05238
10.018,-0.00193574,1.07151,-0.0124977,2.0465,-0.00186269,1.08538,-0.012817,2.0523
10.02,-0.00189921,1.07148,-0.0125433,2.0465,-0.00186269,1.08541,-0.0128626,2.0523
10.022,-0.00189921,1.07151,-0.0124977,2.0465,-0.00186269,1.08538,-0.012817,2.0523
10.024,-0.00189921,1.07148,-0.0125433,2.0465,-0.00186269,1.08535,-0.0128626,2.05238
10.026,-0.00193574,1.07151,-0.0124977,2.0465,-0.00182617,1.08538,-0.012817,2.0523
10.028,-0.00189921,1.07151,-0.0124977,2.0465,-0.00186269,1.08535,-0.0128626,2.0523
10.03,-0.00189921,1.07151,-0.0124977,2.0465,-0.00189921,1.08535,-0.0128626,2.0523
10.032,-0.00189921,1.07148,-0.0125433,2.04659,-0.00186269,1.08538,-0.012817,2.05221
10.034,-0.00189921,1.07151,-0.0124977,2.0465,-0.00186269,1.08538,-0.012817,2.0523
10.036,-0.00189921,1.07151,-0.0124977,2.0465,-0.00182617,1.08538,-0.0129082,2.0523
10.038,-0.00189921,1.07151,-0.0124977,2.0465,-0.00186269,1.08535,-0.0128626,2.0523
10.04,-0.00189921,1.07151,-0.0124977,2.0465,-0.00186269,1.08538,-0.012817,2.0523
10.042,-0.00193574,1.07151,-0.0124977,2.0465,-0.00186269,1.08535,-0.0128626,2.0523
10.044,-0.00189921,1.07151,-0.0124977,2.0465,-0.00186269,1.08533,-0.0129082,2.0523
10.046,-0.00189921,1.07148,-0.0125433,2.0465,-0.00186269,1.08535,-0.0128626,2.0523
10.048,-0.00193574,1.07148,-0.0125433,2.0465,-0.00186269,1.08538,-0.0129082,2.0523
10.05,-0.00193574,1.07148,-0.0125433,2.0465,-0.00189921,1.08535,-0.0128626,2.0523
10.052,-0.00193574,1.07151,-0.0124977,2.0465,-0.00189921,1.08538,-0.012817,2.0523
10.054,-0.00189921,1.07151,-0.0124977,2.0465,-0.00186269,1.08538,-0.0129082,2.0523
10.056,-0.00189921,1.07151,-0.0124977,2.0465,-0.00189921,1.08538,-0.012817,2.0523
10.058,-0.00189921,1.07148,-0.0125433,2.0465,-0.00186269,1.08538,-0.0129082,2.0523
10.06,-0.00189921,1.07148,-0.0125433,2.04659,-0.00186269,1.08538,-0.0129082,2.0523
10.062,-0.00193574,1.07151,-0.0124977,2.0465,-0.00182617,1.08535,-0.0128626,2.0523
10.064,-0.00193574,1.07151,-0.0124977,2.0465,-0.00186269,1.08535,-0.0128626,2.0523
10.066,-0.00189921,1.07148,-0.0125433,2.0465,-0.00189921,1.08538,-0.012817,2.0523
10.068,-0.00193574,1.07148,-0.0125433,2.0465,-0.00186269,1.08538,-0.012817,2.0523
10.07,-0.00189921,1.07148,-0.0125433,2.0465,-0.00182617,1.08535,-0.0128626,2.0523
10.072,-0.00189921,1.07151,-0.0124977,2.0465,-0.00189921,1.08538,-0.0129082,2.0523
10.074,-0.00193574,1.07151,-0.0124977,2.04659,-0.00186269,1.08538,-0.0129082,2.0523
10.076,-0.00193574,1.07151,-0.0124977,2.0465,-0.00186269,1.08535,-0.0128626,2.0523
10.078,-0.00193574,1.07148,-0.0125433,2.0465,-0.00186269,1.08538,-0.012817,2.0523
10.08,-0.00193574,1.07151,-0.0124977,2.0465,-0.00186269,1.08535,-0.0128626,2.05238
10.082,-0.00193574,1.07148,-0.0125433,2.0465,-0.00182617,1.08538,-0.012817,2.0523
10.084,-0.00189921,1.07151,-0.0124977,2.0465,-0.00189921,1.08535,-0.0128626,2.0523
10.086,-0.00189921,1.07148,-0.0125433,2.0465,-0.00189921,1.08538,-0.0129082,2.05238
10.088,-0.00189921,1.07148,-0.0125433,2.0465,-0.00189921,1.08538,-0.0129082,2.0523
10.09,-0.00189921,1.07145,-0.0124977,2.0465,-0.00186269,1.08538,-0.0129082,2.0523
10.092,-0.00189921,1.07148,-0.0125433,2.0465,-0.00186269,1.08538,-0.012817,2.0523
10.094,-0.00189921,1.07148,-0.0125433,2.0465,-0.00186269,1.08535,-0.0128626,2.0523
10.096,-0.00193574,1.07151,-0.0124977,2.0465,-0.00186269,1.08535,-0.0128626,2.0523
10.098,-0.00193574,1.07151,-0.0124977,2.0465,-0.00186269,1.08535,-0.0128626,2.0523
10.1,-0.00193574,1.07151,-0.0124977,2.04642,-0.00186269,1.08541,-0.0128626,2.0523
10.102,-0.00189921,1.07148,-0.0125433,2.0465,-0.00182617,1.08541,-0.0128626,2.0523
10.104,-0.00189921,1.07151,-0.0124977,2.0465,-0.00186269,1.08541,-0.0128626,2.0523
10.106,-0.00189921,1.07145,-0.0124977,2.0465,-0.00189921,1.08538,-0.0129082,2.0523
10.108,-0.00189921,1.07151,-0.0124977,2.04642,-0.00186269,1.08533,-0.0129082,2.0523
10.11,-0.00189921,1.07151,-0.0124977,2.0465,-0.00186269,1.08535,-0.0128626,2.0523
10.112,-0.00193574,1.07148,-0.0125433,2.0465,-0.00186269,1.08535,-0.0128626,2.0523
10.114,-0.00193574,1.07148,-0.0125433,2.0465,-0.00186269,1.08538,-0.012817,2.0523
10.116,-0.00189921,1.07148,-0.0125433,2.0465,-0.00186269,1.08538,-0.012817,2.0523
10.118,-0.00189921,1.07148,-0.0124521,2.0465,-0.00189921,1.08538,-0.012817,2.0523
10.12,-0.00189921,1.07151,-0.0124977,2.0465,-0.00186269,1.08538,-0.0129082,2.0523
10.122,-0.00193574,1.07151,-0.0124977,2.0465,-0.00186269,1.08535,-0.0128626,2.05238
10.124,-0.00189921,1.07151,-0.0124977,2.0465,-0.00189921,1.08535,-0.0128626,2.0523
10.126,-0.00189921,1.07151,-0.0124977,2.0465,-0.00189921,1.08535,-0.0128626,2.0523
10.128,-0.00189921,1.07151,-0.0124977,2.0465,-0.00186269,1.08535,-0.0128626,2.0523
10.13,-0.00193574,1.07148,-0.0125433,2.0465,-0.00186269,1.08535,-0.0128626,2.0523
10.132,-0.00193574,1.07148,-0.0124521,2.0465,-0.00186269,1.08538,-0.012817,2.0523
10.134,-0.00189921,1.07151,-0.0124977,2.0465,-0.00186269,1.08535,-0.0128626,2.0523
10.136,-0.00193574,1.07148,-0.0125433,2.0465,-0.00186269,1.08535,-0.0128626,2.0523
10.138,-0.00189921,1.07148,-0.0125433,2.0465,-0.00186269,1.08535,-0.0128626,2.05238
10.14,-0.00189921,1.07151,-0.0124977,2.0465,-0.00186269,1.08535,-0.0128626,2.0523
10.142,-0.00189921,1.07151,-0.0124977,2.0465,-0.00186269,1.08535,-0.0128626,2.0523
10.144,-0.00189921,1.07148,-0.0124521,2.0465,-0.00182617,1.08538,-0.012817,2.0523
10.146,-0.00193574,1.07151,-0.0124977,2.0465,-0.00186269,1.08538,-0.012817,2.0523
10.148,-0.00193574,1.07151,-0.0124977,2.0465,-0.00189921,1.08535,-0.0128626,2.0523
10.15,-0.00193574,1.07151,-0.0124977,2.0465,-0.00186269,1.08541,-0.0128626,2.0523
10.152,-0.00189921,1.07151,-0.0124977,2.0465,-0.00186269,1.08535,-0.0128626,2.05238
10.154,-0.00189921,1.07148,-0.0125433,2.0465,-0.00189921,1.08541,-0.0128626,2.0523
10.156,-0.00193574,1.07151,-0.0124977,2.0465,-0.00186269,1.08538,-0.0129082,2.0523
10.158,-0.00193574,1.07151,-0.0124977,2.0465,-0.00186269,1.08535,-0.0128626,2.0523
10.16,-0.00193574,1.07151,-0.0124977,2.0465,-0.00193574,1.08535,-0.0128626,2.0523
10.162,-0.00193574,1.07151,-0.0124977,2.0465,-0.00186269,1.08535,-0.0128626,2.0523
10.164,-0.00189921,1.07151,-0.0124977,2.0465,-0.00182617,1.08535,-0.0128626,2.0523
10.166,-0.00189921,1.07151,-0.0124977,2.0465,-0.00182617,1.08535,-0.0128626,2.0523
10.168,-0.00193574,1.07151,-0.0124977,2.0465,-0.00186269,1.08538,-0.012817,2.0523
10.17,-0.00189921,1.07148,-0.0125433,2.0465,-0.00186269,1.08538,-0.012817,2.0523
10.172,-0.00189921,1.07148,-0.0125433,2.04642,-0.00186269,1.08538,-0.012817,2.0523
10.174,-0.00189921,1.07148,-0.0125433,2.0465,-0.00182617,1.08535,-0.0128626,2.0523
10.176,-0.00189921,1.07151,-0.0124977,2.0465,-0.00193574,1.08535,-0.0128626,2.05238
10.178,-0.00193574,1.07148,-0.0125433,2.0465,-0.00186269,1.08535,-0.0128626,2.0523
10.18,-0.00189921,1.07151,-0.0124977,2.0465,-0.00186269,1.08535,-0.0128626,2.05238
10.182,-0.00189921,1.07148,-0.0125433,2.0465,-0.00186269,1.08535,-0.0128626,2.0523
10.184,-0.00193574,1.07148,-0.0125433,2.0465,-0.00189921,1.08538,-0.012817,2.0523
10.186,-0.00189921,1.07151,-0.0124977,2.0465,-0.00186269,1.08541,-0.0128626,2.0523
10.188,-0.00189921,1.07148,-0.0125433,2.0465,-0.00186269,1.08538,-0.0129082,2.0523
10.19,-0.00189921,1.07148,-0.0125433,2.0465,-0.00186269,1.08538,-0.0129082,2.0523
10.192,-0.00189921,1.07151,-0.0124977,2.0465,-0.00182617,1.08538,-0.0129082,2.0523
10.194,-0.00189921,1.07151,-0.0124977,2.04659,-0.00186269,1.08535,-0.0128626,2.0523
10.196,-0.00189921,1.07151,-0.0124977,2.04659,-0.00182617,1.08538,-0.012817,2.0523
10.198,-0.00189921,1.07148,-0.0125433,2.0465,-0.00186269,1.08535,-0.0128626,2.0523
10.2,-0.00193574,1.07148,-0.0125433,2.0465,-0.00182617,1.08538,-0.012817,2.0523
10.202,-0.00193574,1.07148,-0.0125433,2.0465,-0.00189921,1.08538,-0.012817,2.0523
10.204,-0.00193574,1.07151,-0.0124977,2.04642,-0.00178964,1.08535,-0.0128626,2.0523
10.206,-0.00189921,1.07151,-0.0124977,2.0465,-0.00189921,1.08535,-0.0128626,2.05238
10.208,-0.00189921,1.07151,-0.0124977,2.0465,-0.00186269,1.08535,-0.0128626,2.0523
10.21,-0.00193574,1.07151,-0.0124977,2.0465,-0.00182617,1.08535,-0.0128626,2.0523
10.212,-0.00189921,1.07151,-0.0124977,2.0465,-0.00182617,1.08538,-0.0129082,2.0523
10.214,-0.00193574,1.07151,-0.0124977,2.04642,-0.00182617,1.08538,-0.0129082,2.0523
10.216,-0.00189921,1.07151,-0.0124977,2.0465,-0.00182617,1.08538,-0.012817,2.0523
10.218,-0.00189921,1.07151,-0.0124977,2.04642,-0.00186269,1.08538,-0.0129082,2.0523
10.22,-0.00189921,1.07151,-0.0124977,2.0465,-0.00182617,1.08538,-0.0129082,2.0523
10.222,-0.00189921,1.07151,-0.0124977,2.0465,-0.00186269,1.08535,-0.0128626,2.05221
10.224,-0.00189921,1.07148,-0.0125433,2.0465,-0.00186269,1.08538,-0.0129082,2.0523
10.226,-0.00193574,1.07148,-0.0125433,2.0465,-0.00186269,1.08535,-0.0128626,2.0523
10.228,-0.00189921,1.07148,-0.0125433,2.0465,-0.00186269,1.08535,-0.0128626,2.0523
10.23,-0.00189921,1.07148,-0.0125433,2.04642,-0.00186269,1.08535,-0.0128626,2.0523
10.232,-0.00189921,1.07148,-0.0125433,2.0465,-0.00182617,1.08538,-0.0129082,2.05238
10.234,-0.00189921,1.07151,-0.0124977,2.0465,-0.00186269,1.08535,-0.0128626,2.0523
10.236,-0.00189921,1.07151,-0.0124977,2.0465,-0.00182617,1.08535,-0.0128626,2.0523
10.238,-0.00189921,1.07148,-0.0125433,2.0465,-0.00189921,1.08538,-0.012817,2.0523
10.24,-0.00189921,1.07148,-0.0125433,2.0465,-0.00186269,1.08538,-0.0129082,2.0523
10.242,-0.00189921,1.07148,-0.0125433,2.0465,-0.00189921,1.08538,-0.0129082,2.0523
10.244,-0.00193574,1.07151,-0.0124977,2.0465,-0.00182617,1.08535,-0.0128626,2.05238
10.246,-0.00189921,1.07151,-0.0124977,2.0465,-0.00182617,1.08538,-0.0129082,2.0523
10.248,-0.00189921,1.07148,-0.0125433,2.0465,-0.00189921,1.08538,-0.0129082,2.0523
10.25,-0.00189921,1.07148,-0.0125433,2.0465,-0.00186269,1.08538,-0.012817,2.0523
10.252,-0.00193574,1.07148,-0.0125433,2.0465,-0.00186269,1.08538,-0.012817,2.0523
10.254,-0.00189921,1.07148,-0.0125433,2.0465,-0.00182617,1.08535,-0.0128626,2.05221
10.256,-0.00189921,1.07148,-0.0125433,2.0465,-0.00186269,1.08535,-0.0128626,2.0523
10.258,-0.00189921,1.07151,-0.0124977,2.0465,-0.00182617,1.08538,-0.012817,2.0523
10.26,-0.00193574,1.07151,-0.0124977,2.0465,-0.00186269,1.08535,-0.0128626,2.0523
10.262,-0.00189921,1.07151,-0.0124977,2.0465,-0.00186269,1.08538,-0.012817,2.0523
10.264,-0.00189921,1.07148,-0.0125433,2.0465,-0.00186269,1.08538,-0.0129082,2.0523
10.266,-0.00189921,1.07148,-0.0125433,2.04642,-0.00186269,1.08538,-0.0129082,2.0523
10.268,-0.00189921,1.07151,-0.0124977,2.0465,-0.00182617,1.08535,-0.0128626,2.0523
10.27,-0.00189921,1.07151,-0.0124977,2.0465,-0.00182617,1.08535,-0.0128626,2.05238
10.272,-0.00189921,1.07151,-0.0124977,2.0465,-0.00186269,1.08541,-0.0128626,2.0523
10.274,-0.00189921,1.07151,-0.0124977,2.0465,-0.00186269,1.08533,-0.012817,2.0523
10.276,-0.00189921,1.07148,-0.0125433,2.0465,-0.00186269,1.08541,-0.0128626,2.0523
10.278,-0.00189921,1.07151,-0.0124977,2.0465,-0.00189921,1.08538,-0.012817,2.0523
10.28,-0.00189921,1.07148,-0.0125433,2.0465,-0.00186269,1.08538,-0.012817,2.0523
10.282,-0.00189921,1.07148,-0.0125433,2.0465,-0.00186269,1.08538,-0.012817,2.0523
10.284,-0.00189921,1.07151,-0.0124977,2.0465,-0.00189921,1.08535,-0.0128626,2.0523
10.286,-0.00189921,1.07151,-0.0124977,2.0465,-0.00189921,1.08535,-0.0128626,2.05238
10.288,-0.00189921,1.07151,-0.0124977,2.0465,-0.00186269,1.08535,-0.0128626,2.0523
10.29,-0.00189921,1.07151,-0.0124977,2.0465,-0.00186269,1.08535,-0.0128626,2.0523
10.292,-0.00193574,1.07148,-0.0125433,2.0465,-0.00186269,1.08538,-0.012817,2.0523
10.294,-0.00193574,1.07148,-0.0125433,2.0465,-0.00186269,1.08538,-0.012817,2.0523
10.296,-0.00193574,1.07148,-0.0125433,2.0465,-0.00186269,1.08535,-0.0128626,2.05238
10.298,-0.00189921,1.07151,-0.0124977,2.0465,-0.00182617,1.08538,-0.0129082,2.0523
10.3,-0.00189921,1.07148,-0.0125433,2.0465,-0.00186269,1.08535,-0.0128626,2.0523
10.302,-0.00189921,1.07151,-0.0124977,2.04659,-0.00186269,1.08535,-0.0128626,2.0523
10.304,-0.00189921,1.07151,-0.0124977,2.04659,-0.00189921,1.08538,-0.0129082,2.05238
10.306,-0.00193574,1.07151,-0.0124977,2.0465,-0.00186269,1.08535,-0.0128626,2.0523
10.308,-0.00193574,1.07148,-0.0125433,2.0465,-0.00189921,1.08538,-0.012817,2.0523
10.31,-0.00193574,1.07148,-0.0125433,2.0465,-0.00186269,1.08538,-0.012817,2.0523
10.312,-0.00193574,1.07148,-0.0125433,2.0465,-0.00182617,1.08541,-0.0128626,2.0523
10.314,-0.00189921,1.07151,-0.0124977,2.0465,-0.00189921,1.08538,-0.0129082,2.0523
10.316,-0.00189921,1.07151,-0.0124977,2.0465,-0.00186269,1.08538,-0.0129082,2.0523
10.318,-0.00189921,1.07151,-0.0124977,2.0465,-0.00186269,1.08538,-0.0129082,2.05238
10.32,-0.00189921,1.07151,-0.0124977,2.0465,-0.00182617,1.08541,-0.0128626,2.0523
10.322,-0.00189921,1.07148,-0.0125433,2.0465,-0.00182617,1.08538,-0.0129082,2.05238
10.324,-0.00189921,1.07151,-0.0124977,2.0465,-0.00186269,1.08538,-0.012817,2.0523
10.326,-0.00189921,1.07151,-0.0124977,2.0465,-0.00186269,1.08535,-0.0128626,2.0523
10.328,-0.00193574,1.07151,-0.0124977,2.0465,-0.00186269,1.08535,-0.0128626,2.0523
10.33,-0.00189921,1.07151,-0.0124977,2.0465,-0.00186269,1.08535,-0.0128626,2.0523
10.332,-0.00189921,1.07148,-0.0125433,2.0465,-0.00189921,1.08535,-0.0128626,2.0523
10.334,-0.00189921,1.07151,-0.0124977,2.0465,-0.00186269,1.08535,-0.0128626,2.0523
10.336,-0.00189921,1.07151,-0.0124977,2.0465,-0.00186269,1.08538,-0.0129082,2.0523
10.338,-0.00189921,1.07151,-0.0124977,2.0465,-0.00186269,1.08541,-0.0128626,2.0523
10.34,-0.00189921,1.07151,-0.0124977,2.0465,-0.00189921,1.08538,-0.012817,2.0523
10.342,-0.00189921,1.07151,-0.0124977,2.0465,-0.00182617,1.08535,-0.0128626,2.05238
10.344,-0.00193574,1.07151,-0.0124977,2.0465,-0.00189921,1.08538,-0.0129082,2.0523
10.346,-0.00189921,1.07151,-0.0124977,2.0465,-0.00189921,1.08538,-0.012817,2.0523
10.348,-0.00193574,1.07151,-0.0124977,2.0465,-0.00189921,1.08535,-0.0128626,2.0523
10.35,-0.00193574,1.07148,-0.0125433,2.0465,-0.00186269,1.08535,-0.0128626,2.0523
10.352,-0.00189921,1.07148,-0.0125433,2.0465,-0.00186269,1.08538,-0.0129082,2.0523
10.354,-0.00189921,1.07151,-0.0124977,2.0465,-0.00189921,1.08538,-0.0129082,2.0523
10.356,-0.00189921,1.07148,-0.0125433,2.0465,-0.00186269,1.08538,-0.0129082,2.0523
10.358,-0.00189921,1.07151,-0.0124977,2.0465,-0.00186269,1.08535,-0.0128626,2.0523
10.36,-0.00189921,1.07151,-0.0124977,2.0465,-0.00186269,1.08535,-0.0128626,2.0523
10.362,-0.00189921,1.07148,-0.0125433,2.0465,-0.00189921,1.08538,-0.012817,2.0523
10.364,-0.00193574,1.07148,-0.0125433,2.0465,-0.00186269,1.08535,-0.0128626,2.0523
10.366,-0.00189921,1.07151,-0.0124977,2.0465,-0.00186269,1.08538,-0.0129082,2.0523
10.368,-0.00189921,1.07151,-0.0124977,2.0465,-0.00186269,1.08535,-0.0128626,2.0523
10.37,-0.00189921,1.07151,-0.0124977,2.0465,-0.00186269,1.08535,-0.0128626,2.0523
10.372,-0.00189921,1.07151,-0.0124977,2.0465,-0.00186269,1.08541,-0.0128626,2.0523
10.374,-0.00193574,1.07151,-0.0124977,2.0465,-0.00182617,1.08535,-0.0128626,2.0523
10.376,-0.00189921,1.07148,-0.0125433,2.0465,-0.00182617,1.08538,-0.012817,2.0523
10.378,-0.00189921,1.07151,-0.0124977,2.0465,-0.00189921,1.08535,-0.0128626,2.0523
10.38,-0.00189921,1.07151,-0.0124977,2.0465,-0.00186269,1.08533,-0.0129082,2.0523
10.382,-0.00189921,1.07151,-0.0124977,2.0465,-0.00186269,1.08538,-0.012817,2.0523
10.384,-0.00189921,1.07151,-0.0124977,2.0465,-0.00186269,1.08535,-0.0128626,2.0523
10.386,-0.00189921,1.07148,-0.0125433,2.0465,-0.00186269,1.08541,-0.0128626,2.0523
10.388,-0.00189921,1.07148,-0.0125433,2.0465,-0.00189921,1.08538,-0.0129082,2.0523
10.39,-0.00189921,1.07151,-0.0124977,2.04659,-0.00186269,1.08541,-0.0128626,2.0523
10.392,-0.00193574,1.07151,-0.0124977,2.04659,-0.00186269,1.08535,-0.0128626,2.0523
10.394,-0.00189921,1.07151,-0.0124977,2.0465,-0.00186269,1.08538,-0.012817,2.0523
10.396,-0.00189921,1.07151,-0.0124977,2.0465,-0.00182617,1.08538,-0.012817,2.05238
10.398,-0.00189921,1.07151,-0.0124977,2.0465,-0.00189921,1.08535,-0.0128626,2.0523
10.4,-0.00189921,1.07148,-0.0125433,2.0465,-0.00189921,1.08535,-0.0128626,2.0523
10.402,-0.00189921,1.07151,-0.0124977,2.0465,-0.00182617,1.08538,-0.0129082,2.0523
10.404,-0.00189921,1.07148,-0.0125433,2.0465,-0.00186269,1.08535,-0.0128626,2.0523
10.406,-0.00189921,1.07148,-0.0125433,2.0465,-0.00186269,1.08541,-0.0128626,2.0523
10.408,-0.00193574,1.07148,-0.0125433,2.0465,-0.00186269,1.08535,-0.0128626,2.0523
10.41,-0.00189921,1.07148,-0.0125433,2.0465,-0.00189921,1.08541,-0.0128626,2.0523
10.412,-0.00193574,1.07148,-0.0125433,2.0465,-0.00186269,1.08538,-0.012817,2.05238
10.414,-0.00189921,1.07151,-0.0124977,2.04642,-0.00186269,1.08538,-0.012817,2.0523
10.416,-0.00189921,1.07151,-0.0124977,2.0465,-0.00189921,1.08538,-0.0129082,2.0523
10.418,-0.00189921,1.07148,-0.0125433,2.0465,-0.00186269,1.08535,-0.0128626,2.0523
10.42,-0.00189921,1.07151,-0.0124977,2.0465,-0.00186269,1.08538,-0.0129082,2.05238
10.422,-0.00189921,1.07151,-0.0124977,2.04659,-0.00189921,1.08535,-0.0128626,2.0523
10.424,-0.00193574,1.07148,-0.0125433,2.0465,-0.00186269,1.08538,-0.012817,2.05238
10.426,-0.00193574,1.07148,-0.0125433,2.0465,-0.00186269,1.08538,-0.012817,2.0523
10.428,-0.00193574,1.07151,-0.0124977,2.0465,-0.00186269,1.08538,-0.0129082,2.0523
10.43,-0.00193574,1.07151,-0.0124977,2.0465,-0.00186269,1.08538,-0.0129082,2.0523
10.432,-0.00189921,1.07148,-0.0125433,2.0465,-0.00186269,1.08535,-0.0128626,2.0523
10.434,-0.00189921,1.07151,-0.0124977,2.0465,-0.00189921,1.08538,-0.0129082,2.0523
10.436,-0.00189921,1.07151,-0.0124977,2.0465,-0.00178964,1.08538,-0.0129082,2.0523
10.438,-0.00189921,1.07148,-0.0125433,2.04659,-0.00186269,1.08535,-0.0128626,2.0523
10.44,-0.00189921,1.07148,-0.0125433,2.0465,-0.00182617,1.08538,-0.012817,2.0523
10.442,-0.00193574,1.07148,-0.0125433,2.0465,-0.00189921,1.08535,-0.0128626,2.0523
10.444,-0.00189921,1.07148,-0.0125433,2.0465,-0.00186269,1.08535,-0.0128626,2.05238
10.446,-0.00193574,1.07151,-0.0124977,2.0465,-0.00186269,1.08535,-0.0128626,2.0523
10.448,-0.00189921,1.07151,-0.0124977,2.0465,-0.00186269,1.08535,-0.0128626,2.0523
10.45,-0.00189921,1.07151,-0.0124977,2.0465,-0.00189921,1.08538,-0.0129082,2.0523
10.452,-0.00189921,1.07151,-0.0124977,2.0465,-0.00186269,1.08538,-0.0129082,2.0523
10.454,-0.00193574,1.07151,-0.0124977,2.04642,-0.00186269,1.08538,-0.0129082,2.0523
10.456,-0.00189921,1.07148,-0.0125433,2.0465,-0.00189921,1.08535,-0.0128626,2.0523
10.458,-0.00193574,1.07148,-0.0125433,2.0465,-0.00189921,1.08535,-0.0128626,2.0523
10.46,-0.00193574,1.07151,-0.0124977,2.04642,-0.00186269,1.08535,-0.0128626,2.0523
10.462,-0.00189921,1.07151,-0.0124977,2.0465,-0.00189921,1.08535,-0.0128626,2.0523
10.464,-0.00193574,1.07151,-0.0124977,2.0465,-0.00186269,1.08538,-0.0129082,2.05238
10.466,-0.00189921,1.07151,-0.0124977,2.0465,-0.00186269,1.08541,-0.0128626,2.05238
10.468,-0.00189921,1.07148,-0.0125433,2.0465,-0.00189921,1.08535,-0.0128626,2.0523
10.47,-0.00189921,1.07148,-0.0125433,2.0465,-0.00186269,1.08535,-0.0128626,2.0523
10.472,-0.00189921,1.07151,-0.0124977,2.0465,-0.00186269,1.08535,-0.0128626,2.0523
10.474,-0.00189921,1.07148,-0.0125433,2.0465,-0.00186269,1.08535,-0.0128626,2.0523
10.476,-0.00193574,1.07151,-0.0124977,2.0465,-0.00189921,1.08535,-0.0128626,2.0523
10.478,-0.00189921,1.07151,-0.0124977,2.0465,-0.00186269,1.08533,-0.0129082,2.0523
10.48,-0.00189921,1.07148,-0.0125433,2.0465,-0.00186269,1.08538,-0.012817,2.0523
10.482,-0.00189921,1.07151,-0.0124977,2.0465,-0.00182617,1.08538,-0.012817,2.05238
10.484,-0.00189921,1.07148,-0.0125433,2.0465,-0.00186269,1.08538,-0.0129082,2.0523
10.486,-0.00189921,1.07148,-0.0125433,2.0465,-0.00186269,1.08538,-0.012817,2.0523
10.488,-0.00189921,1.07148,-0.0125433,2.0465,-0.00186269,1.08538,-0.012817,2.0523
10.49,-0.00189921,1.07151,-0.0124977,2.0465,-0.00182617,1.08535,-0.0128626,2.0523
10.492,-0.00193574,1.07148,-0.0125433,2.04642,-0.00186269,1.08535,-0.0128626,2.0523
10.494,-0.00189921,1.07151,-0.0124977,2.0465,-0.00182617,1.08538,-0.0129082,2.0523
10.496,-0.00189921,1.07151,-0.0124977,2.0465,-0.00186269,1.08535,-0.0128626,2.0523
10.498,-0.00189921,1.07148,-0.0125433,2.0465,-0.00186269,1.08541,-0.0128626,2.0523
10.5,-0.00189921,1.07151,-0.0124977,2.04659,-0.00182617,1.08538,-0.012817,2.0523
10.502,-0.00189921,1.07151,-0.0124977,2.0465,-0.00186269,1.08541,-0.0128626,2.05238
10.504,-0.00189921,1.07148,-0.0125433,2.0465,-0.00186269,1.08541,-0.0128626,2.0523
10.506,-0.00189921,1.07148,-0.0125433,2.0465,-0.00186269,1.08535,-0.0128626,2.0523
10.508,-0.00189921,1.07148,-0.0125433,2.0465,-0.00186269,1.08535,-0.0128626,2.0523
10.51,-0.00189921,1.07148,-0.0125433,2.0465,-0.00193574,1.08535,-0.0128626,2.0523
10.512,-0.00193574,1.07151,-0.0124977,2.0465,-0.00186269,1.08535,-0.0128626,2.0523
10.514,-0.00189921,1.07153,-0.0125433,2.0465,-0.00182617,1.08538,-0.0129082,2.0523
10.516,-0.00189921,1.07151,-0.0124977,2.0465,-0.00186269,1.08541,-0.0128626,2.0523
10.518,-0.00189921,1.07151,-0.0124977,2.0465,-0.00186269,1.08541,-0.0128626,2.0523
10.52,-0.00189921,1.07145,-0.0124977,2.0465,-0.00186269,1.08541,-0.0128626,2.05238
10.522,-0.00189921,1.07151,-0.0124977,2.0465,-0.00182617,1.08541,-0.0128626,2.0523
10.524,-0.00189921,1.07148,-0.0125433,2.0465,-0.00186269,1.08535,-0.0128626,2.0523
10.526,-0.00193574,1.07148,-0.0125433,2.0465,-0.00186269,1.08535,-0.0128626,2.0523
10.528,-0.00189921,1.07151,-0.0124977,2.0465,-0.00182617,1.08535,-0.0128626,2.0523
10.53,-0.00189921,1.07148,-0.0125433,2.0465,-0.00186269,1.08535,-0.0128626,2.0523
10.532,-0.00189921,1.07148,-0.0125433,2.04659,-0.00182617,1.08535,-0.0128626,2.0523
10.534,-0.00193574,1.07148,-0.0125433,2.0465,-0.00189921,1.08538,-0.012817,2.0523
10.536,-0.00189921,1.07148,-0.0125433,2.0465,-0.00189921,1.08538,-0.0129082,2.05238
10.538,-0.00189921,1.07148,-0.0125433,2.0465,-0.00182617,1.08541,-0.0128626,2.0523
10.54,-0.00193574,1.07148,-0.0125433,2.0465,-0.00189921,1.08538,-0.012817,2.0523
10.542,-0.00189921,1.07148,-0.0125433,2.0465,-0.00186269,1.08538,-0.0129082,2.0523
10.544,-0.00189921,1.07151,-0.0124977,2.0465,-0.00186269,1.08538,-0.012817,2.0523
10.546,-0.00189921,1.07151,-0.0124977,2.04659,-0.00182617,1.08535,-0.0128626,2.0523
10.548,-0.00189921,1.07148,-0.0125433,2.0465,-0.00186269,1.08538,-0.0129082,2.05238
10.55,-0.00193574,1.07148,-0.0125433,2.0465,-0.00186269,1.08538,-0.012817,2.0523
10.552,-0.00189921,1.07151,-0.0124977,2.0465,-0.00186269,1.08538,-0.012817,2.0523
10.554,-0.00189921,1.07148,-0.0125433,2.0465,-0.00182617,1.08541,-0.0128626,2.05238
10.556,-0.00189921,1.07148,-0.0125433,2.0465,-0.00186269,1.08538,-0.0129082,2.0523
10.558,-0.00189921,1.07151,-0.0124977,2.0465,-0.00186269,1.08538,-0.012817,2.0523
10.56,-0.00189921,1.07151,-0.0124977,2.0465,-0.00186269,1.08535,-0.0128626,2.0523
10.562,-0.00189921,1.07151,-0.0124977,2.0465,-0.00186269,1.08535,-0.0128626,2.0523
10.564,-0.00193574,1.07151,-0.0124977,2.0465,-0.00186269,1.08538,-0.012817,2.0523
10.566,-0.00189921,1.07148,-0.0125433,2.0465,-0.00186269,1.08535,-0.0128626,2.0523
10.568,-0.00189921,1.07151,-0.0124977,2.0465,-0.00182617,1.08535,-0.0128626,2.0523
10.57,-0.00189921,1.07148,-0.0125433,2.0465,-0.00186269,1.08538,-0.012817,2.0523
10.572,-0.00189921,1.07151,-0.0124977,2.0465,-0.00186269,1.08535,-0.0128626,2.0523
10.574,-0.00189921,1.07148,-0.0125433,2.0465,-0.00189921,1.08535,-0.0128626,2.0523
10.576,-0.00189921,1.07148,-0.0125433,2.0465,-0.00189921,1.08535,-0.0128626,2.0523
10.578,-0.00189921,1.07148,-0.0125433,2.0465,-0.00186269,1.08535,-0.0128626,2.0523
10.58,-0.00189921,1.07148,-0.0125433,2.0465,-0.00186269,1.08535,-0.0128626,2.0523
10.582,-0.00189921,1.07148,-0.0125433,2.0465,-0.00186269,1.08538,-0.0129082,2.0523
10.584,-0.00193574,1.07151,-0.0124977,2.0465,-0.00186269,1.08538,-0.0129082,2.0523
10.586,-0.00193574,1.07151,-0.0124977,2.0465,-0.00189921,1.08538,-0.012817,2.0523
10.588,-0.00189921,1.07151,-0.0124977,2.0465,-0.00186269,1.08535,-0.0128626,2.0523
10.59,-0.00189921,1.07151,-0.0124977,2.0465,-0.00186269,1.08535,-0.0128626,2.05238
10.592,-0.00189921,1.07148,-0.0125433,2.0465,-0.00189921,1.08541,-0.0128626,2.0523
10.594,-0.00189921,1.07148,-0.0125433,2.0465,-0.00189921,1.08535,-0.0128626,2.0523
10.596,-0.00193574,1.07151,-0.0124977,2.0465,-0.00186269,1.08535,-0.0128626,2.0523
10.598,-0.00193574,1.07151,-0.0124977,2.0465,-0.00186269,1.08538,-0.012817,2.0523
10.6,-0.00189921,1.07151,-0.0124977,2.0465,-0.00186269,1.08538,-0.012817,2.0523
10.602,-0.00189921,1.07151,-0.0124977,2.0465,-0.00182617,1.08535,-0.0128626,2.0523
10.604,-0.00189921,1.07151,-0.0124977,2.0465,-0.00186269,1.08538,-0.012817,2.0523
10.606,-0.00193574,1.07151,-0.0124977,2.0465,-0.00186269,1.08535,-0.0128626,2.0523
10.608,-0.00189921,1.07148,-0.0125433,2.0465,-0.00186269,1.08538,-0.0129082,2.0523
10.61,-0.00189921,1.07151,-0.0124977,2.0465,-0.00189921,1.08535,-0.0129538,2.0523
10.612,-0.00189921,1.07148,-0.0125433,2.04659,-0.00182617,1.08535,-0.0128626,2.0523
10.614,-0.00189921,1.07148,-0.0125433,2.0465,-0.00189921,1.08535,-0.0128626,2.0523
10.616,-0.00189921,1.07148,-0.0125433,2.0465,-0.00186269,1.08535,-0.0128626,2.05238
10.618,-0.00189921,1.07148,-0.0125433,2.0465,-0.00186269,1.08538,-0.012817,2.0523
10.62,-0.00193574,1.07151,-0.0124977,2.0465,-0.00186269,1.08538,-0.012817,2.0523
10.622,-0.00193574,1.07151,-0.0124977,2.0465,-0.00186269,1.08541,-0.0128626,2.0523
10.624,-0.00193574,1.07148,-0.0125433,2.0465,-0.00182617,1.08538,-0.012817,2.0523
10.626,-0.00189921,1.07151,-0.0124977,2.0465,-0.00186269,1.08538,-0.0129082,2.0523
10.628,-0.00189921,1.07151,-0.0124977,2.0465,-0.00189921,1.08538,-0.0129082,2.0523
10.63,-0.00189921,1.07151,-0.0124977,2.0465,-0.00186269,1.08541,-0.0128626,2.0523
10.632,-0.00189921,1.07148,-0.0125433,2.04659,-0.00186269,1.08541,-0.0128626,2.0523
10.634,-0.00193574,1.07148,-0.0125433,2.0465,-0.00186269,1.08538,-0.012817,2.05238
10.636,-0.00193574,1.07148,-0.0125433,2.0465,-0.00186269,1.08535,-0.0128626,2.0523
10.638,-0.00189921,1.07148,-0.0124521,2.0465,-0.00186269,1.08538,-0.012817,2.0523
10.64,-0.00189921,1.07151,-0.0124977,2.0465,-0.00186269,1.08535,-0.0128626,2.0523
10.642,-0.00189921,1.07151,-0.0124977,2.0465,-0.00189921,1.08535,-0.0128626,2.0523
10.644,-0.00193574,1.07148,-0.0125433,2.04659,-0.00186269,1.08538,-0.0129082,2.0523
10.646,-0.00193574,1.07151,-0.0124977,2.0465,-0.00186269,1.08538,-0.012817,2.0523
10.648,-0.00193574,1.07148,-0.0125433,2.0465,-0.00186269,1.08538,-0.012817,2.0523
10.65,-0.00193574,1.07151,-0.0124977,2.0465,-0.00186269,1.08538,-0.012817,2.05238
10.652,-0.00189921,1.07151,-0.0124977,2.0465,-0.00186269,1.08533,-0.0129082,2.0523
10.654,-0.00189921,1.07148,-0.0125433,2.0465,-0.00186269,1.08535,-0.0128626,2.05238
10.656,-0.00189921,1.07151,-0.0124977,2.0465,-0.00189921,1.08541,-0.0128626,2.0523
10.658,-0.00189921,1.07151,-0.0124977,2.0465,-0.00189921,1.08538,-0.012817,2.0523
10.66,-0.00189921,1.07151,-0.0124977,2.0465,-0.00186269,1.08541,-0.0128626,2.0523
10.662,-0.00193574,1.07148,-0.0125433,2.0465,-0.00186269,1.08541,-0.0128626,2.0523
10.664,-0.00189921,1.07151,-0.0124977,2.0465,-0.00186269,1.08541,-0.0128626,2.05238
10.666,-0.00189921,1.07151,-0.0124977,2.0465,-0.00186269,1.08535,-0.0128626,2.0523
10.668,-0.00193574,1.07151,-0.0124977,2.0465,-0.00186269,1.08535,-0.0128626,2.0523
10.67,-0.00189921,1.07151,-0.0124977,2.0465,-0.00182617,1.08538,-0.012817,2.0523
10.672,-0.00189921,1.07151,-0.0124977,2.0465,-0.00186269,1.08538,-0.0129082,2.0523
10.674,-0.00189921,1.07151,-0.0124977,2.0465,-0.00186269,1.08535,-0.0128626,2.0523
10.676,-0.00189921,1.07148,-0.0125433,2.0465,-0.00189921,1.08538,-0.012817,2.05238
10.678,-0.00189921,1.07151,-0.0124977,2.0465,-0.00189921,1.08535,-0.0128626,2.0523
10.68,-0.00193574,1.07151,-0.0124977,2.0465,-0.00186269,1.08535,-0.0128626,2.0523
10.682,-0.00193574,1.07148,-0.0125433,2.0465,-0.00186269,1.08533,-0.0129082,2.0523
10.684,-0.00189921,1.07151,-0.0124977,2.04659,-0.00186269,1.08535,-0.0128626,2.0523
10.686,-0.00189921,1.07148,-0.0125433,2.0465,-0.00186269,1.08535,-0.0128626,2.0523
10.688,-0.00189921,1.07151,-0.0124977,2.0465,-0.00186269,1.08535,-0.0128626,2.0523
10.69,-0.00189921,1.07151,-0.0124977,2.0465,-0.00186269,1.08538,-0.012817,2.05238
10.692,-0.00193574,1.07151,-0.0124977,2.0465,-0.00189921,1.08535,-0.0128626,2.05238
10.694,-0.00189921,1.07148,-0.0125433,2.0465,-0.00182617,1.08541,-0.0128626,2.0523
10.696,-0.00189921,1.07148,-0.0125433,2.0465,-0.00182617,1.08535,-0.0128626,2.05221
10.698,-0.00193574,1.07151,-0.0124977,2.0465,-0.00186269,1.08535,-0.0128626,2.0523
10.7,-0.00189921,1.07148,-0.0125433,2.04659,-0.00186269,1.08535,-0.0128626,2.0523
10.702,-0.00193574,1.07151,-0.0124977,2.0465,-0.00182617,1.08535,-0.0128626,2.0523
10.704,-0.00189921,1.07148,-0.0125433,2.0465,-0.00182617,1.08541,-0.0128626,2.0523
10.706,-0.00189921,1.07148,-0.0124521,2.0465,-0.00186269,1.08541,-0.0128626,2.0523
10.708,-0.00189921,1.07148,-0.0124521,2.0465,-0.00189921,1.08538,-0.012817,2.05221
10.71,-0.00189921,1.07148,-0.0125433,2.0465,-0.00186269,1.08535,-0.0128626,2.0523
10.712,-0.00189921,1.07148,-0.0125433,2.0465,-0.00186269,1.08535,-0.0128626,2.0523
10.714,-0.00189921,1.07151,-0.0124977,2.0465,-0.00186269,1.08541,-0.0128626,2.05238
10.716,-0.00193574,1.07151,-0.0124977,2.0465,-0.00186269,1.08535,-0.0128626,2.05238
10.718,-0.00193574,1.07151,-0.0124977,2.0465,-0.00189921,1.08541,-0.0128626,2.0523
10.72,-0.00189921,1.07148,-0.0125433,2.0465,-0.00186269,1.08538,-0.0129082,2.0523
10.722,-0.00189921,1.07151,-0.0124977,2.0465,-0.00186269,1.08538,-0.0129082,2.0523
10.724,-0.00189921,1.07151,-0.0124977,2.0465,-0.00189921,1.08538,-0.012817,2.05238
10.726,-0.00189921,1.07148,-0.0125433,2.04659,-0.00186269,1.08541,-0.0128626,2.0523
10.728,-0.00193574,1.07148,-0.0125433,2.0465,-0.00186269,1.08541,-0.0128626,2.0523
10.73,-0.00193574,1.07151,-0.0124977,2.0465,-0.00182617,1.08535,-0.0128626,2.0523
10.732,-0.00193574,1.07148,-0.0125433,2.0465,-0.00186269,1.08538,-0.012817,2.0523
10.734,-0.00193574,1.07148,-0.0125433,2.0465,-0.00186269,1.08535,-0.0128626,2.0523
10.736,-0.00189921,1.07148,-0.0125433,2.0465,-0.00186269,1.08535,-0.0128626,2.0523
10.738,-0.00189921,1.07151,-0.0124977,2.0465,-0.00189921,1.08538,-0.012817,2.0523
10.74,-0.00189921,1.07151,-0.0124977,2.0465,-0.00189921,1.08538,-0.0129082,2.05238
10.742,-0.00189921,1.07151,-0.0124977,2.0465,-0.00186269,1.08538,-0.0129082,2.0523
10.744,-0.00189921,1.07151,-0.0124977,2.0465,-0.00186269,1.08541,-0.0128626,2.0523
10.746,-0.00193574,1.07151,-0.0124977,2.0465,-0.00189921,1.08535,-0.0128626,2.0523
10.748,-0.00193574,1.07148,-0.0125433,2.0465,-0.00186269,1.08535,-0.0128626,2.05238
10.75,-0.00193574,1.07151,-0.0124977,2.0465,-0.00189921,1.08538,-0.012817,2.0523
10.752,-0.00189921,1.07151,-0.0124977,2.0465,-0.00186269,1.08538,-0.012817,2.0523
10.754,-0.00189921,1.07151,-0.0124977,2.0465,-0.00186269,1.08535,-0.0128626,2.0523
10.756,-0.00189921,1.07151,-0.0124977,2.0465,-0.00186269,1.08535,-0.0128626,2.0523
10.758,-0.00189921,1.07151,-0.0124977,2.0465,-0.00182617,1.08535,-0.0129538,2.0523
10.76,-0.00189921,1.07151,-0.0124977,2.0465,-0.00186269,1.08538,-0.0129082,2.0523
10.762,-0.00189921,1.07148,-0.0125433,2.0465,-0.00186269,1.08538,-0.012817,2.0523
10.764,-0.00189921,1.07148,-0.0125433,2.0465,-0.00182617,1.08538,-0.012817,2.05238
10.766,-0.00189921,1.07148,-0.0125433,2.0465,-0.00189921,1.08535,-0.0128626,2.0523
10.768,-0.00189921,1.07148,-0.0125433,2.04659,-0.00186269,1.08535,-0.0128626,2.0523
10.77,-0.00189921,1.07151,-0.0124977,2.0465,-0.00182617,1.08538,-0.0129082,2.0523
10.772,-0.00189921,1.07151,-0.0124977,2.0465,-0.00182617,1.08535,-0.0128626,2.05238
10.774,-0.00189921,1.07148,-0.0125433,2.0465,-0.00189921,1.08538,-0.012817,2.0523
10.776,-0.00189921,1.07148,-0.0125433,2.0465,-0.00186269,1.08541,-0.0128626,2.0523
10.778,-0.00189921,1.07148,-0.0125433,2.0465,-0.00182617,1.08538,-0.012817,2.05238
10.78,-0.00189921,1.07151,-0.0124977,2.0465,-0.00189921,1.08538,-0.012817,2.0523
10.782,-0.00189921,1.07151,-0.0124977,2.0465,-0.00182617,1.08535,-0.0128626,2.0523
10.784,-0.00193574,1.07148,-0.0125433,2.0465,-0.00186269,1.08535,-0.0128626,2.0523
10.786,-0.00189921,1.07148,-0.0125433,2.0465,-0.00189921,1.08535,-0.0128626,2.0523
10.788,-0.00189921,1.07148,-0.0125433,2.0465,-0.00186269,1.08535,-0.0128626,2.05238
10.79,-0.00193574,1.07148,-0.0125433,2.0465,-0.00186269,1.08541,-0.0128626,2.0523
10.792,-0.00193574,1.07148,-0.0125433,2.0465,-0.00186269,1.08541,-0.0128626,2.0523
10.794,-0.00189921,1.07151,-0.0124977,2.0465,-0.00186269,1.08538,-0.012817,2.0523
10.796,-0.00189921,1.07145,-0.0124977,2.0465,-0.00189921,1.08541,-0.0128626,2.05221
10.798,-0.00189921,1.07151,-0.0124977,2.0465,-0.00182617,1.08535,-0.0128626,2.0523
10.8,-0.00193574,1.07151,-0.0124977,2.0465,-0.00189921,1.08538,-0.012817,2.0523
10.802,-0.00189921,1.07151,-0.0124977,2.0465,-0.00186269,1.08538,-0.012817,2.0523
10.804,-0.00189921,1.07148,-0.0125433,2.0465,-0.00186269,1.08535,-0.0128626,2.0523
10.806,-0.00189921,1.07148,-0.0125433,2.0465,-0.00189921,1.08535,-0.0128626,2.0523
10.808,-0.00189921,1.07151,-0.0124977,2.0465,-0.00186269,1.08535,-0.0128626,2.0523
10.81,-0.00193574,1.07151,-0.0124977,2.0465,-0.00186269,1.08535,-0.0128626,2.0523
10.812,-0.00193574,1.07148,-0.0125433,2.04659,-0.00186269,1.08535,-0.0128626,2.0523
10.814,-0.00189921,1.07148,-0.0125433,2.0465,-0.00186269,1.08541,-0.0128626,2.0523
10.816,-0.00189921,1.07148,-0.0125433,2.0465,-0.00186269,1.08535,-0.0128626,2.0523
10.818,-0.00189921,1.07151,-0.0124977,2.0465,-0.00186269,1.08535,-0.0128626,2.0523
10.82,-0.00189921,1.07151,-0.0124977,2.0465,-0.00186269,1.08535,-0.0128626,2.0523
10.822,-0.00189921,1.07151,-0.0124977,2.0465,-0.00186269,1.08535,-0.0128626,2.0523
10.824,-0.00193574,1.07148,-0.0125433,2.0465,-0.00182617,1.08535,-0.0128626,2.05238
10.826,-0.00193574,1.07151,-0.0124977,2.0465,-0.00182617,1.08535,-0.0128626,2.0523
10.828,-0.00189921,1.07148,-0.0125433,2.0465,-0.00186269,1.08538,-0.012817,2.0523
10.83,-0.00189921,1.07148,-0.0125433,2.0465,-0.00186269,1.08538,-0.012817,2.0523
10.832,-0.00189921,1.07148,-0.0125433,2.0465,-0.00189921,1.08535,-0.0128626,2.05238
10.834,-0.00189921,1.07148,-0.0125433,2.0465,-0.00186269,1.08535,-0.0128626,2.0523
10.836,-0.00193574,1.07145,-0.0124977,2.0465,-0.00182617,1.08535,-0.0128626,2.0523
10.838,-0.00189921,1.07148,-0.0125433,2.0465,-0.00182617,1.08538,-0.0129082,2.0523
10.84,-0.00189921,1.07151,-0.0124977,2.0465,-0.00182617,1.08535,-0.0128626,2.0523
10.842,-0.00189921,1.07151,-0.0124977,2.0465,-0.00186269,1.08541,-0.0128626,2.0523
10.844,-0.00189921,1.07151,-0.0124977,2.0465,-0.00186269,1.08535,-0.0128626,2.0523
10.846,-0.00189921,1.07148,-0.0125433,2.0465,-0.00186269,1.08541,-0.0128626,2.0523
10.848,-0.00189921,1.07148,-0.0125433,2.0465,-0.00186269,1.08535,-0.0128626,2.0523
10.85,-0.00189921,1.07151,-0.0124977,2.0465,-0.00189921,1.08538,-0.0129082,2.0523
10.852,-0.00189921,1.07151,-0.0124977,2.0465,-0.00186269,1.08535,-0.0128626,2.0523
10.854,-0.00189921,1.07148,-0.0125433,2.0465,-0.00186269,1.08535,-0.0128626,2.0523
10.856,-0.00189921,1.07148,-0.0125433,2.0465,-0.00182617,1.08538,-0.0129082,2.0523
10.858,-0.00193574,1.07151,-0.0124977,2.0465,-0.00186269,1.08535,-0.0128626,2.0523
10.86,-0.00193574,1.07151,-0.0124977,2.0465,-0.00186269,1.08535,-0.0128626,2.0523
10.862,-0.00189921,1.07148,-0.0125433,2.0465,-0.00189921,1.08538,-0.012817,2.0523
10.864,-0.00189921,1.07151,-0.0124977,2.0465,-0.00189921,1.08538,-0.012817,2.0523
10.866,-0.00189921,1.07148,-0.0125433,2.0465,-0.00186269,1.08538,-0.0129082,2.0523
10.868,-0.00189921,1.07151,-0.0124977,2.0465,-0.00182617,1.08535,-0.0128626,2.0523
10.87,-0.00189921,1.07151,-0.0124977,2.0465,-0.00189921,1.08535,-0.0128626,2.0523
10.872,-0.00189921,1.07151,-0.0124977,2.0465,-0.00186269,1.08538,-0.012817,2.0523
10.874,-0.00189921,1.07148,-0.0125433,2.0465,-0.00186269,1.08538,-0.012817,2.0523
10.876,-0.00193574,1.07151,-0.0124977,2.0465,-0.00189921,1.08538,-0.012817,2.05238
10.878,-0.00193574,1.07148,-0.0125433,2.0465,-0.00189921,1.08538,-0.012817,2.0523
10.88,-0.00189921,1.07151,-0.0124977,2.0465,-0.00182617,1.08538,-0.0129082,2.0523
10.882,-0.00189921,1.07151,-0.0124977,2.0465,-0.00189921,1.08538,-0.0129082,2.0523
10.884,-0.00189921,1.07151,-0.0124977,2.0465,-0.00186269,1.08538,-0.0129082,2.0523
10.886,-0.00193574,1.07148,-0.0125433,2.0465,-0.00186269,1.08535,-0.0128626,2.0523
10.888,-0.00193574,1.07148,-0.0125433,2.0465,-0.00186269,1.08538,-0.012817,2.0523
10.89,-0.00193574,1.07151,-0.0124977,2.0465,-0.00182617,1.08538,-0.012817,2.0523
10.892,-0.00193574,1.07148,-0.0125433,2.0465,-0.00186269,1.08535,-0.0128626,2.0523
10.894,-0.00189921,1.07148,-0.0125433,2.0465,-0.00186269,1.08538,-0.012817,2.0523
10.896,-0.00193574,1.07151,-0.0124977,2.0465,-0.00189921,1.08535,-0.0128626,2.0523
10.898,-0.00189921,1.07151,-0.0124977,2.0465,-0.00186269,1.08535,-0.0128626,2.0523
10.9,-0.00189921,1.07151,-0.0124977,2.0465,-0.00186269,1.08533,-0.0129082,2.0523
10.902,-0.00189921,1.07151,-0.0124977,2.04659,-0.00189921,1.08535,-0.0128626,2.0523
10.904,-0.00189921,1.07148,-0.0125433,2.0465,-0.00182617,1.08535,-0.0128626,2.0523
10.906,-0.00193574,1.07151,-0.0124977,2.0465,-0.00189921,1.08538,-0.012817,2.0523
10.908,-0.00189921,1.07151,-0.0124977,2.0465,-0.00189921,1.08538,-0.012817,2.05238
10.91,-0.00193574,1.07148,-0.0125433,2.0465,-0.00186269,1.08538,-0.012817,2.0523
10.912,-0.00189921,1.07151,-0.0124977,2.0465,-0.00182617,1.08535,-0.0128626,2.0523
10.914,-0.00189921,1.07148,-0.0125433,2.0465,-0.00189921,1.08535,-0.0128626,2.0523
10.916,-0.00189921,1.07151,-0.0124977,2.0465,-0.00186269,1.08538,-0.0129082,2.0523
10.918,-0.00189921,1.07151,-0.0124977,2.0465,-0.00186269,1.08538,-0.0129082,2.0523
10.92,-0.00189921,1.07151,-0.0124977,2.0465,-0.00189921,1.08533,-0.012817,2.0523
10.922,-0.00189921,1.07148,-0.0125433,2.0465,-0.00182617,1.08541,-0.0128626,2.05238
10.924,-0.00193574,1.07148,-0.0125433,2.0465,-0.00189921,1.08535,-0.0128626,2.0523
10.926,-0.00193574,1.07148,-0.0125433,2.0465,-0.00189921,1.08535,-0.0128626,2.0523
10.928,-0.00189921,1.07148,-0.0125433,2.0465,-0.00186269,1.08535,-0.0128626,2.0523
10.93,-0.00189921,1.07151,-0.0124977,2.0465,-0.00186269,1.08535,-0.0128626,2.0523
10.932,-0.00189921,1.07151,-0.0124977,2.0465,-0.00186269,1.08538,-0.0129082,2.05238
10.934,-0.00189921,1.07151,-0.0124977,2.0465,-0.00186269,1.08535,-0.0128626,2.05238
10.936,-0.00189921,1.07151,-0.0124977,2.0465,-0.00182617,1.08538,-0.012817,2.0523
10.938,-0.00189921,1.07148,-0.0125433,2.04642,-0.00182617,1.08535,-0.0128626,2.0523
10.94,-0.00189921,1.07148,-0.0125433,2.04642,-0.00186269,1.08538,-0.0129082,2.0523
10.942,-0.00189921,1.07148,-0.0125433,2.0465,-0.00189921,1.08535,-0.0128626,2.0523
10.944,-0.00189921,1.07151,-0.0124977,2.0465,-0.00186269,1.08535,-0.0128626,2.0523
10.946,-0.00189921,1.07148,-0.0125433,2.0465,-0.00186269,1.08535,-0.0128626,2.05238
10.948,-0.00189921,1.07151,-0.0124977,2.0465,-0.00186269,1.08535,-0.0128626,2.05238
10.95,-0.00189921,1.07148,-0.0125433,2.0465,-0.00186269,1.08538,-0.012817,2.0523
10.952,-0.00193574,1.07151,-0.0124977,2.0465,-0.00189921,1.08538,-0.012817,2.0523
10.954,-0.00189921,1.07148,-0.0125433,2.04642,-0.00182617,1.08535,-0.0129538,2.0523
10.956,-0.00189921,1.07151,-0.0124977,2.0465,-0.00186269,1.08535,-0.0128626,2.0523
10.958,-0.00189921,1.07151,-0.0124977,2.04659,-0.00189921,1.08535,-0.0128626,2.05238
10.96,-0.00189921,1.07148,-0.0125433,2.0465,-0.00186269,1.08538,-0.0129082,2.0523
10.962,-0.00189921,1.07148,-0.0125433,2.0465,-0.00186269,1.08538,-0.0129082,2.0523
10.964,-0.00189921,1.07148,-0.0125433,2.0465,-0.00186269,1.08535,-0.0128626,2.0523
10.966,-0.00193574,1.07148,-0.0125433,2.0465,-0.00186269,1.08535,-0.0128626,2.0523
10.968,-0.00189921,1.07148,-0.0125433,2.0465,-0.00186269,1.08535,-0.0128626,2.0523
10.97,-0.00189921,1.07148,-0.0125433,2.0465,-0.00186269,1.08535,-0.0128626,2.0523
10.972,-0.00189921,1.07148,-0.0125433,2.0465,-0.00186269,1.08538,-0.012817,2.0523
10.974,-0.00189921,1.07151,-0.0124977,2.0465,-0.00186269,1.08535,-0.0128626,2.05238
10.976,-0.00189921,1.07151,-0.0124977,2.0465,-0.00189921,1.08541,-0.0128626,2.0523
10.978,-0.00193574,1.07151,-0.0124977,2.0465,-0.00189921,1.08538,-0.012817,2.0523
10.98,-0.00189921,1.07151,-0.0124977,2.0465,-0.00182617,1.08541,-0.0128626,2.0523
10.982,-0.00189921,1.07148,-0.0125433,2.0465,-0.00182617,1.08535,-0.0128626,2.0523
10.984,-0.00189921,1.07148,-0.0125433,2.0465,-0.00186269,1.08538,-0.012817,2.05238
10.986,-0.00189921,1.07151,-0.0124977,2.0465,-0.00186269,1.08535,-0.0128626,2.0523
10.988,-0.00189921,1.07151,-0.0124977,2.0465,-0.00186269,1.08535,-0.0128626,2.0523
10.99,-0.00189921,1.07151,-0.0124977,2.0465,-0.00186269,1.08535,-0.0128626,2.0523
10.992,-0.00189921,1.07151,-0.0124977,2.04642,-0.00186269,1.08535,-0.0128626,2.0523
10.994,-0.00193574,1.07151,-0.0124977,2.0465,-0.00186269,1.08538,-0.012817,2.0523
10.996,-0.00193574,1.07151,-0.0124977,2.0465,-0.00186269,1.08538,-0.012817,2.05238
10.998,-0.00189921,1.07151,-0.0124977,2.0465,-0.00186269,1.08538,-0.012817,2.0523
11,-0.00189921,1.07151,-0.0124977,2.0465,-0.00189921,1.08538,-0.0129082,2.0523
11.002,-0.00189921,1.07148,-0.0125433,2.0465,-0.00186269,1.08538,-0.012817,2.0523
11.004,-0.00189921,1.07148,-0.0125433,2.0465,-0.00186269,1.08535,-0.0128626,2.0523
11.006,-0.00189921,1.07148,-0.0125433,2.0465,-0.00186269,1.08535,-0.0128626,2.0523
11.008,-0.00193574,1.07148,-0.0125433,2.0465,-0.00182617,1.08538,-0.012817,2.0523
11.01,-0.00189921,1.07151,-0.0124977,2.0465,-0.00189921,1.08535,-0.0128626,2.0523
11.012,-0.00189921,1.07151,-0.0124977,2.0465,-0.00186269,1.08535,-0.0128626,2.0523
11.014,-0.00189921,1.07151,-0.0124977,2.0465,-0.00189921,1.08538,-0.0129082,2.0523
11.016,-0.00193574,1.07148,-0.0125433,2.0465,-0.00186269,1.08538,-0.012817,2.0523
11.018,-0.00193574,1.07148,-0.0125433,2.04659,-0.00186269,1.08538,-0.012817,2.0523
11.02,-0.00193574,1.07148,-0.0125433,2.0465,-0.00186269,1.08535,-0.0128626,2.0523
11.022,-0.00189921,1.07148,-0.0125433,2.0465,-0.00186269,1.08538,-0.012817,2.0523
11.024,-0.00189921,1.07151,-0.0124977,2.0465,-0.00186269,1.08535,-0.0128626,2.0523
11.026,-0.00189921,1.07151,-0.0124977,2.0465,-0.00186269,1.08535,-0.0128626,2.0523
11.028,-0.00189921,1.07151,-0.0124977,2.0465,-0.00189921,1.08538,-0.012817,2.0523
11.03,-0.00189921,1.07148,-0.0125433,2.0465,-0.00182617,1.08535,-0.0128626,2.0523
11.032,-0.00193574,1.07148,-0.0125433,2.0465,-0.00186269,1.08541,-0.0128626,2.0523
11.034,-0.00193574,1.07148,-0.0125433,2.0465,-0.00182617,1.08538,-0.012817,2.0523
11.036,-0.00189921,1.07148,-0.0125433,2.0465,-0.00186269,1.08535,-0.0128626,2.0523
11.038,-0.00189921,1.07148,-0.0125433,2.0465,-0.00186269,1.08535,-0.0128626,2.0523
11.04,-0.00189921,1.07148,-0.0125433,2.0465,-0.00189921,1.08535,-0.0128626,2.0523
11.042,-0.00189921,1.07151,-0.0124977,2.04642,-0.00186269,1.08535,-0.0128626,2.05238
11.044,-0.00189921,1.07148,-0.0125433,2.0465,-0.00182617,1.08541,-0.0128626,2.0523
11.046,-0.00193574,1.07148,-0.0125433,2.0465,-0.00189921,1.08538,-0.012817,2.05238
11.048,-0.00189921,1.07151,-0.0124977,2.0465,-0.00186269,1.08538,-0.012817,2.05238
11.05,-0.00193574,1.07151,-0.0124977,2.0465,-0.00186269,1.08535,-0.0128626,2.0523
11.052,-0.00189921,1.07148,-0.0125433,2.0465,-0.00189921,1.08535,-0.0128626,2.0523
11.054,-0.00189921,1.07151,-0.0124977,2.0465,-0.00186269,1.08538,-0.012817,2.0523
11.056,-0.00189921,1.07148,-0.0125433,2.0465,-0.00189921,1.08535,-0.0128626,2.0523
11.058,-0.00189921,1.07148,-0.0125433,2.0465,-0.00186269,1.08535,-0.0128626,2.0523
11.06,-0.00193574,1.07148,-0.0125433,2.0465,-0.00182617,1.08538,-0.012817,2.05238
11.062,-0.00189921,1.07148,-0.0125433,2.0465,-0.00186269,1.08538,-0.012817,2.0523
11.064,-0.00193574,1.07148,-0.0125433,2.0465,-0.00182617,1.08541,-0.0128626,2.0523
11.066,-0.00193574,1.07148,-0.0125433,2.0465,-0.00189921,1.08538,-0.012817,2.0523
11.068,-0.00189921,1.07148,-0.0125433,2.0465,-0.00186269,1.08535,-0.0128626,2.0523
11.07,-0.00189921,1.07151,-0.0124977,2.0465,-0.00189921,1.08535,-0.0128626,2.0523
11.072,-0.00189921,1.07151,-0.0124977,2.0465,-0.00186269,1.08535,-0.0128626,2.0523
11.074,-0.00193574,1.07148,-0.0125433,2.0465,-0.00186269,1.08535,-0.0128626,2.0523
11.076,-0.00189921,1.07148,-0.0125433,2.0465,-0.00186269,1.08535,-0.0128626,2.05238
11.078,-0.00189921,1.07148,-0.0125433,2.0465,-0.00189921,1.08535,-0.0128626,2.05238
11.08,-0.00193574,1.07151,-0.0124977,2.0465,-0.00189921,1.08535,-0.0128626,2.0523
11.082,-0.00189921,1.07151,-0.0124977,2.0465,-0.00182617,1.08535,-0.0128626,2.0523
11.084,-0.00189921,1.07148,-0.0125433,2.0465,-0.00186269,1.08538,-0.0129082,2.0523
11.086,-0.00189921,1.07148,-0.0125433,2.0465,-0.00186269,1.08538,-0.012817,2.05238
11.088,-0.00189921,1.07148,-0.0125433,2.0465,-0.00186269,1.08535,-0.0128626,2.0523
11.09,-0.00189921,1.07148,-0.0125433,2.0465,-0.00186269,1.08541,-0.0128626,2.05221
11.092,-0.00189921,1.07151,-0.0124977,2.0465,-0.00182617,1.08538,-0.012817,2.0523
11.094,-0.00189921,1.07151,-0.0124977,2.0465,-0.00182617,1.08538,-0.012817,2.05238
11.096,-0.00189921,1.07151,-0.0124977,2.0465,-0.00189921,1.08535,-0.0128626,2.05221
11.098,-0.00189921,1.07148,-0.0125433,2.0465,-0.00186269,1.08535,-0.0128626,2.05238
11.1,-0.00189921,1.07151,-0.0124977,2.0465,-0.00182617,1.08541,-0.0128626,2.05238
11.102,-0.00193574,1.07151,-0.0124977,2.0465,-0.00186269,1.08535,-0.0128626,2.0523
11.104,-0.00193574,1.07151,-0.0124977,2.0465,-0.00186269,1.08538,-0.012817,2.0523
11.106,-0.00189921,1.07148,-0.0125433,2.0465,-0.00189921,1.08533,-0.0129082,2.0523
11.108,-0.00189921,1.07148,-0.0125433,2.0465,-0.00186269,1.08535,-0.0128626,2.0523
11.11,-0.00189921,1.07151,-0.0124977,2.0465,-0.00182617,1.08541,-0.0128626,2.0523
11.112,-0.00193574,1.07145,-0.0124977,2.0465,-0.00182617,1.08535,-0.0128626,2.0523
11.114,-0.00189921,1.07148,-0.0125433,2.0465,-0.00186269,1.08535,-0.0128626,2.0523
11.116,-0.00189921,1.07148,-0.0125433,2.0465,-0.00186269,1.08538,-0.0129082,2.0523
11.118,-0.00193574,1.07148,-0.0125433,2.0465,-0.00186269,1.08535,-0.0128626,2.0523
11.12,-0.00189921,1.07151,-0.0124977,2.0465,-0.00186269,1.08538,-0.012817,2.0523
11.122,-0.00189921,1.07148,-0.0125433,2.0465,-0.00186269,1.08538,-0.012817,2.0523
11.124,-0.00193574,1.07151,-0.0124977,2.0465,-0.00182617,1.08535,-0.0128626,2.0523
11.126,-0.00193574,1.07148,-0.0125433,2.0465,-0.00182617,1.08541,-0.0128626,2.0523
11.128,-0.00189921,1.07148,-0.0125433,2.0465,-0.00182617,1.08538,-0.012817,2.0523
11.13,-0.00189921,1.07151,-0.0124977,2.0465,-0.00189921,1.08538,-0.0129082,2.05238
11.132,-0.00189921,1.07151,-0.0124977,2.0465,-0.00186269,1.08541,-0.0128626,2.0523
11.134,-0.00189921,1.07151,-0.0124977,2.0465,-0.00186269,1.08535,-0.0128626,2.0523
11.136,-0.00193574,1.07151,-0.0124977,2.0465,-0.00186269,1.08535,-0.0128626,2.0523
11.138,-0.00193574,1.07148,-0.0125433,2.0465,-0.00186269,1.08535,-0.0128626,2.0523
11.14,-0.00189921,1.07151,-0.0124977,2.0465,-0.00182617,1.08535,-0.0128626,2.0523
11.142,-0.00189921,1.07148,-0.0125433,2.0465,-0.00186269,1.08535,-0.0128626,2.05221
11.144,-0.00189921,1.07151,-0.0124977,2.0465,-0.00186269,1.08538,-0.0129082,2.0523
11.146,-0.00189921,1.07148,-0.0125433,2.0465,-0.00186269,1.08535,-0.0128626,2.0523
11.148,-0.00189921,1.07151,-0.0124977,2.0465,-0.00189921,1.08538,-0.0129082,2.0523
11.15,-0.00189921,1.07151,-0.0124977,2.0465,-0.00182617,1.08538,-0.0129082,2.0523
11.152,-0.00193574,1.07151,-0.0124977,2.0465,-0.00186269,1.08538,-0.012817,2.0523
11.154,-0.00193574,1.07148,-0.0125433,2.0465,-0.00186269,1.08535,-0.0128626,2.0523
11.156,-0.00189921,1.07148,-0.0125433,2.0465,-0.00182617,1.08541,-0.0128626,2.0523
11.158,-0.00193574,1.07151,-0.0124977,2.0465,-0.00182617,1.08535,-0.0128626,2.05238
11.16,-0.00193574,1.07151,-0.0124977,2.0465,-0.00186269,1.08535,-0.0128626,2.05221
11.162,-0.00189921,1.07151,-0.0124977,2.0465,-0.00189921,1.08535,-0.0128626,2.0523
11.164,-0.00189921,1.07148,-0.0125433,2.04642,-0.00186269,1.08538,-0.012817,2.0523
11.166,-0.00189921,1.07151,-0.0124977,2.0465,-0.00182617,1.08538,-0.012817,2.0523
11.168,-0.00193574,1.07148,-0.0125433,2.0465,-0.00189921,1.08538,-0.012817,2.05221
11.17,-0.00193574,1.07151,-0.0124977,2.0465,-0.00182617,1.08535,-0.0128626,2.0523
11.172,-0.00189921,1.07151,-0.0124977,2.0465,-0.00186269,1.08535,-0.0128626,2.0523
11.174,-0.00193574,1.07151,-0.0124977,2.0465,-0.00186269,1.08535,-0.0128626,2.05238
11.176,-0.00193574,1.07151,-0.0124977,2.0465,-0.00186269,1.08541,-0.0128626,2.0523
11.178,-0.00189921,1.07148,-0.0125433,2.0465,-0.00186269,1.08538,-0.0129082,2.0523
11.18,-0.00189921,1.07148,-0.0125433,2.0465,-0.00189921,1.08535,-0.0128626,2.0523
11.182,-0.00189921,1.07151,-0.0124977,2.0465,-0.00186269,1.08538,-0.0129082,2.0523
11.184,-0.00189921,1.07151,-0.0124977,2.0465,-0.00186269,1.08538,-0.012817,2.0523
11.186,-0.00189921,1.07148,-0.0125433,2.0465,-0.00186269,1.08538,-0.012817,2.0523
11.188,-0.00189921,1.07148,-0.0125433,2.0465,-0.00182617,1.08535,-0.0128626,2.0523
11.19,-0.00189921,1.07151,-0.0124977,2.0465,-0.00186269,1.08535,-0.0128626,2.0523
11.192,-0.00193574,1.07151,-0.0124977,2.04642,-0.00186269,1.08535,-0.0128626,2.0523
11.194,-0.00193574,1.07151,-0.0124977,2.04642,-0.00186269,1.08538,-0.012817,2.0523
11.196,-0.00189921,1.07151,-0.0124977,2.0465,-0.00186269,1.08535,-0.0128626,2.0523
11.198,-0.00189921,1.07151,-0.0124977,2.0465,-0.00186269,1.08538,-0.0129082,2.0523
11.2,-0.00189921,1.07151,-0.0124977,2.0465,-0.00186269,1.08541,-0.0128626,2.0523
11.202,-0.00189921,1.07151,-0.0124977,2.0465,-0.00193574,1.08538,-0.0129082,2.05238
11.204,-0.00189921,1.07151,-0.0124977,2.0465,-0.00186269,1.08535,-0.0128626,2.0523
11.206,-0.00189921,1.07151,-0.0124977,2.0465,-0.00182617,1.08535,-0.0128626,2.0523
11.208,-0.00193574,1.07151,-0.0124977,2.0465,-0.00182617,1.08535,-0.0128626,2.05238
11.21,-0.00193574,1.07151,-0.0124977,2.0465,-0.00182617,1.08535,-0.0128626,2.0523
11.212,-0.00189921,1.07151,-0.0124977,2.0465,-0.00186269,1.08538,-0.0129082,2.0523
11.214,-0.00189921,1.07151,-0.0124977,2.0465,-0.00186269,1.08538,-0.012817,2.0523
11.216,-0.00189921,1.07148,-0.0125433,2.0465,-0.00186269,1.08538,-0.0129082,2.0523
11.218,-0.00189921,1.07148,-0.0125433,2.0465,-0.00189921,1.08538,-0.012817,2.0523
11.22,-0.00189921,1.07151,-0.0124977,2.0465,-0.00189921,1.08535,-0.0128626,2.05238
11.222,-0.00189921,1.07151,-0.0124977,2.0465,-0.00189921,1.08535,-0.0128626,2.0523
11.224,-0.00189921,1.07151,-0.0124977,2.0465,-0.00186269,1.08535,-0.0128626,2.05238
11.226,-0.00193574,1.07151,-0.0124977,2.0465,-0.00182617,1.08535,-0.0128626,2.0523
11.228,-0.00189921,1.07148,-0.0125433,2.0465,-0.00182617,1.08538,-0.0129082,2.0523
11.23,-0.00193574,1.07148,-0.0125433,2.0465,-0.00189921,1.08538,-0.012817,2.0523
11.232,-0.00189921,1.07151,-0.0124977,2.0465,-0.00186269,1.08541,-0.0128626,2.0523
11.234,-0.00189921,1.07151,-0.0124977,2.0465,-0.00189921,1.08538,-0.0129082,2.0523
11.236,-0.00189921,1.07148,-0.0125433,2.04642,-0.00189921,1.08538,-0.012817,2.0523
11.238,-0.00189921,1.07148,-0.0125433,2.0465,-0.00186269,1.08541,-0.0128626,2.0523
11.24,-0.00189921,1.07151,-0.0124977,2.0465,-0.00186269,1.08535,-0.0128626,2.05238
11.242,-0.00193574,1.07148,-0.0125433,2.0465,-0.00186269,1.08535,-0.0128626,2.0523
11.244,-0.00193574,1.07151,-0.0124977,2.0465,-0.00186269,1.08538,-0.012817,2.0523
11.246,-0.00193574,1.07151,-0.0124977,2.0465,-0.00182617,1.08538,-0.0129082,2.0523
11.248,-0.00189921,1.07151,-0.0124977,2.04642,-0.00186269,1.08535,-0.0128626,2.0523
11.25,-0.00189921,1.07151,-0.0124977,2.0465,-0.00189921,1.08541,-0.0128626,2.05238
11.252,-0.00189921,1.07151,-0.0124977,2.0465,-0.00186269,1.08538,-0.0129082,2.0523
11.254,-0.00189921,1.07148,-0.0125433,2.0465,-0.00186269,1.08538,-0.0129082,2.05238
11.256,-0.00193574,1.07151,-0.0124977,2.0465,-0.00182617,1.08538,-0.0129082,2.0523
11.258,-0.00189921,1.07151,-0.0124977,2.0465,-0.00186269,1.08535,-0.0128626,2.05221
11.26,-0.00193574,1.07151,-0.0124977,2.0465,-0.00182617,1.08538,-0.012817,2.0523
11.262,-0.00189921,1.07148,-0.0125433,2.0465,-0.00182617,1.08535,-0.0128626,2.0523
11.264,-0.00193574,1.07151,-0.0124977,2.04659,-0.00182617,1.08538,-0.012817,2.0523
11.266,-0.00189921,1.07151,-0.0124977,2.0465,-0.00186269,1.08538,-0.0129082,2.0523
11.268,-0.00189921,1.07151,-0.0124977,2.0465,-0.00186269,1.08538,-0.012817,2.0523
11.27,-0.00189921,1.07148,-0.0125433,2.0465,-0.00186269,1.08538,-0.012817,2.0523
11.272,-0.00189921,1.07151,-0.0124977,2.0465,-0.00182617,1.08535,-0.0128626,2.05238
11.274,-0.00193574,1.07148,-0.0125433,2.0465,-0.00182617,1.08538,-0.0129082,2.0523
11.276,-0.00193574,1.07151,-0.0124977,2.0465,-0.00186269,1.08538,-0.0129082,2.05238
11.278,-0.00193574,1.07151,-0.0124977,2.0465,-0.00189921,1.08535,-0.0128626,2.0523
11.28,-0.00189921,1.07151,-0.0124977,2.0465,-0.00186269,1.08538,-0.012817,2.0523
11.282,-0.00189921,1.07148,-0.0125433,2.0465,-0.00186269,1.08535,-0.0128626,2.0523
11.284,-0.00189921,1.07148,-0.0125433,2.04642,-0.00189921,1.08535,-0.0128626,2.0523
11.286,-0.00189921,1.07151,-0.0124977,2.0465,-0.00186269,1.08541,-0.0128626,2.05238
11.288,-0.00189921,1.07151,-0.0124977,2.04642,-0.00189921,1.08538,-0.0129082,2.0523
11.29,-0.00189921,1.07148,-0.0125433,2.0465,-0.00186269,1.08535,-0.0128626,2.05238
11.292,-0.00189921,1.07148,-0.0125433,2.0465,-0.00186269,1.08538,-0.012817,2.0523
11.294,-0.00193574,1.07148,-0.0125433,2.0465,-0.00186269,1.08538,-0.012817,2.0523
11.296,-0.00193574,1.07151,-0.0124977,2.0465,-0.00186269,1.08538,-0.012817,2.0523
11.298,-0.00189921,1.07151,-0.0124977,2.0465,-0.00186269,1.08538,-0.012817,2.0523
11.3,-0.00189921,1.07151,-0.0124977,2.0465,-0.00186269,1.08538,-0.0129082,2.0523
11.302,-0.00189921,1.07148,-0.0124521,2.0465,-0.00193574,1.08538,-0.0129082,2.0523
11.304,-0.00189921,1.07151,-0.0124977,2.0465,-0.00182617,1.08538,-0.0129082,2.0523
11.306,-0.00189921,1.07151,-0.0124977,2.0465,-0.00186269,1.08535,-0.0128626,2.0523
11.308,-0.00189921,1.07151,-0.0124977,2.0465,-0.00186269,1.08535,-0.0128626,2.0523
11.31,-0.00193574,1.07148,-0.0125433,2.0465,-0.00189921,1.08538,-0.012817,2.0523
11.312,-0.00193574,1.07151,-0.0124977,2.04642,-0.00182617,1.08538,-0.012817,2.05238
11.314,-0.00189921,1.07148,-0.0125433,2.0465,-0.00189921,1.08538,-0.012817,2.0523
11.316,-0.00189921,1.07151,-0.0124977,2.0465,-0.00186269,1.08538,-0.0129082,2.0523
11.318,-0.00189921,1.07151,-0.0124977,2.04642,-0.00189921,1.08535,-0.0128626,2.0523
11.32,-0.00189921,1.07151,-0.0124977,2.0465,-0.00189921,1.08538,-0.012817,2.05238
11.322,-0.00189921,1.07151,-0.0124977,2.0465,-0.00186269,1.08535,-0.0128626,2.0523
11.324,-0.00189921,1.07151,-0.0124977,2.0465,-0.00186269,1.08535,-0.0128626,2.0523
11.326,-0.00193574,1.07148,-0.0125433,2.04642,-0.00186269,1.08538,-0.012817,2.0523
11.328,-0.00193574,1.07151,-0.0124977,2.04642,-0.00182617,1.08535,-0.0128626,2.05238
11.33,-0.00193574,1.07151,-0.0124977,2.04642,-0.00186269,1.08535,-0.0128626,2.0523
11.332,-0.00189921,1.07151,-0.0124977,2.0465,-0.00186269,1.08535,-0.0128626,2.0523
11.334,-0.00189921,1.07151,-0.0124977,2.0465,-0.00186269,1.08538,-0.0129082,2.0523
11.336,-0.00189921,1.07151,-0.0124977,2.0465,-0.00186269,1.08535,-0.0128626,2.0523
11.338,-0.00189921,1.07151,-0.0124977,2.0465,-0.00182617,1.08535,-0.0128626,2.0523
11.34,-0.00189921,1.07148,-0.0125433,2.0465,-0.00186269,1.08541,-0.0128626,2.0523
11.342,-0.00189921,1.07148,-0.0125433,2.0465,-0.00186269,1.08538,-0.012817,2.0523
11.344,-0.00189921,1.07151,-0.0124977,2.0465,-0.00186269,1.08535,-0.0128626,2.0523
11.346,-0.00193574,1.07151,-0.0124977,2.0465,-0.00186269,1.08535,-0.0128626,2.05238
11.348,-0.00193574,1.07151,-0.0124977,2.0465,-0.00186269,1.08535,-0.0128626,2.0523
11.35,-0.00189921,1.07148,-0.0125433,2.0465,-0.00186269,1.08535,-0.0128626,2.0523
11.352,-0.00189921,1.07148,-0.0125433,2.0465,-0.00189921,1.08535,-0.0128626,2.0523
11.354,-0.00189921,1.07151,-0.0124977,2.0465,-0.00186269,1.08535,-0.0128626,2.0523
11.356,-0.00189921,1.07148,-0.0125433,2.0465,-0.00186269,1.08535,-0.0128626,2.05238
11.358,-0.00189921,1.07148,-0.0125433,2.0465,-0.00186269,1.08535,-0.0128626,2.0523
11.36,-0.00193574,1.07148,-0.0125433,2.04642,-0.00186269,1.08535,-0.0128626,2.0523
11.362,-0.00189921,1.07151,-0.0124977,2.0465,-0.00186269,1.08538,-0.0129082,2.05221
11.364,-0.00189921,1.07148,-0.0125433,2.0465,-0.00189921,1.08535,-0.0128626,2.0523
11.366,-0.00193574,1.07148,-0.0125433,2.0465,-0.00186269,1.08535,-0.0128626,2.0523
11.368,-0.00189921,1.07148,-0.0125433,2.0465,-0.00182617,1.08535,-0.0128626,2.0523
11.37,-0.00193574,1.07151,-0.0124977,2.0465,-0.00186269,1.08535,-0.0128626,2.0523
11.372,-0.00189921,1.07151,-0.0124977,2.0465,-0.00186269,1.08535,-0.0128626,2.0523
11.374,-0.00189921,1.07151,-0.0124977,2.0465,-0.00186269,1.08535,-0.0128626,2.0523
11.376,-0.00189921,1.07148,-0.0125433,2.0465,-0.00182617,1.08538,-0.012817,2.0523
11.378,-0.00189921,1.07148,-0.0125433,2.0465,-0.00189921,1.08535,-0.0128626,2.0523
11.38,-0.00193574,1.07148,-0.0125433,2.0465,-0.00186269,1.08535,-0.0128626,2.0523
11.382,-0.00193574,1.07151,-0.0124977,2.0465,-0.00186269,1.08538,-0.012817,2.0523
11.384,-0.00189921,1.07151,-0.0124977,2.0465,-0.00189921,1.08535,-0.0128626,2.0523
11.386,-0.00189921,1.07148,-0.0125433,2.0465,-0.00186269,1.08535,-0.0128626,2.0523
11.388,-0.00189921,1.07148,-0.0125433,2.0465,-0.00186269,1.08538,-0.012817,2.0523
11.39,-0.00189921,1.07148,-0.0125433,2.0465,-0.00186269,1.08535,-0.0128626,2.0523
11.392,-0.00189921,1.07151,-0.0124977,2.0465,-0.00186269,1.08538,-0.012817,2.05238
11.394,-0.00189921,1.07151,-0.0124977,2.0465,-0.00182617,1.08538,-0.012817,2.0523
11.396,-0.00189921,1.07151,-0.0124977,2.0465,-0.00186269,1.08535,-0.0128626,2.0523
11.398,-0.00189921,1.07151,-0.0124977,2.0465,-0.00186269,1.08535,-0.0128626,2.0523
11.4,-0.00189921,1.07151,-0.0124977,2.0465,-0.00186269,1.08535,-0.0128626,2.0523
11.402,-0.00189921,1.07151,-0.0124977,2.0465,-0.00182617,1.08535,-0.0128626,2.0523
11.404,-0.00189921,1.07151,-0.0124977,2.0465,-0.00182617,1.08535,-0.0128626,2.0523
11.406,-0.00189921,1.07151,-0.0124977,2.0465,-0.00189921,1.08538,-0.012817,2.0523
11.408,-0.00189921,1.07148,-0.0125433,2.0465,-0.00186269,1.08535,-0.0128626,2.0523
11.41,-0.00189921,1.07148,-0.0125433,2.0465,-0.00186269,1.08538,-0.0129082,2.0523
11.412,-0.00189921,1.07151,-0.0124977,2.0465,-0.00186269,1.08535,-0.0128626,2.0523
11.414,-0.00189921,1.07151,-0.0124977,2.0465,-0.00186269,1.08538,-0.0129082,2.0523
11.416,-0.00189921,1.07148,-0.0125433,2.0465,-0.00189921,1.08535,-0.0128626,2.0523
11.418,-0.00189921,1.07148,-0.0125433,2.0465,-0.00186269,1.08538,-0.012817,2.0523
11.42,-0.00189921,1.07148,-0.0125433,2.0465,-0.00182617,1.08538,-0.0129082,2.05238
11.422,-0.00189921,1.07151,-0.0124977,2.04642,-0.00186269,1.08535,-0.0128626,2.0523
11.424,-0.00189921,1.07151,-0.0124977,2.0465,-0.00186269,1.08535,-0.0128626,2.0523
11.426,-0.00189921,1.07151,-0.0124977,2.0465,-0.00186269,1.08535,-0.0128626,2.0523
11.428,-0.00189921,1.07148,-0.0125433,2.0465,-0.00186269,1.08535,-0.0128626,2.0523
11.43,-0.00189921,1.07151,-0.0124977,2.0465,-0.00186269,1.08541,-0.0128626,2.05238
11.432,-0.00189921,1.07148,-0.0125433,2.0465,-0.00182617,1.08535,-0.0128626,2.0523
11.434,-0.00189921,1.07151,-0.0124977,2.0465,-0.00186269,1.08538,-0.0129082,2.0523
11.436,-0.00193574,1.07151,-0.0124977,2.0465,-0.00186269,1.08538,-0.012817,2.0523
11.438,-0.00193574,1.07151,-0.0124977,2.0465,-0.00186269,1.08538,-0.012817,2.0523
11.44,-0.00193574,1.07151,-0.0124977,2.04642,-0.00186269,1.08541,-0.0128626,2.05238
11.442,-0.00189921,1.07151,-0.0124977,2.0465,-0.00186269,1.08538,-0.012817,2.0523
11.444,-0.00189921,1.07151,-0.0124977,2.0465,-0.00182617,1.08535,-0.0128626,2.0523
11.446,-0.00189921,1.07148,-0.0125433,2.0465,-0.00189921,1.08538,-0.012817,2.0523
11.448,-0.00189921,1.07151,-0.0124977,2.0465,-0.00186269,1.08535,-0.0128626,2.0523
11.45,-0.00189921,1.07151,-0.0124977,2.0465,-0.00186269,1.08535,-0.0128626,2.0523
11.452,-0.00189921,1.07151,-0.0124977,2.0465,-0.00186269,1.08535,-0.0128626,2.0523
11.454,-0.00189921,1.07148,-0.0125433,2.0465,-0.00189921,1.08535,-0.0128626,2.0523
11.456,-0.00189921,1.07148,-0.0125433,2.0465,-0.00186269,1.08535,-0.0128626,2.0523
11.458,-0.00189921,1.07148,-0.0125433,2.0465,-0.00189921,1.08535,-0.0128626,2.05238
11.46,-0.00189921,1.07151,-0.0124977,2.04659,-0.00186269,1.08535,-0.0128626,2.05238
11.462,-0.00189921,1.07151,-0.0124977,2.0465,-0.00186269,1.08535,-0.0128626,2.0523
11.464,-0.00189921,1.07151,-0.0124977,2.04659,-0.00189921,1.08535,-0.0128626,2.0523
11.466,-0.00189921,1.07148,-0.0125433,2.0465,-0.00186269,1.08538,-0.012817,2.0523
11.468,-0.00193574,1.07151,-0.0124977,2.0465,-0.00186269,1.08541,-0.0128626,2.0523
11.47,-0.00189921,1.07151,-0.0124977,2.0465,-0.00182617,1.08541,-0.0128626,2.0523
11.472,-0.00189921,1.07151,-0.0124977,2.0465,-0.00186269,1.08535,-0.0128626,2.0523
11.474,-0.00189921,1.07151,-0.0124977,2.0465,-0.00186269,1.08535,-0.0128626,2.0523
11.476,-0.00189921,1.07151,-0.0124977,2.0465,-0.00186269,1.08535,-0.0128626,2.0523
11.478,-0.00189921,1.07148,-0.0125433,2.0465,-0.00189921,1.08538,-0.0129082,2.0523
11.48,-0.00189921,1.07148,-0.0125433,2.0465,-0.00186269,1.08541,-0.0128626,2.0523
11.482,-0.00189921,1.07151,-0.0124977,2.0465,-0.00182617,1.08538,-0.012817,2.0523
11.484,-0.00193574,1.07151,-0.0124977,2.0465,-0.00182617,1.08535,-0.0128626,2.0523
11.486,-0.00189921,1.07148,-0.0125433,2.0465,-0.00186269,1.08538,-0.012817,2.05238
11.488,-0.00189921,1.07151,-0.0124977,2.0465,-0.00182617,1.08535,-0.0128626,2.0523
11.49,-0.00189921,1.07151,-0.0124977,2.04659,-0.00186269,1.08535,-0.0128626,2.0523
11.492,-0.00189921,1.07148,-0.0125433,2.0465,-0.00186269,1.08535,-0.0128626,2.05238
11.494,-0.00189921,1.07151,-0.0124977,2.0465,-0.00186269,1.08535,-0.0128626,2.0523
11.496,-0.00193574,1.07151,-0.0124977,2.0465,-0.00182617,1.08538,-0.0129082,2.0523
11.498,-0.00189921,1.07151,-0.0124977,2.04642,-0.00186269,1.08535,-0.0128626,2.0523
11.5,-0.00189921,1.07151,-0.0124977,2.0465,-0.00186269,1.08535,-0.0128626,2.0523
11.502,-0.00189921,1.07148,-0.0125433,2.0465,-0.00182617,1.08535,-0.0128626,2.05238
11.504,-0.00193574,1.07148,-0.0125433,2.0465,-0.00186269,1.08535,-0.0128626,2.0523
11.506,-0.00189921,1.07151,-0.0124977,2.04659,-0.00186269,1.08535,-0.0128626,2.0523
11.508,-0.00189921,1.07151,-0.0124977,2.04659,-0.00186269,1.08535,-0.0128626,2.0523
11.51,-0.00189921,1.07151,-0.0124977,2.0465,-0.00189921,1.08538,-0.012817,2.0523
11.512,-0.00189921,1.07151,-0.0124977,2.0465,-0.00186269,1.08535,-0.0128626,2.0523
11.514,-0.00189921,1.07148,-0.0125433,2.0465,-0.00189921,1.08538,-0.0129082,2.0523
11.516,-0.00189921,1.07148,-0.0125433,2.0465,-0.00189921,1.08535,-0.0128626,2.0523
11.518,-0.00189921,1.07151,-0.0124977,2.0465,-0.00186269,1.08535,-0.0128626,2.05238
11.52,-0.00189921,1.07151,-0.0124977,2.0465,-0.00186269,1.08538,-0.012817,2.0523
11.522,-0.00193574,1.07151,-0.0124977,2.0465,-0.00182617,1.08535,-0.0128626,2.0523
11.524,-0.00193574,1.07148,-0.0125433,2.0465,-0.00186269,1.08535,-0.0128626,2.05238
11.526,-0.00189921,1.07151,-0.0124977,2.0465,-0.00186269,1.08535,-0.0128626,2.0523
11.528,-0.00189921,1.07148,-0.0125433,2.0465,-0.00186269,1.08538,-0.012817,2.05238
11.53,-0.00189921,1.07151,-0.0124977,2.0465,-0.00189921,1.08538,-0.0129082,2.0523
11.532,-0.00189921,1.07151,-0.0124977,2.0465,-0.00186269,1.08535,-0.0128626,2.0523
11.534,-0.00189921,1.07151,-0.0124977,2.0465,-0.00186269,1.08535,-0.0128626,2.0523
11.536,-0.00189921,1.07151,-0.0124977,2.0465,-0.00182617,1.08535,-0.0128626,2.0523
11.538,-0.00193574,1.07151,-0.0124977,2.0465,-0.00182617,1.08538,-0.012817,2.0523
11.54,-0.00193574,1.07148,-0.0125433,2.0465,-0.00186269,1.08538,-0.012817,2.0523
11.542,-0.00189921,1.07151,-0.0124977,2.0465,-0.00186269,1.08541,-0.0128626,2.0523
11.544,-0.00189921,1.07151,-0.0124977,2.04642,-0.00189921,1.08538,-0.0129082,2.0523
11.546,-0.00189921,1.07151,-0.0124977,2.04642,-0.00186269,1.08538,-0.012817,2.0523
11.548,-0.00189921,1.07151,-0.0124977,2.0465,-0.00186269,1.08535,-0.0128626,2.0523
11.55,-0.00189921,1.07151,-0.0124977,2.0465,-0.00186269,1.08535,-0.0128626,2.05238
11.552,-0.00193574,1.07151,-0.0124977,2.0465,-0.00186269,1.08535,-0.0128626,2.0523
11.554,-0.00189921,1.07151,-0.0124977,2.0465,-0.00186269,1.08535,-0.0128626,2.0523
11.556,-0.00193574,1.07151,-0.0124977,2.0465,-0.00182617,1.08535,-0.0128626,2.0523
11.558,-0.00193574,1.07151,-0.0124977,2.04642,-0.00189921,1.08535,-0.0128626,2.0523
11.56,-0.00189921,1.07151,-0.0124977,2.04642,-0.00186269,1.08535,-0.0128626,2.0523
11.562,-0.00193574,1.07151,-0.0124977,2.0465,-0.00186269,1.08538,-0.012817,2.0523
11.564,-0.00189921,1.07151,-0.0124977,2.0465,-0.00189921,1.08535,-0.0128626,2.0523
11.566,-0.00189921,1.07151,-0.0124977,2.0465,-0.00186269,1.08538,-0.012817,2.0523
11.568,-0.00189921,1.07151,-0.0124977,2.0465,-0.00186269,1.08538,-0.0129082,2.0523
11.57,-0.00193574,1.07151,-0.0124977,2.0465,-0.00178964,1.08535,-0.0128626,2.0523
11.572,-0.00193574,1.07151,-0.0124977,2.0465,-0.00182617,1.08535,-0.0128626,2.0523
11.574,-0.00189921,1.07151,-0.0124977,2.0465,-0.00182617,1.08535,-0.0128626,2.0523
11.576,-0.00193574,1.07151,-0.0124977,2.0465,-0.00186269,1.08535,-0.0128626,2.0523
11.578,-0.00189921,1.07151,-0.0124977,2.0465,-0.00186269,1.08535,-0.0128626,2.0523
11.58,-0.00189921,1.07151,-0.0124977,2.0465,-0.00189921,1.08538,-0.012817,2.05238
11.582,-0.00189921,1.07151,-0.0124977,2.0465,-0.00178964,1.08535,-0.0128626,2.05238
11.584,-0.00189921,1.07151,-0.0124977,2.0465,-0.00182617,1.08535,-0.0128626,2.0523
11.586,-0.00189921,1.07151,-0.0124977,2.0465,-0.00186269,1.08535,-0.0128626,2.05238
11.588,-0.00193574,1.07151,-0.0124977,2.0465,-0.00186269,1.08535,-0.0128626,2.0523
11.59,-0.00189921,1.07151,-0.0124977,2.0465,-0.00182617,1.08535,-0.0128626,2.0523
11.592,-0.00189921,1.07148,-0.0125433,2.0465,-0.00186269,1.08538,-0.012817,2.0523
11.594,-0.00193574,1.07148,-0.0125433,2.0465,-0.00186269,1.08535,-0.0128626,2.0523
11.596,-0.00189921,1.07151,-0.0124977,2.0465,-0.00189921,1.08535,-0.0128626,2.0523
11.598,-0.00189921,1.07151,-0.0124977,2.0465,-0.00186269,1.08535,-0.0128626,2.05238
11.6,-0.00189921,1.07148,-0.0125433,2.0465,-0.00186269,1.08535,-0.0128626,2.0523
11.602,-0.00189921,1.07151,-0.0124977,2.0465,-0.00186269,1.08538,-0.012817,2.0523
11.604,-0.00189921,1.07151,-0.0124977,2.0465,-0.00189921,1.08535,-0.0128626,2.0523
11.606,-0.00193574,1.07151,-0.0124977,2.0465,-0.00186269,1.08535,-0.0128626,2.0523
11.608,-0.00193574,1.07148,-0.0125433,2.0465,-0.00186269,1.08541,-0.0128626,2.0523
11.61,-0.00189921,1.07151,-0.0124977,2.0465,-0.00189921,1.08535,-0.0128626,2.0523
11.612,-0.00189921,1.07151,-0.0124977,2.0465,-0.00182617,1.08538,-0.012817,2.0523
11.614,-0.00189921,1.07151,-0.0124977,2.0465,-0.00186269,1.08535,-0.0128626,2.0523
11.616,-0.00189921,1.07151,-0.0124977,2.0465,-0.00189921,1.08538,-0.012817,2.05238
11.618,-0.00189921,1.07148,-0.0125433,2.0465,-0.00186269,1.08535,-0.0128626,2.0523
11.62,-0.00193574,1.07151,-0.0124977,2.0465,-0.00189921,1.08538,-0.0129082,2.0523
11.622,-0.00193574,1.07151,-0.0124977,2.0465,-0.00182617,1.08538,-0.012817,2.0523
11.624,-0.00189921,1.07151,-0.0124977,2.0465,-0.00186269,1.08538,-0.012817,2.05221
11.626,-0.00189921,1.07148,-0.0125433,2.04659,-0.00186269,1.08535,-0.0128626,2.0523
11.628,-0.00189921,1.07148,-0.0125433,2.0465,-0.00186269,1.08538,-0.012817,2.0523
11.63,-0.00189921,1.07151,-0.0124977,2.0465,-0.00186269,1.08535,-0.0128626,2.05238
11.632,-0.00189921,1.07151,-0.0124977,2.0465,-0.00182617,1.08535,-0.0128626,2.0523
11.634,-0.00189921,1.07151,-0.0124977,2.0465,-0.00182617,1.08538,-0.012817,2.0523
11.636,-0.00189921,1.07151,-0.0124977,2.0465,-0.00186269,1.08535,-0.0128626,2.0523
11.638,-0.00193574,1.07151,-0.0124977,2.04659,-0.00186269,1.08535,-0.0128626,2.0523
11.64,-0.00193574,1.07151,-0.0124977,2.0465,-0.00186269,1.08538,-0.0129082,2.0523
11.642,-0.00193574,1.07148,-0.0125433,2.0465,-0.00186269,1.08538,-0.012817,2.0523
11.644,-0.00189921,1.07151,-0.0124977,2.0465,-0.00189921,1.08538,-0.012817,2.0523
11.646,-0.00189921,1.07151,-0.0124977,2.0465,-0.00186269,1.08538,-0.012817,2.0523
11.648,-0.00189921,1.07151,-0.0124977,2.0465,-0.00182617,1.08535,-0.0128626,2.0523
11.65,-0.00189921,1.07148,-0.0125433,2.0465,-0.00186269,1.08535,-0.0128626,2.0523
11.652,-0.00193574,1.07151,-0.0124977,2.0465,-0.00186269,1.08538,-0.0129082,2.0523
11.654,-0.00189921,1.07151,-0.0124977,2.0465,-0.00186269,1.08538,-0.012817,2.0523
11.656,-0.00189921,1.07151,-0.0124977,2.0465,-0.00186269,1.08538,-0.012817,2.05238
11.658,-0.00193574,1.07148,-0.0125433,2.04642,-0.00186269,1.08541,-0.0128626,2.0523
11.66,-0.00193574,1.07148,-0.0125433,2.04642,-0.00189921,1.08535,-0.0128626,2.0523
11.662,-0.00189921,1.07148,-0.0125433,2.0465,-0.00189921,1.08535,-0.0128626,2.0523
11.664,-0.00189921,1.07151,-0.0124977,2.0465,-0.00189921,1.08538,-0.012817,2.0523
11.666,-0.00193574,1.07151,-0.0124977,2.0465,-0.00186269,1.08535,-0.0128626,2.0523
11.668,-0.00189921,1.07148,-0.0125433,2.0465,-0.00186269,1.08538,-0.012817,2.0523
11.67,-0.00193574,1.07148,-0.0125433,2.0465,-0.00186269,1.08535,-0.0128626,2.05238
11.672,-0.00193574,1.07148,-0.0125433,2.0465,-0.00186269,1.08541,-0.0128626,2.0523
11.674,-0.00189921,1.07148,-0.0125433,2.04642,-0.00186269,1.08535,-0.0128626,2.0523
11.676,-0.00189921,1.07151,-0.0124977,2.04642,-0.00186269,1.08538,-0.012817,2.0523
11.678,-0.00189921,1.07151,-0.0124977,2.0465,-0.00186269,1.08538,-0.012817,2.0523
11.68,-0.00189921,1.07151,-0.0124977,2.0465,-0.00186269,1.08535,-0.0128626,2.0523
11.682,-0.00189921,1.07148,-0.0125433,2.0465,-0.00189921,1.08538,-0.012817,2.0523
11.684,-0.00189921,1.07148,-0.0125433,2.0465,-0.00186269,1.08541,-0.0128626,2.0523
11.686,-0.00193574,1.07151,-0.0124977,2.0465,-0.00182617,1.08533,-0.0129082,2.0523
11.688,-0.00193574,1.07151,-0.0124977,2.0465,-0.00189921,1.08538,-0.0129082,2.0523
11.69,-0.00193574,1.07148,-0.0125433,2.0465,-0.00182617,1.08541,-0.0128626,2.0523
11.692,-0.00189921,1.07148,-0.0125433,2.0465,-0.00189921,1.08535,-0.0128626,2.0523
11.694,-0.00189921,1.07148,-0.0125433,2.0465,-0.00186269,1.08538,-0.012817,2.0523
11.696,-0.00189921,1.07151,-0.0124977,2.0465,-0.00182617,1.08535,-0.0128626,2.0523
11.698,-0.00189921,1.07151,-0.0124977,2.0465,-0.00189921,1.08538,-0.0129082,2.0523
11.7,-0.00189921,1.07151,-0.0124977,2.0465,-0.00189921,1.08535,-0.0128626,2.0523
11.702,-0.00193574,1.07151,-0.0124977,2.04659,-0.00186269,1.08538,-0.012817,2.0523
11.704,-0.00189921,1.07148,-0.0125433,2.0465,-0.00186269,1.08538,-0.0129082,2.0523
11.706,-0.00193574,1.07151,-0.0124977,2.0465,-0.00182617,1.08535,-0.0128626,2.05238
11.708,-0.00193574,1.07148,-0.0125433,2.0465,-0.00189921,1.08538,-0.012817,2.0523
11.71,-0.00189921,1.07151,-0.0124977,2.0465,-0.00182617,1.08535,-0.0128626,2.0523
11.712,-0.00189921,1.07151,-0.0124977,2.0465,-0.00186269,1.08535,-0.0128626,2.0523
11.714,-0.00189921,1.07151,-0.0124977,2.0465,-0.00186269,1.08538,-0.012817,2.05238
11.716,-0.00189921,1.07151,-0.0124977,2.0465,-0.00186269,1.08538,-0.012817,2.0523
11.718,-0.00189921,1.07148,-0.0125433,2.0465,-0.00186269,1.08541,-0.0128626,2.0523
11.72,-0.00193574,1.07148,-0.0125433,2.0465,-0.00182617,1.08538,-0.012817,2.05238
11.722,-0.00189921,1.07148,-0.0125433,2.0465,-0.00189921,1.08535,-0.0128626,2.0523
11.724,-0.00193574,1.07148,-0.0125433,2.0465,-0.00186269,1.08535,-0.0128626,2.0523
11.726,-0.00193574,1.07151,-0.0124977,2.0465,-0.00186269,1.08533,-0.012817,2.0523
11.728,-0.00193574,1.07148,-0.0125433,2.0465,-0.00182617,1.08535,-0.0128626,2.0523
11.73,-0.00189921,1.07148,-0.0125433,2.0465,-0.00182617,1.08538,-0.012817,2.05238
11.732,-0.00189921,1.07151,-0.0124977,2.04659,-0.00189921,1.08533,-0.0129082,2.0523
11.734,-0.00189921,1.07151,-0.0124977,2.04659,-0.00186269,1.08535,-0.0128626,2.0523
11.736,-0.00189921,1.07151,-0.0124977,2.04659,-0.00186269,1.08538,-0.012817,2.0523
11.738,-0.00189921,1.07151,-0.0124977,2.0465,-0.00182617,1.08535,-0.0128626,2.0523
11.74,-0.00193574,1.07148,-0.0125433,2.0465,-0.00186269,1.08538,-0.012817,2.0523
11.742,-0.00193574,1.07148,-0.0125433,2.0465,-0.00186269,1.08535,-0.0128626,2.0523
11.744,-0.00193574,1.07151,-0.0124977,2.0465,-0.00189921,1.08535,-0.0128626,2.0523
11.746,-0.00189921,1.07151,-0.0124977,2.04659,-0.00186269,1.08535,-0.0128626,2.0523
11.748,-0.00189921,1.07151,-0.0124977,2.0465,-0.00189921,1.08533,-0.0129082,2.05238
11.75,-0.00189921,1.07148,-0.0125433,2.04659,-0.00182617,1.08541,-0.0128626,2.0523
11.752,-0.00189921,1.07148,-0.0125433,2.0465,-0.00186269,1.08538,-0.0129082,2.05238
11.754,-0.00193574,1.07148,-0.0125433,2.0465,-0.00186269,1.08541,-0.0128626,2.05238
11.756,-0.00189921,1.07148,-0.0125433,2.0465,-0.00189921,1.08535,-0.0128626,2.05238
11.758,-0.00189921,1.07151,-0.0124977,2.0465,-0.00182617,1.08538,-0.0129082,2.0523
11.76,-0.00189921,1.07151,-0.0124977,2.0465,-0.00189921,1.08535,-0.0128626,2.0523
11.762,-0.00193574,1.07151,-0.0124977,2.0465,-0.00182617,1.08538,-0.012817,2.05221
11.764,-0.00189921,1.07151,-0.0124977,2.0465,-0.00189921,1.08538,-0.012817,2.05238
11.766,-0.00193574,1.07148,-0.0125433,2.0465,-0.00186269,1.08538,-0.012817,2.0523
11.768,-0.00193574,1.07151,-0.0124977,2.0465,-0.00186269,1.08538,-0.0129082,2.0523
11.77,-0.00189921,1.07151,-0.0124977,2.0465,-0.00186269,1.08538,-0.012817,2.0523
11.772,-0.00189921,1.07148,-0.0125433,2.0465,-0.00186269,1.08535,-0.0128626,2.0523
11.774,-0.00189921,1.07151,-0.0124977,2.0465,-0.00186269,1.08535,-0.0128626,2.0523
11.776,-0.00189921,1.07151,-0.0124977,2.0465,-0.00186269,1.08538,-0.012817,2.0523
11.778,-0.00189921,1.07151,-0.0124977,2.0465,-0.00186269,1.08535,-0.0128626,2.0523
11.78,-0.00193574,1.07151,-0.0124977,2.0465,-0.00186269,1.08535,-0.0128626,2.0523
11.782,-0.00193574,1.07151,-0.0124977,2.0465,-0.00186269,1.08535,-0.0128626,2.0523
11.784,-0.00193574,1.07151,-0.0124977,2.0465,-0.00186269,1.08538,-0.012817,2.0523
11.786,-0.00189921,1.07151,-0.0124977,2.0465,-0.00182617,1.08533,-0.0129082,2.0523
11.788,-0.00193574,1.07148,-0.0125433,2.0465,-0.00186269,1.08535,-0.0128626,2.0523
11.79,-0.00189921,1.07148,-0.0125433,2.04659,-0.00186269,1.08538,-0.012817,2.05238
11.792,-0.00189921,1.07148,-0.0125433,2.0465,-0.00189921,1.08538,-0.012817,2.0523
11.794,-0.00189921,1.07151,-0.0124977,2.0465,-0.00189921,1.08535,-0.0128626,2.0523
11.796,-0.00189921,1.07151,-0.0124977,2.0465,-0.00186269,1.08535,-0.0128626,2.0523
11.798,-0.00193574,1.07151,-0.0124977,2.0465,-0.00186269,1.08535,-0.0128626,2.0523
11.8,-0.00193574,1.07151,-0.0124977,2.0465,-0.00186269,1.08541,-0.0128626,2.0523
11.802,-0.00193574,1.07151,-0.0124977,2.0465,-0.00182617,1.08538,-0.012817,2.0523
11.804,-0.00189921,1.07151,-0.0124977,2.0465,-0.00186269,1.08538,-0.012817,2.05238
11.806,-0.00189921,1.07151,-0.0124977,2.0465,-0.00186269,1.08538,-0.012817,2.0523
11.808,-0.00189921,1.07151,-0.0124977,2.0465,-0.00182617,1.08535,-0.0128626,2.05238
11.81,-0.00189921,1.07151,-0.0124977,2.0465,-0.00186269,1.08535,-0.0128626,2.05238
11.812,-0.00189921,1.07151,-0.0124977,2.0465,-0.00186269,1.08538,-0.012817,2.0523
11.814,-0.00193574,1.07151,-0.0124977,2.0465,-0.00182617,1.08535,-0.0128626,2.0523
11.816,-0.00189921,1.07148,-0.0125433,2.0465,-0.00182617,1.08535,-0.0128626,2.0523
11.818,-0.00193574,1.07148,-0.0125433,2.0465,-0.00186269,1.08535,-0.0128626,2.0523
11.82,-0.00189921,1.07151,-0.0124977,2.0465,-0.00186269,1.08535,-0.0128626,2.05238
11.822,-0.00189921,1.07151,-0.0124977,2.0465,-0.00186269,1.08535,-0.0128626,2.0523
11.824,-0.00189921,1.07151,-0.0124977,2.0465,-0.00186269,1.08535,-0.0128626,2.0523
11.826,-0.00189921,1.07148,-0.0125433,2.0465,-0.00186269,1.08535,-0.0128626,2.05238
11.828,-0.00189921,1.07151,-0.0124977,2.0465,-0.00186269,1.08538,-0.0129082,2.0523
11.83,-0.00189921,1.07151,-0.0124977,2.0465,-0.00186269,1.08538,-0.012817,2.05238
11.832,-0.00189921,1.07151,-0.0124977,2.0465,-0.00186269,1.08535,-0.0128626,2.0523
11.834,-0.00193574,1.07148,-0.0125433,2.0465,-0.00182617,1.08538,-0.012817,2.05238
11.836,-0.00193574,1.07148,-0.0125433,2.0465,-0.00186269,1.08538,-0.0129082,2.0523
11.838,-0.00189921,1.07151,-0.0124977,2.04659,-0.00186269,1.08538,-0.012817,2.0523
11.84,-0.00189921,1.07151,-0.0124977,2.04659,-0.00186269,1.08535,-0.0128626,2.0523
11.842,-0.00189921,1.07151,-0.0124977,2.0465,-0.00186269,1.08538,-0.0129082,2.0523
11.844,-0.00189921,1.07151,-0.0124977,2.0465,-0.00186269,1.08538,-0.012817,2.0523
11.846,-0.00189921,1.07151,-0.0124977,2.04659,-0.00186269,1.08538,-0.012817,2.0523
11.848,-0.00189921,1.07148,-0.0125433,2.04659,-0.00186269,1.08538,-0.012817,2.0523
11.85,-0.00193574,1.07148,-0.0125433,2.04659,-0.00186269,1.08535,-0.0128626,2.0523
11.852,-0.00193574,1.07151,-0.0124977,2.0465,-0.00182617,1.08538,-0.0129082,2.0523
11.854,-0.00193574,1.07148,-0.0125433,2.0465,-0.00182617,1.08538,-0.012817,2.0523
11.856,-0.00193574,1.07151,-0.0124977,2.0465,-0.00186269,1.08535,-0.0128626,2.0523
11.858,-0.00189921,1.07151,-0.0124977,2.0465,-0.00186269,1.08538,-0.0129082,2.0523
11.86,-0.00189921,1.07148,-0.0125433,2.0465,-0.00186269,1.08538,-0.012817,2.0523
11.862,-0.00189921,1.07151,-0.0124977,2.0465,-0.00186269,1.08541,-0.0128626,2.0523
11.864,-0.00189921,1.07151,-0.0124977,2.0465,-0.00189921,1.08535,-0.0128626,2.0523
11.866,-0.00189921,1.07151,-0.0124977,2.0465,-0.00186269,1.08538,-0.012817,2.0523
11.868,-0.00193574,1.07151,-0.0124977,2.0465,-0.00182617,1.08535,-0.0128626,2.0523
11.87,-0.00193574,1.07151,-0.0124977,2.0465,-0.00186269,1.08533,-0.0129082,2.0523
11.872,-0.00193574,1.07151,-0.0124977,2.0465,-0.00186269,1.08535,-0.0128626,2.0523
11.874,-0.00193574,1.07148,-0.0125433,2.0465,-0.00189921,1.08535,-0.0128626,2.05238
11.876,-0.00193574,1.07151,-0.0124977,2.0465,-0.00186269,1.08535,-0.0128626,2.0523
11.878,-0.00189921,1.07151,-0.0124977,2.0465,-0.00186269,1.08538,-0.012817,2.0523
11.88,-0.00189921,1.07151,-0.0124977,2.0465,-0.00186269,1.08538,-0.012817,2.0523
11.882,-0.00189921,1.07151,-0.0124977,2.0465,-0.00186269,1.08541,-0.0128626,2.0523
11.884,-0.00193574,1.07151,-0.0124977,2.0465,-0.00182617,1.08538,-0.012817,2.0523
11.886,-0.00189921,1.07148,-0.0125433,2.0465,-0.00186269,1.08541,-0.0128626,2.0523
11.888,-0.00193574,1.07151,-0.0124977,2.0465,-0.00186269,1.08538,-0.012817,2.0523
11.89,-0.00189921,1.07151,-0.0124977,2.0465,-0.00186269,1.08535,-0.0128626,2.0523
11.892,-0.00189921,1.07151,-0.0124977,2.0465,-0.00189921,1.08535,-0.0129538,2.0523
11.894,-0.00189921,1.07151,-0.0124977,2.0465,-0.00189921,1.08535,-0.0128626,2.0523
11.896,-0.00189921,1.07151,-0.0124977,2.0465,-0.00189921,1.08538,-0.012817,2.05238
11.898,-0.00189921,1.07151,-0.0124977,2.0465,-0.00186269,1.08535,-0.0128626,2.0523
11.9,-0.00193574,1.07151,-0.0124977,2.0465,-0.00182617,1.08538,-0.012817,2.0523
11.902,-0.00193574,1.07151,-0.0124977,2.0465,-0.00186269,1.08538,-0.012817,2.0523
11.904,-0.00189921,1.07151,-0.0124977,2.0465,-0.00182617,1.08538,-0.012817,2.0523
11.906,-0.00193574,1.07151,-0.0124977,2.0465,-0.00186269,1.08535,-0.0128626,2.0523
11.908,-0.00189921,1.07151,-0.0124977,2.0465,-0.00186269,1.08538,-0.0129082,2.0523
11.91,-0.00189921,1.07148,-0.0125433,2.0465,-0.00186269,1.08538,-0.012817,2.0523
11.912,-0.00189921,1.07151,-0.0124977,2.0465,-0.00186269,1.08535,-0.0128626,2.0523
11.914,-0.00189921,1.07151,-0.0124977,2.0465,-0.00182617,1.08538,-0.012817,2.0523
11.916,-0.00189921,1.07151,-0.0124977,2.0465,-0.00186269,1.08538,-0.0129082,2.0523
11.918,-0.00189921,1.07151,-0.0124977,2.0465,-0.00189921,1.08535,-0.0128626,2.0523
11.92,-0.00193574,1.07151,-0.0124977,2.04659,-0.00186269,1.08538,-0.012817,2.0523
11.922,-0.00189921,1.07151,-0.0124977,2.0465,-0.00186269,1.08538,-0.012817,2.0523
11.924,-0.00189921,1.07151,-0.0124977,2.0465,-0.00186269,1.08535,-0.0128626,2.05238
11.926,-0.00189921,1.07151,-0.0124977,2.0465,-0.00186269,1.08535,-0.0128626,2.0523
11.928,-0.00189921,1.07151,-0.0124977,2.0465,-0.00186269,1.08541,-0.0128626,2.0523
11.93,-0.00189921,1.07151,-0.0124977,2.0465,-0.00182617,1.08541,-0.0128626,2.0523
11.932,-0.00189921,1.07151,-0.0124977,2.04659,-0.00189921,1.08538,-0.0129082,2.0523
11.934,-0.00189921,1.07151,-0.0124977,2.0465,-0.00189921,1.08541,-0.0128626,2.05238
11.936,-0.00193574,1.07151,-0.0124977,2.0465,-0.00186269,1.08535,-0.0128626,2.0523
11.938,-0.00193574,1.07151,-0.0124977,2.0465,-0.00186269,1.08538,-0.012817,2.0523
11.94,-0.00189921,1.07148,-0.0125433,2.0465,-0.00186269,1.08535,-0.0128626,2.0523
11.942,-0.00189921,1.07148,-0.0125433,2.0465,-0.00186269,1.08535,-0.0128626,2.0523
11.944,-0.00193574,1.07148,-0.0125433,2.0465,-0.00189921,1.08535,-0.0128626,2.0523
11.946,-0.00189921,1.07148,-0.0125433,2.04659,-0.00182617,1.08535,-0.0128626,2.0523
11.948,-0.00189921,1.07148,-0.0125433,2.04659,-0.00182617,1.08535,-0.0128626,2.0523
11.95,-0.00189921,1.07151,-0.0124977,2.0465,-0.00186269,1.08535,-0.0128626,2.05238
11.952,-0.00189921,1.07151,-0.0124977,2.0465,-0.00186269,1.08535,-0.0128626,2.0523
11.954,-0.00193574,1.07151,-0.0124977,2.0465,-0.00186269,1.08535,-0.0128626,2.0523
11.956,-0.00193574,1.07148,-0.0125433,2.0465,-0.00186269,1.08535,-0.0128626,2.0523
11.958,-0.00189921,1.07148,-0.0125433,2.0465,-0.00186269,1.08538,-0.012817,2.0523
11.96,-0.00189921,1.07148,-0.0125433,2.0465,-0.00182617,1.08535,-0.0128626,2.0523
11.962,-0.00189921,1.07151,-0.0124977,2.0465,-0.00186269,1.08538,-0.0129082,2.0523
11.964,-0.00189921,1.07151,-0.0124977,2.0465,-0.00186269,1.08535,-0.0128626,2.0523
11.966,-0.00189921,1.07151,-0.0124977,2.0465,-0.00186269,1.08538,-0.012817,2.0523
11.968,-0.00189921,1.07148,-0.0125433,2.0465,-0.00182617,1.08538,-0.0129082,2.0523
11.97,-0.00189921,1.07148,-0.0125433,2.0465,-0.00186269,1.08538,-0.012817,2.0523
11.972,-0.00189921,1.07148,-0.0125433,2.0465,-0.00186269,1.08535,-0.0128626,2.0523
11.974,-0.00193574,1.07151,-0.0124977,2.0465,-0.00186269,1.08538,-0.012817,2.0523
11.976,-0.00189921,1.07151,-0.0124977,2.0465,-0.00186269,1.08535,-0.0128626,2.0523
11.978,-0.00189921,1.07151,-0.0124977,2.0465,-0.00186269,1.08535,-0.0128626,2.0523
11.98,-0.00189921,1.07151,-0.0124977,2.0465,-0.00186269,1.08535,-0.0128626,2.0523
11.982,-0.00189921,1.07151,-0.0124977,2.0465,-0.00189921,1.08541,-0.0128626,2.0523
11.984,-0.00193574,1.07148,-0.0125433,2.0465,-0.00186269,1.08535,-0.0128626,2.0523
11.986,-0.00189921,1.07148,-0.0125433,2.0465,-0.00186269,1.08538,-0.012817,2.0523
11.988,-0.00189921,1.07151,-0.0124977,2.0465,-0.00186269,1.08538,-0.0129082,2.0523
11.99,-0.00193574,1.07151,-0.0124977,2.0465,-0.00189921,1.08535,-0.0128626,2.0523
11.992,-0.00189921,1.07151,-0.0124977,2.0465,-0.00182617,1.08535,-0.0128626,2.0523
11.994,-0.00189921,1.07151,-0.0124977,2.0465,-0.00186269,1.08538,-0.012817,2.0523
11.996,-0.00189921,1.07151,-0.0124977,2.0465,-0.00189921,1.08541,-0.0128626,2.0523
11.998,-0.00189921,1.07148,-0.0125433,2.0465,-0.00189921,1.08541,-0.0128626,2.0523
12,-0.00189921,1.07148,-0.0124521,2.0465,-0.00186269,1.08538,-0.012817,2.0523
12.002,-0.00189921,1.07151,-0.0124977,2.0465,-0.00189921,1.08538,-0.012817,2.0523
12.004,-0.00189921,1.07151,-0.0124977,2.0465,-0.00186269,1.08535,-0.0128626,2.0523
12.006,-0.00189921,1.07153,-0.0125433,2.0465,-0.00186269,1.08535,-0.0128626,2.0523
12.008,-0.00189921,1.07151,-0.0124977,2.0465,-0.00186269,1.08535,-0.0128626,2.0523
12.01,-0.00189921,1.07151,-0.0124977,2.0465,-0.00182617,1.08538,-0.012817,2.0523
12.012,-0.00189921,1.07151,-0.0124977,2.0465,-0.00186269,1.08541,-0.0128626,2.0523
12.014,-0.00189921,1.07148,-0.0125433,2.0465,-0.00182617,1.08535,-0.0128626,2.0523
12.016,-0.00189921,1.07148,-0.0125433,2.0465,-0.00186269,1.08538,-0.0129082,2.0523
12.018,-0.00189921,1.07151,-0.0124977,2.0465,-0.00186269,1.08535,-0.0128626,2.0523
12.02,-0.00189921,1.07151,-0.0124977,2.0465,-0.00189921,1.08538,-0.012817,2.0523
12.022,-0.00193574,1.07148,-0.0125433,2.0465,-0.00186269,1.08535,-0.0128626,2.0523
12.024,-0.00189921,1.07148,-0.0125433,2.0465,-0.00186269,1.08538,-0.012817,2.0523
12.026,-0.00189921,1.07148,-0.0125433,2.0465,-0.00189921,1.08535,-0.0128626,2.0523
12.028,-0.00189921,1.07151,-0.0124977,2.0465,-0.00189921,1.08541,-0.0128626,2.0523
12.03,-0.00189921,1.07151,-0.0124977,2.0465,-0.00186269,1.08535,-0.0128626,2.05238
12.032,-0.00189921,1.07151,-0.0124977,2.0465,-0.00189921,1.08538,-0.0129082,2.0523
12.034,-0.00189921,1.07151,-0.0124977,2.0465,-0.00189921,1.08538,-0.012817,2.0523
12.036,-0.00189921,1.07148,-0.0125433,2.0465,-0.00186269,1.08538,-0.012817,2.0523
12.038,-0.00189921,1.07148,-0.0125433,2.0465,-0.00186269,1.08538,-0.012817,2.0523
12.04,-0.00189921,1.07148,-0.0125433,2.0465,-0.00189921,1.08538,-0.012817,2.0523
12.042,-0.00189921,1.07151,-0.0124977,2.0465,-0.00186269,1.08538,-0.012817,2.0523
12.044,-0.00189921,1.07151,-0.0124977,2.0465,-0.00189921,1.08538,-0.0129082,2.0523
12.046,-0.00189921,1.07151,-0.0124977,2.0465,-0.00186269,1.08538,-0.0129082,2.0523
12.048,-0.00193574,1.07151,-0.0124977,2.0465,-0.00186269,1.08535,-0.0128626,2.0523
12.05,-0.00193574,1.07151,-0.0124977,2.0465,-0.00186269,1.08535,-0.0128626,2.0523
12.052,-0.00193574,1.07151,-0.0124977,2.0465,-0.00182617,1.08538,-0.012817,2.05221
12.054,-0.00193574,1.07151,-0.0124977,2.0465,-0.00186269,1.08535,-0.0128626,2.05238
12.056,-0.00193574,1.07148,-0.0125433,2.0465,-0.00189921,1.08538,-0.012817,2.0523
12.058,-0.00189921,1.07148,-0.0124521,2.0465,-0.00186269,1.08538,-0.0129082,2.0523
12.06,-0.00189921,1.07151,-0.0124977,2.0465,-0.00189921,1.08535,-0.0128626,2.0523
12.062,-0.00189921,1.07151,-0.0124977,2.0465,-0.00186269,1.08535,-0.0128626,2.0523
12.064,-0.00193574,1.07151,-0.0124977,2.0465,-0.00182617,1.08538,-0.012817,2.0523
12.066,-0.00193574,1.07148,-0.0125433,2.0465,-0.00186269,1.08538,-0.012817,2.05238
12.068,-0.00189921,1.07148,-0.0125433,2.0465,-0.00182617,1.08538,-0.012817,2.05238
12.07,-0.00189921,1.07151,-0.0124977,2.0465,-0.00186269,1.08535,-0.0128626,2.0523
12.072,-0.00189921,1.07151,-0.0124977,2.0465,-0.00186269,1.08535,-0.0128626,2.05238
