0.002,-0.00189921,1.0645,-0.00592957,2.06704,-0.0015705,1.07142,-0.00624886,2.06951
0.004,-0.00186269,1.0645,-0.00592957,2.06695,-0.00160703,1.07142,-0.00624886,2.06951
0.006,-0.00186269,1.06447,-0.00588396,2.06704,-0.00160703,1.07148,-0.00624886,2.0696
0.008,-0.00186269,1.06447,-0.00588396,2.06704,-0.00160703,1.07145,-0.00629447,2.0696
0.01,-0.00189921,1.06447,-0.00588396,2.06704,-0.0015705,1.07145,-0.00629447,2.06951
0.012,-0.00186269,1.06447,-0.00588396,2.06695,-0.00160703,1.07142,-0.00634008,2.06951
0.014,-0.00186269,1.0645,-0.00592957,2.06704,-0.00160703,1.07145,-0.00629447,2.06951
0.016,-0.00189921,1.0645,-0.00592957,2.06704,-0.00160703,1.07142,-0.00634008,2.06951
0.018,-0.00186269,1.0645,-0.00592957,2.06704,-0.00160703,1.07148,-0.00624886,2.0696
0.02,-0.00186269,1.06447,-0.00588396,2.06695,-0.00168007,1.07145,-0.00629447,2.0696
0.022,-0.00186269,1.06447,-0.00588396,2.06695,-0.00160703,1.07145,-0.00629447,2.0696
0.024,-0.00186269,1.0645,-0.00592957,2.06695,-0.00160703,1.07148,-0.00624886,2.0696
0.026,-0.00186269,1.06447,-0.00588396,2.06704,-0.00160703,1.07145,-0.00629447,2.06951
0.028,-0.00186269,1.06447,-0.00588396,2.06704,-0.00160703,1.07145,-0.00629447,2.06951
0.03,-0.00186269,1.06447,-0.00588396,2.06704,-0.00164355,1.0714,-0.00629447,2.06951
0.032,-0.00186269,1.06447,-0.00588396,2.06695,-0.00160703,1.07142,-0.00634008,2.06951
0.034,-0.00186269,1.06447,-0.00588396,2.06695,-0.0015705,1.07145,-0.00629447,2.0696
0.036,-0.00186269,1.06447,-0.00588396,2.06704,-0.00164355,1.07142,-0.00624886,2.0696
0.038,-0.00186269,1.06447,-0.00588396,2.06704,-0.00160703,1.07145,-0.00629447,2.06951
0.04,-0.00186269,1.06447,-0.00588396,2.06704,-0.00160703,1.07145,-0.00629447,2.06951
0.042,-0.00186269,1.06447,-0.00588396,2.06704,-0.00164355,1.07145,-0.00629447,2.06951
0.044,-0.00189921,1.06447,-0.00588396,2.06704,-0.00160703,1.07142,-0.00624886,2.0696
0.046,-0.00186269,1.06447,-0.00588396,2.06704,-0.00160703,1.07145,-0.00629447,2.06951
0.048,-0.00186269,1.06447,-0.00588396,2.06704,-0.00160703,1.07145,-0.00629447,2.0696
0.05,-0.00186269,1.06447,-0.00588396,2.06704,-0.00160703,1.07145,-0.00629447,2.06951
0.052,-0.00186269,1.0645,-0.00592957,2.06695,-0.00160703,1.07142,-0.00624886,2.06951
0.054,-0.00186269,1.06447,-0.00588396,2.06704,-0.0015705,1.07145,-0.00629447,2.06951
0.056,-0.00189921,1.0645,-0.00592957,2.06704,-0.00160703,1.07145,-0.00629447,2.06951
0.058,-0.00189921,1.06447,-0.00588396,2.06704,-0.00160703,1.07145,-0.00629447,2.06951
0.06,-0.00189921,1.06445,-0.00592957,2.06704,-0.00160703,1.07145,-0.00629447,2.0696
0.062,-0.00189921,1.06447,-0.00588396,2.06695,-0.00160703,1.07148,-0.00624886,2.06951
0.064,-0.00186269,1.0645,-0.00592957,2.06695,-0.00164355,1.07145,-0.00629447,2.0696
0.066,-0.00186269,1.06447,-0.00588396,2.06695,-0.00160703,1.07148,-0.00624886,2.0696
0.068,-0.00186269,1.06447,-0.00588396,2.06704,-0.0015705,1.07142,-0.00634008,2.06951
0.07,-0.00186269,1.06447,-0.00588396,2.06695,-0.00164355,1.07145,-0.00629447,2.06951
0.072,-0.00186269,1.0645,-0.00592957,2.06704,-0.0015705,1.07142,-0.00634008,2.06951
0.074,-0.00186269,1.0645,-0.00592957,2.06704,-0.00160703,1.07142,-0.00624886,2.0696
0.076,-0.00186269,1.0645,-0.00592957,2.06704,-0.00160703,1.07145,-0.00629447,2.06951
0.078,-0.00189921,1.06447,-0.00588396,2.06704,-0.00160703,1.07148,-0.00624886,2.0696
0.08,-0.00186269,1.06447,-0.00588396,2.06704,-0.00164355,1.07145,-0.00629447,2.0696
0.082,-0.00186269,1.06447,-0.00588396,2.06695,-0.0015705,1.07145,-0.00629447,2.06951
0.084,-0.00189921,1.0645,-0.00592957,2.06704,-0.00160703,1.07145,-0.00629447,2.06951
0.086,-0.00189921,1.06447,-0.00588396,2.06704,-0.0015705,1.07145,-0.00629447,2.06951
0.088,-0.00186269,1.06447,-0.00588396,2.06695,-0.00160703,1.07145,-0.00629447,2.06951
0.09,-0.00189921,1.0645,-0.00592957,2.06695,-0.00160703,1.07142,-0.00624886,2.06951
0.092,-0.00186269,1.06447,-0.00588396,2.06704,-0.00164355,1.07148,-0.00624886,2.0696
0.094,-0.00186269,1.06447,-0.00588396,2.06704,-0.00160703,1.07142,-0.00634008,2.0696
0.096,-0.00186269,1.06447,-0.00588396,2.06704,-0.00160703,1.07148,-0.00624886,2.0696
0.098,-0.00186269,1.06447,-0.00588396,2.06704,-0.00160703,1.07145,-0.00629447,2.06951
0.1,-0.00186269,1.06447,-0.00588396,2.06704,-0.00160703,1.07145,-0.00629447,2.06951
0.102,-0.00189921,1.0645,-0.00592957,2.06704,-0.00160703,1.07142,-0.00624886,2.0696
0.104,-0.00186269,1.06447,-0.00588396,2.06695,-0.00160703,1.07145,-0.00629447,2.06951
0.106,-0.00189921,1.06447,-0.00588396,2.06704,-0.00160703,1.07142,-0.00634008,2.06951
0.108,-0.00186269,1.06447,-0.00588396,2.06704,-0.00160703,1.07145,-0.00629447,2.0696
0.11,-0.00186269,1.06447,-0.00588396,2.06704,-0.00164355,1.07142,-0.00634008,2.0696
0.112,-0.00186269,1.06447,-0.00588396,2.06704,-0.0015705,1.07145,-0.00629447,2.06951
0.114,-0.00186269,1.06447,-0.00588396,2.06704,-0.00160703,1.07145,-0.00629447,2.0696
0.116,-0.00189921,1.0645,-0.00592957,2.06704,-0.0015705,1.07142,-0.00624886,2.06951
0.118,-0.00186269,1.0645,-0.00592957,2.06704,-0.00160703,1.0714,-0.00629447,2.0696
0.12,-0.00189921,1.06447,-0.00588396,2.06704,-0.00160703,1.07145,-0.00629447,2.06951
0.122,-0.00186269,1.06447,-0.00588396,2.06695,-0.00160703,1.07145,-0.00629447,2.0696
0.124,-0.00186269,1.06447,-0.00588396,2.06704,-0.00164355,1.07145,-0.00629447,2.06951
0.126,-0.00186269,1.06447,-0.00588396,2.06695,-0.00160703,1.07145,-0.00629447,2.06951
0.128,-0.00186269,1.06447,-0.00588396,2.06695,-0.00160703,1.07145,-0.00629447,2.06951
0.13,-0.00186269,1.06447,-0.00588396,2.06695,-0.00160703,1.07142,-0.00634008,2.06951
0.132,-0.00189921,1.06447,-0.00588396,2.06695,-0.0015705,1.07145,-0.00629447,2.0696
0.134,-0.00186269,1.06447,-0.00588396,2.06704,-0.0015705,1.07145,-0.00629447,2.06951
0.136,-0.00186269,1.06447,-0.00588396,2.06704,-0.0015705,1.07145,-0.00629447,2.0696
0.138,-0.00186269,1.06447,-0.00588396,2.06704,-0.00160703,1.07145,-0.00629447,2.0696
0.14,-0.00186269,1.06447,-0.00588396,2.06695,-0.00164355,1.07145,-0.00629447,2.06951
0.142,-0.00186269,1.06447,-0.00588396,2.06695,-0.00160703,1.07145,-0.00629447,2.0696
0.144,-0.00186269,1.0645,-0.00592957,2.06695,-0.00160703,1.07145,-0.00629447,2.06951
0.146,-0.00186269,1.06447,-0.00588396,2.06704,-0.0015705,1.07145,-0.00629447,2.0696
0.148,-0.00189921,1.0645,-0.00592957,2.06704,-0.00164355,1.07145,-0.00629447,2.0696
0.15,-0.00189921,1.0645,-0.00592957,2.06704,-0.0015705,1.07145,-0.00629447,2.06951
0.152,-0.00186269,1.0645,-0.00592957,2.06704,-0.00160703,1.07145,-0.00629447,2.0696
0.154,-0.00186269,1.06447,-0.00588396,2.06704,-0.0015705,1.07145,-0.00629447,2.0696
0.156,-0.00189921,1.06447,-0.00588396,2.06704,-0.00160703,1.07142,-0.00624886,2.0696
0.158,-0.00186269,1.06447,-0.00588396,2.06695,-0.00164355,1.07145,-0.00629447,2.06951
0.16,-0.00189921,1.06447,-0.00588396,2.06704,-0.00160703,1.07145,-0.00629447,2.06951
0.162,-0.00189921,1.06447,-0.00588396,2.06704,-0.00160703,1.07142,-0.00634008,2.06951
0.164,-0.00189921,1.06447,-0.00588396,2.06704,-0.00160703,1.07145,-0.00629447,2.06951
0.166,-0.00186269,1.06447,-0.00588396,2.06704,-0.00164355,1.07142,-0.00624886,2.06951
0.168,-0.00186269,1.0645,-0.00592957,2.06704,-0.00160703,1.07145,-0.00629447,2.06951
0.17,-0.00186269,1.06447,-0.00588396,2.06704,-0.00160703,1.07145,-0.00629447,2.0696
0.172,-0.00186269,1.06447,-0.00588396,2.06704,-0.00160703,1.07145,-0.00629447,2.0696
0.174,-0.00186269,1.06447,-0.00588396,2.06704,-0.00164355,1.07142,-0.00624886,2.0696
0.176,-0.00186269,1.06447,-0.00588396,2.06704,-0.00160703,1.07142,-0.00624886,2.06951
0.178,-0.00186269,1.06447,-0.00588396,2.06704,-0.00160703,1.07145,-0.00629447,2.0696
0.18,-0.00186269,1.06447,-0.00588396,2.06704,-0.00160703,1.07142,-0.00624886,2.06951
0.182,-0.00189921,1.0645,-0.00592957,2.06704,-0.00160703,1.07145,-0.00629447,2.06951
0.184,-0.00186269,1.0645,-0.00592957,2.06704,-0.0015705,1.07145,-0.00629447,2.06951
0.186,-0.00189921,1.06447,-0.00588396,2.06704,-0.00164355,1.07145,-0.00629447,2.0696
0.188,-0.00186269,1.06447,-0.00588396,2.06704,-0.0015705,1.07145,-0.00629447,2.0696
0.19,-0.00186269,1.06447,-0.00588396,2.06695,-0.00160703,1.07145,-0.00629447,2.0696
0.192,-0.00186269,1.0645,-0.00592957,2.06695,-0.00160703,1.07148,-0.00624886,2.0696
0.194,-0.00186269,1.0645,-0.00592957,2.06695,-0.00160703,1.0714,-0.00629447,2.06951
0.196,-0.00186269,1.06447,-0.00588396,2.06704,-0.00160703,1.07145,-0.00629447,2.0696
0.198,-0.00186269,1.06447,-0.00588396,2.06704,-0.00160703,1.07145,-0.00629447,2.06951
0.2,-0.00189921,1.06447,-0.00588396,2.06704,-0.0015705,1.07142,-0.00634008,2.06951
0.202,-0.00186269,1.06447,-0.00588396,2.06704,-0.00160703,1.07145,-0.00629447,2.0696
0.204,-0.00186269,1.0645,-0.00592957,2.06704,-0.00160703,1.07145,-0.00629447,2.0696
0.206,-0.00189921,1.06447,-0.00588396,2.06695,-0.00160703,1.07145,-0.00629447,2.06951
0.208,-0.00186269,1.06447,-0.00588396,2.06704,-0.00160703,1.07145,-0.00629447,2.06951
0.21,-0.00186269,1.06447,-0.00588396,2.06704,-0.0015705,1.07145,-0.00629447,2.06951
0.212,-0.00186269,1.06447,-0.00588396,2.06704,-0.00164355,1.07145,-0.00629447,2.06951
0.214,-0.00189921,1.06447,-0.00588396,2.06704,-0.00160703,1.07145,-0.00629447,2.0696
0.216,-0.00189921,1.06447,-0.00588396,2.06704,-0.00164355,1.07145,-0.00629447,2.0696
0.218,-0.00186269,1.0645,-0.00592957,2.06704,-0.0015705,1.07142,-0.00624886,2.0696
0.22,-0.00186269,1.06447,-0.00588396,2.06704,-0.0015705,1.07145,-0.00629447,2.06951
0.222,-0.00186269,1.06447,-0.00588396,2.06695,-0.00160703,1.07145,-0.00629447,2.06951
0.224,-0.00189921,1.06447,-0.00588396,2.06695,-0.00160703,1.07145,-0.00629447,2.0696
0.226,-0.00189921,1.0645,-0.00592957,2.06704,-0.00160703,1.07145,-0.00629447,2.06951
0.228,-0.00189921,1.0645,-0.00592957,2.06704,-0.00160703,1.07145,-0.00629447,2.0696
0.23,-0.00186269,1.0645,-0.00592957,2.06704,-0.00160703,1.07145,-0.00629447,2.0696
0.232,-0.00186269,1.0645,-0.00592957,2.06704,-0.00160703,1.07142,-0.00634008,2.0696
0.234,-0.00186269,1.06447,-0.00588396,2.06695,-0.00160703,1.07145,-0.00629447,2.0696
0.236,-0.00186269,1.06447,-0.00588396,2.06695,-0.00160703,1.07145,-0.00629447,2.0696
0.238,-0.00186269,1.0645,-0.00592957,2.06695,-0.00164355,1.07145,-0.00629447,2.06951
0.24,-0.00186269,1.0645,-0.00592957,2.06695,-0.0015705,1.07145,-0.00629447,2.06951
0.242,-0.00186269,1.06447,-0.00588396,2.06695,-0.0015705,1.07145,-0.00629447,2.0696
0.244,-0.00186269,1.0645,-0.00592957,2.06695,-0.00160703,1.07142,-0.00634008,2.06951
0.246,-0.00186269,1.06447,-0.00588396,2.06704,-0.00160703,1.07145,-0.00629447,2.0696
0.248,-0.00186269,1.06447,-0.00588396,2.06695,-0.00160703,1.07145,-0.00629447,2.06951
0.25,-0.00186269,1.06447,-0.00588396,2.06695,-0.0015705,1.07148,-0.00624886,2.0696
0.252,-0.00186269,1.06447,-0.00588396,2.06695,-0.0015705,1.07145,-0.00629447,2.0696
0.254,-0.00186269,1.06447,-0.00588396,2.06695,-0.0015705,1.07145,-0.00629447,2.06951
0.256,-0.00186269,1.06447,-0.00588396,2.06695,-0.00160703,1.07145,-0.00629447,2.0696
0.258,-0.00189921,1.06447,-0.00588396,2.06704,-0.0015705,1.07145,-0.00629447,2.0696
0.26,-0.00186269,1.0645,-0.00592957,2.06695,-0.00160703,1.07145,-0.00629447,2.0696
0.262,-0.00189921,1.0645,-0.00592957,2.06704,-0.00160703,1.07142,-0.00624886,2.0696
0.264,-0.00186269,1.06447,-0.00588396,2.06695,-0.00160703,1.07145,-0.00629447,2.0696
0.266,-0.00186269,1.06447,-0.00588396,2.06695,-0.00160703,1.07145,-0.00629447,2.0696
0.268,-0.00186269,1.06447,-0.00588396,2.06704,-0.0015705,1.07142,-0.00634008,2.06951
0.27,-0.00186269,1.0645,-0.00592957,2.06704,-0.00160703,1.07145,-0.00629447,2.06951
0.272,-0.00186269,1.06447,-0.00588396,2.06695,-0.00160703,1.07145,-0.00629447,2.06951
0.274,-0.00186269,1.06447,-0.00588396,2.06704,-0.00160703,1.07142,-0.00624886,2.06951
0.276,-0.00186269,1.06447,-0.00588396,2.06704,-0.0015705,1.07145,-0.00629447,2.06951
0.278,-0.00186269,1.0645,-0.00592957,2.06695,-0.0015705,1.07145,-0.00629447,2.0696
0.28,-0.00186269,1.0645,-0.00592957,2.06695,-0.00160703,1.07145,-0.00629447,2.0696
0.282,-0.00186269,1.06447,-0.00588396,2.06704,-0.00160703,1.07145,-0.00629447,2.0696
0.284,-0.00186269,1.06447,-0.00588396,2.06695,-0.00160703,1.07142,-0.00634008,2.06951
0.286,-0.00189921,1.0645,-0.00592957,2.06695,-0.00164355,1.07145,-0.00629447,2.0696
0.288,-0.00186269,1.0645,-0.00592957,2.06704,-0.0015705,1.07145,-0.00629447,2.06951
0.29,-0.00186269,1.06447,-0.00588396,2.06704,-0.00160703,1.07145,-0.00629447,2.06951
0.292,-0.00186269,1.06447,-0.00588396,2.06704,-0.00160703,1.07145,-0.00629447,2.06951
0.294,-0.00186269,1.06447,-0.00588396,2.06695,-0.00160703,1.07145,-0.00629447,2.0696
0.296,-0.00186269,1.06447,-0.00588396,2.06695,-0.00164355,1.07145,-0.00629447,2.06951
0.298,-0.00189921,1.0645,-0.00592957,2.06695,-0.0015705,1.07145,-0.00629447,2.06951
0.3,-0.00186269,1.0645,-0.00592957,2.06695,-0.00160703,1.07145,-0.00629447,2.06951
0.302,-0.00186269,1.06447,-0.00588396,2.06695,-0.00160703,1.07145,-0.00629447,2.0696
0.304,-0.00186269,1.06447,-0.00588396,2.06695,-0.00160703,1.07145,-0.00629447,2.06951
0.306,-0.00189921,1.06447,-0.00588396,2.06704,-0.00160703,1.07145,-0.00629447,2.06951
0.308,-0.00186269,1.06447,-0.00588396,2.06704,-0.0015705,1.07145,-0.00629447,2.06951
0.31,-0.00186269,1.06447,-0.00588396,2.06704,-0.0015705,1.07145,-0.00629447,2.0696
0.312,-0.00186269,1.0645,-0.00592957,2.06704,-0.00160703,1.07145,-0.00629447,2.0696
0.314,-0.00186269,1.06447,-0.00588396,2.06695,-0.00164355,1.0714,-0.00629447,2.0696
0.316,-0.00186269,1.06447,-0.00588396,2.06695,-0.0015705,1.07142,-0.00634008,2.0696
0.318,-0.00186269,1.06447,-0.00588396,2.06695,-0.0015705,1.07145,-0.00629447,2.06951
0.32,-0.00186269,1.06447,-0.00588396,2.06695,-0.00164355,1.07145,-0.00629447,2.0696
0.322,-0.00186269,1.06447,-0.00588396,2.06704,-0.0015705,1.07145,-0.00629447,2.06951
0.324,-0.00189921,1.06447,-0.00588396,2.06704,-0.00160703,1.07145,-0.00629447,2.06951
0.326,-0.00186269,1.06447,-0.00588396,2.06704,-0.0015705,1.07145,-0.00629447,2.0696
0.328,-0.00186269,1.0645,-0.00592957,2.06704,-0.00160703,1.07142,-0.00634008,2.0696
0.33,-0.00186269,1.06447,-0.00588396,2.06695,-0.00160703,1.07142,-0.00624886,2.06951
0.332,-0.00186269,1.06445,-0.00592957,2.06695,-0.00160703,1.07142,-0.00634008,2.0696
0.334,-0.00186269,1.06447,-0.00588396,2.06695,-0.00160703,1.07145,-0.00629447,2.06951
0.336,-0.00186269,1.06447,-0.00588396,2.06695,-0.00160703,1.07142,-0.00624886,2.06951
0.338,-0.00186269,1.0645,-0.00592957,2.06695,-0.0015705,1.07142,-0.00624886,2.06951
0.34,-0.00186269,1.0645,-0.00592957,2.06704,-0.00160703,1.07142,-0.00634008,2.06951
0.342,-0.00189921,1.0645,-0.00592957,2.06695,-0.0015705,1.07145,-0.00629447,2.06951
0.344,-0.00186269,1.06447,-0.00588396,2.06695,-0.0015705,1.07145,-0.00629447,2.0696
0.346,-0.00186269,1.06447,-0.00588396,2.06695,-0.00160703,1.07145,-0.00629447,2.0696
0.348,-0.00186269,1.06447,-0.00588396,2.06695,-0.00160703,1.07145,-0.00629447,2.0696
0.35,-0.00186269,1.0645,-0.00592957,2.06695,-0.00164355,1.07145,-0.00629447,2.06951
0.352,-0.00186269,1.0645,-0.00592957,2.06695,-0.0015705,1.07145,-0.00629447,2.06951
0.354,-0.00186269,1.06447,-0.00588396,2.06695,-0.0015705,1.07145,-0.00629447,2.0696
0.356,-0.00189921,1.06447,-0.00588396,2.06695,-0.00160703,1.07145,-0.00629447,2.0696
0.358,-0.00189921,1.06447,-0.00588396,2.06704,-0.0015705,1.07145,-0.00629447,2.0696
0.36,-0.00186269,1.0645,-0.00592957,2.06695,-0.00160703,1.07145,-0.00629447,2.06951
0.362,-0.00186269,1.06447,-0.00588396,2.06704,-0.00160703,1.07145,-0.00629447,2.0696
0.364,-0.00186269,1.06447,-0.00588396,2.06704,-0.0015705,1.07142,-0.00634008,2.06951
0.366,-0.00186269,1.06447,-0.00588396,2.06695,-0.00164355,1.07145,-0.00629447,2.0696
0.368,-0.00186269,1.06447,-0.00588396,2.06695,-0.00160703,1.07145,-0.00629447,2.06951
0.37,-0.00186269,1.06447,-0.00588396,2.06695,-0.00160703,1.07142,-0.00624886,2.06951
0.372,-0.00189921,1.0645,-0.00592957,2.06695,-0.00160703,1.07142,-0.00624886,2.0696
0.374,-0.00189921,1.06445,-0.00592957,2.06704,-0.0015705,1.07145,-0.00629447,2.0696
0.376,-0.00186269,1.06445,-0.00592957,2.06704,-0.00160703,1.07145,-0.00629447,2.06951
0.378,-0.00186269,1.06447,-0.00588396,2.06704,-0.00164355,1.07145,-0.00629447,2.0696
0.38,-0.00186269,1.06447,-0.00588396,2.06695,-0.00160703,1.07145,-0.00629447,2.0696
0.382,-0.00186269,1.06447,-0.00588396,2.06695,-0.00160703,1.07142,-0.00634008,2.0696
0.384,-0.00186269,1.06447,-0.00588396,2.06704,-0.0015705,1.07142,-0.00634008,2.0696
0.386,-0.00186269,1.0645,-0.00592957,2.06695,-0.00160703,1.07145,-0.00629447,2.0696
0.388,-0.00186269,1.06447,-0.00588396,2.06695,-0.00160703,1.07142,-0.00624886,2.0696
0.39,-0.00186269,1.06447,-0.00588396,2.06704,-0.00160703,1.07145,-0.00629447,2.06951
0.392,-0.00189921,1.06447,-0.00588396,2.06704,-0.00160703,1.07145,-0.00629447,2.06951
0.394,-0.00186269,1.06447,-0.00588396,2.06704,-0.00160703,1.07145,-0.00629447,2.06951
0.396,-0.00186269,1.06447,-0.00588396,2.06704,-0.0015705,1.07145,-0.00629447,2.06951
0.398,-0.00186269,1.06447,-0.00588396,2.06695,-0.00164355,1.07145,-0.00629447,2.0696
0.4,-0.00189921,1.06447,-0.00588396,2.06704,-0.00160703,1.07145,-0.00629447,2.06951
0.402,-0.00189921,1.06447,-0.00588396,2.06695,-0.00160703,1.07145,-0.00629447,2.06951
0.404,-0.00186269,1.0645,-0.00592957,2.06695,-0.0015705,1.07145,-0.00629447,2.06951
0.406,-0.00186269,1.06447,-0.00588396,2.06704,-0.00160703,1.07145,-0.00629447,2.06951
0.408,-0.00186269,1.06447,-0.00588396,2.06704,-0.0015705,1.07145,-0.00629447,2.06951
0.41,-0.00186269,1.0645,-0.00592957,2.06704,-0.00160703,1.07145,-0.00629447,2.0696
0.412,-0.00189921,1.06447,-0.00588396,2.06704,-0.00160703,1.07145,-0.00629447,2.06951
0.414,-0.00186269,1.06447,-0.00588396,2.06695,-0.00164355,1.07145,-0.00629447,2.0696
0.416,-0.00186269,1.0645,-0.00592957,2.06704,-0.00160703,1.07145,-0.00629447,2.0696
0.418,-0.00186269,1.06447,-0.00588396,2.06704,-0.0015705,1.07145,-0.00629447,2.06951
0.42,-0.00186269,1.06447,-0.00588396,2.06704,-0.0015705,1.07145,-0.00629447,2.06951
0.422,-0.00189921,1.06447,-0.00588396,2.06704,-0.00160703,1.07145,-0.00629447,2.06951
0.424,-0.00189921,1.06447,-0.00588396,2.06704,-0.00160703,1.07142,-0.00634008,2.06951
0.426,-0.00186269,1.06447,-0.00588396,2.06704,-0.00160703,1.07145,-0.00629447,2.0696
0.428,-0.00186269,1.0645,-0.00592957,2.06704,-0.00160703,1.07145,-0.00629447,2.0696
0.43,-0.00186269,1.06447,-0.00588396,2.06704,-0.00160703,1.07145,-0.00629447,2.0696
0.432,-0.00186269,1.06447,-0.00588396,2.06695,-0.00160703,1.07145,-0.00629447,2.0696
0.434,-0.00186269,1.06447,-0.00588396,2.06695,-0.00160703,1.07145,-0.00629447,2.0696
0.436,-0.00186269,1.06447,-0.00588396,2.06704,-0.0015705,1.07145,-0.00620325,2.0696
0.438,-0.00186269,1.0645,-0.00592957,2.06704,-0.00160703,1.07145,-0.00629447,2.0696
0.44,-0.00186269,1.0645,-0.00592957,2.06704,-0.00160703,1.07145,-0.00629447,2.0696
0.442,-0.00186269,1.06447,-0.00588396,2.06704,-0.0015705,1.07145,-0.00629447,2.06951
0.444,-0.00186269,1.06447,-0.00588396,2.06695,-0.00160703,1.07145,-0.00629447,2.0696
0.446,-0.00186269,1.06447,-0.00588396,2.06695,-0.00160703,1.07145,-0.00629447,2.0696
0.448,-0.00186269,1.0645,-0.00592957,2.06695,-0.00160703,1.07145,-0.00629447,2.06951
0.45,-0.00186269,1.06447,-0.00588396,2.06695,-0.00160703,1.07145,-0.00629447,2.06951
0.452,-0.00186269,1.06447,-0.00588396,2.06704,-0.00164355,1.07145,-0.00629447,2.06951
0.454,-0.00186269,1.06447,-0.00588396,2.06704,-0.00160703,1.07145,-0.00629447,2.0696
0.456,-0.00189921,1.0645,-0.00592957,2.06704,-0.0015705,1.07145,-0.00629447,2.06951
0.458,-0.00189921,1.06447,-0.00588396,2.06704,-0.00160703,1.07145,-0.00629447,2.0696
0.46,-0.00186269,1.06447,-0.00588396,2.06704,-0.00160703,1.07145,-0.00629447,2.0696
0.462,-0.00186269,1.06447,-0.00588396,2.06704,-0.00160703,1.07142,-0.00634008,2.0696
0.464,-0.00186269,1.06447,-0.00588396,2.06704,-0.00160703,1.07148,-0.00624886,2.0696
0.466,-0.00186269,1.0645,-0.00592957,2.06695,-0.00153398,1.07145,-0.00629447,2.06951
0.468,-0.00189921,1.0645,-0.00592957,2.06704,-0.0015705,1.07145,-0.00629447,2.06951
0.47,-0.00186269,1.06447,-0.00588396,2.06704,-0.00160703,1.07145,-0.00629447,2.06951
0.472,-0.00186269,1.06447,-0.00588396,2.06704,-0.00160703,1.07145,-0.00629447,2.0696
0.474,-0.00186269,1.0645,-0.00592957,2.06704,-0.0015705,1.07145,-0.00629447,2.0696
0.476,-0.00186269,1.0645,-0.00592957,2.06695,-0.00160703,1.07145,-0.00629447,2.06951
0.478,-0.00186269,1.06447,-0.00588396,2.06695,-0.00160703,1.07145,-0.00629447,2.06951
0.48,-0.00186269,1.06447,-0.00588396,2.06695,-0.0015705,1.07145,-0.00629447,2.06951
0.482,-0.00186269,1.06447,-0.00588396,2.06695,-0.00160703,1.07145,-0.00629447,2.0696
0.484,-0.00186269,1.0645,-0.00592957,2.06695,-0.00160703,1.07145,-0.00629447,2.06951
0.486,-0.00186269,1.0645,-0.00592957,2.06695,-0.00164355,1.07145,-0.00629447,2.0696
0.488,-0.00186269,1.06447,-0.00588396,2.06695,-0.00160703,1.07145,-0.00629447,2.0696
0.49,-0.00186269,1.06447,-0.00588396,2.06695,-0.0015705,1.07145,-0.00629447,2.0696
0.492,-0.00186269,1.06447,-0.00588396,2.06704,-0.00160703,1.07145,-0.00629447,2.06951
0.494,-0.00189921,1.0645,-0.00592957,2.06695,-0.00164355,1.07145,-0.00629447,2.06951
0.496,-0.00189921,1.0645,-0.00592957,2.06704,-0.00160703,1.07145,-0.00629447,2.0696
0.498,-0.00189921,1.06447,-0.00588396,2.06704,-0.0015705,1.07142,-0.00624886,2.0696
0.5,-0.00189921,1.06447,-0.00588396,2.06704,-0.0015705,1.07145,-0.00629447,2.0696
0.502,-0.00189921,1.06447,-0.00588396,2.06704,-0.0015705,1.07145,-0.00629447,2.06951
0.504,-0.00189921,1.06447,-0.00588396,2.06695,-0.00160703,1.07145,-0.00629447,2.06951
0.506,-0.00186269,1.06447,-0.00588396,2.06704,-0.00160703,1.07145,-0.00629447,2.06951
0.508,-0.00186269,1.06447,-0.00588396,2.06695,-0.0015705,1.07145,-0.00629447,2.06951
0.51,-0.00186269,1.06447,-0.00588396,2.06704,-0.00160703,1.07142,-0.00624886,2.0696
0.512,-0.00189921,1.06447,-0.00588396,2.06704,-0.00160703,1.07145,-0.00629447,2.0696
0.514,-0.00186269,1.06447,-0.00588396,2.06695,-0.00160703,1.07145,-0.00629447,2.0696
0.516,-0.00186269,1.06447,-0.00588396,2.06704,-0.00160703,1.07142,-0.00634008,2.0696
0.518,-0.00186269,1.06447,-0.00588396,2.06704,-0.00160703,1.07145,-0.00629447,2.06951
0.52,-0.00189921,1.0645,-0.00592957,2.06704,-0.0015705,1.07145,-0.00629447,2.06951
0.522,-0.00186269,1.06447,-0.00588396,2.06704,-0.00160703,1.07145,-0.00629447,2.0696
0.524,-0.00186269,1.06447,-0.00588396,2.06695,-0.00160703,1.07145,-0.00629447,2.0696
0.526,-0.00189921,1.06447,-0.00588396,2.06695,-0.00160703,1.07145,-0.00629447,2.0696
0.528,-0.00186269,1.06447,-0.00588396,2.06695,-0.00160703,1.07142,-0.00634008,2.0696
0.53,-0.00186269,1.0645,-0.00592957,2.06695,-0.00164355,1.07145,-0.00629447,2.06951
0.532,-0.00186269,1.0645,-0.00592957,2.06695,-0.00160703,1.07142,-0.00624886,2.06951
0.534,-0.00186269,1.0645,-0.00592957,2.06695,-0.00160703,1.07145,-0.00629447,2.06951
0.536,-0.00186269,1.06447,-0.00588396,2.06695,-0.0015705,1.07145,-0.00629447,2.0696
0.538,-0.00189921,1.06447,-0.00588396,2.06695,-0.00160703,1.07145,-0.00629447,2.0696
0.54,-0.00189921,1.06447,-0.00588396,2.06695,-0.00164355,1.07145,-0.00629447,2.0696
0.542,-0.00186269,1.06447,-0.00588396,2.06695,-0.00164355,1.07145,-0.00629447,2.0696
0.544,-0.00186269,1.06447,-0.00588396,2.06704,-0.00160703,1.07145,-0.00629447,2.0696
0.546,-0.00186269,1.0645,-0.00592957,2.06704,-0.00164355,1.07142,-0.00634008,2.06951
0.548,-0.00186269,1.06447,-0.00588396,2.06695,-0.00160703,1.07145,-0.00629447,2.06951
0.55,-0.00186269,1.06447,-0.00588396,2.06695,-0.00160703,1.07142,-0.00634008,2.06951
0.552,-0.00189921,1.06447,-0.00588396,2.06704,-0.00160703,1.07142,-0.00624886,2.0696
0.554,-0.00186269,1.06447,-0.00588396,2.06695,-0.00160703,1.07145,-0.00629447,2.0696
0.556,-0.00186269,1.06447,-0.00588396,2.06695,-0.00160703,1.07145,-0.00629447,2.0696
0.558,-0.00186269,1.06447,-0.00588396,2.06695,-0.0015705,1.07145,-0.00629447,2.0696
0.56,-0.00186269,1.0645,-0.00592957,2.06704,-0.00160703,1.07145,-0.00629447,2.0696
0.562,-0.00186269,1.06447,-0.00588396,2.06704,-0.00160703,1.07142,-0.00634008,2.06951
0.564,-0.00189921,1.06447,-0.00588396,2.06704,-0.00160703,1.07145,-0.00629447,2.06951
0.566,-0.00189921,1.0645,-0.00592957,2.06695,-0.00160703,1.07148,-0.00624886,2.06951
0.568,-0.00186269,1.0645,-0.00592957,2.06695,-0.00160703,1.07145,-0.00629447,2.06951
0.57,-0.00189921,1.06447,-0.00588396,2.06695,-0.00160703,1.07142,-0.00634008,2.0696
0.572,-0.00186269,1.06447,-0.00588396,2.06695,-0.00160703,1.07145,-0.00629447,2.0696
0.574,-0.00186269,1.06447,-0.00588396,2.06695,-0.00160703,1.07145,-0.00629447,2.0696
0.576,-0.00186269,1.06447,-0.00588396,2.06695,-0.0015705,1.07145,-0.00629447,2.06951
0.578,-0.00186269,1.0645,-0.00592957,2.06695,-0.00160703,1.07142,-0.00624886,2.06951
0.58,-0.00186269,1.0645,-0.00592957,2.06704,-0.00160703,1.07145,-0.00629447,2.06951
0.582,-0.00186269,1.06447,-0.00588396,2.06704,-0.00160703,1.07145,-0.00629447,2.0696
0.584,-0.00186269,1.0645,-0.00592957,2.06695,-0.00164355,1.07145,-0.00629447,2.0696
0.586,-0.00186269,1.06447,-0.00588396,2.06695,-0.00160703,1.07145,-0.00629447,2.0696
0.588,-0.00186269,1.06447,-0.00588396,2.06695,-0.00164355,1.07145,-0.00629447,2.0696
0.59,-0.00186269,1.0645,-0.00592957,2.06695,-0.00160703,1.07145,-0.00629447,2.0696
0.592,-0.00186269,1.06447,-0.00588396,2.06704,-0.00160703,1.07142,-0.00634008,2.0696
0.594,-0.00186269,1.06447,-0.00588396,2.06704,-0.0015705,1.07145,-0.00629447,2.06951
0.596,-0.00186269,1.0645,-0.00592957,2.06704,-0.00160703,1.0714,-0.00629447,2.0696
0.598,-0.00186269,1.06447,-0.00588396,2.06704,-0.00160703,1.07142,-0.00624886,2.0696
0.6,-0.00186269,1.06447,-0.00588396,2.06704,-0.00164355,1.07145,-0.00629447,2.0696
0.602,-0.00189921,1.06447,-0.00588396,2.06695,-0.00160703,1.07145,-0.00629447,2.0696
0.604,-0.00186269,1.06447,-0.00588396,2.06695,-0.00160703,1.07145,-0.00629447,2.06951
0.606,-0.00186269,1.06447,-0.00588396,2.06704,-0.00160703,1.07142,-0.00634008,2.06951
0.608,-0.00189921,1.06447,-0.00588396,2.06704,-0.00160703,1.07145,-0.00629447,2.06951
0.61,-0.00189921,1.0645,-0.00592957,2.06704,-0.00160703,1.07142,-0.00624886,2.06951
0.612,-0.00186269,1.0645,-0.00592957,2.06704,-0.00160703,1.07145,-0.00629447,2.06951
0.614,-0.00189921,1.06447,-0.00588396,2.06704,-0.00160703,1.07148,-0.00624886,2.06951
0.616,-0.00186269,1.06447,-0.00588396,2.06704,-0.00164355,1.07148,-0.00624886,2.0696
0.618,-0.00186269,1.06447,-0.00588396,2.06695,-0.00160703,1.07145,-0.00629447,2.0696
0.62,-0.00186269,1.06447,-0.00588396,2.06695,-0.00160703,1.07145,-0.00629447,2.06951
0.622,-0.00186269,1.06447,-0.00588396,2.06695,-0.00164355,1.07142,-0.00634008,2.06951
0.624,-0.00186269,1.0645,-0.00592957,2.06695,-0.00160703,1.07145,-0.00629447,2.06951
0.626,-0.00186269,1.0645,-0.00592957,2.06704,-0.00153398,1.07145,-0.00629447,2.06951
0.628,-0.00186269,1.06447,-0.00588396,2.06704,-0.00164355,1.07145,-0.00629447,2.06951
0.63,-0.00186269,1.06447,-0.00588396,2.06695,-0.00160703,1.07145,-0.00629447,2.0696
0.632,-0.00186269,1.0645,-0.00592957,2.06695,-0.0015705,1.07145,-0.00629447,2.06951
0.634,-0.00186269,1.0645,-0.00592957,2.06695,-0.00160703,1.07145,-0.00629447,2.0696
0.636,-0.00186269,1.0645,-0.00592957,2.06695,-0.0015705,1.07142,-0.00634008,2.06951
0.638,-0.00186269,1.0645,-0.00592957,2.06695,-0.0015705,1.07142,-0.00634008,2.06951
0.64,-0.00186269,1.0645,-0.00592957,2.06695,-0.00160703,1.07142,-0.00634008,2.06951
0.642,-0.00186269,1.06447,-0.00588396,2.06704,-0.00164355,1.07145,-0.00629447,2.0696
0.644,-0.00186269,1.06447,-0.00588396,2.06695,-0.0015705,1.07145,-0.00629447,2.06951
0.646,-0.00186269,1.06447,-0.00588396,2.06704,-0.00160703,1.07145,-0.00629447,2.0696
0.648,-0.00186269,1.0645,-0.00592957,2.06704,-0.0015705,1.07145,-0.00629447,2.0696
0.65,-0.00186269,1.06447,-0.00588396,2.06695,-0.00160703,1.0714,-0.00629447,2.0696
0.652,-0.00186269,1.0645,-0.00592957,2.06695,-0.00164355,1.07142,-0.00634008,2.06951
0.654,-0.00189921,1.06447,-0.00588396,2.06695,-0.00160703,1.07142,-0.00624886,2.06951
0.656,-0.00186269,1.0645,-0.00592957,2.06695,-0.0015705,1.07145,-0.00629447,2.06951
0.658,-0.00186269,1.06447,-0.00588396,2.06704,-0.00164355,1.07142,-0.00624886,2.06951
0.66,-0.00186269,1.06447,-0.00588396,2.06695,-0.00164355,1.0714,-0.00629447,2.06951
0.662,-0.00186269,1.06447,-0.00588396,2.06695,-0.0015705,1.07142,-0.00634008,2.0696
0.664,-0.00186269,1.06447,-0.00588396,2.06695,-0.00160703,1.07142,-0.00634008,2.0696
0.666,-0.00186269,1.06447,-0.00588396,2.06695,-0.00160703,1.07145,-0.00629447,2.06951
0.668,-0.00186269,1.06447,-0.00588396,2.06695,-0.00160703,1.07142,-0.00634008,2.06951
0.67,-0.00186269,1.06447,-0.00588396,2.06695,-0.00160703,1.07142,-0.00634008,2.06951
0.672,-0.00186269,1.06447,-0.00588396,2.06695,-0.00160703,1.07145,-0.00629447,2.0696
0.674,-0.00186269,1.0645,-0.00592957,2.06704,-0.00160703,1.07142,-0.00634008,2.0696
0.676,-0.00186269,1.0645,-0.00592957,2.06704,-0.00164355,1.07142,-0.00624886,2.0696
0.678,-0.00186269,1.06447,-0.00588396,2.06695,-0.00160703,1.07142,-0.00634008,2.0696
0.68,-0.00186269,1.06447,-0.00588396,2.06695,-0.00160703,1.07145,-0.00629447,2.0696
0.682,-0.00186269,1.0645,-0.00592957,2.06695,-0.00160703,1.07145,-0.00629447,2.06951
0.684,-0.00186269,1.06447,-0.00588396,2.06695,-0.00160703,1.07148,-0.00624886,2.0696
0.686,-0.00189921,1.0645,-0.00592957,2.06695,-0.00160703,1.07142,-0.00624886,2.06951
0.688,-0.00189921,1.0645,-0.00592957,2.06695,-0.00160703,1.07148,-0.00624886,2.06951
0.69,-0.00189921,1.0645,-0.00592957,2.06695,-0.0015705,1.07145,-0.00629447,2.06951
0.692,-0.00189921,1.0645,-0.00592957,2.06695,-0.0015705,1.07142,-0.00634008,2.06951
0.694,-0.00186269,1.06447,-0.00588396,2.06695,-0.00160703,1.07145,-0.0063857,2.06951
0.696,-0.00189921,1.06447,-0.00588396,2.06695,-0.0015705,1.07145,-0.00629447,2.06951
0.698,-0.00186269,1.06447,-0.00588396,2.06704,-0.00160703,1.07145,-0.00629447,2.06951
0.7,-0.00189921,1.06447,-0.00588396,2.06704,-0.00160703,1.07142,-0.00624886,2.06951
0.702,-0.00189921,1.0645,-0.00592957,2.06704,-0.0015705,1.07145,-0.00629447,2.06951
0.704,-0.00186269,1.06447,-0.00588396,2.06695,-0.00160703,1.07142,-0.00624886,2.06951
0.706,-0.00186269,1.06447,-0.00588396,2.06695,-0.00164355,1.07145,-0.00629447,2.0696
0.708,-0.00186269,1.06447,-0.00588396,2.06704,-0.00160703,1.07148,-0.00624886,2.0696
0.71,-0.00189921,1.06447,-0.00588396,2.06695,-0.0015705,1.07145,-0.00629447,2.0696
0.712,-0.00189921,1.0645,-0.00592957,2.06704,-0.00160703,1.07145,-0.00629447,2.06951
0.714,-0.00186269,1.06447,-0.00588396,2.06695,-0.00164355,1.07145,-0.00629447,2.06951
0.716,-0.00186269,1.06447,-0.00588396,2.06704,-0.00160703,1.07145,-0.00629447,2.0696
0.718,-0.00186269,1.06447,-0.00588396,2.06704,-0.00160703,1.07145,-0.00629447,2.06951
0.72,-0.00186269,1.06447,-0.00588396,2.06695,-0.00160703,1.07145,-0.00629447,2.06951
0.722,-0.00186269,1.0645,-0.00592957,2.06695,-0.00164355,1.07142,-0.00624886,2.0696
0.724,-0.00186269,1.06447,-0.00588396,2.06695,-0.00160703,1.07145,-0.00629447,2.0696
0.726,-0.00186269,1.06447,-0.00588396,2.06695,-0.0015705,1.07145,-0.00629447,2.06951
0.728,-0.00186269,1.06447,-0.00588396,2.06695,-0.00164355,1.07142,-0.00624886,2.0696
0.73,-0.00186269,1.0645,-0.00592957,2.06695,-0.00160703,1.0714,-0.00629447,2.06951
0.732,-0.00186269,1.0645,-0.00592957,2.06704,-0.00160703,1.07145,-0.00629447,2.06951
0.734,-0.00189921,1.06447,-0.00588396,2.06704,-0.00160703,1.07145,-0.00629447,2.0696
0.736,-0.00186269,1.06447,-0.00588396,2.06704,-0.00160703,1.07145,-0.00629447,2.06951
0.738,-0.00186269,1.06447,-0.00588396,2.06695,-0.00160703,1.07145,-0.00629447,2.0696
0.74,-0.00186269,1.0645,-0.00592957,2.06695,-0.00160703,1.07145,-0.00629447,2.0696
0.742,-0.00186269,1.06447,-0.00588396,2.06695,-0.00164355,1.07148,-0.00624886,2.0696
0.744,-0.00186269,1.0645,-0.00592957,2.06695,-0.00160703,1.07145,-0.00629447,2.06951
0.746,-0.00189921,1.0645,-0.00592957,2.06695,-0.0015705,1.07142,-0.00634008,2.06951
0.748,-0.00186269,1.06447,-0.00588396,2.06704,-0.0015705,1.07145,-0.00629447,2.06951
0.75,-0.00186269,1.06447,-0.00588396,2.06704,-0.00160703,1.07142,-0.00634008,2.06951
0.752,-0.00189921,1.06447,-0.00588396,2.06704,-0.0015705,1.07145,-0.00629447,2.0696
0.754,-0.00189921,1.0645,-0.00592957,2.06695,-0.00160703,1.07142,-0.00624886,2.0696
0.756,-0.00189921,1.06447,-0.00588396,2.06695,-0.0015705,1.07142,-0.00624886,2.06951
0.758,-0.00189921,1.06445,-0.00592957,2.06704,-0.00160703,1.07142,-0.00624886,2.06951
0.76,-0.00186269,1.06447,-0.00588396,2.06704,-0.0015705,1.07145,-0.00629447,2.06951
0.762,-0.00186269,1.06447,-0.00588396,2.06704,-0.00160703,1.07142,-0.00634008,2.06951
0.764,-0.00189921,1.0645,-0.00592957,2.06704,-0.00160703,1.07142,-0.00624886,2.0696
0.766,-0.00189921,1.06447,-0.00588396,2.06704,-0.00160703,1.07145,-0.00629447,2.06951
0.768,-0.00186269,1.06447,-0.00588396,2.06704,-0.00160703,1.07145,-0.00629447,2.06951
0.77,-0.00186269,1.0645,-0.00592957,2.06695,-0.00164355,1.07145,-0.00629447,2.0696
0.772,-0.00186269,1.06447,-0.00588396,2.06704,-0.00160703,1.07145,-0.00629447,2.0696
0.774,-0.00189921,1.06447,-0.00588396,2.06695,-0.00160703,1.07145,-0.00629447,2.0696
0.776,-0.00186269,1.0645,-0.00592957,2.06704,-0.0015705,1.07145,-0.00629447,2.0696
0.778,-0.00186269,1.0645,-0.00592957,2.06704,-0.0015705,1.07145,-0.00629447,2.0696
0.78,-0.00186269,1.0645,-0.00592957,2.06704,-0.0015705,1.07145,-0.00629447,2.0696
0.782,-0.00186269,1.0645,-0.00592957,2.06695,-0.00164355,1.07145,-0.00629447,2.06951
0.784,-0.00186269,1.06447,-0.00588396,2.06695,-0.00160703,1.07145,-0.00629447,2.06951
0.786,-0.00186269,1.06447,-0.00588396,2.06704,-0.00160703,1.07145,-0.00629447,2.0696
0.788,-0.00186269,1.0645,-0.00592957,2.06704,-0.00164355,1.07145,-0.00629447,2.06951
0.79,-0.00186269,1.0645,-0.00592957,2.06695,-0.00160703,1.07145,-0.00629447,2.06951
0.792,-0.00186269,1.06447,-0.00588396,2.06695,-0.0015705,1.07145,-0.00629447,2.06951
0.794,-0.00189921,1.06447,-0.00588396,2.06704,-0.00160703,1.07145,-0.00629447,2.0696
0.796,-0.00189921,1.06447,-0.00588396,2.06704,-0.00160703,1.07142,-0.00634008,2.06951
0.798,-0.00186269,1.06447,-0.00597519,2.06704,-0.00160703,1.07145,-0.00629447,2.0696
0.8,-0.00186269,1.0645,-0.00592957,2.06704,-0.00160703,1.07142,-0.00624886,2.06951
0.802,-0.00186269,1.06447,-0.00588396,2.06704,-0.0015705,1.07142,-0.00634008,2.06951
0.804,-0.00186269,1.06447,-0.00588396,2.06704,-0.00160703,1.07145,-0.00629447,2.06951
0.806,-0.00186269,1.0645,-0.00592957,2.06704,-0.0015705,1.07145,-0.00629447,2.06951
0.808,-0.00189921,1.06447,-0.00588396,2.06704,-0.00160703,1.07145,-0.00629447,2.0696
0.81,-0.00189921,1.06447,-0.00588396,2.06695,-0.00160703,1.07145,-0.00629447,2.0696
0.812,-0.00186269,1.06447,-0.00588396,2.06704,-0.00164355,1.07142,-0.00624886,2.0696
0.814,-0.00186269,1.0645,-0.00592957,2.06695,-0.00164355,1.0714,-0.00629447,2.06951
0.816,-0.00186269,1.06447,-0.00588396,2.06704,-0.00160703,1.07142,-0.00624886,2.06951
0.818,-0.00186269,1.0645,-0.00592957,2.06704,-0.00160703,1.07142,-0.00624886,2.06951
0.82,-0.00186269,1.06447,-0.00588396,2.06704,-0.0015705,1.07148,-0.00624886,2.06951
0.822,-0.00186269,1.0645,-0.00592957,2.06695,-0.00164355,1.07145,-0.00629447,2.0696
0.824,-0.00186269,1.06447,-0.00588396,2.06695,-0.00160703,1.07145,-0.00629447,2.06951
0.826,-0.00189921,1.06447,-0.00588396,2.06704,-0.00160703,1.07145,-0.00629447,2.06951
0.828,-0.00186269,1.0645,-0.00592957,2.06695,-0.00160703,1.07145,-0.00629447,2.06951
0.83,-0.00186269,1.0645,-0.00592957,2.06695,-0.0015705,1.07142,-0.00634008,2.06951
0.832,-0.00186269,1.0645,-0.00592957,2.06704,-0.00160703,1.07142,-0.00624886,2.06951
0.834,-0.00186269,1.06447,-0.00588396,2.06695,-0.00164355,1.07142,-0.00624886,2.06951
0.836,-0.00186269,1.0645,-0.00592957,2.06695,-0.00164355,1.07145,-0.00629447,2.06951
0.838,-0.00186269,1.06447,-0.00588396,2.06695,-0.00160703,1.07142,-0.00624886,2.0696
0.84,-0.00186269,1.0645,-0.00592957,2.06695,-0.00160703,1.07145,-0.00629447,2.06951
0.842,-0.00186269,1.06447,-0.00588396,2.06695,-0.00160703,1.07142,-0.00634008,2.0696
0.844,-0.00189921,1.06447,-0.00588396,2.06695,-0.00160703,1.07145,-0.00629447,2.06951
0.846,-0.00186269,1.0645,-0.00592957,2.06695,-0.0015705,1.07142,-0.00624886,2.06951
0.848,-0.00186269,1.06447,-0.00588396,2.06704,-0.0015705,1.07142,-0.00634008,2.0696
0.85,-0.00186269,1.0645,-0.00592957,2.06695,-0.00164355,1.07145,-0.00629447,2.06951
0.852,-0.00186269,1.0645,-0.00592957,2.06695,-0.00160703,1.07145,-0.00629447,2.0696
0.854,-0.00186269,1.0645,-0.00592957,2.06695,-0.00160703,1.07142,-0.00624886,2.06951
0.856,-0.00186269,1.06447,-0.00588396,2.06704,-0.00160703,1.07145,-0.00629447,2.06951
0.858,-0.00186269,1.06447,-0.00588396,2.06695,-0.00160703,1.07145,-0.00629447,2.06951
0.86,-0.00189921,1.06447,-0.00597519,2.06695,-0.00160703,1.07145,-0.00629447,2.06951
0.862,-0.00186269,1.06447,-0.00588396,2.06704,-0.00160703,1.07145,-0.00629447,2.0696
0.864,-0.00186269,1.06447,-0.00597519,2.06704,-0.0015705,1.07145,-0.00629447,2.0696
0.866,-0.00186269,1.0645,-0.00592957,2.06695,-0.00160703,1.07145,-0.00629447,2.0696
0.868,-0.00186269,1.0645,-0.00592957,2.06704,-0.00160703,1.07142,-0.00624886,2.06951
0.87,-0.00186269,1.0645,-0.00592957,2.06695,-0.00160703,1.07145,-0.00629447,2.0696
0.872,-0.00186269,1.0645,-0.00592957,2.06695,-0.00160703,1.07145,-0.00629447,2.06951
0.874,-0.00186269,1.0645,-0.00592957,2.06695,-0.00160703,1.07145,-0.00629447,2.06951
0.876,-0.00189921,1.0645,-0.00592957,2.06695,-0.0015705,1.07145,-0.00629447,2.0696
0.878,-0.00189921,1.06447,-0.00588396,2.06704,-0.00160703,1.07145,-0.00629447,2.06951
0.88,-0.00186269,1.0645,-0.00592957,2.06704,-0.00160703,1.07145,-0.00629447,2.0696
0.882,-0.00186269,1.06447,-0.00588396,2.06704,-0.00164355,1.07145,-0.00629447,2.06951
0.884,-0.00186269,1.0645,-0.00592957,2.06704,-0.00160703,1.07145,-0.00629447,2.06951
0.886,-0.00186269,1.0645,-0.00592957,2.06704,-0.00160703,1.07142,-0.00624886,2.06951
0.888,-0.00186269,1.0645,-0.00592957,2.06695,-0.00164355,1.07145,-0.00629447,2.06951
0.89,-0.00189921,1.0645,-0.00592957,2.06695,-0.00160703,1.07145,-0.00629447,2.0696
0.892,-0.00189921,1.06447,-0.00588396,2.06695,-0.00160703,1.07145,-0.00629447,2.06951
0.894,-0.00189921,1.06447,-0.00588396,2.06695,-0.00160703,1.07145,-0.00629447,2.06951
0.896,-0.00189921,1.06447,-0.00588396,2.06704,-0.00160703,1.07145,-0.00629447,2.06951
0.898,-0.00186269,1.0645,-0.00592957,2.06704,-0.00160703,1.07145,-0.00629447,2.06951
0.9,-0.00186269,1.0645,-0.00592957,2.06704,-0.00164355,1.07145,-0.00629447,2.06951
0.902,-0.00186269,1.06447,-0.00588396,2.06695,-0.00160703,1.07145,-0.00629447,2.0696
0.904,-0.00186269,1.06447,-0.00588396,2.06695,-0.0015705,1.07145,-0.00629447,2.0696
0.906,-0.00189921,1.06447,-0.00588396,2.06695,-0.00160703,1.07142,-0.00634008,2.0696
0.908,-0.00189921,1.0645,-0.00592957,2.06695,-0.0015705,1.07145,-0.00629447,2.06951
0.91,-0.00186269,1.0645,-0.00592957,2.06704,-0.00160703,1.07142,-0.00634008,2.06951
0.912,-0.00189921,1.0645,-0.00592957,2.06704,-0.00160703,1.07145,-0.00629447,2.06951
0.914,-0.00189921,1.0645,-0.00592957,2.06704,-0.00160703,1.07142,-0.00634008,2.06951
0.916,-0.00189921,1.06447,-0.00588396,2.06704,-0.0015705,1.07145,-0.00629447,2.0696
0.918,-0.00186269,1.06447,-0.00588396,2.06695,-0.00164355,1.07145,-0.00629447,2.0696
0.92,-0.00186269,1.06447,-0.00588396,2.06695,-0.00160703,1.07145,-0.00629447,2.0696
0.922,-0.00186269,1.06447,-0.00588396,2.06695,-0.00160703,1.07142,-0.00624886,2.06951
0.924,-0.00186269,1.0645,-0.00592957,2.06695,-0.00160703,1.07142,-0.00624886,2.06951
0.926,-0.00186269,1.0645,-0.00592957,2.06695,-0.00160703,1.07145,-0.00629447,2.0696
0.928,-0.00189921,1.0645,-0.00592957,2.06704,-0.00164355,1.07145,-0.00629447,2.06951
0.93,-0.00189921,1.0645,-0.00592957,2.06704,-0.00160703,1.07145,-0.00629447,2.06951
0.932,-0.00186269,1.06447,-0.00588396,2.06704,-0.00160703,1.07148,-0.00624886,2.0696
0.934,-0.00186269,1.0645,-0.00592957,2.06695,-0.00160703,1.07145,-0.00629447,2.0696
0.936,-0.00186269,1.06447,-0.00588396,2.06695,-0.00164355,1.07145,-0.00629447,2.06968
0.938,-0.00189921,1.0645,-0.00592957,2.06695,-0.00160703,1.07145,-0.00629447,2.0696
0.94,-0.00186269,1.0645,-0.00592957,2.06695,-0.0015705,1.07145,-0.00629447,2.0696
0.942,-0.00186269,1.0645,-0.00592957,2.06695,-0.0015705,1.07142,-0.00634008,2.06951
0.944,-0.00186269,1.0645,-0.00592957,2.06695,-0.00160703,1.07145,-0.00629447,2.06951
0.946,-0.00186269,1.0645,-0.00592957,2.06695,-0.0015705,1.07145,-0.00629447,2.0696
0.948,-0.00186269,1.0645,-0.00592957,2.06704,-0.0015705,1.07142,-0.00634008,2.06951
0.95,-0.00186269,1.0645,-0.00592957,2.06695,-0.00160703,1.07142,-0.00634008,2.0696
0.952,-0.00186269,1.06447,-0.00588396,2.06695,-0.00153398,1.07145,-0.00629447,2.0696
0.954,-0.00189921,1.0645,-0.00592957,2.06695,-0.00160703,1.07145,-0.00629447,2.0696
0.956,-0.00189921,1.0645,-0.00592957,2.06695,-0.00160703,1.07145,-0.00629447,2.06951
0.958,-0.00186269,1.0645,-0.00592957,2.06704,-0.00160703,1.07142,-0.00624886,2.06951
0.96,-0.00186269,1.0645,-0.00592957,2.06704,-0.00160703,1.07145,-0.00629447,2.06951
0.962,-0.00186269,1.0645,-0.00592957,2.06704,-0.00164355,1.07142,-0.00624886,2.0696
0.964,-0.00186269,1.06447,-0.00588396,2.06695,-0.00160703,1.07145,-0.00629447,2.06951
0.966,-0.00189921,1.06447,-0.00588396,2.06695,-0.00160703,1.07145,-0.00629447,2.0696
0.968,-0.00186269,1.06447,-0.00588396,2.06695,-0.0015705,1.07142,-0.00624886,2.06951
0.97,-0.00189921,1.06447,-0.00588396,2.06695,-0.00160703,1.07142,-0.00634008,2.0696
0.972,-0.00186269,1.06447,-0.00588396,2.06695,-0.00164355,1.07142,-0.00624886,2.06951
0.974,-0.00186269,1.06447,-0.00588396,2.06695,-0.00160703,1.07142,-0.00624886,2.06951
0.976,-0.00186269,1.0645,-0.00592957,2.06695,-0.00164355,1.07145,-0.00629447,2.06951
0.978,-0.00186269,1.06447,-0.00588396,2.06695,-0.00160703,1.07145,-0.00629447,2.0696
0.98,-0.00189921,1.0645,-0.00592957,2.06704,-0.00160703,1.07145,-0.00629447,2.0696
0.982,-0.00189921,1.0645,-0.00592957,2.06704,-0.00160703,1.07145,-0.00629447,2.0696
0.984,-0.00186269,1.06447,-0.00588396,2.06695,-0.00164355,1.07145,-0.00629447,2.0696
0.986,-0.00186269,1.0645,-0.00592957,2.06695,-0.00160703,1.07145,-0.00629447,2.0696
0.988,-0.00186269,1.06447,-0.00588396,2.06695,-0.00160703,1.07148,-0.00624886,2.0696
0.99,-0.00186269,1.06447,-0.00588396,2.06704,-0.00160703,1.07145,-0.00629447,2.06951
0.992,-0.00186269,1.0645,-0.00592957,2.06695,-0.00160703,1.07142,-0.00624886,2.0696
0.994,-0.00189921,1.0645,-0.00592957,2.06704,-0.00160703,1.07145,-0.00629447,2.06951
0.996,-0.00186269,1.0645,-0.00592957,2.06695,-0.00164355,1.07142,-0.00634008,2.0696
0.998,-0.00189921,1.0645,-0.00592957,2.06695,-0.00160703,1.07145,-0.00629447,2.0696
1,-0.00186269,1.06447,-0.00588396,2.06704,-0.00160703,1.07145,-0.00629447,2.06951
1.002,-0.00186269,1.06447,-0.00588396,2.06704,-0.00160703,1.07145,-0.00629447,2.06951
1.004,-0.00189921,1.06447,-0.00588396,2.06695,-0.00160703,1.07145,-0.00629447,2.0696
1.006,-0.00189921,1.06447,-0.00588396,2.06704,-0.00160703,1.07145,-0.00629447,2.06951
1.008,-0.00186269,1.0645,-0.00592957,2.06695,-0.00164355,1.07142,-0.00624886,2.06951
1.01,-0.00186269,1.0645,-0.00592957,2.06704,-0.00160703,1.07145,-0.00629447,2.06951
1.012,-0.00186269,1.06447,-0.00588396,2.06695,-0.00160703,1.07142,-0.00624886,2.06951
1.014,-0.00186269,1.06447,-0.00588396,2.06695,-0.00160703,1.07145,-0.00629447,2.0696
1.016,-0.00186269,1.0645,-0.00592957,2.06695,-0.0015705,1.07145,-0.00629447,2.0696
1.018,-0.00189921,1.0645,-0.00592957,2.06695,-0.0015705,1.07142,-0.00634008,2.06951
1.02,-0.00189921,1.06447,-0.00588396,2.06704,-0.0015705,1.07142,-0.00634008,2.06951
1.022,-0.00186269,1.06447,-0.00588396,2.06704,-0.00160703,1.07145,-0.00629447,2.06951
1.024,-0.00186269,1.0645,-0.00592957,2.06704,-0.0015705,1.07142,-0.00634008,2.0696
1.026,-0.00186269,1.06447,-0.00588396,2.06695,-0.00160703,1.07145,-0.00629447,2.06951
1.028,-0.00186269,1.0645,-0.00592957,2.06695,-0.00160703,1.07142,-0.00634008,2.0696
1.03,-0.00186269,1.0645,-0.00592957,2.06695,-0.00160703,1.07145,-0.00629447,2.0696
1.032,-0.00186269,1.06447,-0.00588396,2.06704,-0.0015705,1.07145,-0.00629447,2.06951
1.034,-0.00186269,1.0645,-0.00592957,2.06695,-0.00164355,1.07145,-0.00629447,2.06951
1.036,-0.00189921,1.06447,-0.00588396,2.06704,-0.00160703,1.07145,-0.00629447,2.06951
1.038,-0.00189921,1.0645,-0.00592957,2.06704,-0.00160703,1.07145,-0.00629447,2.06951
1.04,-0.00186269,1.0645,-0.00592957,2.06695,-0.00160703,1.07145,-0.00629447,2.0696
1.042,-0.00186269,1.0645,-0.00592957,2.06695,-0.0015705,1.07145,-0.00629447,2.0696
1.044,-0.00186269,1.06447,-0.00588396,2.06695,-0.00160703,1.07142,-0.00624886,2.0696
1.046,-0.00186269,1.0645,-0.00592957,2.06695,-0.0015705,1.07145,-0.00629447,2.0696
1.048,-0.00186269,1.0645,-0.00592957,2.06695,-0.00160703,1.07145,-0.00629447,2.06951
1.05,-0.00186269,1.0645,-0.00592957,2.06704,-0.00160703,1.07142,-0.00624886,2.06951
1.052,-0.00186269,1.0645,-0.00592957,2.06704,-0.00160703,1.07145,-0.00629447,2.0696
1.054,-0.00189921,1.06447,-0.00588396,2.06704,-0.00160703,1.0714,-0.00629447,2.06951
1.056,-0.00186269,1.0645,-0.00592957,2.06695,-0.00160703,1.07145,-0.00629447,2.0696
1.058,-0.00189921,1.0645,-0.00592957,2.06695,-0.00160703,1.07145,-0.00629447,2.0696
1.06,-0.00186269,1.0645,-0.00592957,2.06695,-0.00164355,1.07148,-0.00624886,2.0696
1.062,-0.00186269,1.06447,-0.00588396,2.06695,-0.00164355,1.07145,-0.00629447,2.0696
1.064,-0.00186269,1.0645,-0.00592957,2.06695,-0.00160703,1.07145,-0.00629447,2.06951
1.066,-0.00186269,1.0645,-0.00592957,2.06704,-0.0015705,1.07145,-0.00629447,2.06951
1.068,-0.00189921,1.06447,-0.00588396,2.06704,-0.0015705,1.07145,-0.00629447,2.06951
1.07,-0.00186269,1.06447,-0.00588396,2.06704,-0.00160703,1.07142,-0.00634008,2.0696
1.072,-0.00189921,1.0645,-0.00592957,2.06695,-0.00160703,1.07145,-0.00629447,2.06951
1.074,-0.00186269,1.06447,-0.00588396,2.06695,-0.00160703,1.07142,-0.00624886,2.0696
1.076,-0.00186269,1.06447,-0.00588396,2.06695,-0.00164355,1.0714,-0.00629447,2.06951
1.078,-0.00186269,1.0645,-0.00592957,2.06695,-0.00160703,1.07145,-0.00629447,2.06951
1.08,-0.00186269,1.0645,-0.00592957,2.06695,-0.0015705,1.07142,-0.00624886,2.06951
1.082,-0.00186269,1.0645,-0.00592957,2.06695,-0.00160703,1.07145,-0.00629447,2.0696
1.084,-0.00186269,1.06447,-0.00588396,2.06704,-0.00160703,1.07145,-0.00629447,2.06951
1.086,-0.00186269,1.0645,-0.00592957,2.06695,-0.0015705,1.07145,-0.00629447,2.0696
1.088,-0.00189921,1.06447,-0.00588396,2.06695,-0.00160703,1.07145,-0.00629447,2.0696
1.09,-0.00186269,1.0645,-0.00592957,2.06695,-0.00164355,1.07145,-0.00629447,2.0696
1.092,-0.00186269,1.06447,-0.00588396,2.06695,-0.00160703,1.07145,-0.00629447,2.06951
1.094,-0.00186269,1.0645,-0.00592957,2.06695,-0.0015705,1.07145,-0.00629447,2.06951
1.096,-0.00189921,1.0645,-0.00592957,2.06695,-0.0015705,1.0714,-0.00629447,2.06951
1.098,-0.00189921,1.0645,-0.00592957,2.06704,-0.00160703,1.07145,-0.00629447,2.0696
1.1,-0.00189921,1.0645,-0.00592957,2.06704,-0.00160703,1.07145,-0.00629447,2.06951
1.102,-0.00186269,1.0645,-0.00592957,2.06704,-0.0015705,1.07142,-0.00634008,2.0696
1.104,-0.00186269,1.06447,-0.00588396,2.06704,-0.00164355,1.07145,-0.00629447,2.0696
1.106,-0.00186269,1.0645,-0.00592957,2.06695,-0.0015705,1.07145,-0.00629447,2.06951
1.108,-0.00186269,1.06447,-0.00588396,2.06695,-0.00164355,1.07142,-0.00624886,2.06951
1.11,-0.00186269,1.0645,-0.00592957,2.06704,-0.00160703,1.07145,-0.00629447,2.06951
1.112,-0.00189921,1.0645,-0.00592957,2.06704,-0.0015705,1.07145,-0.00629447,2.06951
1.114,-0.00186269,1.0645,-0.00592957,2.06704,-0.00160703,1.07142,-0.00624886,2.06951
1.116,-0.00186269,1.0645,-0.00592957,2.06704,-0.0015705,1.07145,-0.00629447,2.06951
1.118,-0.00189921,1.06447,-0.00588396,2.06695,-0.00160703,1.07142,-0.00634008,2.0696
1.12,-0.00186269,1.06447,-0.00588396,2.06695,-0.00160703,1.07145,-0.00629447,2.0696
1.122,-0.00186269,1.06447,-0.00588396,2.06695,-0.00160703,1.07145,-0.00629447,2.06951
1.124,-0.00186269,1.0645,-0.00592957,2.06704,-0.00160703,1.07145,-0.00629447,2.06951
1.126,-0.00186269,1.0645,-0.00592957,2.06704,-0.0015705,1.07142,-0.00624886,2.06951
1.128,-0.00186269,1.0645,-0.00592957,2.06704,-0.0015705,1.07145,-0.00629447,2.06951
1.13,-0.00186269,1.0645,-0.00592957,2.06704,-0.0015705,1.07145,-0.00629447,2.06951
1.132,-0.00186269,1.06447,-0.00588396,2.06695,-0.0015705,1.07145,-0.00629447,2.0696
1.134,-0.00186269,1.06447,-0.00588396,2.06704,-0.00164355,1.07142,-0.00624886,2.0696
1.136,-0.00186269,1.06447,-0.00588396,2.06704,-0.0015705,1.07148,-0.00624886,2.06951
1.138,-0.00186269,1.0645,-0.00592957,2.06695,-0.00164355,1.0714,-0.00629447,2.0696
1.14,-0.00186269,1.0645,-0.00592957,2.06695,-0.0015705,1.07145,-0.00629447,2.06951
1.142,-0.00186269,1.06447,-0.00588396,2.06695,-0.00160703,1.07145,-0.00629447,2.0696
1.144,-0.00186269,1.0645,-0.00592957,2.06704,-0.00160703,1.07145,-0.00629447,2.06951
1.146,-0.00186269,1.06447,-0.00588396,2.06704,-0.00160703,1.07145,-0.00629447,2.06951
1.148,-0.00189921,1.0645,-0.00592957,2.06695,-0.00164355,1.07145,-0.00629447,2.0696
1.15,-0.00186269,1.06447,-0.00588396,2.06695,-0.00160703,1.07145,-0.00629447,2.0696
1.152,-0.00186269,1.0645,-0.00592957,2.06695,-0.00164355,1.07145,-0.00629447,2.06951
1.154,-0.00186269,1.06447,-0.00588396,2.06695,-0.00160703,1.07145,-0.00629447,2.0696
1.156,-0.00189921,1.06447,-0.00588396,2.06704,-0.0015705,1.07145,-0.00629447,2.06951
1.158,-0.00186269,1.0645,-0.00592957,2.06704,-0.00160703,1.07145,-0.00629447,2.06943
1.16,-0.00186269,1.0645,-0.00592957,2.06704,-0.00160703,1.07142,-0.00624886,2.06951
1.162,-0.00186269,1.06447,-0.00588396,2.06704,-0.00164355,1.07148,-0.00624886,2.0696
1.164,-0.00186269,1.06447,-0.00588396,2.06695,-0.00160703,1.07148,-0.00624886,2.0696
1.166,-0.00186269,1.0645,-0.00592957,2.06695,-0.00153398,1.07145,-0.00629447,2.0696
1.168,-0.00189921,1.06447,-0.00588396,2.06695,-0.00160703,1.07142,-0.00634008,2.0696
1.17,-0.00189921,1.06447,-0.00588396,2.06695,-0.00160703,1.07142,-0.00634008,2.06951
1.172,-0.00186269,1.06447,-0.00588396,2.06704,-0.00160703,1.07142,-0.00624886,2.06951
1.174,-0.00186269,1.0645,-0.00592957,2.06704,-0.00160703,1.07142,-0.00624886,2.06951
1.176,-0.00186269,1.0645,-0.00592957,2.06704,-0.00164355,1.07142,-0.00624886,2.0696
1.178,-0.00186269,1.06447,-0.00588396,2.06704,-0.00160703,1.07145,-0.00629447,2.0696
1.18,-0.00186269,1.06447,-0.00588396,2.06704,-0.00160703,1.07148,-0.00624886,2.0696
1.182,-0.00189921,1.06447,-0.00588396,2.06704,-0.0015705,1.07145,-0.00629447,2.0696
1.184,-0.00189921,1.0645,-0.00592957,2.06704,-0.00160703,1.07145,-0.00629447,2.0696
1.186,-0.00186269,1.0645,-0.00592957,2.06704,-0.00160703,1.07145,-0.00629447,2.0696
1.188,-0.00186269,1.0645,-0.00592957,2.06704,-0.00160703,1.07145,-0.00629447,2.06951
1.19,-0.00186269,1.0645,-0.00592957,2.06704,-0.00160703,1.07145,-0.00629447,2.0696
1.192,-0.00186269,1.06447,-0.00588396,2.06704,-0.00160703,1.07145,-0.00629447,2.0696
1.194,-0.00186269,1.0645,-0.00592957,2.06695,-0.00160703,1.07145,-0.00629447,2.06951
1.196,-0.00186269,1.0645,-0.00592957,2.06695,-0.00160703,1.07145,-0.00629447,2.0696
1.198,-0.00189921,1.06447,-0.00588396,2.06695,-0.00160703,1.07142,-0.00634008,2.06951
1.2,-0.00186269,1.06447,-0.00588396,2.06704,-0.00160703,1.07145,-0.00629447,2.0696
1.202,-0.00186269,1.0645,-0.00592957,2.06704,-0.00160703,1.07145,-0.00629447,2.06951
1.204,-0.00186269,1.0645,-0.00592957,2.06695,-0.00160703,1.07145,-0.00629447,2.06951
1.206,-0.00186269,1.0645,-0.00592957,2.06695,-0.00160703,1.07145,-0.00629447,2.06951
1.208,-0.00186269,1.06447,-0.00588396,2.06704,-0.00160703,1.07142,-0.00634008,2.0696
1.21,-0.00186269,1.0645,-0.00592957,2.06695,-0.00164355,1.07142,-0.00624886,2.0696
1.212,-0.00186269,1.0645,-0.00592957,2.06695,-0.00160703,1.07142,-0.00624886,2.06951
1.214,-0.00186269,1.0645,-0.00592957,2.06695,-0.00160703,1.07142,-0.00624886,2.0696
1.216,-0.00186269,1.06447,-0.00588396,2.06695,-0.00160703,1.07142,-0.00624886,2.06951
1.218,-0.00189921,1.0645,-0.00592957,2.06695,-0.00160703,1.07145,-0.00629447,2.06951
1.22,-0.00186269,1.06447,-0.00588396,2.06704,-0.0015705,1.07145,-0.00629447,2.0696
1.222,-0.00189921,1.06447,-0.00588396,2.06695,-0.00164355,1.07145,-0.00629447,2.06951
1.224,-0.00186269,1.0645,-0.00592957,2.06704,-0.00160703,1.07142,-0.00634008,2.0696
1.226,-0.00186269,1.0645,-0.00592957,2.06695,-0.00164355,1.07145,-0.00629447,2.0696
1.228,-0.00186269,1.06447,-0.00588396,2.06695,-0.00160703,1.07145,-0.00629447,2.0696
1.23,-0.00186269,1.06447,-0.00588396,2.06695,-0.00160703,1.07145,-0.00629447,2.06951
1.232,-0.00186269,1.06447,-0.00588396,2.06695,-0.00160703,1.07145,-0.00629447,2.06951
1.234,-0.00189921,1.0645,-0.00592957,2.06704,-0.0015705,1.07145,-0.00629447,2.0696
1.236,-0.00189921,1.0645,-0.00592957,2.06704,-0.00160703,1.07145,-0.00629447,2.06951
1.238,-0.00186269,1.06447,-0.00588396,2.06704,-0.0015705,1.07142,-0.00634008,2.06951
1.24,-0.00186269,1.06447,-0.00588396,2.06704,-0.00160703,1.07145,-0.00629447,2.06951
1.242,-0.00186269,1.0645,-0.00592957,2.06704,-0.00164355,1.07142,-0.00624886,2.06951
1.244,-0.00186269,1.06447,-0.00588396,2.06704,-0.00160703,1.07142,-0.00624886,2.0696
1.246,-0.00186269,1.0645,-0.00592957,2.06695,-0.0015705,1.07145,-0.00629447,2.06951
1.248,-0.00189921,1.0645,-0.00592957,2.06695,-0.0015705,1.07145,-0.00629447,2.06951
1.25,-0.00189921,1.0645,-0.00592957,2.06704,-0.00160703,1.07145,-0.00629447,2.06951
1.252,-0.00189921,1.06447,-0.00588396,2.06695,-0.0015705,1.07145,-0.00629447,2.06951
1.254,-0.00189921,1.0645,-0.00592957,2.06704,-0.00160703,1.07145,-0.00629447,2.06951
1.256,-0.00189921,1.0645,-0.00592957,2.06695,-0.00168007,1.07145,-0.00629447,2.0696
1.258,-0.00189921,1.0645,-0.00592957,2.06704,-0.00164355,1.07145,-0.00629447,2.06951
1.26,-0.00186269,1.06447,-0.00588396,2.06695,-0.00160703,1.07145,-0.00629447,2.06951
1.262,-0.00186269,1.06447,-0.00588396,2.06704,-0.00160703,1.07145,-0.00629447,2.06951
1.264,-0.00186269,1.06447,-0.00588396,2.06695,-0.00164355,1.07148,-0.00624886,2.06951
1.266,-0.00189921,1.06447,-0.00588396,2.06695,-0.00160703,1.07142,-0.00624886,2.0696
1.268,-0.00186269,1.0645,-0.00592957,2.06704,-0.00160703,1.07145,-0.00629447,2.06951
1.27,-0.00186269,1.0645,-0.00592957,2.06704,-0.00160703,1.0714,-0.00629447,2.0696
1.272,-0.00186269,1.06447,-0.00588396,2.06695,-0.00160703,1.07145,-0.00629447,2.06951
1.274,-0.00186269,1.06447,-0.00588396,2.06695,-0.00160703,1.07142,-0.00634008,2.0696
1.276,-0.00186269,1.06447,-0.00588396,2.06695,-0.00164355,1.07145,-0.00629447,2.06951
1.278,-0.00186269,1.06447,-0.00588396,2.06695,-0.0015705,1.07145,-0.00629447,2.0696
1.28,-0.00186269,1.06447,-0.00588396,2.06695,-0.00160703,1.07142,-0.00624886,2.06951
1.282,-0.00186269,1.0645,-0.00592957,2.06695,-0.00160703,1.07142,-0.00624886,2.06951
1.284,-0.00186269,1.0645,-0.00592957,2.06695,-0.00160703,1.07145,-0.00629447,2.06951
1.286,-0.00186269,1.06447,-0.00588396,2.06704,-0.0015705,1.07145,-0.00629447,2.06951
1.288,-0.00186269,1.06447,-0.00588396,2.06704,-0.0015705,1.07145,-0.00629447,2.06951
1.29,-0.00186269,1.06447,-0.00588396,2.06704,-0.0015705,1.07145,-0.00629447,2.0696
1.292,-0.00186269,1.0645,-0.00592957,2.06695,-0.00164355,1.07142,-0.00624886,2.06951
1.294,-0.00186269,1.0645,-0.00592957,2.06695,-0.0015705,1.07145,-0.00629447,2.06951
1.296,-0.00186269,1.0645,-0.00592957,2.06695,-0.00160703,1.07145,-0.00629447,2.06951
1.298,-0.00186269,1.06447,-0.00588396,2.06695,-0.00160703,1.07142,-0.00624886,2.06951
1.3,-0.00186269,1.06447,-0.00588396,2.06695,-0.00160703,1.07145,-0.00629447,2.06951
1.302,-0.00186269,1.06447,-0.00588396,2.06704,-0.0015705,1.07145,-0.00629447,2.0696
1.304,-0.00186269,1.0645,-0.00592957,2.06695,-0.00164355,1.07145,-0.00629447,2.06951
1.306,-0.00186269,1.06447,-0.00588396,2.06704,-0.0015705,1.07142,-0.00634008,2.06951
1.308,-0.00189921,1.0645,-0.00592957,2.06695,-0.00160703,1.07145,-0.00629447,2.06951
1.31,-0.00186269,1.0645,-0.00592957,2.06695,-0.00168007,1.07145,-0.00629447,2.0696
1.312,-0.00186269,1.0645,-0.00592957,2.06695,-0.00160703,1.07145,-0.00629447,2.06951
1.314,-0.00186269,1.0645,-0.00592957,2.06695,-0.00160703,1.07145,-0.00629447,2.06951
1.316,-0.00186269,1.06447,-0.00588396,2.06704,-0.00160703,1.07145,-0.00629447,2.06951
1.318,-0.00186269,1.0645,-0.00592957,2.06704,-0.00160703,1.07142,-0.00634008,2.06951
1.32,-0.00189921,1.0645,-0.00592957,2.06704,-0.00164355,1.07145,-0.00629447,2.06951
1.322,-0.00189921,1.0645,-0.00592957,2.06704,-0.00160703,1.07142,-0.00624886,2.06951
1.324,-0.00186269,1.06445,-0.00592957,2.06695,-0.00160703,1.07142,-0.00634008,2.0696
1.326,-0.00186269,1.06447,-0.00588396,2.06695,-0.00160703,1.07145,-0.00629447,2.0696
1.328,-0.00186269,1.06447,-0.00588396,2.06695,-0.00160703,1.07145,-0.00629447,2.0696
1.33,-0.00186269,1.06447,-0.00588396,2.06695,-0.0015705,1.07145,-0.00629447,2.0696
1.332,-0.00186269,1.0645,-0.00592957,2.06704,-0.00160703,1.0714,-0.00629447,2.0696
1.334,-0.00186269,1.0645,-0.00592957,2.06704,-0.00160703,1.07142,-0.00624886,2.06951
1.336,-0.00186269,1.0645,-0.00592957,2.06704,-0.00164355,1.07148,-0.00624886,2.06951
1.338,-0.00186269,1.06447,-0.00588396,2.06704,-0.0015705,1.07145,-0.00629447,2.0696
1.34,-0.00186269,1.06447,-0.00588396,2.06704,-0.00160703,1.07145,-0.00629447,2.0696
1.342,-0.00186269,1.06445,-0.00592957,2.06695,-0.00164355,1.07145,-0.00629447,2.0696
1.344,-0.00186269,1.0645,-0.00592957,2.06695,-0.00160703,1.07142,-0.00634008,2.0696
1.346,-0.00186269,1.0645,-0.00592957,2.06695,-0.00160703,1.07145,-0.00629447,2.0696
1.348,-0.00186269,1.0645,-0.00592957,2.06695,-0.00160703,1.07145,-0.00629447,2.06951
1.35,-0.00186269,1.0645,-0.00592957,2.06695,-0.00160703,1.07145,-0.00629447,2.06951
1.352,-0.00186269,1.06447,-0.00588396,2.06704,-0.00164355,1.07145,-0.00629447,2.06951
1.354,-0.00186269,1.0645,-0.00592957,2.06704,-0.00164355,1.07145,-0.00629447,2.0696
1.356,-0.00186269,1.0645,-0.00592957,2.06704,-0.00160703,1.07148,-0.00624886,2.0696
1.358,-0.00186269,1.06447,-0.00588396,2.06704,-0.0015705,1.07145,-0.00629447,2.06951
1.36,-0.00186269,1.0645,-0.00592957,2.06704,-0.00160703,1.07145,-0.00629447,2.06951
1.362,-0.00186269,1.0645,-0.00592957,2.06695,-0.00164355,1.07142,-0.00624886,2.06951
1.364,-0.00189921,1.0645,-0.00592957,2.06704,-0.00160703,1.07145,-0.00629447,2.06951
1.366,-0.00186269,1.0645,-0.00592957,2.06704,-0.00160703,1.07145,-0.00629447,2.06951
1.368,-0.00186269,1.06447,-0.00588396,2.06704,-0.00164355,1.07145,-0.00629447,2.06951
1.37,-0.00186269,1.0645,-0.00592957,2.06704,-0.00160703,1.07142,-0.00624886,2.0696
1.372,-0.00186269,1.06447,-0.00588396,2.06695,-0.00160703,1.07145,-0.00629447,2.06951
1.374,-0.00186269,1.0645,-0.00592957,2.06695,-0.00160703,1.07142,-0.00634008,2.0696
1.376,-0.00186269,1.0645,-0.00592957,2.06704,-0.0015705,1.0714,-0.00629447,2.06951
1.378,-0.00186269,1.06447,-0.00588396,2.06704,-0.00160703,1.07145,-0.00629447,2.06951
1.38,-0.00189921,1.0645,-0.00592957,2.06704,-0.00164355,1.07145,-0.00629447,2.0696
1.382,-0.00186269,1.0645,-0.00592957,2.06704,-0.0015705,1.07145,-0.00629447,2.06951
1.384,-0.00186269,1.06447,-0.00588396,2.06695,-0.00160703,1.07145,-0.00629447,2.06951
1.386,-0.00186269,1.0645,-0.00592957,2.06695,-0.00160703,1.07145,-0.00629447,2.0696
1.388,-0.00189921,1.0645,-0.00592957,2.06704,-0.00160703,1.07145,-0.00629447,2.0696
1.39,-0.00189921,1.06447,-0.00588396,2.06704,-0.00160703,1.07142,-0.00634008,2.06951
1.392,-0.00186269,1.0645,-0.00592957,2.06704,-0.00160703,1.07145,-0.00629447,2.06951
1.394,-0.00186269,1.06447,-0.00588396,2.06695,-0.00160703,1.07142,-0.00624886,2.06951
1.396,-0.00189921,1.0645,-0.00592957,2.06695,-0.00160703,1.07148,-0.00624886,2.06951
1.398,-0.00186269,1.0645,-0.00592957,2.06695,-0.00160703,1.07142,-0.00624886,2.06951
1.4,-0.00186269,1.06447,-0.00588396,2.06695,-0.0015705,1.07142,-0.00624886,2.0696
1.402,-0.00186269,1.06447,-0.00588396,2.06695,-0.00160703,1.07145,-0.00629447,2.0696
1.404,-0.00186269,1.06447,-0.00588396,2.06695,-0.00160703,1.07142,-0.00624886,2.06951
1.406,-0.00186269,1.0645,-0.00592957,2.06704,-0.0015705,1.07142,-0.00624886,2.06951
1.408,-0.00186269,1.06447,-0.00588396,2.06704,-0.00160703,1.07145,-0.00629447,2.06951
1.41,-0.00186269,1.06447,-0.00597519,2.06704,-0.00160703,1.07142,-0.00634008,2.06951
1.412,-0.00186269,1.0645,-0.00592957,2.06695,-0.00160703,1.07142,-0.00624886,2.0696
1.414,-0.00189921,1.06447,-0.00588396,2.06695,-0.00160703,1.07145,-0.00620325,2.06951
1.416,-0.00186269,1.06447,-0.00588396,2.06695,-0.00160703,1.07145,-0.00629447,2.06951
1.418,-0.00186269,1.06447,-0.00588396,2.06695,-0.00164355,1.07142,-0.00634008,2.06951
1.42,-0.00186269,1.06447,-0.00588396,2.06695,-0.00160703,1.07145,-0.00629447,2.06951
1.422,-0.00189921,1.06447,-0.00588396,2.06704,-0.00164355,1.0714,-0.00629447,2.06951
1.424,-0.00186269,1.06447,-0.00588396,2.06704,-0.00160703,1.07145,-0.00629447,2.06951
1.426,-0.00186269,1.06447,-0.00588396,2.06704,-0.00160703,1.0714,-0.00629447,2.0696
1.428,-0.00186269,1.06447,-0.00597519,2.06704,-0.0015705,1.07145,-0.00629447,2.0696
1.43,-0.00186269,1.06447,-0.00588396,2.06695,-0.00160703,1.07145,-0.00629447,2.0696
1.432,-0.00186269,1.0645,-0.00592957,2.06695,-0.00160703,1.07145,-0.00629447,2.0696
1.434,-0.00186269,1.0645,-0.00592957,2.06695,-0.00164355,1.07145,-0.00629447,2.0696
1.436,-0.00189921,1.06447,-0.00588396,2.06704,-0.00160703,1.07145,-0.00629447,2.06951
1.438,-0.00186269,1.06447,-0.00588396,2.06704,-0.00160703,1.07145,-0.00629447,2.06951
1.44,-0.00186269,1.0645,-0.00592957,2.06704,-0.0015705,1.07145,-0.00629447,2.06951
1.442,-0.00186269,1.0645,-0.00592957,2.06704,-0.00160703,1.07142,-0.00634008,2.0696
1.444,-0.00186269,1.0645,-0.00592957,2.06695,-0.00160703,1.07145,-0.00629447,2.0696
1.446,-0.00186269,1.0645,-0.00592957,2.06695,-0.00160703,1.07145,-0.00629447,2.0696
1.448,-0.00186269,1.06447,-0.00588396,2.06695,-0.0015705,1.07145,-0.00629447,2.0696
1.45,-0.00186269,1.06447,-0.00588396,2.06695,-0.00164355,1.07145,-0.00629447,2.06951
1.452,-0.00186269,1.0645,-0.00592957,2.06704,-0.0015705,1.07145,-0.00629447,2.0696
1.454,-0.00186269,1.0645,-0.00592957,2.06704,-0.00168007,1.07145,-0.00629447,2.06951
1.456,-0.00186269,1.0645,-0.00592957,2.06704,-0.00160703,1.07145,-0.00629447,2.0696
1.458,-0.00186269,1.0645,-0.00592957,2.06704,-0.0015705,1.07145,-0.00629447,2.0696
1.46,-0.00186269,1.0645,-0.00592957,2.06704,-0.00160703,1.07145,-0.00629447,2.0696
1.462,-0.00189921,1.06447,-0.00588396,2.06695,-0.00160703,1.07142,-0.00634008,2.0696
1.464,-0.00186269,1.0645,-0.00592957,2.06695,-0.00164355,1.07142,-0.00634008,2.0696
1.466,-0.00186269,1.0645,-0.00592957,2.06695,-0.0015705,1.07142,-0.00624886,2.06951
1.468,-0.00186269,1.06447,-0.00588396,2.06704,-0.00160703,1.07142,-0.00624886,2.06951
1.47,-0.00186269,1.0645,-0.00592957,2.06704,-0.00160703,1.07145,-0.00629447,2.0696
1.472,-0.00186269,1.0645,-0.00592957,2.06712,-0.0015705,1.07142,-0.00634008,2.0696
1.474,-0.00186269,1.06447,-0.00588396,2.06704,-0.00160703,1.07145,-0.00629447,2.0696
1.476,-0.00186269,1.0645,-0.00592957,2.06704,-0.00160703,1.07145,-0.00629447,2.06951
1.478,-0.00186269,1.0645,-0.00592957,2.06695,-0.00160703,1.07145,-0.00629447,2.06951
1.48,-0.00186269,1.0645,-0.00592957,2.06695,-0.00164355,1.07148,-0.00624886,2.06951
1.482,-0.00186269,1.0645,-0.00592957,2.06695,-0.00164355,1.07145,-0.00629447,2.0696
1.484,-0.00186269,1.0645,-0.00592957,2.06704,-0.00160703,1.07145,-0.00629447,2.0696
1.486,-0.00189921,1.06447,-0.00588396,2.06704,-0.00160703,1.07145,-0.00629447,2.06951
1.488,-0.00186269,1.06447,-0.00588396,2.06704,-0.00160703,1.07145,-0.00629447,2.06951
1.49,-0.00186269,1.0645,-0.00592957,2.06704,-0.0015705,1.07148,-0.00624886,2.06951
1.492,-0.00186269,1.06447,-0.00588396,2.06704,-0.0015705,1.07145,-0.00629447,2.0696
1.494,-0.00186269,1.06447,-0.00588396,2.06704,-0.00160703,1.07145,-0.00629447,2.0696
1.496,-0.00186269,1.06447,-0.00588396,2.06695,-0.00160703,1.07145,-0.00629447,2.0696
1.498,-0.00186269,1.06447,-0.00588396,2.06695,-0.00160703,1.07142,-0.00624886,2.0696
1.5,-0.00186269,1.0645,-0.00592957,2.06695,-0.00160703,1.07142,-0.00634008,2.06951
1.502,-0.00186269,1.06447,-0.00588396,2.06695,-0.00164355,1.07145,-0.00629447,2.0696
1.504,-0.00189921,1.0645,-0.00592957,2.06704,-0.00160703,1.07145,-0.00629447,2.06951
1.506,-0.00189921,1.0645,-0.00592957,2.06704,-0.00160703,1.07145,-0.00629447,2.0696
1.508,-0.00189921,1.06447,-0.00588396,2.06704,-0.0015705,1.07145,-0.00629447,2.0696
1.51,-0.00186269,1.06447,-0.00588396,2.06704,-0.00160703,1.07145,-0.00629447,2.06951
1.512,-0.00186269,1.0645,-0.00592957,2.06704,-0.00160703,1.07142,-0.00624886,2.0696
1.514,-0.00186269,1.0645,-0.00592957,2.06695,-0.0015705,1.0714,-0.00629447,2.06951
1.516,-0.00186269,1.06447,-0.00588396,2.06695,-0.00160703,1.07142,-0.00634008,2.0696
1.518,-0.00189921,1.0645,-0.00592957,2.06704,-0.00164355,1.07145,-0.00629447,2.06951
1.52,-0.00186269,1.06447,-0.00588396,2.06704,-0.00160703,1.07142,-0.00634008,2.0696
1.522,-0.00186269,1.06447,-0.00588396,2.06704,-0.00164355,1.07145,-0.00629447,2.0696
1.524,-0.00186269,1.0645,-0.00592957,2.06704,-0.0015705,1.07142,-0.00624886,2.06951
1.526,-0.00186269,1.0645,-0.00592957,2.06695,-0.0015705,1.07145,-0.00629447,2.0696
1.528,-0.00186269,1.0645,-0.00592957,2.06704,-0.0015705,1.07145,-0.00629447,2.06951
1.53,-0.00189921,1.0645,-0.00592957,2.06704,-0.00164355,1.07145,-0.00629447,2.06951
1.532,-0.00189921,1.06447,-0.00588396,2.06704,-0.00164355,1.07145,-0.00629447,2.06951
1.534,-0.00186269,1.06447,-0.00588396,2.06704,-0.0015705,1.07145,-0.00629447,2.06951
1.536,-0.00186269,1.06447,-0.00588396,2.06704,-0.00160703,1.07145,-0.00629447,2.0696
1.538,-0.00186269,1.0645,-0.00592957,2.06695,-0.00160703,1.07145,-0.00629447,2.06951
1.54,-0.00186269,1.06447,-0.00588396,2.06695,-0.0015705,1.07142,-0.00624886,2.06951
1.542,-0.00189921,1.0645,-0.00592957,2.06695,-0.00160703,1.07142,-0.00624886,2.06951
1.544,-0.00189921,1.0645,-0.00592957,2.06704,-0.00160703,1.07142,-0.00624886,2.0696
1.546,-0.00186269,1.06447,-0.00588396,2.06704,-0.0015705,1.07145,-0.00629447,2.06951
1.548,-0.00186269,1.06447,-0.00588396,2.06695,-0.00168007,1.07142,-0.00634008,2.06951
1.55,-0.00186269,1.06447,-0.00588396,2.06695,-0.00160703,1.07145,-0.00629447,2.0696
1.552,-0.00186269,1.0645,-0.00592957,2.06704,-0.00164355,1.07145,-0.00629447,2.06951
1.554,-0.00189921,1.06447,-0.00588396,2.06704,-0.00160703,1.07145,-0.00629447,2.06951
1.556,-0.00189921,1.06447,-0.00588396,2.06704,-0.00160703,1.07142,-0.00624886,2.06951
1.558,-0.00189921,1.06447,-0.00588396,2.06695,-0.00160703,1.07142,-0.00624886,2.06951
1.56,-0.00186269,1.0645,-0.00592957,2.06704,-0.00164355,1.07142,-0.00634008,2.0696
1.562,-0.00186269,1.06447,-0.00588396,2.06695,-0.00160703,1.07145,-0.00629447,2.0696
1.564,-0.00186269,1.06447,-0.00588396,2.06704,-0.00160703,1.07145,-0.00629447,2.06951
1.566,-0.00186269,1.06447,-0.00588396,2.06704,-0.00160703,1.07145,-0.00629447,2.06951
1.568,-0.00189921,1.0645,-0.00592957,2.06704,-0.00160703,1.07145,-0.00629447,2.06951
1.57,-0.00186269,1.0645,-0.00592957,2.06695,-0.00160703,1.07145,-0.00629447,2.06951
1.572,-0.00186269,1.06447,-0.00588396,2.06695,-0.00164355,1.07145,-0.00629447,2.06951
1.574,-0.00186269,1.06447,-0.00588396,2.06695,-0.0015705,1.07148,-0.00624886,2.0696
1.576,-0.00186269,1.0645,-0.00592957,2.06695,-0.00160703,1.07142,-0.00624886,2.06951
1.578,-0.00186269,1.06447,-0.00588396,2.06695,-0.00160703,1.07145,-0.00629447,2.06951
1.58,-0.00189921,1.06447,-0.00588396,2.06704,-0.00160703,1.07142,-0.00634008,2.06951
1.582,-0.00186269,1.06447,-0.00588396,2.06704,-0.00160703,1.07145,-0.00629447,2.06951
1.584,-0.00186269,1.0645,-0.00592957,2.06695,-0.00160703,1.07142,-0.00634008,2.0696
1.586,-0.00186269,1.0645,-0.00592957,2.06695,-0.00164355,1.07145,-0.00629447,2.06951
1.588,-0.00186269,1.0645,-0.00592957,2.06695,-0.0015705,1.07142,-0.00624886,2.0696
1.59,-0.00186269,1.06447,-0.00588396,2.06695,-0.0015705,1.07148,-0.00624886,2.06951
1.592,-0.00186269,1.06447,-0.00588396,2.06695,-0.0015705,1.07145,-0.00629447,2.06951
1.594,-0.00186269,1.0645,-0.00592957,2.06695,-0.00160703,1.07145,-0.00629447,2.0696
1.596,-0.00189921,1.06447,-0.00588396,2.06704,-0.0015705,1.07145,-0.00629447,2.0696
1.598,-0.00186269,1.0645,-0.00592957,2.06704,-0.00160703,1.07145,-0.00629447,2.0696
1.6,-0.00186269,1.0645,-0.00592957,2.06704,-0.00160703,1.07145,-0.00629447,2.0696
1.602,-0.00186269,1.06447,-0.00588396,2.06695,-0.00160703,1.07145,-0.00629447,2.0696
1.604,-0.00186269,1.06447,-0.00588396,2.06695,-0.00160703,1.07145,-0.00629447,2.06951
1.606,-0.00186269,1.06447,-0.00588396,2.06695,-0.00164355,1.07145,-0.00629447,2.0696
1.608,-0.00186269,1.06447,-0.00588396,2.06704,-0.0015705,1.07145,-0.00629447,2.0696
1.61,-0.00189921,1.0645,-0.00592957,2.06704,-0.00160703,1.07142,-0.00624886,2.06951
1.612,-0.00189921,1.06447,-0.00588396,2.06704,-0.00160703,1.07145,-0.00629447,2.0696
1.614,-0.00186269,1.0645,-0.00592957,2.06704,-0.00160703,1.07145,-0.00629447,2.06951
1.616,-0.00186269,1.06447,-0.00588396,2.06704,-0.00160703,1.07142,-0.00634008,2.06951
1.618,-0.00186269,1.06447,-0.00588396,2.06695,-0.00164355,1.07145,-0.00629447,2.0696
1.62,-0.00186269,1.06447,-0.00588396,2.06695,-0.00160703,1.07148,-0.00624886,2.06951
1.622,-0.00186269,1.0645,-0.00592957,2.06695,-0.00160703,1.07145,-0.00629447,2.06951
1.624,-0.00186269,1.0645,-0.00592957,2.06704,-0.0015705,1.07142,-0.00624886,2.06951
1.626,-0.00186269,1.06447,-0.00588396,2.06704,-0.00160703,1.07145,-0.00629447,2.06951
1.628,-0.00189921,1.0645,-0.00592957,2.06704,-0.00160703,1.07145,-0.00629447,2.06951
1.63,-0.00186269,1.0645,-0.00592957,2.06704,-0.00160703,1.07145,-0.00629447,2.06951
1.632,-0.00186269,1.06447,-0.00588396,2.06695,-0.00160703,1.07145,-0.00629447,2.0696
1.634,-0.00186269,1.06447,-0.00588396,2.06695,-0.00160703,1.07145,-0.00629447,2.0696
1.636,-0.00186269,1.06447,-0.00588396,2.06695,-0.0015705,1.07145,-0.00629447,2.0696
1.638,-0.00186269,1.0645,-0.00592957,2.06695,-0.00168007,1.07145,-0.00629447,2.0696
1.64,-0.00186269,1.0645,-0.00592957,2.06695,-0.0015705,1.07145,-0.00629447,2.06951
1.642,-0.00186269,1.06447,-0.00588396,2.06695,-0.00160703,1.07145,-0.00629447,2.0696
1.644,-0.00186269,1.06447,-0.00588396,2.06704,-0.00160703,1.07145,-0.00629447,2.06951
1.646,-0.00186269,1.06447,-0.00588396,2.06695,-0.00160703,1.07145,-0.00629447,2.0696
1.648,-0.00186269,1.0645,-0.00592957,2.06704,-0.00160703,1.07145,-0.00629447,2.0696
1.65,-0.00186269,1.0645,-0.00592957,2.06704,-0.0015705,1.07145,-0.00629447,2.06951
1.652,-0.00186269,1.06447,-0.00588396,2.06704,-0.0015705,1.07145,-0.00629447,2.0696
1.654,-0.00186269,1.06447,-0.00588396,2.06704,-0.00160703,1.07145,-0.00629447,2.0696
1.656,-0.00186269,1.06447,-0.00588396,2.06704,-0.00160703,1.07145,-0.00629447,2.06951
1.658,-0.00186269,1.06447,-0.00588396,2.06704,-0.00160703,1.07142,-0.00624886,2.06951
1.66,-0.00186269,1.06447,-0.00588396,2.06704,-0.00160703,1.07145,-0.00629447,2.0696
1.662,-0.00186269,1.06447,-0.00588396,2.06704,-0.00160703,1.07142,-0.00624886,2.0696
1.664,-0.00186269,1.06447,-0.00588396,2.06704,-0.00164355,1.07145,-0.00629447,2.06951
1.666,-0.00186269,1.06447,-0.00588396,2.06704,-0.0015705,1.07145,-0.00629447,2.0696
1.668,-0.00189921,1.0645,-0.00592957,2.06704,-0.0015705,1.07145,-0.00629447,2.0696
1.67,-0.00186269,1.06447,-0.00588396,2.06704,-0.00164355,1.07145,-0.00629447,2.06951
1.672,-0.00186269,1.06447,-0.00588396,2.06704,-0.00160703,1.07145,-0.00629447,2.06951
1.674,-0.00186269,1.0645,-0.00592957,2.06704,-0.0015705,1.07145,-0.00629447,2.06951
1.676,-0.00186269,1.0645,-0.00592957,2.06704,-0.00164355,1.07145,-0.00629447,2.06951
1.678,-0.00186269,1.0645,-0.00592957,2.06704,-0.0015705,1.07148,-0.00624886,2.06951
1.68,-0.00186269,1.06447,-0.00588396,2.06704,-0.00160703,1.07145,-0.00629447,2.06951
1.682,-0.00186269,1.0645,-0.00592957,2.06695,-0.00160703,1.07145,-0.00629447,2.0696
1.684,-0.00186269,1.0645,-0.00592957,2.06695,-0.00160703,1.07142,-0.00624886,2.0696
1.686,-0.00186269,1.06447,-0.00588396,2.06695,-0.00160703,1.07145,-0.00629447,2.0696
1.688,-0.00186269,1.06447,-0.00588396,2.06695,-0.00160703,1.07145,-0.00629447,2.06951
1.69,-0.00186269,1.0645,-0.00592957,2.06704,-0.00153398,1.07145,-0.00629447,2.06951
1.692,-0.00186269,1.06447,-0.00588396,2.06704,-0.0015705,1.07145,-0.00629447,2.0696
1.694,-0.00186269,1.0645,-0.00592957,2.06704,-0.0015705,1.07145,-0.00629447,2.0696
1.696,-0.00186269,1.06447,-0.00588396,2.06704,-0.00160703,1.07145,-0.00629447,2.0696
1.698,-0.00186269,1.0645,-0.00592957,2.06695,-0.00160703,1.07145,-0.00629447,2.0696
1.7,-0.00186269,1.06447,-0.00588396,2.06704,-0.00160703,1.07145,-0.00629447,2.06951
1.702,-0.00186269,1.06447,-0.00588396,2.06704,-0.00164355,1.07142,-0.00624886,2.0696
1.704,-0.00186269,1.06447,-0.00588396,2.06704,-0.00160703,1.07145,-0.00629447,2.06951
1.706,-0.00189921,1.0645,-0.00592957,2.06704,-0.00160703,1.07145,-0.00629447,2.06951
1.708,-0.00186269,1.0645,-0.00592957,2.06704,-0.0015705,1.07142,-0.00634008,2.0696
1.71,-0.00186269,1.0645,-0.00592957,2.06704,-0.0015705,1.07145,-0.0063857,2.06951
1.712,-0.00189921,1.06447,-0.00588396,2.06695,-0.00160703,1.07148,-0.00624886,2.0696
1.714,-0.00186269,1.06447,-0.00588396,2.06704,-0.00160703,1.07145,-0.00629447,2.0696
1.716,-0.00186269,1.06447,-0.00588396,2.06704,-0.00164355,1.07145,-0.00629447,2.0696
1.718,-0.00186269,1.0645,-0.00592957,2.06695,-0.00160703,1.07145,-0.00629447,2.06951
1.72,-0.00186269,1.0645,-0.00592957,2.06695,-0.00160703,1.07145,-0.00629447,2.0696
1.722,-0.00186269,1.0645,-0.00592957,2.06704,-0.00160703,1.07145,-0.00629447,2.0696
1.724,-0.00189921,1.0645,-0.00592957,2.06704,-0.0015705,1.07145,-0.00629447,2.0696
1.726,-0.00189921,1.06447,-0.00588396,2.06695,-0.00160703,1.07145,-0.00629447,2.06951
1.728,-0.00186269,1.0645,-0.00592957,2.06704,-0.0015705,1.07148,-0.00624886,2.0696
1.73,-0.00186269,1.0645,-0.00592957,2.06695,-0.00160703,1.07145,-0.00629447,2.06951
1.732,-0.00186269,1.0645,-0.00592957,2.06695,-0.00160703,1.07145,-0.00629447,2.06951
1.734,-0.00186269,1.06447,-0.00588396,2.06695,-0.00160703,1.07145,-0.00629447,2.0696
1.736,-0.00186269,1.0645,-0.00592957,2.06704,-0.00160703,1.07142,-0.00634008,2.06951
1.738,-0.00186269,1.0645,-0.00592957,2.06704,-0.0015705,1.07145,-0.00629447,2.0696
1.74,-0.00186269,1.0645,-0.00592957,2.06704,-0.0015705,1.07145,-0.00629447,2.0696
1.742,-0.00186269,1.0645,-0.00592957,2.06704,-0.00160703,1.07145,-0.00629447,2.06951
1.744,-0.00186269,1.06447,-0.00588396,2.06704,-0.00160703,1.07145,-0.00629447,2.06951
1.746,-0.00189921,1.06447,-0.00588396,2.06695,-0.00160703,1.07145,-0.00629447,2.0696
1.748,-0.00186269,1.0645,-0.00592957,2.06695,-0.0015705,1.07142,-0.00634008,2.0696
1.75,-0.00186269,1.0645,-0.00592957,2.06695,-0.0015705,1.07142,-0.00634008,2.0696
1.752,-0.00186269,1.0645,-0.00592957,2.06695,-0.00160703,1.0714,-0.00629447,2.06951
1.754,-0.00186269,1.06447,-0.00588396,2.06704,-0.00164355,1.07142,-0.00624886,2.06951
1.756,-0.00186269,1.0645,-0.00592957,2.06704,-0.0015705,1.07145,-0.00629447,2.0696
1.758,-0.00189921,1.0645,-0.00592957,2.06704,-0.00160703,1.07148,-0.00624886,2.06951
1.76,-0.00186269,1.06447,-0.00588396,2.06704,-0.00160703,1.07145,-0.00620325,2.06951
1.762,-0.00186269,1.06447,-0.00588396,2.06695,-0.00160703,1.07142,-0.00624886,2.06951
1.764,-0.00189921,1.0645,-0.00592957,2.06695,-0.00164355,1.07145,-0.00629447,2.06951
1.766,-0.00186269,1.0645,-0.00592957,2.06695,-0.00160703,1.07142,-0.00634008,2.06951
1.768,-0.00186269,1.0645,-0.00592957,2.06704,-0.00160703,1.07142,-0.00634008,2.06951
1.77,-0.00186269,1.06447,-0.00588396,2.06695,-0.00160703,1.07145,-0.00629447,2.06951
1.772,-0.00186269,1.06447,-0.00588396,2.06704,-0.00160703,1.07145,-0.00629447,2.06951
1.774,-0.00186269,1.0645,-0.00592957,2.06695,-0.0015705,1.07145,-0.00629447,2.06951
1.776,-0.00186269,1.0645,-0.00592957,2.06695,-0.00164355,1.07145,-0.00629447,2.06951
1.778,-0.00186269,1.0645,-0.00592957,2.06695,-0.0015705,1.07145,-0.00629447,2.06951
1.78,-0.00186269,1.06447,-0.00588396,2.06695,-0.00160703,1.07145,-0.00629447,2.0696
1.782,-0.00186269,1.06447,-0.00588396,2.06695,-0.00160703,1.07145,-0.00629447,2.06951
1.784,-0.00189921,1.06447,-0.00588396,2.06704,-0.00164355,1.07145,-0.00629447,2.06951
1.786,-0.00186269,1.0645,-0.00592957,2.06704,-0.00160703,1.07145,-0.00629447,2.06951
1.788,-0.00186269,1.0645,-0.00592957,2.06704,-0.00160703,1.07145,-0.00629447,2.06951
1.79,-0.00189921,1.06447,-0.00588396,2.06695,-0.00160703,1.07145,-0.00629447,2.06951
1.792,-0.00186269,1.0645,-0.00592957,2.06695,-0.00160703,1.07145,-0.00629447,2.0696
1.794,-0.00186269,1.06447,-0.00588396,2.06695,-0.00160703,1.07145,-0.00629447,2.0696
1.796,-0.00186269,1.06447,-0.00588396,2.06704,-0.0015705,1.07145,-0.00629447,2.0696
1.798,-0.00186269,1.06447,-0.00588396,2.06704,-0.00164355,1.07145,-0.00629447,2.06951
1.8,-0.00186269,1.06447,-0.00588396,2.06704,-0.00160703,1.07145,-0.00629447,2.06951
1.802,-0.00186269,1.0645,-0.00592957,2.06704,-0.0015705,1.07145,-0.00629447,2.06951
1.804,-0.00186269,1.0645,-0.00592957,2.06704,-0.0015705,1.07145,-0.00629447,2.0696
1.806,-0.00186269,1.06447,-0.00588396,2.06695,-0.0015705,1.07145,-0.00629447,2.0696
1.808,-0.00186269,1.06447,-0.00588396,2.06695,-0.0015705,1.07145,-0.00629447,2.0696
1.81,-0.00186269,1.0645,-0.00592957,2.06695,-0.00160703,1.07145,-0.00629447,2.06951
1.812,-0.00186269,1.0645,-0.00592957,2.06695,-0.00164355,1.07148,-0.00624886,2.06951
1.814,-0.00186269,1.0645,-0.00592957,2.06704,-0.00160703,1.07142,-0.00624886,2.06951
1.816,-0.00186269,1.06447,-0.00588396,2.06704,-0.00160703,1.07142,-0.00634008,2.06951
1.818,-0.00186269,1.06447,-0.00588396,2.06704,-0.0015705,1.0714,-0.00629447,2.06951
1.82,-0.00186269,1.0645,-0.00592957,2.06704,-0.00160703,1.07142,-0.00634008,2.0696
1.822,-0.00189921,1.0645,-0.00592957,2.06704,-0.00160703,1.07145,-0.00629447,2.0696
1.824,-0.00186269,1.06447,-0.00588396,2.06695,-0.00160703,1.07145,-0.00629447,2.0696
1.826,-0.00186269,1.0645,-0.00592957,2.06695,-0.00160703,1.07145,-0.00629447,2.06951
1.828,-0.00186269,1.06447,-0.00588396,2.06695,-0.00160703,1.07142,-0.00624886,2.06951
1.83,-0.00186269,1.06447,-0.00588396,2.06695,-0.00160703,1.07145,-0.00629447,2.06951
1.832,-0.00186269,1.0645,-0.00592957,2.06704,-0.0015705,1.07142,-0.00624886,2.0696
1.834,-0.00186269,1.0645,-0.00592957,2.06704,-0.00160703,1.07142,-0.00634008,2.0696
1.836,-0.00186269,1.0645,-0.00592957,2.06704,-0.00160703,1.07148,-0.00624886,2.0696
1.838,-0.00186269,1.06447,-0.00588396,2.06704,-0.00164355,1.07145,-0.00629447,2.0696
1.84,-0.00186269,1.06447,-0.00588396,2.06695,-0.00160703,1.07145,-0.00629447,2.0696
1.842,-0.00186269,1.0645,-0.00592957,2.06695,-0.00160703,1.07145,-0.00629447,2.06951
1.844,-0.00186269,1.0645,-0.00592957,2.06695,-0.00160703,1.07145,-0.00629447,2.06951
1.846,-0.00189921,1.0645,-0.00592957,2.06695,-0.00160703,1.07142,-0.00634008,2.0696
1.848,-0.00189921,1.0645,-0.00592957,2.06704,-0.0015705,1.07145,-0.00620325,2.06951
1.85,-0.00186269,1.06447,-0.00588396,2.06704,-0.0015705,1.07145,-0.00629447,2.0696
1.852,-0.00186269,1.06447,-0.00588396,2.06704,-0.00160703,1.07145,-0.00629447,2.0696
1.854,-0.00186269,1.06447,-0.00588396,2.06695,-0.00164355,1.07145,-0.00629447,2.06951
1.856,-0.00186269,1.06447,-0.00588396,2.06695,-0.0015705,1.07142,-0.00634008,2.0696
1.858,-0.00186269,1.0645,-0.00592957,2.06695,-0.00160703,1.07145,-0.00629447,2.06951
1.86,-0.00186269,1.0645,-0.00592957,2.06704,-0.0015705,1.07142,-0.00634008,2.06951
1.862,-0.00186269,1.06447,-0.00588396,2.06704,-0.00160703,1.07142,-0.00624886,2.0696
1.864,-0.00186269,1.06447,-0.00588396,2.06704,-0.00160703,1.07142,-0.00624886,2.06951
1.866,-0.00186269,1.0645,-0.00592957,2.06704,-0.00164355,1.07145,-0.00629447,2.06951
1.868,-0.00186269,1.0645,-0.00592957,2.06704,-0.0015705,1.07142,-0.00624886,2.0696
1.87,-0.00186269,1.06447,-0.00588396,2.06695,-0.00164355,1.07142,-0.00634008,2.0696
1.872,-0.00186269,1.0645,-0.00592957,2.06695,-0.00160703,1.07145,-0.00629447,2.0696
1.874,-0.00186269,1.0645,-0.00592957,2.06695,-0.00160703,1.07145,-0.00629447,2.06951
1.876,-0.00186269,1.06447,-0.00588396,2.06704,-0.00160703,1.07145,-0.00629447,2.06951
1.878,-0.00186269,1.0645,-0.00592957,2.06704,-0.00160703,1.07145,-0.00629447,2.06951
1.88,-0.00186269,1.0645,-0.00592957,2.06704,-0.00160703,1.07145,-0.00629447,2.0696
1.882,-0.00189921,1.0645,-0.00592957,2.06704,-0.00164355,1.07145,-0.00629447,2.0696
1.884,-0.00189921,1.06447,-0.00588396,2.06695,-0.00160703,1.07145,-0.00629447,2.0696
1.886,-0.00189921,1.0645,-0.00592957,2.06695,-0.00160703,1.07142,-0.00634008,2.06951
1.888,-0.00189921,1.06447,-0.00588396,2.06695,-0.00160703,1.07145,-0.00629447,2.06951
1.89,-0.00186269,1.0645,-0.00592957,2.06695,-0.00160703,1.07145,-0.00629447,2.06951
1.892,-0.00186269,1.06447,-0.00588396,2.06704,-0.00164355,1.07145,-0.00629447,2.06951
1.894,-0.00186269,1.06447,-0.00588396,2.06704,-0.00164355,1.07145,-0.00629447,2.0696
1.896,-0.00186269,1.0645,-0.00592957,2.06704,-0.00160703,1.07142,-0.00624886,2.06951
1.898,-0.00186269,1.0645,-0.00592957,2.06695,-0.00160703,1.07145,-0.00629447,2.06951
1.9,-0.00189921,1.06447,-0.00588396,2.06695,-0.00160703,1.07145,-0.00629447,2.06951
1.902,-0.00189921,1.06447,-0.00588396,2.06695,-0.00164355,1.07145,-0.00629447,2.06951
1.904,-0.00186269,1.0645,-0.00592957,2.06695,-0.0015705,1.07148,-0.00624886,2.06951
1.906,-0.00186269,1.0645,-0.00592957,2.06695,-0.00164355,1.07145,-0.00629447,2.06951
1.908,-0.00186269,1.0645,-0.00592957,2.06704,-0.00160703,1.07145,-0.00629447,2.0696
1.91,-0.00186269,1.0645,-0.00592957,2.06704,-0.00160703,1.07145,-0.00629447,2.0696
1.912,-0.00186269,1.0645,-0.00592957,2.06704,-0.00160703,1.07142,-0.00634008,2.0696
1.914,-0.00186269,1.0645,-0.00592957,2.06695,-0.00160703,1.07145,-0.00629447,2.06951
1.916,-0.00186269,1.0645,-0.00592957,2.06704,-0.00160703,1.07145,-0.00629447,2.0696
1.918,-0.00189921,1.0645,-0.00592957,2.06704,-0.0015705,1.07145,-0.00629447,2.0696
1.92,-0.00189921,1.06447,-0.00588396,2.06704,-0.00160703,1.07145,-0.00629447,2.06951
1.922,-0.00186269,1.06447,-0.00588396,2.06695,-0.00164355,1.07145,-0.00629447,2.06951
1.924,-0.00186269,1.06447,-0.00588396,2.06695,-0.00160703,1.07142,-0.00624886,2.06951
1.926,-0.00186269,1.0645,-0.00592957,2.06704,-0.0015705,1.07145,-0.00629447,2.06951
1.928,-0.00186269,1.0645,-0.00592957,2.06704,-0.00160703,1.07145,-0.00629447,2.0696
1.93,-0.00186269,1.06447,-0.00588396,2.06704,-0.00160703,1.07142,-0.00634008,2.0696
1.932,-0.00186269,1.0645,-0.00592957,2.06704,-0.00160703,1.07142,-0.00634008,2.06951
1.934,-0.00189921,1.0645,-0.00592957,2.06695,-0.00160703,1.07145,-0.00629447,2.06951
1.936,-0.00186269,1.0645,-0.00592957,2.06695,-0.00160703,1.07145,-0.00629447,2.06951
1.938,-0.00186269,1.0645,-0.00592957,2.06695,-0.0015705,1.07145,-0.00629447,2.0696
1.94,-0.00189921,1.0645,-0.00592957,2.06695,-0.00160703,1.07145,-0.00629447,2.0696
1.942,-0.00189921,1.06447,-0.00588396,2.06704,-0.00160703,1.07145,-0.00629447,2.0696
1.944,-0.00186269,1.06447,-0.00588396,2.06695,-0.00160703,1.07145,-0.00629447,2.06951
1.946,-0.00186269,1.0645,-0.00592957,2.06704,-0.00160703,1.07142,-0.00634008,2.06951
1.948,-0.00186269,1.06447,-0.00588396,2.06704,-0.00160703,1.07145,-0.00629447,2.06951
1.95,-0.00186269,1.0645,-0.00592957,2.06695,-0.00164355,1.07145,-0.00629447,2.0696
1.952,-0.00186269,1.06447,-0.00588396,2.06695,-0.0015705,1.07142,-0.00634008,2.0696
1.954,-0.00189921,1.06447,-0.00588396,2.06695,-0.00160703,1.07142,-0.00624886,2.0696
1.956,-0.00186269,1.0645,-0.00592957,2.06695,-0.00160703,1.07145,-0.00629447,2.06951
1.958,-0.00186269,1.0645,-0.00592957,2.06704,-0.0015705,1.07142,-0.00634008,2.0696
1.96,-0.00186269,1.0645,-0.00592957,2.06704,-0.00164355,1.07145,-0.00629447,2.06951
1.962,-0.00186269,1.0645,-0.00592957,2.06704,-0.00164355,1.07142,-0.00634008,2.06951
1.964,-0.00186269,1.0645,-0.00592957,2.06704,-0.0015705,1.07145,-0.00629447,2.06951
1.966,-0.00186269,1.0645,-0.00592957,2.06695,-0.00164355,1.07145,-0.00629447,2.0696
1.968,-0.00189921,1.0645,-0.00592957,2.06695,-0.00160703,1.07145,-0.00629447,2.0696
1.97,-0.00186269,1.0645,-0.00592957,2.06695,-0.00160703,1.07145,-0.00629447,2.0696
1.972,-0.00186269,1.06447,-0.00588396,2.06704,-0.00160703,1.07145,-0.00629447,2.0696
1.974,-0.00186269,1.06447,-0.00588396,2.06704,-0.00160703,1.07142,-0.00624886,2.06951
1.976,-0.00186269,1.0645,-0.00592957,2.06704,-0.00160703,1.07145,-0.00629447,2.06951
1.978,-0.00189921,1.0645,-0.00592957,2.06712,-0.00160703,1.07145,-0.00629447,2.0696
1.98,-0.00186269,1.0645,-0.00592957,2.06704,-0.00160703,1.07145,-0.00629447,2.06951
1.982,-0.00186269,1.0645,-0.00592957,2.06704,-0.00160703,1.07145,-0.00629447,2.0696
1.984,-0.00186269,1.06447,-0.00588396,2.06695,-0.00160703,1.07145,-0.00629447,2.06951
1.986,-0.00186269,1.0645,-0.00592957,2.06695,-0.00160703,1.07145,-0.00629447,2.0696
1.988,-0.00186269,1.0645,-0.00592957,2.06704,-0.0015705,1.07145,-0.00629447,2.06951
1.99,-0.00186269,1.0645,-0.00592957,2.06704,-0.00160703,1.07142,-0.00634008,2.06951
1.992,-0.00189921,1.0645,-0.00592957,2.06704,-0.00164355,1.07145,-0.00629447,2.06951
1.994,-0.00186269,1.06447,-0.00588396,2.06704,-0.0015705,1.07145,-0.00629447,2.06951
1.996,-0.00186269,1.06447,-0.00588396,2.06704,-0.00160703,1.07142,-0.00634008,2.0696
1.998,-0.00186269,1.0645,-0.00592957,2.06704,-0.00160703,1.07142,-0.00624886,2.0696
2,-0.00189921,1.0645,-0.00592957,2.06704,-0.0015705,1.07145,-0.00629447,2.0696
2.002,-0.00186269,1.0645,-0.00592957,2.06704,-0.0015705,1.07145,-0.00629447,2.06951
2.004,-0.00186269,1.06447,-0.00588396,2.06695,-0.0015705,1.07145,-0.00629447,2.0696
2.006,-0.00186269,1.06447,-0.00588396,2.06704,-0.00160703,1.07145,-0.00629447,2.06951
2.008,-0.00186269,1.06447,-0.00588396,2.06704,-0.00160703,1.07145,-0.00629447,2.06951
2.01,-0.00186269,1.0645,-0.00592957,2.06704,-0.00160703,1.07145,-0.00629447,2.06951
2.012,-0.00186269,1.0645,-0.00592957,2.06704,-0.00160703,1.07142,-0.00624886,2.06951
2.014,-0.00189921,1.0645,-0.00592957,2.06704,-0.00160703,1.07145,-0.00629447,2.06951
2.016,-0.00186269,1.0645,-0.00592957,2.06695,-0.00164355,1.0714,-0.00629447,2.06951
2.018,-0.00186269,1.06447,-0.00588396,2.06695,-0.00160703,1.07145,-0.00629447,2.06951
2.02,-0.00186269,1.06447,-0.00588396,2.06695,-0.00160703,1.07145,-0.00629447,2.06951
2.022,-0.00186269,1.0645,-0.00592957,2.06704,-0.0015705,1.07145,-0.00629447,2.06951
2.024,-0.00186269,1.0645,-0.00592957,2.06704,-0.00164355,1.07145,-0.00629447,2.06951
2.026,-0.00189921,1.0645,-0.00592957,2.06704,-0.0015705,1.07145,-0.00629447,2.0696
2.028,-0.00189921,1.06447,-0.00588396,2.06704,-0.00160703,1.07145,-0.00629447,2.0696
2.03,-0.00189921,1.06447,-0.00588396,2.06704,-0.00164355,1.07145,-0.00629447,2.0696
2.032,-0.00186269,1.06447,-0.00588396,2.06695,-0.00160703,1.07145,-0.00629447,2.0696
2.034,-0.00189921,1.06447,-0.00588396,2.06695,-0.0015705,1.0714,-0.00629447,2.06951
2.036,-0.00186269,1.0645,-0.00592957,2.06695,-0.00164355,1.07145,-0.00629447,2.06951
2.038,-0.00186269,1.0645,-0.00592957,2.06704,-0.00160703,1.07145,-0.00629447,2.06951
2.04,-0.00186269,1.06447,-0.00588396,2.06704,-0.00160703,1.07142,-0.00624886,2.06951
2.042,-0.00186269,1.06447,-0.00588396,2.06704,-0.0015705,1.07145,-0.00629447,2.06951
2.044,-0.00189921,1.06447,-0.00588396,2.06704,-0.0015705,1.07142,-0.00624886,2.0696
2.046,-0.00186269,1.06447,-0.00588396,2.06695,-0.0015705,1.07148,-0.00624886,2.06951
2.048,-0.00186269,1.06447,-0.00588396,2.06695,-0.00160703,1.07145,-0.00629447,2.0696
2.05,-0.00186269,1.06447,-0.00588396,2.06695,-0.00164355,1.07145,-0.00629447,2.0696
2.052,-0.00186269,1.06447,-0.00588396,2.06704,-0.00160703,1.07142,-0.00634008,2.06951
2.054,-0.00186269,1.0645,-0.00592957,2.06704,-0.00160703,1.07145,-0.00629447,2.06951
2.056,-0.00186269,1.0645,-0.00592957,2.06704,-0.00160703,1.07145,-0.00629447,2.06951
2.058,-0.00186269,1.0645,-0.00592957,2.06704,-0.00160703,1.07145,-0.00629447,2.0696
2.06,-0.00189921,1.0645,-0.00592957,2.06704,-0.00160703,1.07145,-0.00629447,2.0696
2.062,-0.00186269,1.06445,-0.00592957,2.06695,-0.00160703,1.07145,-0.00629447,2.0696
2.064,-0.00189921,1.0645,-0.00592957,2.06695,-0.00160703,1.07145,-0.00629447,2.06951
2.066,-0.00186269,1.0645,-0.00592957,2.06695,-0.00164355,1.07145,-0.00629447,2.06951
2.068,-0.00186269,1.0645,-0.00592957,2.06704,-0.00168007,1.07145,-0.00629447,2.06951
2.07,-0.00186269,1.0645,-0.00592957,2.06704,-0.00160703,1.07145,-0.00620325,2.06951
2.072,-0.00186269,1.0645,-0.00592957,2.06704,-0.00160703,1.07145,-0.00629447,2.06951
2.074,-0.00189921,1.06447,-0.00588396,2.06704,-0.00164355,1.07142,-0.00634008,2.06951
2.076,-0.00186269,1.0645,-0.00592957,2.06704,-0.00160703,1.07142,-0.00624886,2.06951
2.078,-0.00189921,1.06447,-0.00588396,2.06695,-0.00160703,1.07142,-0.00624886,2.0696
2.08,-0.00186269,1.0645,-0.00592957,2.06695,-0.00160703,1.07142,-0.00624886,2.0696
2.082,-0.00186269,1.06447,-0.00588396,2.06695,-0.0015705,1.07145,-0.00629447,2.0696
2.084,-0.00186269,1.06447,-0.00588396,2.06704,-0.00160703,1.07142,-0.00634008,2.06951
2.086,-0.00186269,1.0645,-0.00592957,2.06704,-0.00160703,1.07145,-0.00629447,2.0696
2.088,-0.00186269,1.06447,-0.00588396,2.06704,-0.00160703,1.07145,-0.00629447,2.0696
2.09,-0.00186269,1.0645,-0.00592957,2.06704,-0.00160703,1.07142,-0.00624886,2.0696
2.092,-0.00189921,1.0645,-0.00592957,2.06704,-0.0015705,1.07145,-0.00629447,2.0696
2.094,-0.00189921,1.0645,-0.00592957,2.06704,-0.00160703,1.07145,-0.00629447,2.0696
2.096,-0.00186269,1.06447,-0.00588396,2.06695,-0.00160703,1.07142,-0.00634008,2.0696
2.098,-0.00186269,1.06447,-0.00588396,2.06704,-0.00160703,1.07145,-0.00629447,2.06951
2.1,-0.00186269,1.06447,-0.00588396,2.06704,-0.00164355,1.07142,-0.00634008,2.06951
2.102,-0.00186269,1.0645,-0.00592957,2.06712,-0.00164355,1.07142,-0.00634008,2.06951
2.104,-0.00186269,1.0645,-0.00592957,2.06712,-0.0015705,1.07142,-0.00624886,2.0696
2.106,-0.00186269,1.0645,-0.00592957,2.06712,-0.0015705,1.07145,-0.00629447,2.06951
2.108,-0.00186269,1.0645,-0.00592957,2.06704,-0.00160703,1.07145,-0.00620325,2.0696
2.11,-0.00189921,1.06447,-0.00588396,2.06695,-0.00160703,1.07148,-0.00634008,2.0696
2.112,-0.00186269,1.06447,-0.00588396,2.06695,-0.00164355,1.07142,-0.00634008,2.0696
2.114,-0.00186269,1.0645,-0.00592957,2.06695,-0.00164355,1.07145,-0.00629447,2.06951
2.116,-0.00186269,1.06447,-0.00588396,2.06704,-0.00160703,1.07145,-0.00629447,2.06951
2.118,-0.00186269,1.0645,-0.00592957,2.06704,-0.00160703,1.07145,-0.00629447,2.06951
2.12,-0.00186269,1.0645,-0.00592957,2.06704,-0.00160703,1.07145,-0.00629447,2.06951
2.122,-0.00186269,1.0645,-0.00592957,2.06704,-0.00164355,1.07142,-0.00624886,2.0696
2.124,-0.00186269,1.06447,-0.00588396,2.06704,-0.00160703,1.07148,-0.00624886,2.0696
2.126,-0.00189921,1.06447,-0.00588396,2.06695,-0.00164355,1.07145,-0.00629447,2.0696
2.128,-0.00189921,1.06447,-0.00588396,2.06695,-0.00160703,1.07145,-0.00629447,2.06951
2.13,-0.00186269,1.0645,-0.00592957,2.06695,-0.00160703,1.07148,-0.00624886,2.06951
2.132,-0.00186269,1.0645,-0.00592957,2.06704,-0.00164355,1.07145,-0.00629447,2.06951
2.134,-0.00186269,1.0645,-0.00592957,2.06704,-0.00160703,1.07145,-0.00629447,2.0696
2.136,-0.00186269,1.0645,-0.00592957,2.06704,-0.00160703,1.07145,-0.00629447,2.0696
2.138,-0.00189921,1.06447,-0.00588396,2.06704,-0.00160703,1.07145,-0.00629447,2.0696
2.14,-0.00189921,1.0645,-0.00592957,2.06695,-0.00160703,1.07145,-0.00629447,2.0696
2.142,-0.00186269,1.06445,-0.00592957,2.06695,-0.00160703,1.07145,-0.00629447,2.0696
2.144,-0.00189921,1.06447,-0.00588396,2.06695,-0.00160703,1.07145,-0.00629447,2.06951
2.146,-0.00186269,1.06447,-0.00588396,2.06695,-0.00160703,1.07142,-0.00624886,2.06951
2.148,-0.00186269,1.06447,-0.00588396,2.06695,-0.00160703,1.0714,-0.00629447,2.06951
2.15,-0.00186269,1.06447,-0.00588396,2.06704,-0.00160703,1.07145,-0.00620325,2.0696
2.152,-0.00186269,1.0645,-0.00592957,2.06704,-0.00160703,1.07145,-0.00629447,2.06951
2.154,-0.00186269,1.0645,-0.00592957,2.06704,-0.00160703,1.07145,-0.00629447,2.0696
2.156,-0.00186269,1.06447,-0.00588396,2.06704,-0.0015705,1.07145,-0.00629447,2.0696
2.158,-0.00186269,1.06447,-0.00588396,2.06704,-0.0015705,1.07145,-0.00629447,2.0696
2.16,-0.00189921,1.06447,-0.00588396,2.06704,-0.00160703,1.07145,-0.00629447,2.06951
2.162,-0.00186269,1.0645,-0.00592957,2.06704,-0.00160703,1.07145,-0.00629447,2.0696
2.164,-0.00186269,1.0645,-0.00592957,2.06704,-0.00160703,1.07142,-0.00634008,2.06951
2.166,-0.00186269,1.0645,-0.00592957,2.06704,-0.00164355,1.07145,-0.00629447,2.0696
2.168,-0.00186269,1.0645,-0.00592957,2.06704,-0.00160703,1.07142,-0.00624886,2.06951
2.17,-0.00186269,1.0645,-0.00592957,2.06704,-0.00160703,1.07145,-0.00629447,2.06951
2.172,-0.00189921,1.0645,-0.00592957,2.06704,-0.0015705,1.07145,-0.00629447,2.0696
2.174,-0.00189921,1.06447,-0.00588396,2.06704,-0.00160703,1.07148,-0.00624886,2.06951
2.176,-0.00189921,1.0645,-0.00592957,2.06704,-0.00160703,1.07148,-0.00624886,2.06951
2.178,-0.00189921,1.0645,-0.00592957,2.06695,-0.00160703,1.07145,-0.00629447,2.0696
2.18,-0.00189921,1.0645,-0.00592957,2.06695,-0.00160703,1.07145,-0.00620325,2.0696
2.182,-0.00186269,1.0645,-0.00592957,2.06695,-0.00160703,1.07145,-0.00629447,2.0696
2.184,-0.00186269,1.0645,-0.00592957,2.06695,-0.00164355,1.07142,-0.00634008,2.06951
2.186,-0.00189921,1.06447,-0.00588396,2.06704,-0.00160703,1.07145,-0.00629447,2.0696
2.188,-0.00189921,1.0645,-0.00592957,2.06704,-0.00160703,1.07145,-0.00629447,2.06951
2.19,-0.00189921,1.0645,-0.00592957,2.06704,-0.0015705,1.07142,-0.00624886,2.06951
2.192,-0.00186269,1.0645,-0.00592957,2.06704,-0.00160703,1.07145,-0.00629447,2.0696
2.194,-0.00186269,1.06447,-0.00597519,2.06695,-0.00160703,1.07145,-0.00629447,2.06951
2.196,-0.00186269,1.0645,-0.00592957,2.06695,-0.00164355,1.07142,-0.00624886,2.0696
2.198,-0.00186269,1.06447,-0.00588396,2.06695,-0.00160703,1.07145,-0.00629447,2.06951
2.2,-0.00186269,1.06447,-0.00588396,2.06704,-0.0015705,1.07142,-0.00634008,2.06951
2.202,-0.00186269,1.0645,-0.00592957,2.06704,-0.00160703,1.07145,-0.00629447,2.0696
2.204,-0.00186269,1.0645,-0.00592957,2.06704,-0.00160703,1.07145,-0.00629447,2.06951
2.206,-0.00189921,1.06447,-0.00588396,2.06704,-0.00160703,1.07142,-0.00624886,2.06951
2.208,-0.00186269,1.06447,-0.00588396,2.06695,-0.00164355,1.07142,-0.00624886,2.0696
2.21,-0.00186269,1.06447,-0.00588396,2.06695,-0.00160703,1.07142,-0.00624886,2.0696
2.212,-0.00186269,1.06445,-0.00592957,2.06695,-0.00164355,1.07145,-0.00629447,2.0696
2.214,-0.00186269,1.06447,-0.00588396,2.06695,-0.00164355,1.07145,-0.00629447,2.06951
2.216,-0.00186269,1.06445,-0.00592957,2.06695,-0.0015705,1.07142,-0.00634008,2.06951
2.218,-0.00189921,1.0645,-0.00592957,2.06704,-0.00160703,1.07145,-0.00629447,2.06943
2.22,-0.00189921,1.06447,-0.00588396,2.06704,-0.00164355,1.07142,-0.00624886,2.06951
2.222,-0.00186269,1.06447,-0.00588396,2.06704,-0.00160703,1.07145,-0.00629447,2.06951
2.224,-0.00186269,1.06447,-0.00588396,2.06695,-0.0015705,1.07142,-0.00624886,2.0696
2.226,-0.00186269,1.06447,-0.00588396,2.06695,-0.00160703,1.07145,-0.00629447,2.0696
2.228,-0.00186269,1.06447,-0.00588396,2.06695,-0.00164355,1.07145,-0.00629447,2.0696
2.23,-0.00189921,1.0645,-0.00592957,2.06695,-0.0015705,1.07142,-0.00634008,2.0696
2.232,-0.00189921,1.06447,-0.00588396,2.06695,-0.00160703,1.07142,-0.00634008,2.06951
2.234,-0.00186269,1.0645,-0.00592957,2.06704,-0.00164355,1.07145,-0.00629447,2.06951
2.236,-0.00186269,1.0645,-0.00592957,2.06704,-0.00160703,1.07142,-0.00624886,2.06951
2.238,-0.00186269,1.0645,-0.00592957,2.06704,-0.00160703,1.07145,-0.00629447,2.0696
2.24,-0.00186269,1.06447,-0.00588396,2.06704,-0.00164355,1.07145,-0.00629447,2.0696
2.242,-0.00186269,1.0645,-0.00592957,2.06695,-0.0015705,1.07145,-0.00629447,2.0696
2.244,-0.00189921,1.06447,-0.00588396,2.06695,-0.0015705,1.07145,-0.00629447,2.0696
2.246,-0.00189921,1.06447,-0.00588396,2.06695,-0.00160703,1.07145,-0.00629447,2.06951
2.248,-0.00186269,1.0645,-0.00592957,2.06695,-0.00164355,1.07145,-0.00629447,2.06951
2.25,-0.00186269,1.0645,-0.00592957,2.06704,-0.00160703,1.0714,-0.00629447,2.06951
2.252,-0.00186269,1.06447,-0.00588396,2.06704,-0.00164355,1.07145,-0.00629447,2.06951
2.254,-0.00186269,1.06447,-0.00588396,2.06704,-0.00160703,1.07148,-0.00624886,2.0696
2.256,-0.00186269,1.06447,-0.00588396,2.06704,-0.00160703,1.07145,-0.00629447,2.06951
2.258,-0.00186269,1.06447,-0.00588396,2.06695,-0.00160703,1.07145,-0.00629447,2.0696
2.26,-0.00186269,1.06447,-0.00588396,2.06695,-0.00160703,1.07145,-0.00629447,2.0696
2.262,-0.00186269,1.0645,-0.00592957,2.06695,-0.0015705,1.07142,-0.00624886,2.06951
2.264,-0.00186269,1.0645,-0.00592957,2.06695,-0.0015705,1.07145,-0.00629447,2.06951
2.266,-0.00186269,1.0645,-0.00592957,2.06704,-0.00160703,1.07145,-0.00629447,2.06951
2.268,-0.00186269,1.06447,-0.00588396,2.06695,-0.00160703,1.07145,-0.00629447,2.0696
2.27,-0.00186269,1.06447,-0.00588396,2.06704,-0.00160703,1.07148,-0.00634008,2.06951
2.272,-0.00186269,1.0645,-0.00592957,2.06695,-0.00160703,1.07145,-0.00629447,2.0696
2.274,-0.00186269,1.0645,-0.00592957,2.06695,-0.00160703,1.07145,-0.00629447,2.0696
2.276,-0.00186269,1.0645,-0.00592957,2.06695,-0.0015705,1.07142,-0.00624886,2.0696
2.278,-0.00189921,1.0645,-0.00592957,2.06695,-0.0015705,1.07142,-0.00624886,2.06951
2.28,-0.00189921,1.06447,-0.00588396,2.06695,-0.0015705,1.07145,-0.00629447,2.06951
2.282,-0.00186269,1.0645,-0.00592957,2.06704,-0.00160703,1.07145,-0.00629447,2.0696
2.284,-0.00186269,1.0645,-0.00592957,2.06704,-0.00160703,1.07148,-0.00624886,2.06951
2.286,-0.00186269,1.06447,-0.00588396,2.06695,-0.00164355,1.07145,-0.00629447,2.0696
2.288,-0.00186269,1.0645,-0.00592957,2.06695,-0.00160703,1.07145,-0.00629447,2.06951
2.29,-0.00186269,1.0645,-0.00592957,2.06704,-0.00160703,1.07142,-0.00624886,2.06951
2.292,-0.00186269,1.0645,-0.00592957,2.06695,-0.00160703,1.07145,-0.00629447,2.0696
2.294,-0.00186269,1.0645,-0.00592957,2.06695,-0.00160703,1.07142,-0.00624886,2.06951
2.296,-0.00189921,1.06447,-0.00588396,2.06704,-0.00160703,1.07145,-0.00629447,2.06951
2.298,-0.00189921,1.06447,-0.00588396,2.06704,-0.00164355,1.07145,-0.00629447,2.0696
2.3,-0.00186269,1.0645,-0.00592957,2.06704,-0.0015705,1.07145,-0.00629447,2.0696
2.302,-0.00186269,1.0645,-0.00592957,2.06704,-0.00160703,1.07145,-0.00629447,2.0696
2.304,-0.00186269,1.0645,-0.00592957,2.06695,-0.0015705,1.07145,-0.00629447,2.06951
2.306,-0.00186269,1.0645,-0.00592957,2.06695,-0.00164355,1.07142,-0.00634008,2.0696
2.308,-0.00186269,1.0645,-0.00592957,2.06695,-0.00164355,1.07145,-0.00629447,2.06951
2.31,-0.00186269,1.0645,-0.00592957,2.06704,-0.00160703,1.07145,-0.00629447,2.0696
2.312,-0.00186269,1.0645,-0.00592957,2.06704,-0.00160703,1.07142,-0.00634008,2.06951
2.314,-0.00186269,1.0645,-0.00592957,2.06704,-0.00164355,1.07145,-0.00629447,2.06951
2.316,-0.00186269,1.0645,-0.00592957,2.06704,-0.0015705,1.07145,-0.00629447,2.0696
2.318,-0.00186269,1.0645,-0.00592957,2.06704,-0.00160703,1.0714,-0.00629447,2.0696
2.32,-0.00186269,1.06447,-0.00588396,2.06704,-0.00153398,1.07142,-0.00624886,2.0696
2.322,-0.00186269,1.0645,-0.00592957,2.06695,-0.0015705,1.07148,-0.00624886,2.06951
2.324,-0.00186269,1.0645,-0.00592957,2.06704,-0.00160703,1.07145,-0.00629447,2.0696
2.326,-0.00186269,1.0645,-0.00592957,2.06704,-0.00160703,1.07145,-0.00629447,2.06951
2.328,-0.00186269,1.0645,-0.00592957,2.06704,-0.00164355,1.07145,-0.00629447,2.06951
2.33,-0.00186269,1.06447,-0.00588396,2.06704,-0.0015705,1.07145,-0.00629447,2.0696
2.332,-0.00189921,1.0645,-0.00592957,2.06704,-0.0015705,1.07145,-0.00629447,2.0696
2.334,-0.00189921,1.0645,-0.00592957,2.06695,-0.0015705,1.07148,-0.00624886,2.06951
2.336,-0.00189921,1.0645,-0.00592957,2.06704,-0.00168007,1.07142,-0.00634008,2.06951
2.338,-0.00189921,1.0645,-0.00592957,2.06704,-0.00164355,1.07142,-0.00634008,2.0696
2.34,-0.00186269,1.06447,-0.00588396,2.06704,-0.00160703,1.07145,-0.00629447,2.06951
2.342,-0.00186269,1.06447,-0.00588396,2.06704,-0.00164355,1.07145,-0.00629447,2.06951
2.344,-0.00186269,1.06447,-0.00588396,2.06704,-0.0015705,1.07145,-0.00629447,2.0696
2.346,-0.00186269,1.0645,-0.00592957,2.06695,-0.00160703,1.07145,-0.00629447,2.06951
2.348,-0.00186269,1.0645,-0.00592957,2.06695,-0.00160703,1.07145,-0.00629447,2.06951
2.35,-0.00189921,1.06447,-0.00588396,2.06695,-0.00164355,1.07142,-0.00634008,2.0696
2.352,-0.00186269,1.06447,-0.00588396,2.06695,-0.00164355,1.07142,-0.00634008,2.06951
2.354,-0.00186269,1.0645,-0.00592957,2.06695,-0.00160703,1.07145,-0.00629447,2.06951
2.356,-0.00186269,1.0645,-0.00592957,2.06704,-0.0015705,1.07145,-0.00629447,2.06951
2.358,-0.00186269,1.0645,-0.00592957,2.06695,-0.00160703,1.07145,-0.00629447,2.0696
2.36,-0.00186269,1.06447,-0.00588396,2.06704,-0.00164355,1.07142,-0.00634008,2.0696
2.362,-0.00186269,1.0645,-0.00592957,2.06704,-0.00160703,1.07148,-0.00624886,2.0696
2.364,-0.00186269,1.06447,-0.00588396,2.06695,-0.00160703,1.07145,-0.00629447,2.06951
2.366,-0.00189921,1.06447,-0.00588396,2.06695,-0.0015705,1.07142,-0.00634008,2.06951
2.368,-0.00186269,1.0645,-0.00592957,2.06695,-0.00160703,1.07148,-0.00624886,2.06951
2.37,-0.00186269,1.0645,-0.00592957,2.06695,-0.00160703,1.07142,-0.00634008,2.0696
2.372,-0.00186269,1.0645,-0.00592957,2.06695,-0.00153398,1.07142,-0.00624886,2.0696
2.374,-0.00186269,1.06447,-0.00588396,2.06695,-0.00160703,1.07145,-0.00629447,2.06951
2.376,-0.00186269,1.06447,-0.00588396,2.06695,-0.00160703,1.07148,-0.00624886,2.06951
2.378,-0.00186269,1.06447,-0.00597519,2.06704,-0.00164355,1.07145,-0.00629447,2.0696
2.38,-0.00186269,1.0645,-0.00592957,2.06704,-0.00160703,1.07142,-0.00624886,2.0696
2.382,-0.00186269,1.06447,-0.00588396,2.06704,-0.00164355,1.07142,-0.00634008,2.06951
2.384,-0.00186269,1.06447,-0.00588396,2.06704,-0.0015705,1.07142,-0.00624886,2.0696
2.386,-0.00186269,1.0645,-0.00592957,2.06704,-0.00160703,1.07145,-0.00629447,2.06951
2.388,-0.00186269,1.0645,-0.00592957,2.06704,-0.0015705,1.07145,-0.00629447,2.0696
2.39,-0.00186269,1.0645,-0.00592957,2.06704,-0.00164355,1.07145,-0.00629447,2.0696
2.392,-0.00186269,1.0645,-0.00592957,2.06704,-0.00160703,1.07142,-0.00624886,2.0696
2.394,-0.00186269,1.06447,-0.00588396,2.06704,-0.00160703,1.07145,-0.00629447,2.0696
2.396,-0.00186269,1.0645,-0.00592957,2.06704,-0.00160703,1.07145,-0.00629447,2.06951
2.398,-0.00189921,1.0645,-0.00592957,2.06704,-0.0015705,1.07145,-0.00629447,2.06951
2.4,-0.00186269,1.0645,-0.00592957,2.06704,-0.0015705,1.07145,-0.00629447,2.0696
2.402,-0.00186269,1.0645,-0.00592957,2.06704,-0.00160703,1.07145,-0.00629447,2.0696
2.404,-0.00186269,1.0645,-0.00592957,2.06704,-0.0015705,1.07142,-0.00634008,2.06951
2.406,-0.00186269,1.0645,-0.00592957,2.06695,-0.00164355,1.07145,-0.00629447,2.06951
2.408,-0.00186269,1.06447,-0.00588396,2.06695,-0.00160703,1.07145,-0.00629447,2.06951
2.41,-0.00186269,1.06447,-0.00588396,2.06695,-0.00160703,1.07145,-0.00629447,2.0696
2.412,-0.00186269,1.0645,-0.00592957,2.06695,-0.00160703,1.07145,-0.00629447,2.06951
2.414,-0.00189921,1.0645,-0.00592957,2.06704,-0.00160703,1.07148,-0.00624886,2.06951
2.416,-0.00186269,1.0645,-0.00592957,2.06704,-0.00160703,1.07145,-0.00629447,2.0696
2.418,-0.00186269,1.0645,-0.00592957,2.06695,-0.00160703,1.07145,-0.00629447,2.06951
2.42,-0.00186269,1.06447,-0.00588396,2.06695,-0.00160703,1.07145,-0.00629447,2.0696
2.422,-0.00186269,1.06447,-0.00588396,2.06695,-0.00160703,1.07145,-0.00629447,2.06951
2.424,-0.00186269,1.0645,-0.00592957,2.06695,-0.00160703,1.07145,-0.00629447,2.0696
2.426,-0.00186269,1.0645,-0.00592957,2.06695,-0.00164355,1.07145,-0.00629447,2.0696
2.428,-0.00186269,1.06447,-0.00588396,2.06704,-0.0015705,1.07145,-0.00629447,2.06951
2.43,-0.00189921,1.06447,-0.00588396,2.06704,-0.0015705,1.07142,-0.00624886,2.06951
2.432,-0.00189921,1.06447,-0.00588396,2.06704,-0.00160703,1.07145,-0.00629447,2.0696
2.434,-0.00186269,1.0645,-0.00592957,2.06704,-0.00160703,1.07145,-0.00629447,2.0696
2.436,-0.00186269,1.06447,-0.00588396,2.06704,-0.00160703,1.07145,-0.00629447,2.06951
2.438,-0.00189921,1.0645,-0.00592957,2.06704,-0.00164355,1.07145,-0.00629447,2.06951
2.44,-0.00186269,1.06447,-0.00588396,2.06695,-0.0015705,1.07145,-0.00629447,2.0696
2.442,-0.00186269,1.06447,-0.00588396,2.06695,-0.0015705,1.07145,-0.00629447,2.06951
2.444,-0.00186269,1.0645,-0.00592957,2.06695,-0.0015705,1.07145,-0.00629447,2.06951
2.446,-0.00186269,1.0645,-0.00592957,2.06704,-0.00160703,1.07142,-0.00634008,2.06951
2.448,-0.00186269,1.06447,-0.00588396,2.06704,-0.00160703,1.07145,-0.00629447,2.06951
2.45,-0.00186269,1.0645,-0.00592957,2.06704,-0.00160703,1.07145,-0.00629447,2.06951
2.452,-0.00186269,1.06447,-0.00588396,2.06695,-0.00160703,1.07145,-0.00629447,2.06951
2.454,-0.00186269,1.06447,-0.00588396,2.06704,-0.00160703,1.07145,-0.00629447,2.0696
2.456,-0.00186269,1.06447,-0.00588396,2.06695,-0.00160703,1.07142,-0.00624886,2.06951
2.458,-0.00186269,1.0645,-0.00592957,2.06695,-0.0015705,1.07142,-0.00624886,2.06951
2.46,-0.00186269,1.0645,-0.00592957,2.06704,-0.00160703,1.07142,-0.00624886,2.0696
2.462,-0.00186269,1.0645,-0.00592957,2.06695,-0.00160703,1.07142,-0.00624886,2.0696
2.464,-0.00186269,1.06447,-0.00588396,2.06704,-0.0015705,1.07145,-0.00629447,2.06951
2.466,-0.00186269,1.06447,-0.00588396,2.06695,-0.00164355,1.07142,-0.00634008,2.0696
2.468,-0.00186269,1.0645,-0.00592957,2.06695,-0.0015705,1.07145,-0.00629447,2.0696
2.47,-0.00186269,1.0645,-0.00592957,2.06695,-0.00160703,1.07145,-0.00629447,2.06951
2.472,-0.00186269,1.0645,-0.00592957,2.06695,-0.00160703,1.07148,-0.00624886,2.06951
2.474,-0.00186269,1.0645,-0.00592957,2.06695,-0.00160703,1.07142,-0.00634008,2.0696
2.476,-0.00186269,1.0645,-0.00592957,2.06695,-0.0015705,1.07145,-0.00629447,2.06951
2.478,-0.00186269,1.06447,-0.00588396,2.06704,-0.00160703,1.07145,-0.00629447,2.0696
2.48,-0.00186269,1.0645,-0.00592957,2.06704,-0.00160703,1.07145,-0.00629447,2.06951
2.482,-0.00186269,1.06447,-0.00588396,2.06695,-0.0015705,1.07145,-0.00629447,2.06951
2.484,-0.00186269,1.0645,-0.00592957,2.06695,-0.00160703,1.07145,-0.00629447,2.06951
2.486,-0.00189921,1.06447,-0.00588396,2.06704,-0.00160703,1.07145,-0.00629447,2.06951
2.488,-0.00186269,1.0645,-0.00592957,2.06704,-0.0015705,1.07145,-0.00629447,2.06951
2.49,-0.00186269,1.0645,-0.00592957,2.06695,-0.00160703,1.07145,-0.00629447,2.06951
2.492,-0.00189921,1.06447,-0.00588396,2.06704,-0.00160703,1.07145,-0.00629447,2.0696
2.494,-0.00186269,1.06447,-0.00588396,2.06704,-0.0015705,1.07145,-0.00629447,2.06951
2.496,-0.00186269,1.0645,-0.00592957,2.06704,-0.00160703,1.07145,-0.00629447,2.06951
2.498,-0.00186269,1.0645,-0.00592957,2.06704,-0.00160703,1.07145,-0.00629447,2.06951
2.5,-0.00186269,1.0645,-0.00592957,2.06704,-0.00160703,1.07145,-0.00629447,2.0696
2.502,-0.00189921,1.06447,-0.00588396,2.06704,-0.00160703,1.07142,-0.00624886,2.06951
2.504,-0.00189921,1.0645,-0.00592957,2.06704,-0.00160703,1.07145,-0.00629447,2.06951
2.506,-0.00189921,1.0645,-0.00592957,2.06704,-0.00160703,1.07145,-0.00629447,2.06951
2.508,-0.00186269,1.0645,-0.00592957,2.06704,-0.00160703,1.07148,-0.00624886,2.0696
2.51,-0.00186269,1.06447,-0.00588396,2.06704,-0.00160703,1.07145,-0.00629447,2.0696
2.512,-0.00186269,1.0645,-0.00592957,2.06695,-0.0015705,1.07145,-0.00629447,2.06951
2.514,-0.00186269,1.0645,-0.00592957,2.06704,-0.00164355,1.07145,-0.00629447,2.06951
2.516,-0.00189921,1.0645,-0.00592957,2.06704,-0.00160703,1.07142,-0.00624886,2.06951
2.518,-0.00186269,1.0645,-0.00592957,2.06704,-0.00160703,1.07148,-0.00624886,2.06951
2.52,-0.00186269,1.0645,-0.00592957,2.06704,-0.00160703,1.07145,-0.00629447,2.06951
2.522,-0.00186269,1.0645,-0.00592957,2.06704,-0.00160703,1.07142,-0.00624886,2.06951
2.524,-0.00186269,1.06447,-0.00588396,2.06704,-0.0015705,1.07145,-0.00629447,2.06951
2.526,-0.00186269,1.06447,-0.00588396,2.06695,-0.00160703,1.07145,-0.00629447,2.0696
2.528,-0.00186269,1.06447,-0.00588396,2.06695,-0.00160703,1.07145,-0.00629447,2.0696
2.53,-0.00186269,1.0645,-0.00592957,2.06695,-0.00160703,1.07145,-0.00629447,2.06951
2.532,-0.00186269,1.0645,-0.00592957,2.06695,-0.00160703,1.07145,-0.00629447,2.06951
2.534,-0.00186269,1.0645,-0.00592957,2.06695,-0.0015705,1.07142,-0.00634008,2.06951
2.536,-0.00186269,1.06447,-0.00588396,2.06695,-0.00164355,1.0714,-0.00629447,2.0696
2.538,-0.00189921,1.06447,-0.00588396,2.06695,-0.00160703,1.07145,-0.00629447,2.06951
2.54,-0.00186269,1.0645,-0.00592957,2.06695,-0.00160703,1.07142,-0.00634008,2.0696
2.542,-0.00186269,1.0645,-0.00592957,2.06695,-0.00160703,1.07145,-0.00629447,2.0696
2.544,-0.00186269,1.0645,-0.00592957,2.06695,-0.00160703,1.07148,-0.00624886,2.06951
2.546,-0.00186269,1.0645,-0.00592957,2.06695,-0.00160703,1.07145,-0.00629447,2.06951
2.548,-0.00186269,1.0645,-0.00592957,2.06695,-0.0015705,1.07145,-0.00629447,2.06951
2.55,-0.00189921,1.0645,-0.00592957,2.06695,-0.00160703,1.07145,-0.00629447,2.0696
2.552,-0.00186269,1.0645,-0.00592957,2.06704,-0.00160703,1.07145,-0.00629447,2.06951
2.554,-0.00186269,1.0645,-0.00592957,2.06695,-0.00160703,1.07145,-0.00629447,2.0696
2.556,-0.00186269,1.0645,-0.00592957,2.06695,-0.00160703,1.07145,-0.00629447,2.06951
2.558,-0.00189921,1.06447,-0.00588396,2.06695,-0.00160703,1.07145,-0.00629447,2.06951
2.56,-0.00186269,1.06447,-0.00588396,2.06695,-0.0015705,1.07145,-0.00629447,2.06951
2.562,-0.00186269,1.0645,-0.00592957,2.06695,-0.0015705,1.07145,-0.00629447,2.0696
2.564,-0.00186269,1.06447,-0.00588396,2.06704,-0.00160703,1.07145,-0.00629447,2.0696
2.566,-0.00186269,1.0645,-0.00592957,2.06695,-0.00160703,1.07145,-0.00629447,2.06951
2.568,-0.00186269,1.06447,-0.00588396,2.06695,-0.00160703,1.07148,-0.00624886,2.06951
2.57,-0.00186269,1.06447,-0.00588396,2.06695,-0.00160703,1.07142,-0.00634008,2.0696
2.572,-0.00186269,1.06447,-0.00588396,2.06704,-0.0015705,1.07145,-0.00629447,2.0696
2.574,-0.00186269,1.0645,-0.00592957,2.06704,-0.00164355,1.07142,-0.00634008,2.0696
2.576,-0.00186269,1.0645,-0.00592957,2.06704,-0.0015705,1.07145,-0.00629447,2.06951
2.578,-0.00186269,1.0645,-0.00592957,2.06704,-0.00160703,1.07145,-0.00629447,2.06951
2.58,-0.00186269,1.0645,-0.00592957,2.06695,-0.00160703,1.07145,-0.00629447,2.06951
2.582,-0.00186269,1.0645,-0.00592957,2.06695,-0.00160703,1.07142,-0.00624886,2.06951
2.584,-0.00182617,1.0645,-0.00592957,2.06695,-0.0015705,1.07142,-0.00634008,2.06951
2.586,-0.00186269,1.06447,-0.00588396,2.06695,-0.00160703,1.07142,-0.00634008,2.06951
2.588,-0.00186269,1.06447,-0.00588396,2.06704,-0.0015705,1.07145,-0.00629447,2.06951
2.59,-0.00186269,1.0645,-0.00592957,2.06704,-0.00160703,1.07145,-0.00629447,2.06951
2.592,-0.00189921,1.0645,-0.00592957,2.06695,-0.00160703,1.07142,-0.00624886,2.0696
2.594,-0.00189921,1.06447,-0.00597519,2.06695,-0.00160703,1.07142,-0.00634008,2.0696
2.596,-0.00189921,1.06447,-0.00588396,2.06695,-0.00160703,1.07145,-0.00629447,2.06951
2.598,-0.00189921,1.06447,-0.00588396,2.06704,-0.00160703,1.07145,-0.00629447,2.06951
2.6,-0.00186269,1.06447,-0.00588396,2.06704,-0.00160703,1.07148,-0.00634008,2.06951
2.602,-0.00186269,1.0645,-0.00592957,2.06704,-0.00160703,1.07145,-0.00629447,2.0696
2.604,-0.00186269,1.0645,-0.00592957,2.06704,-0.00160703,1.07142,-0.00624886,2.06951
2.606,-0.00186269,1.06447,-0.00588396,2.06695,-0.00160703,1.07145,-0.00629447,2.0696
2.608,-0.00189921,1.0645,-0.00592957,2.06704,-0.00160703,1.0714,-0.00629447,2.06951
2.61,-0.00186269,1.0645,-0.00592957,2.06695,-0.00160703,1.07145,-0.00629447,2.06951
2.612,-0.00186269,1.06447,-0.00588396,2.06695,-0.00160703,1.07145,-0.00629447,2.0696
2.614,-0.00186269,1.06447,-0.00588396,2.06704,-0.00160703,1.07145,-0.00629447,2.0696
2.616,-0.00186269,1.0645,-0.00592957,2.06704,-0.0015705,1.07142,-0.00624886,2.06951
2.618,-0.00186269,1.06447,-0.00588396,2.06704,-0.00160703,1.07145,-0.00629447,2.0696
2.62,-0.00186269,1.06447,-0.00588396,2.06704,-0.00164355,1.07145,-0.00629447,2.0696
2.622,-0.00186269,1.0645,-0.00592957,2.06704,-0.0015705,1.07145,-0.00629447,2.06951
2.624,-0.00186269,1.06447,-0.00588396,2.06704,-0.00160703,1.07145,-0.00629447,2.0696
2.626,-0.00186269,1.0645,-0.00592957,2.06704,-0.00160703,1.07145,-0.00629447,2.06951
2.628,-0.00186269,1.0645,-0.00592957,2.06704,-0.0015705,1.07148,-0.00624886,2.06951
2.63,-0.00186269,1.06447,-0.00588396,2.06704,-0.00160703,1.07142,-0.00634008,2.06951
2.632,-0.00186269,1.06447,-0.00588396,2.06695,-0.0015705,1.07145,-0.00629447,2.06951
2.634,-0.00186269,1.0645,-0.00592957,2.06695,-0.00160703,1.07145,-0.00629447,2.0696
2.636,-0.00186269,1.0645,-0.00592957,2.06704,-0.00160703,1.07145,-0.00629447,2.06951
2.638,-0.00186269,1.06447,-0.00588396,2.06704,-0.00160703,1.07145,-0.00629447,2.06951
2.64,-0.00186269,1.06447,-0.00588396,2.06704,-0.0015705,1.07145,-0.00629447,2.0696
2.642,-0.00186269,1.0645,-0.00592957,2.06695,-0.00160703,1.07145,-0.00629447,2.0696
2.644,-0.00186269,1.0645,-0.00592957,2.06704,-0.00160703,1.07148,-0.00624886,2.06951
2.646,-0.00186269,1.06447,-0.00588396,2.06704,-0.00164355,1.07145,-0.00629447,2.06951
2.648,-0.00186269,1.06447,-0.00588396,2.06695,-0.00160703,1.07148,-0.00624886,2.06951
2.65,-0.00186269,1.06447,-0.00588396,2.06695,-0.00160703,1.07145,-0.00629447,2.0696
2.652,-0.00186269,1.06447,-0.00588396,2.06695,-0.00160703,1.07145,-0.00629447,2.06951
2.654,-0.00186269,1.0645,-0.00592957,2.06695,-0.00160703,1.07142,-0.00624886,2.06951
2.656,-0.00186269,1.0645,-0.00592957,2.06704,-0.00160703,1.07145,-0.00629447,2.0696
2.658,-0.00186269,1.06447,-0.00588396,2.06704,-0.00160703,1.07145,-0.00629447,2.06951
2.66,-0.00186269,1.0645,-0.00592957,2.06704,-0.00160703,1.07145,-0.00629447,2.06951
2.662,-0.00189921,1.06447,-0.00588396,2.06704,-0.00160703,1.07145,-0.00629447,2.06951
2.664,-0.00186269,1.0645,-0.00592957,2.06704,-0.00160703,1.07145,-0.00629447,2.06951
2.666,-0.00186269,1.0645,-0.00592957,2.06695,-0.0015705,1.07142,-0.00634008,2.06951
2.668,-0.00186269,1.06447,-0.00588396,2.06704,-0.00160703,1.07145,-0.00629447,2.06951
2.67,-0.00186269,1.0645,-0.00592957,2.06704,-0.00160703,1.07145,-0.00629447,2.06951
2.672,-0.00186269,1.0645,-0.00592957,2.06695,-0.00160703,1.07148,-0.00624886,2.06951
2.674,-0.00186269,1.06447,-0.00588396,2.06704,-0.00160703,1.07145,-0.00629447,2.06951
2.676,-0.00189921,1.0645,-0.00592957,2.06704,-0.0015705,1.07148,-0.00624886,2.0696
2.678,-0.00189921,1.06447,-0.00588396,2.06704,-0.00160703,1.07145,-0.00629447,2.0696
2.68,-0.00186269,1.0645,-0.00592957,2.06704,-0.00164355,1.07142,-0.00624886,2.06951
2.682,-0.00186269,1.06447,-0.00588396,2.06704,-0.00160703,1.07145,-0.00629447,2.0696
2.684,-0.00186269,1.0645,-0.00592957,2.06704,-0.00164355,1.07145,-0.00629447,2.0696
2.686,-0.00186269,1.06447,-0.00588396,2.06704,-0.0015705,1.07142,-0.00634008,2.0696
2.688,-0.00186269,1.06447,-0.00588396,2.06704,-0.00160703,1.07145,-0.00629447,2.06951
2.69,-0.00186269,1.0645,-0.00592957,2.06695,-0.0015705,1.07142,-0.00634008,2.06951
2.692,-0.00186269,1.0645,-0.00592957,2.06704,-0.00160703,1.07145,-0.00629447,2.0696
2.694,-0.00186269,1.06447,-0.00588396,2.06695,-0.00160703,1.07145,-0.00629447,2.06951
2.696,-0.00186269,1.0645,-0.00592957,2.06695,-0.0015705,1.07145,-0.00629447,2.0696
2.698,-0.00186269,1.0645,-0.00592957,2.06695,-0.00160703,1.07145,-0.00629447,2.06951
2.7,-0.00186269,1.0645,-0.00592957,2.06695,-0.00160703,1.07145,-0.00629447,2.0696
2.702,-0.00186269,1.06447,-0.00588396,2.06704,-0.00160703,1.07145,-0.00629447,2.06951
2.704,-0.00186269,1.0645,-0.00592957,2.06704,-0.00160703,1.07145,-0.00629447,2.0696
2.706,-0.00186269,1.0645,-0.00592957,2.06704,-0.00160703,1.07145,-0.00629447,2.0696
2.708,-0.00189921,1.0645,-0.00592957,2.06695,-0.00160703,1.07145,-0.00629447,2.0696
2.71,-0.00186269,1.0645,-0.00592957,2.06695,-0.00160703,1.07145,-0.00629447,2.06951
2.712,-0.00186269,1.06447,-0.00588396,2.06695,-0.00160703,1.07145,-0.00629447,2.0696
2.714,-0.00186269,1.0645,-0.00592957,2.06695,-0.00160703,1.07142,-0.00624886,2.06951
2.716,-0.00189921,1.06445,-0.00592957,2.06704,-0.00160703,1.07142,-0.00634008,2.0696
2.718,-0.00186269,1.0645,-0.00592957,2.06695,-0.0015705,1.07142,-0.00634008,2.0696
2.72,-0.00186269,1.0645,-0.00592957,2.06704,-0.0015705,1.07145,-0.00629447,2.0696
2.722,-0.00186269,1.0645,-0.00592957,2.06704,-0.0015705,1.07145,-0.00629447,2.06951
2.724,-0.00186269,1.0645,-0.00592957,2.06704,-0.00160703,1.07142,-0.00634008,2.06951
2.726,-0.00186269,1.06447,-0.00588396,2.06704,-0.00164355,1.07145,-0.00629447,2.06951
2.728,-0.00186269,1.0645,-0.00592957,2.06695,-0.00160703,1.07145,-0.00629447,2.0696
2.73,-0.00186269,1.06447,-0.00588396,2.06704,-0.00164355,1.07142,-0.00634008,2.0696
2.732,-0.00186269,1.0645,-0.00592957,2.06695,-0.0015705,1.07142,-0.00634008,2.0696
2.734,-0.00186269,1.06447,-0.00588396,2.06704,-0.0015705,1.07145,-0.00629447,2.0696
2.736,-0.00189921,1.0645,-0.00592957,2.06704,-0.00160703,1.07145,-0.00629447,2.0696
2.738,-0.00189921,1.0645,-0.00592957,2.06704,-0.00160703,1.07145,-0.00629447,2.06951
2.74,-0.00186269,1.06447,-0.00588396,2.06704,-0.00164355,1.07145,-0.00629447,2.06951
2.742,-0.00186269,1.06447,-0.00588396,2.06695,-0.00164355,1.0714,-0.0063857,2.0696
2.744,-0.00186269,1.06447,-0.00588396,2.06704,-0.00160703,1.07145,-0.00629447,2.0696
2.746,-0.00186269,1.0645,-0.00592957,2.06704,-0.00160703,1.07142,-0.00634008,2.0696
2.748,-0.00186269,1.0645,-0.00592957,2.06704,-0.0015705,1.07145,-0.00629447,2.06951
2.75,-0.00189921,1.06447,-0.00588396,2.06704,-0.0015705,1.07145,-0.00629447,2.0696
2.752,-0.00189921,1.06447,-0.00588396,2.06695,-0.0015705,1.07142,-0.00624886,2.06951
2.754,-0.00189921,1.0645,-0.00592957,2.06704,-0.00160703,1.07148,-0.00624886,2.06951
2.756,-0.00186269,1.0645,-0.00592957,2.06704,-0.00160703,1.07145,-0.00629447,2.06951
2.758,-0.00186269,1.06447,-0.00588396,2.06704,-0.00160703,1.07145,-0.00629447,2.06951
2.76,-0.00186269,1.0645,-0.00592957,2.06695,-0.00160703,1.07142,-0.00634008,2.0696
2.762,-0.00186269,1.0645,-0.00592957,2.06695,-0.00160703,1.07142,-0.00634008,2.06951
2.764,-0.00186269,1.0645,-0.00592957,2.06695,-0.00160703,1.07142,-0.00624886,2.06951
2.766,-0.00186269,1.06447,-0.00588396,2.06695,-0.0015705,1.07142,-0.00634008,2.06951
2.768,-0.00186269,1.06447,-0.00588396,2.06695,-0.00164355,1.07145,-0.00629447,2.06951
2.77,-0.00189921,1.0645,-0.00592957,2.06695,-0.00160703,1.07145,-0.00629447,2.0696
2.772,-0.00189921,1.0645,-0.00592957,2.06695,-0.00160703,1.07145,-0.00629447,2.0696
2.774,-0.00186269,1.06447,-0.00588396,2.06704,-0.00160703,1.07145,-0.00629447,2.0696
2.776,-0.00186269,1.06447,-0.00588396,2.06704,-0.00160703,1.07142,-0.00634008,2.0696
2.778,-0.00186269,1.06447,-0.00588396,2.06704,-0.00164355,1.07145,-0.00629447,2.0696
2.78,-0.00186269,1.06447,-0.00588396,2.06695,-0.0015705,1.07142,-0.00634008,2.0696
2.782,-0.00186269,1.06447,-0.00588396,2.06695,-0.00160703,1.07145,-0.00629447,2.06951
2.784,-0.00186269,1.0645,-0.00592957,2.06704,-0.0015705,1.07145,-0.00629447,2.06951
2.786,-0.00186269,1.0645,-0.00592957,2.06704,-0.0015705,1.07142,-0.00624886,2.0696
2.788,-0.00186269,1.06447,-0.00588396,2.06704,-0.00160703,1.07145,-0.00629447,2.06951
2.79,-0.00189921,1.06447,-0.00588396,2.06704,-0.00160703,1.07145,-0.00629447,2.0696
2.792,-0.00186269,1.06447,-0.00588396,2.06695,-0.0015705,1.07145,-0.00629447,2.06951
2.794,-0.00186269,1.06447,-0.00588396,2.06704,-0.0015705,1.07145,-0.00629447,2.06951
2.796,-0.00186269,1.06447,-0.00588396,2.06704,-0.00160703,1.07145,-0.00629447,2.06951
2.798,-0.00186269,1.0645,-0.00592957,2.06704,-0.00160703,1.07142,-0.00634008,2.0696
2.8,-0.00186269,1.06447,-0.00588396,2.06704,-0.00160703,1.07142,-0.00624886,2.06951
2.802,-0.00186269,1.0645,-0.00592957,2.06695,-0.0015705,1.07142,-0.00624886,2.06951
2.804,-0.00189921,1.0645,-0.00592957,2.06695,-0.00160703,1.07145,-0.00629447,2.06951
2.806,-0.00189921,1.0645,-0.00592957,2.06695,-0.0015705,1.07145,-0.00629447,2.06951
2.808,-0.00189921,1.06447,-0.00588396,2.06695,-0.00160703,1.07148,-0.00634008,2.06951
2.81,-0.00186269,1.06447,-0.00588396,2.06704,-0.00160703,1.07142,-0.00634008,2.06951
2.812,-0.00186269,1.0645,-0.00592957,2.06704,-0.00160703,1.07145,-0.00629447,2.0696
2.814,-0.00186269,1.06447,-0.00588396,2.06704,-0.0015705,1.07145,-0.00629447,2.0696
2.816,-0.00186269,1.0645,-0.00592957,2.06695,-0.00160703,1.07142,-0.00624886,2.06951
2.818,-0.00186269,1.0645,-0.00592957,2.06695,-0.00164355,1.07142,-0.00624886,2.0696
2.82,-0.00186269,1.0645,-0.00592957,2.06695,-0.0015705,1.07145,-0.00629447,2.0696
2.822,-0.00186269,1.0645,-0.00592957,2.06695,-0.00160703,1.07145,-0.00629447,2.06951
2.824,-0.00186269,1.06447,-0.00588396,2.06695,-0.00160703,1.07145,-0.00629447,2.0696
2.826,-0.00186269,1.06447,-0.00588396,2.06695,-0.00160703,1.07142,-0.00634008,2.06951
2.828,-0.00186269,1.0645,-0.00592957,2.06704,-0.00160703,1.07145,-0.00629447,2.06951
2.83,-0.00186269,1.0645,-0.00592957,2.06704,-0.0015705,1.07145,-0.00629447,2.06951
2.832,-0.00186269,1.06447,-0.00588396,2.06704,-0.00160703,1.07142,-0.00634008,2.0696
2.834,-0.00186269,1.06447,-0.00588396,2.06704,-0.0015705,1.07145,-0.00629447,2.0696
2.836,-0.00186269,1.06447,-0.00588396,2.06704,-0.0015705,1.07145,-0.00629447,2.06951
2.838,-0.00189921,1.06447,-0.00588396,2.06704,-0.00160703,1.07145,-0.00629447,2.06951
2.84,-0.00186269,1.0645,-0.00592957,2.06695,-0.0015705,1.07145,-0.00629447,2.0696
2.842,-0.00186269,1.06447,-0.00597519,2.06704,-0.00160703,1.07145,-0.00629447,2.0696
2.844,-0.00186269,1.06447,-0.00588396,2.06704,-0.00164355,1.07145,-0.00629447,2.06951
2.846,-0.00186269,1.06447,-0.00588396,2.06704,-0.00160703,1.07145,-0.00629447,2.06951
2.848,-0.00186269,1.06447,-0.00588396,2.06704,-0.0015705,1.07142,-0.00634008,2.06951
2.85,-0.00186269,1.0645,-0.00592957,2.06704,-0.0015705,1.07145,-0.00629447,2.0696
2.852,-0.00189921,1.06447,-0.00588396,2.06704,-0.00160703,1.07142,-0.00624886,2.0696
2.854,-0.00189921,1.0645,-0.00592957,2.06704,-0.00164355,1.07145,-0.00629447,2.06951
2.856,-0.00186269,1.0645,-0.00592957,2.06695,-0.00160703,1.07145,-0.00629447,2.06951
2.858,-0.00186269,1.0645,-0.00592957,2.06695,-0.00160703,1.07145,-0.00629447,2.06951
2.86,-0.00186269,1.06447,-0.00588396,2.06695,-0.00160703,1.07145,-0.00629447,2.0696
2.862,-0.00186269,1.06447,-0.00588396,2.06695,-0.00160703,1.07145,-0.00629447,2.06951
2.864,-0.00186269,1.0645,-0.00592957,2.06695,-0.0015705,1.07145,-0.00629447,2.0696
2.866,-0.00189921,1.0645,-0.00592957,2.06695,-0.00164355,1.07145,-0.00629447,2.06951
2.868,-0.00189921,1.0645,-0.00592957,2.06704,-0.00160703,1.07145,-0.00629447,2.06951
2.87,-0.00186269,1.0645,-0.00592957,2.06695,-0.00160703,1.07145,-0.00629447,2.06951
2.872,-0.00186269,1.06447,-0.00588396,2.06695,-0.00160703,1.07142,-0.00624886,2.06951
2.874,-0.00186269,1.0645,-0.00592957,2.06695,-0.00160703,1.07145,-0.00629447,2.06951
2.876,-0.00186269,1.0645,-0.00592957,2.06695,-0.00160703,1.07142,-0.00634008,2.06951
2.878,-0.00186269,1.0645,-0.00592957,2.06704,-0.0015705,1.07145,-0.00629447,2.0696
2.88,-0.00186269,1.06447,-0.00588396,2.06704,-0.0015705,1.07145,-0.00629447,2.0696
2.882,-0.00186269,1.06447,-0.00588396,2.06704,-0.00160703,1.07145,-0.00629447,2.0696
2.884,-0.00186269,1.06447,-0.00588396,2.06704,-0.0015705,1.07145,-0.00629447,2.0696
2.886,-0.00186269,1.0645,-0.00592957,2.06704,-0.00164355,1.0714,-0.00629447,2.0696
2.888,-0.00186269,1.0645,-0.00592957,2.06704,-0.00160703,1.07142,-0.00634008,2.06951
2.89,-0.00186269,1.06447,-0.00588396,2.06704,-0.00160703,1.07145,-0.00629447,2.0696
2.892,-0.00186269,1.0645,-0.00592957,2.06704,-0.00164355,1.07145,-0.00629447,2.0696
2.894,-0.00186269,1.06447,-0.00588396,2.06704,-0.0015705,1.07148,-0.00624886,2.0696
2.896,-0.00189921,1.0645,-0.00592957,2.06704,-0.0015705,1.07142,-0.00624886,2.0696
2.898,-0.00186269,1.0645,-0.00592957,2.06704,-0.00160703,1.07145,-0.00629447,2.0696
2.9,-0.00186269,1.0645,-0.00592957,2.06704,-0.0015705,1.07145,-0.00629447,2.0696
2.902,-0.00186269,1.0645,-0.00592957,2.06695,-0.00160703,1.07142,-0.00634008,2.06951
2.904,-0.00189921,1.06447,-0.00588396,2.06704,-0.00160703,1.07145,-0.00629447,2.06951
2.906,-0.00186269,1.0645,-0.00592957,2.06704,-0.00160703,1.07145,-0.00629447,2.06951
2.908,-0.00186269,1.06447,-0.00588396,2.06704,-0.0015705,1.07142,-0.00624886,2.06951
2.91,-0.00186269,1.0645,-0.00592957,2.06704,-0.00160703,1.07145,-0.00629447,2.0696
2.912,-0.00189921,1.0645,-0.00592957,2.06695,-0.00160703,1.07145,-0.00629447,2.06951
2.914,-0.00186269,1.0645,-0.00592957,2.06695,-0.00160703,1.07145,-0.00629447,2.0696
2.916,-0.00189921,1.06447,-0.00588396,2.06695,-0.0015705,1.07142,-0.00634008,2.06951
2.918,-0.00186269,1.0645,-0.00592957,2.06695,-0.00160703,1.07145,-0.00629447,2.06951
2.92,-0.00186269,1.06447,-0.00588396,2.06695,-0.00164355,1.07142,-0.00634008,2.0696
2.922,-0.00186269,1.0645,-0.00592957,2.06695,-0.00160703,1.07145,-0.00629447,2.0696
2.924,-0.00186269,1.0645,-0.00592957,2.06695,-0.00160703,1.07145,-0.00629447,2.06951
2.926,-0.00186269,1.0645,-0.00592957,2.06695,-0.00160703,1.07145,-0.00629447,2.06951
2.928,-0.00186269,1.0645,-0.00592957,2.06704,-0.00160703,1.07142,-0.00634008,2.0696
2.93,-0.00189921,1.06447,-0.00597519,2.06704,-0.00160703,1.07142,-0.00634008,2.06951
2.932,-0.00186269,1.06447,-0.00588396,2.06695,-0.0015705,1.07145,-0.00629447,2.06951
2.934,-0.00186269,1.0645,-0.00592957,2.06695,-0.0015705,1.07142,-0.00634008,2.06951
2.936,-0.00189921,1.06447,-0.00588396,2.06704,-0.00160703,1.07142,-0.00624886,2.06951
2.938,-0.00186269,1.06447,-0.00588396,2.06704,-0.00160703,1.07142,-0.00624886,2.06951
2.94,-0.00186269,1.0645,-0.00592957,2.06704,-0.0015705,1.07142,-0.00624886,2.0696
2.942,-0.00186269,1.06447,-0.00588396,2.06695,-0.00160703,1.07142,-0.00624886,2.0696
2.944,-0.00186269,1.06447,-0.00588396,2.06695,-0.00160703,1.07145,-0.00629447,2.0696
2.946,-0.00186269,1.06447,-0.00588396,2.06704,-0.00160703,1.07145,-0.00629447,2.0696
2.948,-0.00186269,1.06447,-0.00588396,2.06704,-0.00160703,1.07145,-0.00629447,2.06951
2.95,-0.00186269,1.0645,-0.00592957,2.06704,-0.0015705,1.07145,-0.00629447,2.06951
2.952,-0.00186269,1.0645,-0.00592957,2.06704,-0.00160703,1.07145,-0.00629447,2.0696
2.954,-0.00186269,1.06447,-0.00588396,2.06704,-0.00164355,1.07145,-0.00620325,2.0696
2.956,-0.00186269,1.0645,-0.00592957,2.06695,-0.0015705,1.07142,-0.00624886,2.0696
2.958,-0.00186269,1.06447,-0.00588396,2.06695,-0.0015705,1.07145,-0.00629447,2.0696
2.96,-0.00186269,1.0645,-0.00592957,2.06695,-0.0015705,1.07148,-0.00624886,2.06951
2.962,-0.00186269,1.0645,-0.00592957,2.06704,-0.00160703,1.07142,-0.00634008,2.0696
2.964,-0.00186269,1.0645,-0.00592957,2.06695,-0.00160703,1.07145,-0.00629447,2.06951
2.966,-0.00186269,1.06447,-0.00588396,2.06704,-0.00160703,1.07145,-0.00629447,2.06951
2.968,-0.00186269,1.06447,-0.00588396,2.06704,-0.0015705,1.07145,-0.00629447,2.0696
2.97,-0.00186269,1.06445,-0.00592957,2.06695,-0.00160703,1.07142,-0.00634008,2.0696
2.972,-0.00186269,1.0645,-0.00592957,2.06704,-0.00160703,1.07148,-0.00624886,2.06951
2.974,-0.00186269,1.0645,-0.00592957,2.06704,-0.00160703,1.0714,-0.00629447,2.0696
2.976,-0.00186269,1.0645,-0.00592957,2.06695,-0.00160703,1.07145,-0.00629447,2.06951
2.978,-0.00186269,1.06447,-0.00588396,2.06704,-0.00160703,1.07145,-0.00629447,2.06951
2.98,-0.00186269,1.06447,-0.00588396,2.06695,-0.00160703,1.07145,-0.00629447,2.06951
2.982,-0.00189921,1.06447,-0.00588396,2.06695,-0.0015705,1.07142,-0.00634008,2.06951
2.984,-0.00186269,1.0645,-0.00592957,2.06704,-0.0015705,1.07142,-0.00634008,2.06951
2.986,-0.00186269,1.0645,-0.00592957,2.06704,-0.00160703,1.07142,-0.00624886,2.06951
2.988,-0.00186269,1.0645,-0.00592957,2.06704,-0.0015705,1.07145,-0.00629447,2.06951
2.99,-0.00186269,1.06447,-0.00588396,2.06704,-0.00160703,1.07142,-0.00624886,2.0696
2.992,-0.00186269,1.06447,-0.00588396,2.06695,-0.0015705,1.07145,-0.00629447,2.0696
2.994,-0.00186269,1.0645,-0.00592957,2.06695,-0.00160703,1.07145,-0.00629447,2.0696
2.996,-0.00186269,1.0645,-0.00592957,2.06704,-0.0015705,1.07142,-0.00624886,2.06951
2.998,-0.00189921,1.0645,-0.00592957,2.06704,-0.00160703,1.07142,-0.00634008,2.0696
3,-0.00189921,1.0645,-0.00592957,2.06695,-0.00160703,1.07145,-0.00629447,2.06951
3.002,-0.00189921,1.0645,-0.00592957,2.06695,-0.00160703,1.07145,-0.00629447,2.06951
3.004,-0.00186269,1.06447,-0.00588396,2.06695,-0.00160703,1.07145,-0.00629447,2.0696
3.006,-0.00186269,1.06445,-0.00592957,2.06695,-0.00164355,1.07145,-0.00629447,2.0696
3.008,-0.00186269,1.0645,-0.00592957,2.06695,-0.0015705,1.07145,-0.00629447,2.0696
3.01,-0.00186269,1.0645,-0.00592957,2.06695,-0.00160703,1.07145,-0.00629447,2.06951
3.012,-0.00186269,1.06447,-0.00588396,2.06704,-0.00160703,1.07145,-0.00629447,2.0696
3.014,-0.00186269,1.0645,-0.00592957,2.06704,-0.0015705,1.07145,-0.00629447,2.06951
3.016,-0.00186269,1.0645,-0.00592957,2.06704,-0.00160703,1.07142,-0.00624886,2.06951
3.018,-0.00186269,1.06447,-0.00588396,2.06704,-0.0015705,1.07145,-0.00629447,2.0696
3.02,-0.00186269,1.0645,-0.00592957,2.06704,-0.00160703,1.07145,-0.00629447,2.0696
3.022,-0.00186269,1.0645,-0.00592957,2.06695,-0.0015705,1.07145,-0.00629447,2.06951
3.024,-0.00186269,1.06445,-0.00592957,2.06704,-0.00164355,1.07142,-0.00624886,2.0696
3.026,-0.00186269,1.0645,-0.00592957,2.06704,-0.00164355,1.07142,-0.00624886,2.0696
3.028,-0.00186269,1.06447,-0.00588396,2.06704,-0.00160703,1.07145,-0.00629447,2.06951
3.03,-0.00186269,1.0645,-0.00592957,2.06704,-0.00160703,1.07142,-0.00634008,2.0696
3.032,-0.00186269,1.06447,-0.00588396,2.06704,-0.0015705,1.07145,-0.00629447,2.0696
3.034,-0.00189921,1.06447,-0.00588396,2.06695,-0.00160703,1.07145,-0.00629447,2.06951
3.036,-0.00186269,1.06447,-0.00597519,2.06695,-0.0015705,1.07145,-0.00629447,2.0696
3.038,-0.00189921,1.0645,-0.00592957,2.06704,-0.0015705,1.07145,-0.00629447,2.06951
3.04,-0.00186269,1.06447,-0.00588396,2.06704,-0.00164355,1.07145,-0.00629447,2.06951
3.042,-0.00186269,1.0645,-0.00592957,2.06704,-0.00160703,1.07145,-0.00629447,2.0696
3.044,-0.00186269,1.0645,-0.00592957,2.06704,-0.00160703,1.07142,-0.00634008,2.0696
3.046,-0.00186269,1.06447,-0.00588396,2.06704,-0.00160703,1.07145,-0.00629447,2.0696
3.048,-0.00186269,1.0645,-0.00592957,2.06704,-0.00160703,1.0714,-0.00629447,2.0696
3.05,-0.00186269,1.0645,-0.00592957,2.06695,-0.00160703,1.07145,-0.00629447,2.06951
3.052,-0.00189921,1.0645,-0.00592957,2.06695,-0.00164355,1.07142,-0.00624886,2.0696
3.054,-0.00189921,1.06447,-0.00588396,2.06704,-0.0015705,1.07145,-0.00629447,2.06951
3.056,-0.00189921,1.06447,-0.00588396,2.06695,-0.00160703,1.07145,-0.00629447,2.06951
3.058,-0.00186269,1.06447,-0.00588396,2.06704,-0.0015705,1.07145,-0.00629447,2.06951
3.06,-0.00189921,1.06447,-0.00588396,2.06704,-0.00160703,1.07145,-0.00629447,2.0696
3.062,-0.00186269,1.0645,-0.00592957,2.06704,-0.00164355,1.07142,-0.00624886,2.0696
3.064,-0.00186269,1.0645,-0.00592957,2.06704,-0.00160703,1.07142,-0.00624886,2.0696
3.066,-0.00186269,1.0645,-0.00592957,2.06695,-0.00164355,1.07142,-0.00634008,2.06951
3.068,-0.00186269,1.06445,-0.00592957,2.06695,-0.0015705,1.07142,-0.00624886,2.06951
3.07,-0.00186269,1.06447,-0.00588396,2.06704,-0.00160703,1.07145,-0.00629447,2.06951
3.072,-0.00186269,1.06447,-0.00588396,2.06704,-0.00160703,1.07145,-0.00629447,2.0696
3.074,-0.00186269,1.0645,-0.00592957,2.06704,-0.0015705,1.07148,-0.00624886,2.06951
3.076,-0.00186269,1.0645,-0.00592957,2.06704,-0.00160703,1.07145,-0.00629447,2.06951
3.078,-0.00186269,1.06447,-0.00588396,2.06704,-0.0015705,1.07142,-0.00634008,2.0696
3.08,-0.00186269,1.06447,-0.00588396,2.06704,-0.0015705,1.07145,-0.00629447,2.0696
3.082,-0.00186269,1.0645,-0.00592957,2.06695,-0.00160703,1.07148,-0.00624886,2.06951
3.084,-0.00186269,1.0645,-0.00592957,2.06695,-0.00160703,1.07145,-0.00629447,2.06951
3.086,-0.00186269,1.06447,-0.00588396,2.06695,-0.00164355,1.07145,-0.00629447,2.06951
3.088,-0.00189921,1.06447,-0.00588396,2.06704,-0.00160703,1.07145,-0.00629447,2.06951
3.09,-0.00186269,1.0645,-0.00592957,2.06704,-0.0015705,1.07142,-0.00634008,2.06951
3.092,-0.00186269,1.06447,-0.00588396,2.06695,-0.00160703,1.07142,-0.00624886,2.06951
3.094,-0.00186269,1.06447,-0.00588396,2.06704,-0.00160703,1.07145,-0.00629447,2.06951
3.096,-0.00186269,1.06447,-0.00588396,2.06704,-0.00160703,1.07142,-0.00634008,2.0696
3.098,-0.00186269,1.06447,-0.00588396,2.06704,-0.00160703,1.07145,-0.00629447,2.0696
3.1,-0.00186269,1.06447,-0.00588396,2.06704,-0.00160703,1.07145,-0.00629447,2.06951
3.102,-0.00186269,1.06447,-0.00588396,2.06695,-0.00160703,1.07145,-0.00629447,2.06951
3.104,-0.00186269,1.06447,-0.00588396,2.06695,-0.00160703,1.07142,-0.00634008,2.06951
3.106,-0.00189921,1.06447,-0.00588396,2.06704,-0.00160703,1.07145,-0.00629447,2.0696
3.108,-0.00189921,1.06447,-0.00588396,2.06704,-0.00160703,1.07142,-0.00624886,2.0696
3.11,-0.00186269,1.06447,-0.00588396,2.06704,-0.00160703,1.07142,-0.00624886,2.0696
3.112,-0.00189921,1.06447,-0.00597519,2.06695,-0.00164355,1.07142,-0.00624886,2.0696
3.114,-0.00186269,1.06447,-0.00588396,2.06695,-0.00164355,1.07145,-0.00629447,2.06951
3.116,-0.00186269,1.06447,-0.00588396,2.06704,-0.00164355,1.07142,-0.00624886,2.06951
3.118,-0.00186269,1.0645,-0.00592957,2.06704,-0.0015705,1.07145,-0.00629447,2.06951
3.12,-0.00186269,1.0645,-0.00592957,2.06695,-0.0015705,1.07145,-0.00629447,2.0696
3.122,-0.00186269,1.0645,-0.00592957,2.06695,-0.00160703,1.07145,-0.00629447,2.0696
3.124,-0.00186269,1.06447,-0.00588396,2.06695,-0.0015705,1.07145,-0.00629447,2.0696
3.126,-0.00186269,1.06447,-0.00588396,2.06704,-0.00160703,1.07145,-0.00629447,2.06951
3.128,-0.00186269,1.0645,-0.00592957,2.06695,-0.00160703,1.07145,-0.00629447,2.06951
3.13,-0.00186269,1.0645,-0.00592957,2.06695,-0.00160703,1.07145,-0.00629447,2.06951
3.132,-0.00186269,1.06447,-0.00588396,2.06695,-0.0015705,1.07145,-0.00629447,2.06951
3.134,-0.00186269,1.06447,-0.00588396,2.06695,-0.00160703,1.07145,-0.00629447,2.06951
3.136,-0.00186269,1.0645,-0.00592957,2.06695,-0.00164355,1.07142,-0.00634008,2.0696
3.138,-0.00186269,1.0645,-0.00592957,2.06695,-0.00160703,1.07145,-0.00629447,2.06951
3.14,-0.00186269,1.0645,-0.00592957,2.06695,-0.00160703,1.07145,-0.00629447,2.06951
3.142,-0.00189921,1.0645,-0.00592957,2.06704,-0.0015705,1.07142,-0.00634008,2.06951
3.144,-0.00189921,1.06447,-0.00588396,2.06695,-0.00164355,1.07145,-0.00629447,2.06951
3.146,-0.00186269,1.06447,-0.00588396,2.06704,-0.00160703,1.07145,-0.00629447,2.06951
3.148,-0.00186269,1.0645,-0.00592957,2.06704,-0.00160703,1.07148,-0.00624886,2.06951
3.15,-0.00186269,1.0645,-0.00592957,2.06695,-0.00164355,1.07145,-0.00629447,2.0696
3.152,-0.00186269,1.0645,-0.00592957,2.06704,-0.00164355,1.07145,-0.00629447,2.06951
3.154,-0.00186269,1.06447,-0.00588396,2.06695,-0.00160703,1.07145,-0.00620325,2.06951
3.156,-0.00186269,1.0645,-0.00592957,2.06704,-0.0015705,1.07142,-0.00634008,2.0696
3.158,-0.00189921,1.0645,-0.00592957,2.06704,-0.00160703,1.07145,-0.00629447,2.0696
3.16,-0.00189921,1.0645,-0.00592957,2.06704,-0.00160703,1.07145,-0.00629447,2.06951
3.162,-0.00186269,1.0645,-0.00592957,2.06704,-0.00160703,1.07142,-0.00624886,2.06951
3.164,-0.00186269,1.0645,-0.00592957,2.06695,-0.0015705,1.07145,-0.00629447,2.06951
3.166,-0.00186269,1.0645,-0.00592957,2.06704,-0.00164355,1.07148,-0.00634008,2.0696
3.168,-0.00186269,1.06447,-0.00588396,2.06695,-0.00160703,1.07145,-0.00629447,2.0696
3.17,-0.00186269,1.0645,-0.00592957,2.06695,-0.0015705,1.07145,-0.00629447,2.06951
3.172,-0.00186269,1.0645,-0.00592957,2.06695,-0.00160703,1.0714,-0.00629447,2.0696
3.174,-0.00186269,1.0645,-0.00592957,2.06695,-0.0015705,1.07145,-0.00629447,2.06951
3.176,-0.00186269,1.0645,-0.00592957,2.06704,-0.00160703,1.07142,-0.00624886,2.0696
3.178,-0.00186269,1.0645,-0.00592957,2.06704,-0.00164355,1.07145,-0.00629447,2.06951
3.18,-0.00186269,1.06447,-0.00588396,2.06704,-0.00160703,1.07145,-0.00629447,2.06951
3.182,-0.00186269,1.0645,-0.00592957,2.06704,-0.00160703,1.07145,-0.00629447,2.0696
3.184,-0.00186269,1.0645,-0.00592957,2.06695,-0.00160703,1.07142,-0.00634008,2.06951
3.186,-0.00189921,1.0645,-0.00592957,2.06695,-0.00160703,1.07145,-0.00629447,2.0696
3.188,-0.00186269,1.0645,-0.00592957,2.06704,-0.00160703,1.07145,-0.00629447,2.06951
3.19,-0.00186269,1.06447,-0.00588396,2.06704,-0.00160703,1.07142,-0.00624886,2.0696
3.192,-0.00186269,1.06447,-0.00588396,2.06704,-0.00160703,1.07145,-0.00629447,2.06951
3.194,-0.00186269,1.0645,-0.00592957,2.06704,-0.00160703,1.07145,-0.00629447,2.06951
3.196,-0.00186269,1.06447,-0.00588396,2.06704,-0.00160703,1.07142,-0.00624886,2.06951
3.198,-0.00186269,1.06447,-0.00588396,2.06695,-0.00160703,1.07142,-0.00624886,2.06951
3.2,-0.00186269,1.0645,-0.00592957,2.06695,-0.00160703,1.07142,-0.00624886,2.0696
3.202,-0.00186269,1.06447,-0.00588396,2.06695,-0.00160703,1.07142,-0.00624886,2.06951
3.204,-0.00186269,1.06447,-0.00588396,2.06704,-0.00164355,1.07142,-0.00634008,2.06951
3.206,-0.00186269,1.06447,-0.00588396,2.06695,-0.00160703,1.07145,-0.00629447,2.06951
3.208,-0.00186269,1.06447,-0.00588396,2.06704,-0.00160703,1.07145,-0.00629447,2.06951
3.21,-0.00186269,1.0645,-0.00592957,2.06704,-0.00160703,1.07142,-0.00624886,2.06951
3.212,-0.00186269,1.06447,-0.00588396,2.06704,-0.00164355,1.07145,-0.00629447,2.0696
3.214,-0.00186269,1.0645,-0.00592957,2.06704,-0.00160703,1.07145,-0.00629447,2.0696
3.216,-0.00186269,1.06447,-0.00588396,2.06704,-0.00164355,1.07145,-0.00629447,2.06951
3.218,-0.00186269,1.06447,-0.00588396,2.06704,-0.00160703,1.07148,-0.00624886,2.06951
3.22,-0.00186269,1.0645,-0.00592957,2.06704,-0.0015705,1.07142,-0.00634008,2.06951
3.222,-0.00186269,1.0645,-0.00592957,2.06704,-0.0015705,1.07145,-0.00629447,2.0696
3.224,-0.00186269,1.0645,-0.00592957,2.06704,-0.00160703,1.07145,-0.00629447,2.0696
3.226,-0.00186269,1.0645,-0.00592957,2.06695,-0.0015705,1.07145,-0.00629447,2.0696
3.228,-0.00186269,1.06447,-0.00588396,2.06704,-0.00160703,1.07145,-0.00629447,2.06951
3.23,-0.00186269,1.06447,-0.00588396,2.06704,-0.00160703,1.07145,-0.00629447,2.06951
3.232,-0.00186269,1.06447,-0.00588396,2.06704,-0.00164355,1.07145,-0.00629447,2.06951
3.234,-0.00186269,1.0645,-0.00592957,2.06704,-0.0015705,1.07148,-0.00624886,2.0696
3.236,-0.00186269,1.0645,-0.00592957,2.06704,-0.0015705,1.07145,-0.00629447,2.0696
3.238,-0.00189921,1.0645,-0.00592957,2.06704,-0.00164355,1.07145,-0.00629447,2.0696
3.24,-0.00189921,1.06447,-0.00588396,2.06695,-0.00164355,1.07145,-0.00629447,2.0696
3.242,-0.00189921,1.06447,-0.00588396,2.06704,-0.00160703,1.07148,-0.00624886,2.06951
3.244,-0.00186269,1.0645,-0.00592957,2.06695,-0.00164355,1.07145,-0.00629447,2.06951
3.246,-0.00186269,1.0645,-0.00592957,2.06704,-0.0015705,1.07145,-0.00629447,2.0696
3.248,-0.00186269,1.0645,-0.00592957,2.06704,-0.00160703,1.07142,-0.00634008,2.06951
3.25,-0.00186269,1.0645,-0.00592957,2.06695,-0.00160703,1.07142,-0.00634008,2.0696
3.252,-0.00186269,1.06447,-0.00588396,2.06704,-0.00160703,1.07148,-0.00624886,2.0696
3.254,-0.00186269,1.06447,-0.00588396,2.06704,-0.00164355,1.07145,-0.00629447,2.06951
3.256,-0.00186269,1.0645,-0.00592957,2.06704,-0.00160703,1.07145,-0.00629447,2.06951
3.258,-0.00186269,1.0645,-0.00592957,2.06695,-0.00160703,1.07145,-0.00629447,2.06951
3.26,-0.00186269,1.0645,-0.00592957,2.06695,-0.00164355,1.07142,-0.00624886,2.0696
3.262,-0.00186269,1.06447,-0.00588396,2.06695,-0.00160703,1.07145,-0.00629447,2.06951
3.264,-0.00186269,1.06447,-0.00588396,2.06695,-0.00160703,1.07148,-0.00624886,2.0696
3.266,-0.00186269,1.06447,-0.00588396,2.06704,-0.00160703,1.07145,-0.00629447,2.06951
3.268,-0.00186269,1.0645,-0.00592957,2.06704,-0.00164355,1.07145,-0.00629447,2.0696
3.27,-0.00186269,1.0645,-0.00592957,2.06704,-0.0015705,1.07145,-0.00629447,2.06951
3.272,-0.00186269,1.06447,-0.00588396,2.06704,-0.0015705,1.07142,-0.00624886,2.0696
3.274,-0.00186269,1.0645,-0.00592957,2.06695,-0.00160703,1.07142,-0.00624886,2.06951
3.276,-0.00186269,1.06447,-0.00588396,2.06704,-0.00160703,1.07142,-0.00634008,2.0696
3.278,-0.00186269,1.06447,-0.00588396,2.06704,-0.0015705,1.07145,-0.00629447,2.06951
3.28,-0.00186269,1.0645,-0.00592957,2.06704,-0.00160703,1.07145,-0.00629447,2.06951
3.282,-0.00186269,1.0645,-0.00592957,2.06704,-0.00160703,1.07145,-0.00629447,2.06951
3.284,-0.00189921,1.06447,-0.00588396,2.06695,-0.00160703,1.07142,-0.00634008,2.0696
3.286,-0.00186269,1.0645,-0.00592957,2.06695,-0.00160703,1.07145,-0.00629447,2.0696
3.288,-0.00186269,1.0645,-0.00592957,2.06695,-0.0015705,1.07145,-0.00629447,2.0696
3.29,-0.00189921,1.06447,-0.00588396,2.06704,-0.00160703,1.07145,-0.00629447,2.06951
3.292,-0.00186269,1.0645,-0.00592957,2.06695,-0.0015705,1.07145,-0.00629447,2.06951
3.294,-0.00186269,1.0645,-0.00592957,2.06704,-0.0015705,1.07145,-0.00629447,2.06951
3.296,-0.00186269,1.0645,-0.00592957,2.06704,-0.00160703,1.07142,-0.00634008,2.06951
3.298,-0.00186269,1.06447,-0.00588396,2.06695,-0.00160703,1.07145,-0.00629447,2.0696
3.3,-0.00186269,1.06447,-0.00588396,2.06695,-0.00160703,1.07145,-0.00629447,2.06951
3.302,-0.00186269,1.06447,-0.00588396,2.06704,-0.00160703,1.07145,-0.00629447,2.06951
3.304,-0.00186269,1.0645,-0.00592957,2.06695,-0.0015705,1.0714,-0.00629447,2.06951
3.306,-0.00189921,1.0645,-0.00592957,2.06695,-0.00160703,1.07145,-0.00629447,2.06951
3.308,-0.00186269,1.0645,-0.00592957,2.06704,-0.00164355,1.0714,-0.00629447,2.0696
3.31,-0.00186269,1.0645,-0.00592957,2.06704,-0.0015705,1.07142,-0.00624886,2.0696
3.312,-0.00186269,1.06447,-0.00588396,2.06695,-0.0015705,1.07145,-0.00629447,2.0696
3.314,-0.00186269,1.0645,-0.00592957,2.06704,-0.00160703,1.07145,-0.00629447,2.0696
3.316,-0.00186269,1.0645,-0.00592957,2.06695,-0.00160703,1.07145,-0.00629447,2.0696
3.318,-0.00186269,1.0645,-0.00592957,2.06695,-0.00160703,1.07145,-0.00629447,2.06951
3.32,-0.00186269,1.0645,-0.00592957,2.06704,-0.0015705,1.07148,-0.00624886,2.06951
3.322,-0.00186269,1.06447,-0.00588396,2.06704,-0.0015705,1.07142,-0.00624886,2.0696
3.324,-0.00186269,1.0645,-0.00592957,2.06704,-0.00160703,1.07145,-0.00629447,2.06951
3.326,-0.00186269,1.06447,-0.00588396,2.06704,-0.0015705,1.07145,-0.00629447,2.06951
3.328,-0.00186269,1.0645,-0.00592957,2.06704,-0.00164355,1.07145,-0.00629447,2.0696
3.33,-0.00186269,1.0645,-0.00592957,2.06704,-0.00160703,1.07145,-0.00629447,2.06951
3.332,-0.00186269,1.06447,-0.00588396,2.06695,-0.00164355,1.07145,-0.00629447,2.0696
3.334,-0.00186269,1.0645,-0.00592957,2.06704,-0.00160703,1.07142,-0.00634008,2.0696
3.336,-0.00189921,1.0645,-0.00592957,2.06704,-0.00164355,1.07142,-0.00624886,2.06951
3.338,-0.00189921,1.0645,-0.00592957,2.06704,-0.0015705,1.07142,-0.00624886,2.06951
3.34,-0.00189921,1.06447,-0.00588396,2.06704,-0.00160703,1.07145,-0.00629447,2.06951
3.342,-0.00189921,1.0645,-0.00592957,2.06704,-0.00160703,1.07145,-0.00629447,2.0696
3.344,-0.00186269,1.06447,-0.00588396,2.06695,-0.00164355,1.07142,-0.00634008,2.06951
3.346,-0.00186269,1.06447,-0.00588396,2.06695,-0.00160703,1.07145,-0.00629447,2.0696
3.348,-0.00186269,1.06447,-0.00588396,2.06695,-0.00160703,1.07145,-0.00629447,2.06951
3.35,-0.00186269,1.0645,-0.00592957,2.06695,-0.00164355,1.07142,-0.00624886,2.0696
3.352,-0.00186269,1.0645,-0.00592957,2.06704,-0.00160703,1.07142,-0.00634008,2.06951
3.354,-0.00189921,1.0645,-0.00592957,2.06695,-0.00160703,1.07142,-0.00624886,2.06951
3.356,-0.00189921,1.0645,-0.00592957,2.06695,-0.00160703,1.07145,-0.00629447,2.0696
3.358,-0.00189921,1.0645,-0.00592957,2.06695,-0.00160703,1.07145,-0.00629447,2.0696
3.36,-0.00186269,1.06447,-0.00588396,2.06704,-0.00160703,1.07145,-0.00629447,2.06951
3.362,-0.00186269,1.06447,-0.00588396,2.06704,-0.00164355,1.07145,-0.00629447,2.0696
3.364,-0.00186269,1.0645,-0.00592957,2.06704,-0.00160703,1.0714,-0.00629447,2.06951
3.366,-0.00186269,1.0645,-0.00592957,2.06704,-0.00160703,1.07145,-0.00629447,2.0696
3.368,-0.00186269,1.0645,-0.00592957,2.06704,-0.00164355,1.07145,-0.00629447,2.06951
3.37,-0.00189921,1.0645,-0.00592957,2.06695,-0.00160703,1.07148,-0.00624886,2.0696
3.372,-0.00186269,1.06447,-0.00588396,2.06695,-0.00164355,1.07148,-0.00624886,2.06951
3.374,-0.00186269,1.06447,-0.00588396,2.06695,-0.00160703,1.07145,-0.00629447,2.06951
3.376,-0.00186269,1.06447,-0.00588396,2.06695,-0.00164355,1.07145,-0.00629447,2.06951
3.378,-0.00186269,1.0645,-0.00592957,2.06695,-0.0015705,1.07145,-0.00629447,2.06951
3.38,-0.00186269,1.0645,-0.00592957,2.06695,-0.00160703,1.0714,-0.00629447,2.06951
3.382,-0.00186269,1.0645,-0.00592957,2.06695,-0.00160703,1.07145,-0.00620325,2.0696
3.384,-0.00186269,1.0645,-0.00592957,2.06695,-0.00160703,1.07145,-0.00629447,2.06951
3.386,-0.00186269,1.0645,-0.00592957,2.06704,-0.00160703,1.07145,-0.00629447,2.0696
3.388,-0.00186269,1.06447,-0.00588396,2.06695,-0.00160703,1.07145,-0.00629447,2.0696
3.39,-0.00189921,1.0645,-0.00592957,2.06695,-0.0015705,1.07145,-0.00629447,2.0696
3.392,-0.00189921,1.0645,-0.00592957,2.06695,-0.00160703,1.07142,-0.00634008,2.06951
3.394,-0.00186269,1.0645,-0.00592957,2.06695,-0.00160703,1.07142,-0.00624886,2.06951
3.396,-0.00186269,1.0645,-0.00592957,2.06704,-0.00164355,1.07142,-0.00624886,2.06951
3.398,-0.00186269,1.0645,-0.00592957,2.06704,-0.00160703,1.07145,-0.00629447,2.06951
3.4,-0.00186269,1.0645,-0.00592957,2.06704,-0.00160703,1.07145,-0.00629447,2.0696
3.402,-0.00186269,1.0645,-0.00592957,2.06704,-0.00164355,1.07145,-0.00629447,2.0696
3.404,-0.00186269,1.0645,-0.00592957,2.06695,-0.00160703,1.07145,-0.00629447,2.0696
3.406,-0.00186269,1.06447,-0.00588396,2.06695,-0.00160703,1.07145,-0.00620325,2.06951
3.408,-0.00186269,1.06447,-0.00588396,2.06704,-0.0015705,1.07145,-0.00629447,2.06951
3.41,-0.00186269,1.0645,-0.00592957,2.06704,-0.00164355,1.07145,-0.00629447,2.06951
3.412,-0.00186269,1.0645,-0.00592957,2.06712,-0.00164355,1.07145,-0.00629447,2.06951
3.414,-0.00186269,1.0645,-0.00592957,2.06704,-0.00160703,1.07145,-0.00629447,2.06951
3.416,-0.00186269,1.0645,-0.00592957,2.06704,-0.0015705,1.07145,-0.00629447,2.0696
3.418,-0.00189921,1.06447,-0.00588396,2.06704,-0.00160703,1.07145,-0.00629447,2.0696
3.42,-0.00186269,1.06447,-0.00588396,2.06695,-0.00160703,1.07142,-0.00634008,2.0696
3.422,-0.00186269,1.0645,-0.00592957,2.06704,-0.00160703,1.07145,-0.00629447,2.0696
3.424,-0.00186269,1.0645,-0.00592957,2.06695,-0.00160703,1.07145,-0.00620325,2.06951
3.426,-0.00189921,1.06447,-0.00588396,2.06704,-0.00160703,1.07142,-0.00624886,2.0696
3.428,-0.00186269,1.06445,-0.00592957,2.06704,-0.0015705,1.07142,-0.00624886,2.06951
3.43,-0.00189921,1.06447,-0.00588396,2.06704,-0.00160703,1.07145,-0.00629447,2.0696
3.432,-0.00186269,1.0645,-0.00592957,2.06704,-0.0015705,1.07142,-0.00624886,2.0696
3.434,-0.00186269,1.0645,-0.00592957,2.06695,-0.00160703,1.07145,-0.00629447,2.0696
3.436,-0.00186269,1.06447,-0.00588396,2.06704,-0.00160703,1.07142,-0.00624886,2.06951
3.438,-0.00186269,1.0645,-0.00592957,2.06704,-0.00164355,1.07145,-0.00629447,2.06951
3.44,-0.00189921,1.0645,-0.00592957,2.06704,-0.0015705,1.07142,-0.00634008,2.06951
3.442,-0.00189921,1.0645,-0.00592957,2.06704,-0.00160703,1.07142,-0.00624886,2.0696
3.444,-0.00186269,1.06447,-0.00588396,2.06704,-0.0015705,1.07145,-0.00629447,2.06951
3.446,-0.00186269,1.0645,-0.00592957,2.06704,-0.0015705,1.07142,-0.00634008,2.0696
3.448,-0.00186269,1.0645,-0.00592957,2.06704,-0.00164355,1.07145,-0.00629447,2.06951
3.45,-0.00186269,1.06447,-0.00588396,2.06704,-0.00160703,1.07145,-0.00629447,2.06951
3.452,-0.00186269,1.06445,-0.00592957,2.06704,-0.00160703,1.07145,-0.00629447,2.06951
3.454,-0.00182617,1.0645,-0.00592957,2.06704,-0.0015705,1.07142,-0.00634008,2.06951
3.456,-0.00186269,1.0645,-0.00592957,2.06704,-0.0015705,1.07142,-0.00634008,2.06951
3.458,-0.00186269,1.0645,-0.00592957,2.06704,-0.0015705,1.07145,-0.00629447,2.06951
3.46,-0.00186269,1.0645,-0.00592957,2.06704,-0.00160703,1.07142,-0.00634008,2.06951
3.462,-0.00186269,1.0645,-0.00592957,2.06704,-0.0015705,1.07142,-0.00624886,2.06951
3.464,-0.00186269,1.06447,-0.00588396,2.06704,-0.00160703,1.07142,-0.00634008,2.0696
3.466,-0.00186269,1.06447,-0.00588396,2.06695,-0.00164355,1.07145,-0.00629447,2.0696
3.468,-0.00186269,1.06447,-0.00588396,2.06695,-0.0015705,1.07145,-0.00629447,2.06951
3.47,-0.00186269,1.06447,-0.00588396,2.06695,-0.00160703,1.07142,-0.00624886,2.06951
3.472,-0.00186269,1.06447,-0.00588396,2.06695,-0.00160703,1.07145,-0.00629447,2.06951
3.474,-0.00186269,1.06447,-0.00588396,2.06695,-0.00160703,1.07145,-0.00629447,2.06951
3.476,-0.00189921,1.0645,-0.00592957,2.06695,-0.00160703,1.07145,-0.00629447,2.06951
3.478,-0.00189921,1.0645,-0.00592957,2.06695,-0.00160703,1.07145,-0.00629447,2.06951
3.48,-0.00186269,1.06447,-0.00588396,2.06695,-0.0015705,1.07145,-0.00629447,2.06951
3.482,-0.00186269,1.06447,-0.00588396,2.06695,-0.00164355,1.07145,-0.00629447,2.06951
3.484,-0.00186269,1.06447,-0.00588396,2.06695,-0.00164355,1.07142,-0.00634008,2.06951
3.486,-0.00186269,1.0645,-0.00592957,2.06695,-0.00164355,1.07145,-0.00629447,2.06951
3.488,-0.00186269,1.0645,-0.00592957,2.06695,-0.0015705,1.07145,-0.00629447,2.06951
3.49,-0.00189921,1.06447,-0.00588396,2.06704,-0.00160703,1.07142,-0.00624886,2.06951
3.492,-0.00189921,1.06447,-0.00588396,2.06704,-0.0015705,1.07145,-0.00629447,2.06951
3.494,-0.00186269,1.0645,-0.00592957,2.06704,-0.00160703,1.07145,-0.00629447,2.0696
3.496,-0.00186269,1.0645,-0.00592957,2.06695,-0.0015705,1.07145,-0.00629447,2.06951
3.498,-0.00189921,1.06447,-0.00588396,2.06695,-0.00160703,1.07145,-0.00629447,2.06951
3.5,-0.00186269,1.06447,-0.00588396,2.06704,-0.00164355,1.07142,-0.00634008,2.0696
3.502,-0.00186269,1.06447,-0.00588396,2.06704,-0.0015705,1.07142,-0.00624886,2.06951
3.504,-0.00186269,1.0645,-0.00592957,2.06704,-0.00164355,1.0714,-0.00629447,2.06951
3.506,-0.00186269,1.0645,-0.00592957,2.06704,-0.0015705,1.07142,-0.00634008,2.0696
3.508,-0.00186269,1.06447,-0.00588396,2.06704,-0.00160703,1.07142,-0.00624886,2.06951
3.51,-0.00189921,1.0645,-0.00592957,2.06704,-0.00160703,1.07145,-0.00629447,2.0696
3.512,-0.00189921,1.0645,-0.00592957,2.06695,-0.0015705,1.07142,-0.00624886,2.0696
3.514,-0.00186269,1.06447,-0.00588396,2.06695,-0.00160703,1.07145,-0.00629447,2.06951
3.516,-0.00186269,1.06447,-0.00588396,2.06695,-0.00160703,1.07145,-0.00629447,2.06951
3.518,-0.00186269,1.0645,-0.00592957,2.06695,-0.00160703,1.07142,-0.00624886,2.06951
3.52,-0.00186269,1.0645,-0.00592957,2.06704,-0.00160703,1.07145,-0.00629447,2.06951
3.522,-0.00186269,1.0645,-0.00592957,2.06704,-0.00160703,1.07142,-0.00624886,2.06951
3.524,-0.00186269,1.0645,-0.00592957,2.06704,-0.00164355,1.07145,-0.00629447,2.06951
3.526,-0.00186269,1.0645,-0.00592957,2.06704,-0.00160703,1.07145,-0.00629447,2.0696
3.528,-0.00186269,1.0645,-0.00592957,2.06695,-0.00160703,1.07142,-0.00634008,2.0696
3.53,-0.00186269,1.0645,-0.00592957,2.06695,-0.0015705,1.07145,-0.00629447,2.0696
3.532,-0.00186269,1.0645,-0.00592957,2.06695,-0.0015705,1.07145,-0.00629447,2.06951
3.534,-0.00186269,1.06447,-0.00588396,2.06704,-0.00160703,1.0714,-0.00629447,2.06951
3.536,-0.00186269,1.06447,-0.00588396,2.06704,-0.00160703,1.07145,-0.00629447,2.0696
3.538,-0.00186269,1.06447,-0.00588396,2.06704,-0.00160703,1.07145,-0.00629447,2.0696
3.54,-0.00186269,1.0645,-0.00592957,2.06704,-0.0015705,1.07142,-0.00624886,2.0696
3.542,-0.00186269,1.0645,-0.00592957,2.06704,-0.00160703,1.07142,-0.00624886,2.06951
3.544,-0.00186269,1.0645,-0.00592957,2.06704,-0.0015705,1.07145,-0.00629447,2.06951
3.546,-0.00186269,1.06447,-0.00588396,2.06695,-0.00160703,1.07145,-0.00629447,2.0696
3.548,-0.00186269,1.06447,-0.00588396,2.06695,-0.00160703,1.07145,-0.00629447,2.0696
3.55,-0.00189921,1.06447,-0.00588396,2.06695,-0.00160703,1.07145,-0.00629447,2.06951
3.552,-0.00189921,1.0645,-0.00592957,2.06704,-0.00160703,1.07142,-0.00634008,2.06951
3.554,-0.00186269,1.0645,-0.00592957,2.06704,-0.00160703,1.07142,-0.00624886,2.0696
3.556,-0.00186269,1.06447,-0.00588396,2.06704,-0.00160703,1.07142,-0.00624886,2.0696
3.558,-0.00186269,1.06447,-0.00588396,2.06704,-0.00160703,1.07145,-0.00629447,2.0696
3.56,-0.00186269,1.0645,-0.00592957,2.06695,-0.00164355,1.07142,-0.00634008,2.06951
3.562,-0.00186269,1.0645,-0.00592957,2.06695,-0.0015705,1.07142,-0.00634008,2.06951
3.564,-0.00186269,1.06447,-0.00588396,2.06695,-0.00160703,1.07145,-0.00629447,2.06951
3.566,-0.00186269,1.06447,-0.00588396,2.06695,-0.00160703,1.07145,-0.00629447,2.06951
3.568,-0.00186269,1.0645,-0.00592957,2.06704,-0.00160703,1.07145,-0.00629447,2.06951
3.57,-0.00189921,1.0645,-0.00592957,2.06704,-0.0015705,1.07145,-0.00620325,2.0696
3.572,-0.00189921,1.06447,-0.00588396,2.06704,-0.0015705,1.07145,-0.00629447,2.06951
3.574,-0.00186269,1.06447,-0.00588396,2.06695,-0.00160703,1.07145,-0.00629447,2.06951
3.576,-0.00186269,1.06447,-0.00588396,2.06695,-0.00160703,1.07142,-0.00624886,2.0696
3.578,-0.00186269,1.0645,-0.00592957,2.06695,-0.0015705,1.07145,-0.00629447,2.06951
3.58,-0.00186269,1.06447,-0.00588396,2.06704,-0.00160703,1.07145,-0.00629447,2.0696
3.582,-0.00186269,1.06447,-0.00588396,2.06704,-0.00160703,1.07142,-0.00634008,2.06951
3.584,-0.00189921,1.0645,-0.00592957,2.06704,-0.00160703,1.07145,-0.00629447,2.06951
3.586,-0.00189921,1.06447,-0.00588396,2.06704,-0.0015705,1.07145,-0.00629447,2.06951
3.588,-0.00189921,1.06447,-0.00588396,2.06704,-0.0015705,1.07145,-0.00629447,2.06951
3.59,-0.00186269,1.06447,-0.00588396,2.06695,-0.0015705,1.07142,-0.00624886,2.0696
3.592,-0.00186269,1.0645,-0.00592957,2.06695,-0.00160703,1.07145,-0.00629447,2.0696
3.594,-0.00186269,1.0645,-0.00592957,2.06695,-0.00160703,1.07142,-0.00624886,2.0696
3.596,-0.00186269,1.0645,-0.00592957,2.06695,-0.00160703,1.07142,-0.00624886,2.06951
3.598,-0.00186269,1.0645,-0.00592957,2.06704,-0.00160703,1.07142,-0.00624886,2.06951
3.6,-0.00189921,1.0645,-0.00592957,2.06704,-0.0015705,1.07142,-0.00634008,2.06951
3.602,-0.00189921,1.06447,-0.00588396,2.06704,-0.0015705,1.07148,-0.00624886,2.0696
3.604,-0.00189921,1.06447,-0.00588396,2.06695,-0.00160703,1.07142,-0.00624886,2.0696
3.606,-0.00186269,1.0645,-0.00592957,2.06695,-0.00160703,1.07142,-0.00634008,2.06951
3.608,-0.00186269,1.06447,-0.00588396,2.06695,-0.00164355,1.07145,-0.00629447,2.0696
3.61,-0.00186269,1.06447,-0.00588396,2.06695,-0.00160703,1.07145,-0.00629447,2.06951
3.612,-0.00186269,1.0645,-0.00592957,2.06704,-0.00160703,1.0714,-0.00629447,2.0696
3.614,-0.00186269,1.06447,-0.00588396,2.06704,-0.0015705,1.07145,-0.00629447,2.0696
3.616,-0.00186269,1.06447,-0.00588396,2.06695,-0.0015705,1.07145,-0.00629447,2.0696
3.618,-0.00186269,1.0645,-0.00592957,2.06704,-0.00160703,1.07145,-0.00629447,2.06951
3.62,-0.00186269,1.0645,-0.00592957,2.06695,-0.00160703,1.07145,-0.00629447,2.0696
3.622,-0.00189921,1.06447,-0.00588396,2.06695,-0.00160703,1.07145,-0.00629447,2.0696
3.624,-0.00186269,1.06447,-0.00588396,2.06695,-0.00160703,1.07145,-0.00629447,2.06951
3.626,-0.00186269,1.0645,-0.00592957,2.06704,-0.00160703,1.07142,-0.00634008,2.0696
3.628,-0.00186269,1.0645,-0.00592957,2.06704,-0.0015705,1.07145,-0.00629447,2.0696
3.63,-0.00186269,1.0645,-0.00592957,2.06695,-0.00160703,1.07145,-0.00629447,2.06951
3.632,-0.00186269,1.06447,-0.00588396,2.06695,-0.00160703,1.07145,-0.00629447,2.0696
3.634,-0.00186269,1.0645,-0.00592957,2.06695,-0.00160703,1.07145,-0.00629447,2.06951
3.636,-0.00189921,1.06447,-0.00588396,2.06704,-0.00164355,1.07142,-0.00624886,2.0696
3.638,-0.00186269,1.06447,-0.00588396,2.06695,-0.00160703,1.07145,-0.00629447,2.0696
3.64,-0.00186269,1.06447,-0.00588396,2.06704,-0.00160703,1.07145,-0.00629447,2.0696
3.642,-0.00186269,1.0645,-0.00592957,2.06704,-0.00160703,1.07148,-0.00624886,2.06951
3.644,-0.00186269,1.06447,-0.00588396,2.06695,-0.00160703,1.07142,-0.00634008,2.0696
3.646,-0.00186269,1.0645,-0.00592957,2.06695,-0.00164355,1.07148,-0.00624886,2.06951
3.648,-0.00186269,1.0645,-0.00592957,2.06695,-0.00160703,1.07145,-0.00629447,2.0696
3.65,-0.00186269,1.0645,-0.00592957,2.06695,-0.00160703,1.07145,-0.00629447,2.06951
3.652,-0.00186269,1.06447,-0.00588396,2.06704,-0.00160703,1.07145,-0.00629447,2.0696
3.654,-0.00186269,1.06447,-0.00588396,2.06704,-0.0015705,1.07145,-0.00629447,2.0696
3.656,-0.00186269,1.0645,-0.00592957,2.06695,-0.0015705,1.07145,-0.00629447,2.0696
3.658,-0.00186269,1.0645,-0.00592957,2.06695,-0.00160703,1.07145,-0.00629447,2.06951
3.66,-0.00186269,1.06447,-0.00588396,2.06695,-0.00160703,1.07142,-0.00634008,2.0696
3.662,-0.00186269,1.06447,-0.00588396,2.06704,-0.00160703,1.07145,-0.00629447,2.06951
3.664,-0.00186269,1.0645,-0.00592957,2.06695,-0.00164355,1.07145,-0.00629447,2.06951
3.666,-0.00186269,1.06447,-0.00588396,2.06704,-0.00160703,1.07145,-0.00629447,2.0696
3.668,-0.00186269,1.0645,-0.00592957,2.06695,-0.00160703,1.07142,-0.00624886,2.06951
3.67,-0.00186269,1.06447,-0.00588396,2.06704,-0.00160703,1.07145,-0.00629447,2.06951
3.672,-0.00186269,1.06447,-0.00588396,2.06704,-0.0015705,1.07142,-0.00634008,2.06951
3.674,-0.00186269,1.06447,-0.00588396,2.06704,-0.00160703,1.07148,-0.00624886,2.06951
3.676,-0.00186269,1.0645,-0.00592957,2.06695,-0.00160703,1.07145,-0.00629447,2.06951
3.678,-0.00186269,1.0645,-0.00592957,2.06695,-0.00160703,1.07142,-0.00634008,2.0696
3.68,-0.00186269,1.06447,-0.00588396,2.06695,-0.00164355,1.07145,-0.00629447,2.0696
3.682,-0.00186269,1.06447,-0.00588396,2.06695,-0.00164355,1.07145,-0.00629447,2.06951
3.684,-0.00189921,1.0645,-0.00592957,2.06695,-0.0015705,1.07142,-0.00624886,2.06951
3.686,-0.00186269,1.0645,-0.00592957,2.06704,-0.0015705,1.07145,-0.00629447,2.06951
3.688,-0.00186269,1.0645,-0.00592957,2.06695,-0.00160703,1.07145,-0.00629447,2.06951
3.69,-0.00186269,1.06447,-0.00588396,2.06704,-0.00160703,1.07145,-0.00629447,2.06951
3.692,-0.00186269,1.06447,-0.00588396,2.06695,-0.00164355,1.07145,-0.00629447,2.0696
3.694,-0.00186269,1.06447,-0.00588396,2.06695,-0.00164355,1.07145,-0.00629447,2.0696
3.696,-0.00186269,1.0645,-0.00592957,2.06695,-0.00164355,1.07145,-0.00629447,2.06951
3.698,-0.00186269,1.0645,-0.00592957,2.06704,-0.0015705,1.07142,-0.00634008,2.0696
3.7,-0.00189921,1.0645,-0.00592957,2.06704,-0.00160703,1.07145,-0.00629447,2.06951
3.702,-0.00189921,1.06447,-0.00588396,2.06704,-0.00164355,1.07145,-0.00629447,2.06951
3.704,-0.00186269,1.06447,-0.00588396,2.06704,-0.00164355,1.07142,-0.00624886,2.06951
3.706,-0.00189921,1.06447,-0.00588396,2.06704,-0.00160703,1.07142,-0.00624886,2.06951
3.708,-0.00186269,1.06447,-0.00588396,2.06704,-0.00160703,1.07145,-0.00629447,2.0696
3.71,-0.00186269,1.0645,-0.00592957,2.06695,-0.00160703,1.07145,-0.00629447,2.0696
3.712,-0.00186269,1.06447,-0.00588396,2.06695,-0.00164355,1.07145,-0.00629447,2.0696
3.714,-0.00186269,1.06447,-0.00588396,2.06695,-0.0015705,1.07145,-0.00629447,2.0696
3.716,-0.00186269,1.0645,-0.00592957,2.06704,-0.0015705,1.07148,-0.00624886,2.06951
3.718,-0.00186269,1.06447,-0.00588396,2.06704,-0.0015705,1.07145,-0.00629447,2.06943
3.72,-0.00186269,1.0645,-0.00592957,2.06704,-0.00164355,1.07145,-0.00629447,2.06951
3.722,-0.00186269,1.0645,-0.00592957,2.06704,-0.0015705,1.07142,-0.00624886,2.06951
3.724,-0.00186269,1.0645,-0.00592957,2.06695,-0.00160703,1.07142,-0.00634008,2.0696
3.726,-0.00186269,1.06447,-0.00588396,2.06695,-0.00160703,1.07145,-0.00629447,2.0696
3.728,-0.00186269,1.06447,-0.00588396,2.06704,-0.00160703,1.07145,-0.00629447,2.0696
3.73,-0.00189921,1.06447,-0.00588396,2.06695,-0.00160703,1.07142,-0.00624886,2.06951
3.732,-0.00186269,1.06447,-0.00588396,2.06704,-0.00164355,1.07145,-0.00629447,2.06951
3.734,-0.00186269,1.0645,-0.00592957,2.06704,-0.00168007,1.07142,-0.00624886,2.06951
3.736,-0.00186269,1.0645,-0.00592957,2.06704,-0.00164355,1.07142,-0.00624886,2.06951
3.738,-0.00189921,1.06447,-0.00588396,2.06695,-0.0015705,1.07145,-0.00629447,2.0696
3.74,-0.00186269,1.06447,-0.00588396,2.06695,-0.0015705,1.07145,-0.00629447,2.0696
3.742,-0.00189921,1.06447,-0.00588396,2.06695,-0.00160703,1.07142,-0.00634008,2.0696
3.744,-0.00186269,1.06447,-0.00588396,2.06695,-0.00160703,1.07145,-0.00629447,2.06951
3.746,-0.00189921,1.0645,-0.00592957,2.06695,-0.00160703,1.07142,-0.00624886,2.06951
3.748,-0.00186269,1.0645,-0.00592957,2.06704,-0.0015705,1.07142,-0.00624886,2.06943
3.75,-0.00189921,1.06447,-0.00588396,2.06704,-0.00160703,1.07145,-0.00629447,2.0696
3.752,-0.00186269,1.06447,-0.00588396,2.06704,-0.00160703,1.07145,-0.00629447,2.06951
3.754,-0.00186269,1.06447,-0.00588396,2.06695,-0.00164355,1.07142,-0.00624886,2.0696
3.756,-0.00186269,1.06447,-0.00588396,2.06704,-0.00160703,1.07145,-0.00629447,2.0696
3.758,-0.00186269,1.0645,-0.00592957,2.06695,-0.00160703,1.07142,-0.00624886,2.0696
3.76,-0.00186269,1.0645,-0.00592957,2.06695,-0.00160703,1.07142,-0.00634008,2.06951
3.762,-0.00186269,1.06447,-0.00588396,2.06704,-0.0015705,1.07142,-0.00624886,2.06951
3.764,-0.00186269,1.06447,-0.00588396,2.06704,-0.00160703,1.07142,-0.00624886,2.06951
3.766,-0.00186269,1.06447,-0.00588396,2.06704,-0.0015705,1.07145,-0.00629447,2.06951
3.768,-0.00186269,1.0645,-0.00592957,2.06704,-0.00160703,1.07145,-0.00629447,2.0696
3.77,-0.00186269,1.0645,-0.00592957,2.06695,-0.00160703,1.07145,-0.00629447,2.0696
3.772,-0.00186269,1.0645,-0.00592957,2.06695,-0.0015705,1.07145,-0.00629447,2.0696
3.774,-0.00186269,1.06447,-0.00588396,2.06695,-0.00160703,1.07145,-0.00629447,2.06951
3.776,-0.00186269,1.06447,-0.00588396,2.06695,-0.00164355,1.07145,-0.00629447,2.06951
3.778,-0.00186269,1.0645,-0.00592957,2.06704,-0.0015705,1.07145,-0.00629447,2.06951
3.78,-0.00186269,1.0645,-0.00592957,2.06704,-0.00160703,1.07145,-0.00629447,2.0696
3.782,-0.00189921,1.06447,-0.00588396,2.06704,-0.00160703,1.07145,-0.00629447,2.0696
3.784,-0.00186269,1.06447,-0.00588396,2.06704,-0.00164355,1.07145,-0.00629447,2.0696
3.786,-0.00186269,1.06447,-0.00588396,2.06695,-0.00160703,1.07142,-0.00624886,2.0696
3.788,-0.00189921,1.06447,-0.00588396,2.06695,-0.00160703,1.07145,-0.00629447,2.06951
3.79,-0.00186269,1.06447,-0.00588396,2.06695,-0.0015705,1.07145,-0.00629447,2.06951
3.792,-0.00186269,1.0645,-0.00592957,2.06704,-0.00164355,1.07145,-0.00629447,2.0696
3.794,-0.00186269,1.06447,-0.00588396,2.06704,-0.0015705,1.07142,-0.00624886,2.06951
3.796,-0.00186269,1.0645,-0.00592957,2.06704,-0.00164355,1.07142,-0.00624886,2.0696
3.798,-0.00186269,1.06447,-0.00588396,2.06704,-0.00160703,1.07145,-0.00629447,2.0696
3.8,-0.00186269,1.0645,-0.00592957,2.06695,-0.0015705,1.07145,-0.00629447,2.0696
3.802,-0.00186269,1.06447,-0.00588396,2.06704,-0.0015705,1.0714,-0.00629447,2.0696
3.804,-0.00186269,1.06447,-0.00588396,2.06695,-0.00168007,1.07145,-0.00629447,2.0696
3.806,-0.00189921,1.06447,-0.00588396,2.06695,-0.00160703,1.07142,-0.00624886,2.06951
3.808,-0.00186269,1.0645,-0.00592957,2.06695,-0.0015705,1.07145,-0.00629447,2.0696
3.81,-0.00186269,1.0645,-0.00592957,2.06695,-0.00164355,1.07145,-0.00629447,2.0696
3.812,-0.00186269,1.06447,-0.00588396,2.06704,-0.00160703,1.07145,-0.00629447,2.0696
3.814,-0.00189921,1.0645,-0.00592957,2.06704,-0.00160703,1.07145,-0.00629447,2.06951
3.816,-0.00186269,1.0645,-0.00592957,2.06704,-0.00164355,1.07145,-0.00629447,2.06951
3.818,-0.00186269,1.06447,-0.00588396,2.06704,-0.00160703,1.07145,-0.00629447,2.06951
3.82,-0.00189921,1.0645,-0.00592957,2.06704,-0.0015705,1.07145,-0.00629447,2.0696
3.822,-0.00186269,1.06447,-0.00588396,2.06704,-0.00164355,1.07145,-0.00629447,2.06951
3.824,-0.00186269,1.06447,-0.00588396,2.06695,-0.00160703,1.07142,-0.00624886,2.0696
3.826,-0.00186269,1.06447,-0.00588396,2.06695,-0.00160703,1.07142,-0.00634008,2.0696
3.828,-0.00186269,1.0645,-0.00592957,2.06695,-0.00160703,1.07145,-0.00629447,2.0696
3.83,-0.00186269,1.0645,-0.00592957,2.06695,-0.00164355,1.07142,-0.00634008,2.0696
3.832,-0.00186269,1.06447,-0.00588396,2.06704,-0.00160703,1.07142,-0.00624886,2.0696
3.834,-0.00186269,1.0645,-0.00592957,2.06704,-0.00160703,1.07145,-0.00629447,2.0696
3.836,-0.00186269,1.0645,-0.00592957,2.06704,-0.0015705,1.07142,-0.00624886,2.06951
3.838,-0.00186269,1.06447,-0.00588396,2.06695,-0.00160703,1.07145,-0.00629447,2.06951
3.84,-0.00186269,1.06447,-0.00588396,2.06695,-0.00160703,1.07145,-0.00629447,2.06951
3.842,-0.00186269,1.06447,-0.00588396,2.06695,-0.00164355,1.07145,-0.00629447,2.06951
3.844,-0.00186269,1.0645,-0.00592957,2.06695,-0.00160703,1.07142,-0.00624886,2.0696
3.846,-0.00186269,1.0645,-0.00592957,2.06695,-0.00160703,1.07145,-0.00629447,2.06951
3.848,-0.00186269,1.06447,-0.00588396,2.06695,-0.0015705,1.07142,-0.00624886,2.06951
3.85,-0.00189921,1.0645,-0.00592957,2.06704,-0.0015705,1.07145,-0.00620325,2.06951
3.852,-0.00186269,1.0645,-0.00592957,2.06704,-0.0015705,1.07145,-0.00629447,2.06951
3.854,-0.00186269,1.0645,-0.00592957,2.06695,-0.0015705,1.07142,-0.00634008,2.06951
3.856,-0.00186269,1.06447,-0.00588396,2.06695,-0.00160703,1.07145,-0.00629447,2.0696
3.858,-0.00186269,1.06447,-0.00588396,2.06695,-0.00160703,1.07142,-0.00634008,2.0696
3.86,-0.00186269,1.06447,-0.00597519,2.06704,-0.00164355,1.07145,-0.00629447,2.06951
3.862,-0.00186269,1.0645,-0.00592957,2.06704,-0.00160703,1.07145,-0.00620325,2.0696
3.864,-0.00186269,1.0645,-0.00592957,2.06712,-0.00160703,1.07142,-0.00624886,2.06951
3.866,-0.00186269,1.0645,-0.00592957,2.06712,-0.0015705,1.07145,-0.00629447,2.0696
3.868,-0.00189921,1.0645,-0.00592957,2.06704,-0.00160703,1.07142,-0.00634008,2.0696
3.87,-0.00189921,1.0645,-0.00592957,2.06695,-0.0015705,1.07145,-0.00629447,2.0696
3.872,-0.00186269,1.0645,-0.00592957,2.06695,-0.00164355,1.07145,-0.00629447,2.0696
3.874,-0.00186269,1.0645,-0.00592957,2.06695,-0.0015705,1.07145,-0.00629447,2.06951
3.876,-0.00186269,1.0645,-0.00592957,2.06704,-0.0015705,1.07145,-0.00629447,2.06951
3.878,-0.00186269,1.0645,-0.00592957,2.06704,-0.00160703,1.07145,-0.00629447,2.0696
3.88,-0.00189921,1.0645,-0.00592957,2.06704,-0.00160703,1.07145,-0.00629447,2.06951
3.882,-0.00186269,1.0645,-0.00592957,2.06704,-0.00160703,1.07142,-0.00624886,2.06951
3.884,-0.00189921,1.0645,-0.00592957,2.06704,-0.0015705,1.07145,-0.00629447,2.06951
3.886,-0.00189921,1.0645,-0.00592957,2.06695,-0.00160703,1.07142,-0.00634008,2.0696
3.888,-0.00186269,1.0645,-0.00592957,2.06704,-0.00160703,1.07145,-0.00629447,2.06951
3.89,-0.00186269,1.0645,-0.00592957,2.06695,-0.00160703,1.07145,-0.00629447,2.06951
3.892,-0.00186269,1.06447,-0.00588396,2.06695,-0.00160703,1.07145,-0.00629447,2.06951
3.894,-0.00186269,1.06447,-0.00588396,2.06704,-0.00160703,1.07145,-0.00629447,2.06951
3.896,-0.00186269,1.0645,-0.00592957,2.06695,-0.0015705,1.07145,-0.00629447,2.06951
3.898,-0.00186269,1.0645,-0.00592957,2.06704,-0.0015705,1.07142,-0.00624886,2.06951
3.9,-0.00189921,1.0645,-0.00592957,2.06704,-0.0015705,1.07142,-0.00624886,2.06951
3.902,-0.00186269,1.06447,-0.00588396,2.06704,-0.00160703,1.07145,-0.00629447,2.06951
3.904,-0.00186269,1.0645,-0.00592957,2.06704,-0.00164355,1.07145,-0.00629447,2.06951
3.906,-0.00186269,1.06447,-0.00588396,2.06695,-0.00160703,1.07148,-0.00624886,2.0696
3.908,-0.00186269,1.0645,-0.00592957,2.06704,-0.00160703,1.07145,-0.00629447,2.0696
3.91,-0.00186269,1.0645,-0.00592957,2.06704,-0.00160703,1.07145,-0.00629447,2.06951
3.912,-0.00186269,1.06447,-0.00588396,2.06695,-0.00160703,1.07145,-0.00629447,2.06951
3.914,-0.00189921,1.0645,-0.00592957,2.06704,-0.0015705,1.07145,-0.00629447,2.06951
3.916,-0.00189921,1.0645,-0.00592957,2.06695,-0.00160703,1.07142,-0.00624886,2.0696
3.918,-0.00189921,1.0645,-0.00592957,2.06704,-0.00160703,1.07145,-0.00629447,2.0696
3.92,-0.00186269,1.0645,-0.00592957,2.06704,-0.00160703,1.07145,-0.00629447,2.0696
3.922,-0.00186269,1.06447,-0.00588396,2.06704,-0.00160703,1.07145,-0.00629447,2.06951
3.924,-0.00186269,1.06447,-0.00588396,2.06704,-0.00160703,1.07145,-0.00629447,2.06951
3.926,-0.00186269,1.0645,-0.00592957,2.06704,-0.00160703,1.07145,-0.00629447,2.0696
3.928,-0.00186269,1.06447,-0.00588396,2.06704,-0.00160703,1.07142,-0.00634008,2.0696
3.93,-0.00186269,1.0645,-0.00592957,2.06704,-0.00160703,1.07142,-0.00634008,2.06951
3.932,-0.00186269,1.0645,-0.00592957,2.06704,-0.00160703,1.07142,-0.00634008,2.0696
3.934,-0.00186269,1.0645,-0.00592957,2.06695,-0.0015705,1.07145,-0.00629447,2.0696
3.936,-0.00189921,1.0645,-0.00592957,2.06695,-0.00160703,1.07145,-0.00629447,2.06951
3.938,-0.00186269,1.06447,-0.00588396,2.06704,-0.0015705,1.07145,-0.00629447,2.0696
3.94,-0.00186269,1.0645,-0.00592957,2.06704,-0.0015705,1.07145,-0.00629447,2.06951
3.942,-0.00186269,1.0645,-0.00592957,2.06704,-0.00160703,1.07145,-0.00629447,2.0696
3.944,-0.00186269,1.0645,-0.00592957,2.06704,-0.00160703,1.07142,-0.00634008,2.06951
3.946,-0.00186269,1.0645,-0.00592957,2.06695,-0.00160703,1.07142,-0.00624886,2.0696
3.948,-0.00186269,1.06447,-0.00588396,2.06704,-0.0015705,1.07145,-0.00629447,2.0696
3.95,-0.00186269,1.06447,-0.00588396,2.06704,-0.0015705,1.07145,-0.00629447,2.0696
3.952,-0.00186269,1.0645,-0.00592957,2.06704,-0.00160703,1.07145,-0.00629447,2.0696
3.954,-0.00186269,1.0645,-0.00592957,2.06695,-0.00160703,1.07145,-0.00629447,2.06951
3.956,-0.00189921,1.06447,-0.00588396,2.06695,-0.00160703,1.07145,-0.00629447,2.06951
3.958,-0.00189921,1.06447,-0.00588396,2.06704,-0.0015705,1.07145,-0.00629447,2.06951
3.96,-0.00186269,1.0645,-0.00592957,2.06704,-0.00160703,1.07142,-0.00634008,2.0696
3.962,-0.00186269,1.06447,-0.00588396,2.06695,-0.0015705,1.07145,-0.00629447,2.0696
3.964,-0.00186269,1.0645,-0.00592957,2.06704,-0.00160703,1.07142,-0.00634008,2.0696
3.966,-0.00186269,1.0645,-0.00592957,2.06695,-0.0015705,1.07145,-0.00629447,2.06951
3.968,-0.00186269,1.0645,-0.00592957,2.06704,-0.0015705,1.07145,-0.00629447,2.06951
3.97,-0.00189921,1.06447,-0.00588396,2.06704,-0.00160703,1.07145,-0.00629447,2.06951
3.972,-0.00189921,1.0645,-0.00592957,2.06704,-0.00160703,1.07145,-0.00629447,2.06951
3.974,-0.00186269,1.06447,-0.00588396,2.06704,-0.0015705,1.07145,-0.00629447,2.0696
3.976,-0.00186269,1.0645,-0.00592957,2.06704,-0.00160703,1.07142,-0.00634008,2.0696
3.978,-0.00186269,1.0645,-0.00592957,2.06695,-0.00160703,1.07145,-0.00629447,2.06968
3.98,-0.00189921,1.0645,-0.00592957,2.06695,-0.0015705,1.07145,-0.00629447,2.06951
3.982,-0.00189921,1.06447,-0.00588396,2.06704,-0.00160703,1.07145,-0.00629447,2.06951
3.984,-0.00186269,1.0645,-0.00592957,2.06704,-0.00160703,1.07145,-0.00629447,2.0696
3.986,-0.00186269,1.0645,-0.00592957,2.06704,-0.00164355,1.07145,-0.00629447,2.06951
3.988,-0.00186269,1.0645,-0.00592957,2.06704,-0.00164355,1.07142,-0.00634008,2.06951
3.99,-0.00186269,1.06447,-0.00588396,2.06704,-0.00160703,1.07145,-0.00629447,2.06951
3.992,-0.00186269,1.06447,-0.00588396,2.06704,-0.00160703,1.0714,-0.00629447,2.0696
3.994,-0.00186269,1.06447,-0.00597519,2.06704,-0.00160703,1.07142,-0.00624886,2.06951
3.996,-0.00186269,1.06445,-0.00592957,2.06704,-0.0015705,1.0714,-0.00629447,2.0696
3.998,-0.00186269,1.06447,-0.00588396,2.06704,-0.00160703,1.07142,-0.00624886,2.0696
4,-0.00186269,1.06447,-0.00588396,2.06695,-0.00164355,1.07142,-0.00634008,2.0696
4.002,-0.00186269,1.0645,-0.00592957,2.06704,-0.00160703,1.07142,-0.00624886,2.06951
4.004,-0.00186269,1.0645,-0.00592957,2.06704,-0.00160703,1.07145,-0.00629447,2.0696
4.006,-0.00186269,1.0645,-0.00592957,2.06704,-0.00160703,1.07142,-0.00634008,2.0696
4.008,-0.00186269,1.06447,-0.00588396,2.06704,-0.0015705,1.07145,-0.00629447,2.0696
4.01,-0.00186269,1.0645,-0.00592957,2.06695,-0.0015705,1.07148,-0.00624886,2.06951
4.012,-0.00186269,1.06447,-0.00588396,2.06704,-0.00164355,1.07145,-0.00629447,2.06951
4.014,-0.00186269,1.0645,-0.00592957,2.06704,-0.00164355,1.07148,-0.00624886,2.06951
4.016,-0.00186269,1.0645,-0.00592957,2.06695,-0.00160703,1.07142,-0.00634008,2.0696
4.018,-0.00186269,1.06447,-0.00597519,2.06704,-0.0015705,1.07145,-0.00629447,2.0696
4.02,-0.00186269,1.06447,-0.00588396,2.06704,-0.00164355,1.07142,-0.00624886,2.06951
4.022,-0.00186269,1.06447,-0.00588396,2.06704,-0.00164355,1.07142,-0.00624886,2.0696
4.024,-0.00186269,1.06447,-0.00588396,2.06695,-0.00160703,1.07142,-0.00624886,2.0696
4.026,-0.00189921,1.0645,-0.00592957,2.06704,-0.00160703,1.07142,-0.00624886,2.06951
4.028,-0.00186269,1.0645,-0.00592957,2.06704,-0.0015705,1.07145,-0.00629447,2.06951
4.03,-0.00186269,1.06447,-0.00588396,2.06704,-0.00160703,1.07142,-0.00634008,2.0696
4.032,-0.00186269,1.06447,-0.00588396,2.06704,-0.00160703,1.07145,-0.00629447,2.0696
4.034,-0.00186269,1.06447,-0.00588396,2.06704,-0.0015705,1.07145,-0.00629447,2.06951
4.036,-0.00189921,1.06447,-0.00588396,2.06704,-0.00160703,1.07145,-0.00629447,2.0696
4.038,-0.00186269,1.0645,-0.00592957,2.06695,-0.0015705,1.07145,-0.00629447,2.0696
4.04,-0.00186269,1.0645,-0.00592957,2.06704,-0.00164355,1.07142,-0.00624886,2.0696
4.042,-0.00186269,1.0645,-0.00592957,2.06704,-0.00160703,1.07142,-0.00624886,2.0696
4.044,-0.00186269,1.06447,-0.00588396,2.06704,-0.0015705,1.07145,-0.00629447,2.06951
4.046,-0.00186269,1.06447,-0.00588396,2.06704,-0.0015705,1.07142,-0.00634008,2.0696
4.048,-0.00186269,1.06447,-0.00588396,2.06695,-0.0015705,1.07145,-0.00629447,2.0696
4.05,-0.00186269,1.06447,-0.00588396,2.06704,-0.00164355,1.07142,-0.00634008,2.0696
4.052,-0.00189921,1.0645,-0.00592957,2.06695,-0.00160703,1.07148,-0.00624886,2.06951
4.054,-0.00186269,1.0645,-0.00592957,2.06695,-0.00160703,1.07145,-0.00629447,2.06951
4.056,-0.00186269,1.0645,-0.00592957,2.06704,-0.00153398,1.07142,-0.00624886,2.06951
4.058,-0.00186269,1.06447,-0.00588396,2.06704,-0.00164355,1.07145,-0.00629447,2.0696
4.06,-0.00186269,1.06447,-0.00588396,2.06704,-0.00164355,1.07145,-0.00629447,2.06951
4.062,-0.00186269,1.06447,-0.00588396,2.06704,-0.0015705,1.07145,-0.00629447,2.0696
4.064,-0.00186269,1.06447,-0.00588396,2.06704,-0.00160703,1.07145,-0.00629447,2.0696
4.066,-0.00186269,1.06447,-0.00588396,2.06704,-0.0015705,1.07142,-0.00624886,2.0696
4.068,-0.00186269,1.06447,-0.00588396,2.06695,-0.0015705,1.07142,-0.00624886,2.06951
4.07,-0.00186269,1.06447,-0.00588396,2.06695,-0.00160703,1.0714,-0.00629447,2.0696
4.072,-0.00186269,1.06447,-0.00588396,2.06695,-0.0015705,1.07145,-0.00629447,2.06951
4.074,-0.00186269,1.06447,-0.00588396,2.06704,-0.0015705,1.07145,-0.00629447,2.06951
4.076,-0.00186269,1.06447,-0.00588396,2.06704,-0.00164355,1.07145,-0.00629447,2.0696
4.078,-0.00186269,1.0645,-0.00592957,2.06704,-0.00160703,1.07142,-0.00624886,2.0696
4.08,-0.00186269,1.0645,-0.00592957,2.06695,-0.00164355,1.07145,-0.00629447,2.06951
4.082,-0.00189921,1.06447,-0.00597519,2.06704,-0.0015705,1.07145,-0.00629447,2.0696
4.084,-0.00186269,1.06447,-0.00588396,2.06695,-0.00160703,1.07145,-0.00629447,2.0696
4.086,-0.00186269,1.06447,-0.00588396,2.06695,-0.0015705,1.07145,-0.00629447,2.06951
4.088,-0.00186269,1.06447,-0.00588396,2.06695,-0.00160703,1.07145,-0.00629447,2.06951
4.09,-0.00189921,1.06447,-0.00588396,2.06704,-0.00160703,1.07142,-0.00624886,2.0696
4.092,-0.00189921,1.0645,-0.00592957,2.06704,-0.00160703,1.07145,-0.00620325,2.0696
4.094,-0.00186269,1.0645,-0.00592957,2.06704,-0.0015705,1.07145,-0.00629447,2.06951
4.096,-0.00186269,1.0645,-0.00592957,2.06704,-0.00164355,1.07142,-0.00624886,2.0696
4.098,-0.00189921,1.06447,-0.00588396,2.06695,-0.00160703,1.07145,-0.00629447,2.0696
4.1,-0.00186269,1.06445,-0.00583835,2.06704,-0.00160703,1.07145,-0.00629447,2.0696
4.102,-0.00189921,1.06447,-0.00588396,2.06695,-0.00160703,1.07145,-0.00629447,2.0696
4.104,-0.00189921,1.0645,-0.00592957,2.06704,-0.00160703,1.07142,-0.00634008,2.06951
4.106,-0.00189921,1.0645,-0.00592957,2.06704,-0.00160703,1.07145,-0.00629447,2.06951
4.108,-0.00189921,1.0645,-0.00592957,2.06704,-0.00164355,1.07142,-0.00624886,2.0696
4.11,-0.00186269,1.06447,-0.00588396,2.06704,-0.0015705,1.07145,-0.00629447,2.0696
4.112,-0.00186269,1.06447,-0.00588396,2.06704,-0.00160703,1.07145,-0.00629447,2.0696
4.114,-0.00186269,1.06447,-0.00588396,2.06704,-0.00160703,1.07148,-0.00624886,2.0696
4.116,-0.00186269,1.06447,-0.00588396,2.06704,-0.00160703,1.07148,-0.00624886,2.0696
4.118,-0.00186269,1.0645,-0.00592957,2.06704,-0.00160703,1.07142,-0.00624886,2.06951
4.12,-0.00186269,1.0645,-0.00592957,2.06695,-0.00160703,1.07142,-0.00634008,2.06951
4.122,-0.00186269,1.0645,-0.00592957,2.06695,-0.00160703,1.07145,-0.00629447,2.0696
4.124,-0.00186269,1.0645,-0.00592957,2.06704,-0.0015705,1.07145,-0.00629447,2.06951
4.126,-0.00186269,1.06447,-0.00588396,2.06704,-0.0015705,1.07145,-0.00629447,2.0696
4.128,-0.00186269,1.06447,-0.00588396,2.06695,-0.00160703,1.07145,-0.00629447,2.06951
4.13,-0.00186269,1.0645,-0.00592957,2.06695,-0.0015705,1.07142,-0.00624886,2.06951
4.132,-0.00186269,1.0645,-0.00592957,2.06704,-0.0015705,1.07142,-0.00634008,2.06951
4.134,-0.00186269,1.0645,-0.00592957,2.06704,-0.00160703,1.0714,-0.00629447,2.0696
4.136,-0.00189921,1.0645,-0.00592957,2.06704,-0.00168007,1.0714,-0.00629447,2.0696
4.138,-0.00186269,1.0645,-0.00592957,2.06704,-0.00160703,1.07145,-0.00629447,2.06951
4.14,-0.00186269,1.0645,-0.00592957,2.06704,-0.00160703,1.07145,-0.00629447,2.06951
4.142,-0.00186269,1.0645,-0.00592957,2.06704,-0.0015705,1.07142,-0.00624886,2.0696
4.144,-0.00186269,1.0645,-0.00592957,2.06704,-0.0015705,1.07142,-0.00624886,2.0696
4.146,-0.00186269,1.06447,-0.00588396,2.06704,-0.00160703,1.07145,-0.00629447,2.0696
4.148,-0.00186269,1.0645,-0.00592957,2.06704,-0.00160703,1.07148,-0.00624886,2.0696
4.15,-0.00186269,1.0645,-0.00592957,2.06695,-0.00160703,1.0714,-0.00629447,2.06951
4.152,-0.00186269,1.06447,-0.00588396,2.06704,-0.00164355,1.07145,-0.00629447,2.06951
4.154,-0.00186269,1.06447,-0.00588396,2.06704,-0.0015705,1.07142,-0.00634008,2.06951
4.156,-0.00186269,1.0645,-0.00592957,2.06704,-0.00160703,1.07142,-0.00634008,2.06951
4.158,-0.00186269,1.0645,-0.00592957,2.06704,-0.00160703,1.0714,-0.00629447,2.0696
4.16,-0.00186269,1.0645,-0.00592957,2.06704,-0.0015705,1.07145,-0.00629447,2.0696
4.162,-0.00186269,1.0645,-0.00592957,2.06704,-0.0015705,1.07145,-0.00629447,2.0696
4.164,-0.00186269,1.0645,-0.00592957,2.06704,-0.00160703,1.07142,-0.00624886,2.0696
4.166,-0.00186269,1.0645,-0.00592957,2.06704,-0.00160703,1.07145,-0.00629447,2.06951
4.168,-0.00186269,1.0645,-0.00592957,2.06695,-0.00164355,1.07142,-0.00634008,2.06951
4.17,-0.00186269,1.0645,-0.00592957,2.06704,-0.00164355,1.07142,-0.00624886,2.0696
4.172,-0.00186269,1.0645,-0.00592957,2.06704,-0.00160703,1.07145,-0.00629447,2.0696
4.174,-0.00186269,1.0645,-0.00592957,2.06704,-0.00160703,1.07145,-0.00629447,2.06951
4.176,-0.00186269,1.0645,-0.00592957,2.06695,-0.00164355,1.07145,-0.00629447,2.0696
4.178,-0.00186269,1.0645,-0.00592957,2.06695,-0.0015705,1.07145,-0.00629447,2.06951
4.18,-0.00186269,1.0645,-0.00592957,2.06704,-0.0015705,1.07148,-0.00624886,2.0696
4.182,-0.00189921,1.0645,-0.00592957,2.06704,-0.00160703,1.07142,-0.00634008,2.0696
4.184,-0.00186269,1.0645,-0.00592957,2.06704,-0.00164355,1.07145,-0.00629447,2.06951
4.186,-0.00186269,1.0645,-0.00592957,2.06704,-0.00164355,1.07145,-0.00629447,2.06951
4.188,-0.00186269,1.06447,-0.00588396,2.06704,-0.0015705,1.07145,-0.00629447,2.0696
4.19,-0.00186269,1.0645,-0.00592957,2.06704,-0.00160703,1.07142,-0.00634008,2.06951
4.192,-0.00186269,1.0645,-0.00592957,2.06704,-0.0015705,1.07142,-0.00634008,2.0696
4.194,-0.00186269,1.06447,-0.00588396,2.06704,-0.00160703,1.07145,-0.00629447,2.0696
4.196,-0.00189921,1.0645,-0.00592957,2.06704,-0.00160703,1.07145,-0.00629447,2.0696
4.198,-0.00186269,1.0645,-0.00592957,2.06704,-0.0015705,1.07145,-0.00629447,2.0696
4.2,-0.00189921,1.0645,-0.00592957,2.06704,-0.00164355,1.07145,-0.00629447,2.0696
4.202,-0.00186269,1.0645,-0.00592957,2.06704,-0.00160703,1.07142,-0.00634008,2.0696
4.204,-0.00186269,1.0645,-0.00592957,2.06704,-0.00160703,1.07145,-0.00629447,2.06951
4.206,-0.00189921,1.0645,-0.00592957,2.06704,-0.0015705,1.07145,-0.00629447,2.06951
4.208,-0.00186269,1.0645,-0.00592957,2.06704,-0.00160703,1.07142,-0.00634008,2.0696
4.21,-0.00189921,1.06445,-0.00592957,2.06704,-0.00160703,1.07145,-0.00629447,2.06951
4.212,-0.00186269,1.0645,-0.00592957,2.06695,-0.0015705,1.07145,-0.00620325,2.06951
4.214,-0.00186269,1.0645,-0.00592957,2.06695,-0.00164355,1.0714,-0.00629447,2.0696
4.216,-0.00186269,1.0645,-0.00592957,2.06704,-0.00160703,1.07145,-0.00629447,2.06951
4.218,-0.00186269,1.0645,-0.00592957,2.06695,-0.00160703,1.07145,-0.00629447,2.0696
4.22,-0.00186269,1.0645,-0.00592957,2.06704,-0.00160703,1.07145,-0.00629447,2.0696
4.222,-0.00186269,1.0645,-0.00592957,2.06704,-0.00160703,1.07145,-0.00629447,2.06951
4.224,-0.00186269,1.0645,-0.00592957,2.06704,-0.00160703,1.07148,-0.00624886,2.0696
4.226,-0.00186269,1.06447,-0.00588396,2.06704,-0.00160703,1.07145,-0.00629447,2.06951
4.228,-0.00186269,1.0645,-0.00592957,2.06704,-0.00160703,1.07145,-0.00620325,2.06951
4.23,-0.00186269,1.0645,-0.00592957,2.06695,-0.00164355,1.07145,-0.00629447,2.0696
4.232,-0.00186269,1.0645,-0.00592957,2.06704,-0.0015705,1.07145,-0.00629447,2.0696
4.234,-0.00189921,1.0645,-0.00592957,2.06704,-0.00160703,1.07142,-0.00634008,2.0696
4.236,-0.00189921,1.06447,-0.00588396,2.06704,-0.00164355,1.07145,-0.00629447,2.06951
4.238,-0.00186269,1.0645,-0.00592957,2.06704,-0.00160703,1.07145,-0.00629447,2.0696
4.24,-0.00186269,1.0645,-0.00592957,2.06704,-0.0015705,1.07148,-0.00624886,2.0696
4.242,-0.00186269,1.0645,-0.00592957,2.06704,-0.00164355,1.07145,-0.00629447,2.0696
4.244,-0.00186269,1.06447,-0.00588396,2.06704,-0.00160703,1.07145,-0.00620325,2.06951
4.246,-0.00186269,1.06447,-0.00588396,2.06695,-0.00160703,1.07145,-0.00629447,2.0696
4.248,-0.00186269,1.0645,-0.00592957,2.06704,-0.0015705,1.07145,-0.00629447,2.06951
4.25,-0.00189921,1.0645,-0.00592957,2.06695,-0.0015705,1.07145,-0.00629447,2.0696
4.252,-0.00189921,1.0645,-0.00592957,2.06704,-0.00160703,1.07145,-0.00629447,2.06951
4.254,-0.00186269,1.0645,-0.00592957,2.06704,-0.00160703,1.07145,-0.00629447,2.0696
4.256,-0.00186269,1.0645,-0.00592957,2.06704,-0.00160703,1.07145,-0.00629447,2.06951
4.258,-0.00186269,1.0645,-0.00592957,2.06695,-0.00164355,1.07142,-0.00624886,2.06951
4.26,-0.00186269,1.0645,-0.00592957,2.06695,-0.00160703,1.07145,-0.00629447,2.06951
4.262,-0.00189921,1.06447,-0.00588396,2.06704,-0.0015705,1.07142,-0.00634008,2.06951
4.264,-0.00189921,1.06447,-0.00588396,2.06704,-0.00160703,1.07142,-0.00634008,2.06951
4.266,-0.00189921,1.0645,-0.00592957,2.06704,-0.00160703,1.07145,-0.00629447,2.06951
4.268,-0.00186269,1.0645,-0.00592957,2.06704,-0.00160703,1.07145,-0.00629447,2.0696
4.27,-0.00186269,1.06447,-0.00597519,2.06704,-0.00160703,1.07145,-0.00629447,2.0696
4.272,-0.00186269,1.06447,-0.00588396,2.06695,-0.0015705,1.07145,-0.00629447,2.0696
4.274,-0.00186269,1.06447,-0.00588396,2.06695,-0.00160703,1.07142,-0.00634008,2.06951
4.276,-0.00186269,1.06447,-0.00588396,2.06695,-0.0015705,1.07145,-0.00629447,2.06951
4.278,-0.00186269,1.0645,-0.00592957,2.06704,-0.00160703,1.07145,-0.00629447,2.0696
4.28,-0.00186269,1.0645,-0.00592957,2.06704,-0.00153398,1.07142,-0.00624886,2.06951
4.282,-0.00186269,1.06445,-0.00592957,2.06704,-0.00160703,1.07142,-0.00624886,2.06951
4.284,-0.00186269,1.0645,-0.00592957,2.06704,-0.0015705,1.07145,-0.00629447,2.0696
4.286,-0.00186269,1.06447,-0.00588396,2.06695,-0.00160703,1.07145,-0.00629447,2.0696
4.288,-0.00186269,1.06447,-0.00588396,2.06695,-0.00160703,1.07145,-0.00629447,2.0696
4.29,-0.00186269,1.06445,-0.00592957,2.06695,-0.00160703,1.07145,-0.00629447,2.06951
4.292,-0.00186269,1.0645,-0.00592957,2.06695,-0.00160703,1.07145,-0.00629447,2.06951
4.294,-0.00186269,1.0645,-0.00592957,2.06704,-0.00160703,1.07142,-0.00624886,2.06951
4.296,-0.00189921,1.0645,-0.00592957,2.06695,-0.00164355,1.07142,-0.00634008,2.0696
4.298,-0.00186269,1.06447,-0.00597519,2.06695,-0.00160703,1.07145,-0.00629447,2.0696
4.3,-0.00186269,1.0645,-0.00592957,2.06695,-0.00160703,1.07148,-0.00624886,2.06951
4.302,-0.00186269,1.0645,-0.00592957,2.06704,-0.0015705,1.07145,-0.00629447,2.06951
4.304,-0.00189921,1.0645,-0.00592957,2.06695,-0.00164355,1.07145,-0.00629447,2.06951
4.306,-0.00186269,1.0645,-0.00592957,2.06704,-0.00160703,1.07145,-0.00629447,2.0696
4.308,-0.00189921,1.06447,-0.00597519,2.06704,-0.00160703,1.07145,-0.00629447,2.0696
4.31,-0.00186269,1.0645,-0.00592957,2.06695,-0.00164355,1.07145,-0.00629447,2.06951
4.312,-0.00186269,1.0645,-0.00592957,2.06695,-0.0015705,1.07142,-0.00634008,2.06951
4.314,-0.00186269,1.0645,-0.00592957,2.06695,-0.00160703,1.07145,-0.00629447,2.06951
4.316,-0.00186269,1.06447,-0.00588396,2.06704,-0.00160703,1.07145,-0.00629447,2.06951
4.318,-0.00186269,1.0645,-0.00592957,2.06704,-0.00164355,1.07145,-0.00629447,2.0696
4.32,-0.00186269,1.0645,-0.00592957,2.06704,-0.0015705,1.07145,-0.00629447,2.0696
4.322,-0.00186269,1.0645,-0.00592957,2.06704,-0.0015705,1.07145,-0.00629447,2.06951
4.324,-0.00186269,1.0645,-0.00592957,2.06704,-0.00164355,1.07145,-0.00629447,2.06951
4.326,-0.00186269,1.0645,-0.00592957,2.06704,-0.00164355,1.07145,-0.00629447,2.0696
4.328,-0.00186269,1.0645,-0.00592957,2.06704,-0.00160703,1.07142,-0.00634008,2.06951
4.33,-0.00186269,1.0645,-0.00592957,2.06704,-0.00160703,1.07142,-0.00634008,2.06951
4.332,-0.00186269,1.0645,-0.00592957,2.06704,-0.00168007,1.07145,-0.00629447,2.06951
4.334,-0.00186269,1.0645,-0.00592957,2.06704,-0.00160703,1.07145,-0.00629447,2.06951
4.336,-0.00186269,1.0645,-0.00592957,2.06704,-0.00160703,1.07145,-0.00629447,2.0696
4.338,-0.00186269,1.0645,-0.00592957,2.06704,-0.0015705,1.07145,-0.00629447,2.0696
4.34,-0.00186269,1.0645,-0.00592957,2.06695,-0.00160703,1.07145,-0.00629447,2.06951
4.342,-0.00186269,1.0645,-0.00592957,2.06704,-0.00164355,1.07142,-0.00634008,2.06951
4.344,-0.00186269,1.0645,-0.00592957,2.06704,-0.00160703,1.07145,-0.00629447,2.06951
4.346,-0.00189921,1.06447,-0.00588396,2.06695,-0.00164355,1.07145,-0.00629447,2.06951
4.348,-0.00186269,1.0645,-0.00592957,2.06704,-0.0015705,1.07145,-0.00629447,2.0696
4.35,-0.00186269,1.0645,-0.00592957,2.06704,-0.00160703,1.07142,-0.00624886,2.06951
4.352,-0.00186269,1.0645,-0.00592957,2.06704,-0.00160703,1.07142,-0.00624886,2.06951
4.354,-0.00186269,1.0645,-0.00592957,2.06695,-0.0015705,1.07142,-0.00624886,2.06951
4.356,-0.00186269,1.06447,-0.00588396,2.06704,-0.00160703,1.07145,-0.00629447,2.0696
4.358,-0.00186269,1.0645,-0.00592957,2.06695,-0.00160703,1.0714,-0.00629447,2.06951
4.36,-0.00186269,1.06447,-0.00588396,2.06695,-0.00160703,1.07145,-0.00629447,2.06951
4.362,-0.00186269,1.0645,-0.00592957,2.06695,-0.00164355,1.07145,-0.00629447,2.06951
4.364,-0.00186269,1.0645,-0.00592957,2.06695,-0.00160703,1.07145,-0.00629447,2.06951
4.366,-0.00186269,1.0645,-0.00592957,2.06704,-0.00164355,1.07145,-0.00629447,2.0696
4.368,-0.00186269,1.0645,-0.00592957,2.06704,-0.0015705,1.07145,-0.00629447,2.0696
4.37,-0.00186269,1.0645,-0.00592957,2.06704,-0.00160703,1.07142,-0.00624886,2.06951
4.372,-0.00186269,1.0645,-0.00592957,2.06695,-0.00160703,1.07142,-0.00634008,2.06951
4.374,-0.00186269,1.0645,-0.00592957,2.06704,-0.00160703,1.07148,-0.00624886,2.06951
4.376,-0.00186269,1.0645,-0.00592957,2.06704,-0.00164355,1.0714,-0.00629447,2.06951
4.378,-0.00186269,1.0645,-0.00592957,2.06704,-0.00160703,1.07142,-0.00634008,2.06951
4.38,-0.00186269,1.0645,-0.00592957,2.06704,-0.00160703,1.07142,-0.00634008,2.0696
4.382,-0.00186269,1.0645,-0.00592957,2.06695,-0.00160703,1.07145,-0.00629447,2.0696
4.384,-0.00186269,1.0645,-0.00592957,2.06704,-0.0015705,1.07142,-0.00624886,2.06951
4.386,-0.00186269,1.0645,-0.00592957,2.06695,-0.00160703,1.07145,-0.00629447,2.0696
4.388,-0.00186269,1.0645,-0.00592957,2.06704,-0.0015705,1.0714,-0.00629447,2.0696
4.39,-0.00186269,1.0645,-0.00592957,2.06695,-0.0015705,1.07145,-0.00629447,2.06951
4.392,-0.00186269,1.06447,-0.00588396,2.06695,-0.00168007,1.07145,-0.00629447,2.0696
4.394,-0.00186269,1.06447,-0.00588396,2.06695,-0.00160703,1.07145,-0.00629447,2.06951
4.396,-0.00186269,1.0645,-0.00592957,2.06695,-0.00164355,1.07142,-0.00634008,2.0696
4.398,-0.00186269,1.0645,-0.00592957,2.06695,-0.00160703,1.07145,-0.00629447,2.0696
4.4,-0.00186269,1.0645,-0.00592957,2.06695,-0.00160703,1.07145,-0.00629447,2.0696
4.402,-0.00189921,1.0645,-0.00592957,2.06704,-0.0015705,1.07145,-0.00629447,2.06951
4.404,-0.00186269,1.0645,-0.00592957,2.06695,-0.00160703,1.07145,-0.00629447,2.0696
4.406,-0.00186269,1.06447,-0.00588396,2.06695,-0.00160703,1.07142,-0.00634008,2.0696
4.408,-0.00186269,1.0645,-0.00592957,2.06695,-0.0015705,1.07145,-0.00629447,2.0696
4.41,-0.00186269,1.0645,-0.00592957,2.06704,-0.00160703,1.07145,-0.00629447,2.06951
4.412,-0.00186269,1.06447,-0.00588396,2.06704,-0.00164355,1.07145,-0.00629447,2.06951
4.414,-0.00189921,1.06447,-0.00588396,2.06704,-0.00164355,1.07145,-0.00629447,2.06951
4.416,-0.00189921,1.0645,-0.00592957,2.06704,-0.00160703,1.07148,-0.00624886,2.06951
4.418,-0.00189921,1.0645,-0.00592957,2.06704,-0.00160703,1.07142,-0.00624886,2.06951
4.42,-0.00186269,1.0645,-0.00592957,2.06695,-0.00160703,1.07145,-0.00629447,2.0696
4.422,-0.00189921,1.0645,-0.00592957,2.06695,-0.00164355,1.07145,-0.00629447,2.0696
4.424,-0.00186269,1.06447,-0.00588396,2.06695,-0.00160703,1.07145,-0.00629447,2.06951
4.426,-0.00189921,1.0645,-0.00592957,2.06695,-0.00164355,1.07145,-0.00629447,2.06951
4.428,-0.00186269,1.0645,-0.00592957,2.06704,-0.00160703,1.07145,-0.00629447,2.06951
4.43,-0.00186269,1.0645,-0.00592957,2.06704,-0.00160703,1.07145,-0.00629447,2.0696
4.432,-0.00186269,1.0645,-0.00592957,2.06704,-0.0015705,1.07145,-0.00629447,2.06951
4.434,-0.00186269,1.0645,-0.00592957,2.06704,-0.0015705,1.07145,-0.00629447,2.06951
4.436,-0.00186269,1.0645,-0.00592957,2.06695,-0.0015705,1.07145,-0.00629447,2.0696
4.438,-0.00189921,1.0645,-0.00592957,2.06695,-0.00164355,1.07145,-0.00629447,2.0696
4.44,-0.00186269,1.0645,-0.00592957,2.06695,-0.00160703,1.07142,-0.00624886,2.06951
4.442,-0.00186269,1.0645,-0.00592957,2.06704,-0.0015705,1.07145,-0.00629447,2.06951
4.444,-0.00186269,1.0645,-0.00592957,2.06695,-0.00160703,1.07142,-0.00624886,2.06951
4.446,-0.00186269,1.0645,-0.00592957,2.06704,-0.00164355,1.07145,-0.00629447,2.06951
4.448,-0.00186269,1.0645,-0.00592957,2.06704,-0.00160703,1.07145,-0.00629447,2.06951
4.45,-0.00189921,1.0645,-0.00592957,2.06704,-0.00164355,1.07145,-0.00629447,2.0696
4.452,-0.00186269,1.0645,-0.00592957,2.06695,-0.00164355,1.0714,-0.00629447,2.0696
4.454,-0.00186269,1.0645,-0.00592957,2.06695,-0.0015705,1.07142,-0.00624886,2.0696
4.456,-0.00186269,1.0645,-0.00592957,2.06695,-0.0015705,1.07145,-0.00629447,2.06951
4.458,-0.00186269,1.0645,-0.00592957,2.06695,-0.00160703,1.07145,-0.00629447,2.0696
4.46,-0.00186269,1.0645,-0.00592957,2.06704,-0.00160703,1.07145,-0.00629447,2.06951
4.462,-0.00186269,1.0645,-0.00592957,2.06704,-0.00164355,1.07142,-0.00634008,2.0696
4.464,-0.00186269,1.0645,-0.00592957,2.06704,-0.00160703,1.07145,-0.00629447,2.0696
4.466,-0.00186269,1.0645,-0.00592957,2.06704,-0.00160703,1.07145,-0.00629447,2.0696
4.468,-0.00186269,1.0645,-0.00592957,2.06704,-0.00164355,1.0714,-0.00629447,2.06951
4.47,-0.00186269,1.0645,-0.00592957,2.06704,-0.00160703,1.07142,-0.00634008,2.06951
4.472,-0.00186269,1.06447,-0.00588396,2.06704,-0.00160703,1.07145,-0.00629447,2.0696
4.474,-0.00186269,1.0645,-0.00592957,2.06704,-0.00160703,1.07145,-0.00629447,2.0696
4.476,-0.00186269,1.0645,-0.00592957,2.06704,-0.00160703,1.07145,-0.00629447,2.06951
4.478,-0.00186269,1.0645,-0.00592957,2.06704,-0.00164355,1.07148,-0.00624886,2.06951
4.48,-0.00186269,1.0645,-0.00592957,2.06704,-0.00160703,1.07145,-0.00629447,2.06951
4.482,-0.00186269,1.0645,-0.00592957,2.06704,-0.00160703,1.07145,-0.00629447,2.0696
4.484,-0.00186269,1.0645,-0.00592957,2.06704,-0.00160703,1.07142,-0.00624886,2.0696
4.486,-0.00186269,1.06447,-0.00588396,2.06704,-0.0015705,1.07145,-0.00629447,2.0696
4.488,-0.00186269,1.06447,-0.00588396,2.06704,-0.00160703,1.07142,-0.00624886,2.06951
4.49,-0.00186269,1.0645,-0.00592957,2.06695,-0.00160703,1.07142,-0.00624886,2.06951
4.492,-0.00186269,1.0645,-0.00592957,2.06695,-0.00160703,1.07142,-0.00634008,2.06951
4.494,-0.00186269,1.0645,-0.00592957,2.06695,-0.00160703,1.07145,-0.00629447,2.0696
4.496,-0.00186269,1.06447,-0.00588396,2.06704,-0.0015705,1.07145,-0.00629447,2.06951
4.498,-0.00186269,1.0645,-0.00592957,2.06704,-0.0015705,1.07145,-0.00629447,2.0696
4.5,-0.00186269,1.0645,-0.00592957,2.06704,-0.0015705,1.07145,-0.00629447,2.0696
4.502,-0.00186269,1.0645,-0.00592957,2.06704,-0.00168007,1.07145,-0.00629447,2.06951
4.504,-0.00186269,1.06447,-0.00588396,2.06704,-0.00160703,1.07145,-0.00629447,2.06951
4.506,-0.00186269,1.0645,-0.00592957,2.06704,-0.0015705,1.07148,-0.00624886,2.06951
4.508,-0.00186269,1.0645,-0.00592957,2.06704,-0.00160703,1.07142,-0.00624886,2.0696
4.51,-0.00186269,1.06447,-0.00588396,2.06695,-0.00164355,1.07145,-0.00629447,2.0696
4.512,-0.00186269,1.0645,-0.00592957,2.06695,-0.00160703,1.07142,-0.00634008,2.06951
4.514,-0.00186269,1.0645,-0.00592957,2.06704,-0.00160703,1.07145,-0.00629447,2.0696
4.516,-0.00186269,1.0645,-0.00592957,2.06704,-0.00164355,1.07145,-0.00629447,2.06951
4.518,-0.00186269,1.0645,-0.00592957,2.06704,-0.00160703,1.07145,-0.00629447,2.06951
4.52,-0.00186269,1.0645,-0.00592957,2.06704,-0.00160703,1.07145,-0.00629447,2.06951
4.522,-0.00186269,1.0645,-0.00592957,2.06695,-0.00164355,1.0714,-0.00629447,2.06951
4.524,-0.00189921,1.0645,-0.00592957,2.06704,-0.00164355,1.07145,-0.00629447,2.06951
4.526,-0.00186269,1.0645,-0.00592957,2.06704,-0.0015705,1.07145,-0.00629447,2.06951
4.528,-0.00186269,1.06447,-0.00588396,2.06704,-0.00160703,1.07145,-0.00629447,2.0696
4.53,-0.00186269,1.0645,-0.00592957,2.06695,-0.0015705,1.07145,-0.00629447,2.06951
4.532,-0.00186269,1.0645,-0.00592957,2.06704,-0.00160703,1.07145,-0.00629447,2.06951
4.534,-0.00186269,1.0645,-0.00592957,2.06704,-0.00160703,1.07145,-0.00629447,2.06951
4.536,-0.00186269,1.0645,-0.00592957,2.06704,-0.00160703,1.07145,-0.00629447,2.06951
4.538,-0.00186269,1.0645,-0.00592957,2.06704,-0.00160703,1.07145,-0.00629447,2.0696
4.54,-0.00186269,1.0645,-0.00592957,2.06704,-0.00164355,1.07145,-0.00629447,2.06951
4.542,-0.00186269,1.0645,-0.00592957,2.06704,-0.00164355,1.07145,-0.00629447,2.06951
4.544,-0.00186269,1.0645,-0.00592957,2.06704,-0.0015705,1.07145,-0.00629447,2.0696
4.546,-0.00186269,1.0645,-0.00592957,2.06704,-0.0015705,1.07148,-0.00624886,2.0696
4.548,-0.00189921,1.0645,-0.00592957,2.06704,-0.0015705,1.07142,-0.00634008,2.06951
4.55,-0.00186269,1.0645,-0.00592957,2.06704,-0.00160703,1.07145,-0.00629447,2.0696
4.552,-0.00186269,1.06447,-0.00588396,2.06704,-0.00164355,1.07145,-0.00629447,2.0696
4.554,-0.00186269,1.0645,-0.00592957,2.06704,-0.00160703,1.07145,-0.00629447,2.06951
4.556,-0.00186269,1.06447,-0.00588396,2.06704,-0.00160703,1.07142,-0.00634008,2.0696
4.558,-0.00186269,1.0645,-0.00592957,2.06704,-0.00160703,1.07145,-0.00620325,2.06951
4.56,-0.00186269,1.06447,-0.00588396,2.06704,-0.0015705,1.07142,-0.00624886,2.06951
4.562,-0.00189921,1.0645,-0.00592957,2.06704,-0.0015705,1.07142,-0.00634008,2.0696
4.564,-0.00186269,1.0645,-0.00592957,2.06704,-0.00160703,1.07145,-0.00629447,2.0696
4.566,-0.00186269,1.0645,-0.00592957,2.06704,-0.00160703,1.07145,-0.00629447,2.0696
4.568,-0.00186269,1.0645,-0.00592957,2.06704,-0.00160703,1.07145,-0.00629447,2.0696
4.57,-0.00186269,1.0645,-0.00592957,2.06704,-0.0015705,1.07145,-0.00629447,2.06951
4.572,-0.00186269,1.06447,-0.00588396,2.06704,-0.0015705,1.07142,-0.00634008,2.06951
4.574,-0.00189921,1.0645,-0.00592957,2.06704,-0.00160703,1.07145,-0.00629447,2.0696
4.576,-0.00186269,1.0645,-0.00592957,2.06704,-0.00160703,1.07145,-0.00629447,2.0696
4.578,-0.00189921,1.0645,-0.00592957,2.06704,-0.00160703,1.07142,-0.00634008,2.06951
4.58,-0.00186269,1.0645,-0.00592957,2.06695,-0.0015705,1.07145,-0.00629447,2.06951
4.582,-0.00186269,1.0645,-0.00592957,2.06695,-0.00164355,1.07145,-0.00629447,2.06951
4.584,-0.00186269,1.06447,-0.00588396,2.06704,-0.00164355,1.07145,-0.00629447,2.06951
4.586,-0.00186269,1.0645,-0.00592957,2.06695,-0.0015705,1.07145,-0.00629447,2.06951
4.588,-0.00186269,1.0645,-0.00592957,2.06695,-0.00160703,1.07145,-0.00629447,2.06951
4.59,-0.00186269,1.0645,-0.00592957,2.06704,-0.00160703,1.07145,-0.00629447,2.06951
4.592,-0.00189921,1.0645,-0.00592957,2.06704,-0.00160703,1.0714,-0.00629447,2.06951
4.594,-0.00186269,1.0645,-0.00592957,2.06704,-0.00164355,1.07145,-0.00629447,2.0696
4.596,-0.00186269,1.06447,-0.00588396,2.06695,-0.00160703,1.07142,-0.00624886,2.0696
4.598,-0.00186269,1.06447,-0.00588396,2.06695,-0.0015705,1.07145,-0.00629447,2.0696
4.6,-0.00186269,1.0645,-0.00592957,2.06695,-0.00160703,1.07145,-0.00629447,2.06951
4.602,-0.00186269,1.0645,-0.00592957,2.06695,-0.00160703,1.07142,-0.00624886,2.06951
4.604,-0.00189921,1.0645,-0.00592957,2.06695,-0.0015705,1.07142,-0.00634008,2.06951
4.606,-0.00186269,1.06447,-0.00588396,2.06704,-0.00160703,1.07145,-0.00629447,2.0696
4.608,-0.00186269,1.0645,-0.00592957,2.06704,-0.00160703,1.07145,-0.00629447,2.06951
4.61,-0.00186269,1.0645,-0.00592957,2.06704,-0.00160703,1.07145,-0.00629447,2.0696
4.612,-0.00186269,1.0645,-0.00592957,2.06704,-0.00160703,1.07142,-0.00624886,2.0696
4.614,-0.00186269,1.0645,-0.00592957,2.06704,-0.00164355,1.07145,-0.00620325,2.06951
4.616,-0.00186269,1.0645,-0.00592957,2.06695,-0.00160703,1.07145,-0.00629447,2.06951
4.618,-0.00189921,1.0645,-0.00592957,2.06704,-0.00160703,1.07145,-0.00629447,2.06951
4.62,-0.00186269,1.0645,-0.00592957,2.06704,-0.00160703,1.07145,-0.00629447,2.0696
4.622,-0.00186269,1.06447,-0.00588396,2.06704,-0.00164355,1.07145,-0.00629447,2.0696
4.624,-0.00186269,1.0645,-0.00592957,2.06704,-0.00160703,1.0714,-0.00629447,2.0696
4.626,-0.00186269,1.0645,-0.00592957,2.06695,-0.00160703,1.07145,-0.00629447,2.0696
4.628,-0.00186269,1.06447,-0.00597519,2.06695,-0.00160703,1.07145,-0.00629447,2.06951
4.63,-0.00186269,1.06447,-0.00588396,2.06695,-0.00160703,1.07142,-0.00624886,2.0696
4.632,-0.00186269,1.06447,-0.00588396,2.06695,-0.00160703,1.07145,-0.00629447,2.06951
4.634,-0.00186269,1.0645,-0.00592957,2.06695,-0.00153398,1.07142,-0.00634008,2.06951
4.636,-0.00189921,1.0645,-0.00592957,2.06704,-0.00160703,1.07145,-0.00629447,2.06951
4.638,-0.00189921,1.06447,-0.00588396,2.06704,-0.00160703,1.07142,-0.00624886,2.0696
4.64,-0.00186269,1.0645,-0.00592957,2.06704,-0.0015705,1.07142,-0.00624886,2.06951
4.642,-0.00186269,1.0645,-0.00592957,2.06704,-0.00160703,1.07145,-0.00629447,2.06951
4.644,-0.00186269,1.0645,-0.00592957,2.06695,-0.00160703,1.07142,-0.00634008,2.06951
4.646,-0.00186269,1.06447,-0.00588396,2.06695,-0.00160703,1.07142,-0.00634008,2.0696
4.648,-0.00186269,1.06445,-0.00592957,2.06695,-0.0015705,1.07145,-0.00629447,2.0696
4.65,-0.00186269,1.0645,-0.00592957,2.06695,-0.0015705,1.07145,-0.00629447,2.06951
4.652,-0.00186269,1.0645,-0.00592957,2.06704,-0.00160703,1.07145,-0.00629447,2.06951
4.654,-0.00186269,1.0645,-0.00592957,2.06704,-0.00160703,1.0714,-0.00629447,2.06951
4.656,-0.00186269,1.0645,-0.00592957,2.06704,-0.00164355,1.0714,-0.00629447,2.0696
4.658,-0.00186269,1.06447,-0.00588396,2.06704,-0.00164355,1.07145,-0.00629447,2.0696
4.66,-0.00186269,1.0645,-0.00592957,2.06695,-0.00160703,1.07145,-0.00629447,2.06951
4.662,-0.00186269,1.06447,-0.00588396,2.06695,-0.0015705,1.07145,-0.00629447,2.0696
4.664,-0.00186269,1.06447,-0.00588396,2.06695,-0.00160703,1.07142,-0.00624886,2.06951
4.666,-0.00186269,1.06447,-0.00588396,2.06695,-0.00160703,1.07145,-0.00629447,2.06951
4.668,-0.00186269,1.0645,-0.00592957,2.06704,-0.00164355,1.07142,-0.00624886,2.06951
4.67,-0.00186269,1.06447,-0.00597519,2.06704,-0.0015705,1.07142,-0.00624886,2.06951
4.672,-0.00189921,1.0645,-0.00592957,2.06704,-0.00160703,1.07145,-0.00629447,2.0696
4.674,-0.00186269,1.06447,-0.00588396,2.06704,-0.00160703,1.07142,-0.00634008,2.0696
4.676,-0.00186269,1.06447,-0.00588396,2.06695,-0.0015705,1.07145,-0.00629447,2.0696
4.678,-0.00186269,1.06447,-0.00588396,2.06695,-0.00160703,1.07145,-0.00629447,2.06951
4.68,-0.00186269,1.06447,-0.00588396,2.06695,-0.00164355,1.07145,-0.00629447,2.0696
4.682,-0.00186269,1.06447,-0.00588396,2.06695,-0.00160703,1.07142,-0.00624886,2.06951
4.684,-0.00189921,1.06447,-0.00588396,2.06695,-0.00160703,1.07145,-0.00629447,2.06951
4.686,-0.00189921,1.06447,-0.00588396,2.06704,-0.00160703,1.07142,-0.00634008,2.0696
4.688,-0.00189921,1.0645,-0.00592957,2.06704,-0.0015705,1.07145,-0.00629447,2.0696
4.69,-0.00186269,1.06447,-0.00588396,2.06704,-0.00160703,1.07145,-0.00629447,2.0696
4.692,-0.00186269,1.0645,-0.00592957,2.06695,-0.00160703,1.07142,-0.00634008,2.0696
4.694,-0.00186269,1.06447,-0.00588396,2.06695,-0.00160703,1.07148,-0.00624886,2.06951
4.696,-0.00186269,1.06447,-0.00588396,2.06704,-0.00164355,1.07148,-0.00624886,2.06951
4.698,-0.00186269,1.06447,-0.00588396,2.06704,-0.00164355,1.07145,-0.00629447,2.06951
4.7,-0.00186269,1.06447,-0.00588396,2.06704,-0.00160703,1.07142,-0.00624886,2.06951
4.702,-0.00186269,1.0645,-0.00592957,2.06704,-0.0015705,1.07142,-0.00624886,2.06951
4.704,-0.00189921,1.06447,-0.00588396,2.06704,-0.00160703,1.07142,-0.00624886,2.06951
4.706,-0.00186269,1.0645,-0.00592957,2.06704,-0.00160703,1.07145,-0.00629447,2.0696
4.708,-0.00186269,1.06447,-0.00588396,2.06695,-0.00160703,1.07145,-0.00629447,2.0696
4.71,-0.00186269,1.0645,-0.00592957,2.06695,-0.00160703,1.07145,-0.00629447,2.0696
4.712,-0.00186269,1.0645,-0.00592957,2.06695,-0.00160703,1.07145,-0.00629447,2.06951
4.714,-0.00186269,1.0645,-0.00592957,2.06695,-0.00164355,1.07145,-0.00629447,2.06951
4.716,-0.00186269,1.06445,-0.00592957,2.06704,-0.00160703,1.07145,-0.00629447,2.06951
4.718,-0.00186269,1.0645,-0.00592957,2.06704,-0.0015705,1.07145,-0.00629447,2.06951
4.72,-0.00186269,1.0645,-0.00592957,2.06704,-0.00160703,1.07142,-0.00624886,2.0696
4.722,-0.00186269,1.06447,-0.00588396,2.06704,-0.0015705,1.07145,-0.00629447,2.06951
4.724,-0.00189921,1.06447,-0.00588396,2.06704,-0.00160703,1.07145,-0.00629447,2.06951
4.726,-0.00186269,1.06447,-0.00588396,2.06695,-0.00164355,1.07145,-0.00629447,2.06951
4.728,-0.00186269,1.06447,-0.00588396,2.06704,-0.00164355,1.07145,-0.00629447,2.06951
4.73,-0.00186269,1.0645,-0.00592957,2.06704,-0.0015705,1.07142,-0.00624886,2.06951
4.732,-0.00186269,1.0645,-0.00592957,2.06704,-0.00164355,1.07142,-0.00624886,2.06951
4.734,-0.00189921,1.0645,-0.00592957,2.06704,-0.00160703,1.07145,-0.00629447,2.0696
4.736,-0.00186269,1.0645,-0.00592957,2.06704,-0.00160703,1.07145,-0.00629447,2.0696
4.738,-0.00186269,1.06447,-0.00588396,2.06704,-0.00160703,1.07145,-0.00629447,2.0696
4.74,-0.00186269,1.06447,-0.00588396,2.06695,-0.00160703,1.07145,-0.00629447,2.06951
4.742,-0.00186269,1.06447,-0.00588396,2.06704,-0.00160703,1.07145,-0.00629447,2.06951
4.744,-0.00186269,1.0645,-0.00592957,2.06704,-0.00160703,1.07142,-0.00624886,2.06951
4.746,-0.00186269,1.0645,-0.00592957,2.06712,-0.00160703,1.07145,-0.00629447,2.0696
4.748,-0.00186269,1.0645,-0.00592957,2.06712,-0.00160703,1.07142,-0.00624886,2.06951
4.75,-0.00186269,1.06447,-0.00588396,2.06704,-0.00160703,1.0714,-0.00629447,2.0696
4.752,-0.00186269,1.06447,-0.00588396,2.06695,-0.0015705,1.07142,-0.00624886,2.06951
4.754,-0.00186269,1.0645,-0.00592957,2.06704,-0.0015705,1.07145,-0.00629447,2.06951
4.756,-0.00186269,1.0645,-0.00592957,2.06695,-0.00160703,1.07145,-0.00629447,2.06951
4.758,-0.00186269,1.0645,-0.00592957,2.06695,-0.00160703,1.07142,-0.00634008,2.0696
4.76,-0.00186269,1.06447,-0.00588396,2.06704,-0.00164355,1.07145,-0.00629447,2.06951
4.762,-0.00186269,1.0645,-0.00592957,2.06704,-0.00160703,1.07145,-0.00629447,2.06951
4.764,-0.00186269,1.0645,-0.00592957,2.06704,-0.00160703,1.07145,-0.00629447,2.06951
4.766,-0.00186269,1.0645,-0.00592957,2.06704,-0.0015705,1.07145,-0.00629447,2.0696
4.768,-0.00189921,1.0645,-0.00592957,2.06704,-0.0015705,1.07145,-0.00629447,2.06951
4.77,-0.00189921,1.0645,-0.00592957,2.06695,-0.00160703,1.07142,-0.00624886,2.06951
4.772,-0.00186269,1.0645,-0.00592957,2.06695,-0.00160703,1.07145,-0.00629447,2.06951
4.774,-0.00186269,1.06447,-0.00588396,2.06695,-0.00160703,1.07145,-0.00629447,2.06951
4.776,-0.00186269,1.06447,-0.00588396,2.06695,-0.00160703,1.07142,-0.00624886,2.06951
4.778,-0.00186269,1.06447,-0.00588396,2.06704,-0.00160703,1.07145,-0.00629447,2.06951
4.78,-0.00189921,1.06447,-0.00588396,2.06704,-0.0015705,1.07142,-0.00624886,2.0696
4.782,-0.00189921,1.0645,-0.00592957,2.06704,-0.00160703,1.07142,-0.00624886,2.0696
4.784,-0.00189921,1.0645,-0.00592957,2.06695,-0.00160703,1.07142,-0.00624886,2.0696
4.786,-0.00189921,1.06447,-0.00588396,2.06695,-0.00160703,1.07145,-0.00629447,2.06951
4.788,-0.00186269,1.06447,-0.00588396,2.06695,-0.0015705,1.07145,-0.00629447,2.06951
4.79,-0.00186269,1.06447,-0.00588396,2.06695,-0.0015705,1.07145,-0.00629447,2.06951
4.792,-0.00186269,1.0645,-0.00592957,2.06695,-0.00160703,1.07145,-0.00629447,2.0696
4.794,-0.00186269,1.06447,-0.00588396,2.06695,-0.0015705,1.07142,-0.00624886,2.0696
4.796,-0.00186269,1.0645,-0.00592957,2.06704,-0.00164355,1.0714,-0.00629447,2.06951
4.798,-0.00186269,1.0645,-0.00592957,2.06695,-0.0015705,1.07145,-0.00629447,2.06951
4.8,-0.00186269,1.0645,-0.00592957,2.06695,-0.0015705,1.07145,-0.00629447,2.0696
4.802,-0.00186269,1.0645,-0.00592957,2.06695,-0.00160703,1.07142,-0.00634008,2.06951
4.804,-0.00186269,1.0645,-0.00592957,2.06695,-0.00160703,1.07142,-0.00634008,2.0696
4.806,-0.00186269,1.06447,-0.00588396,2.06695,-0.00160703,1.07145,-0.00629447,2.06951
4.808,-0.00186269,1.0645,-0.00592957,2.06695,-0.00160703,1.07142,-0.00634008,2.0696
4.81,-0.00186269,1.0645,-0.00592957,2.06704,-0.0015705,1.07142,-0.00624886,2.06951
4.812,-0.00186269,1.0645,-0.00592957,2.06704,-0.00160703,1.07145,-0.00629447,2.06951
4.814,-0.00186269,1.0645,-0.00592957,2.06704,-0.00160703,1.07145,-0.00629447,2.0696
4.816,-0.00186269,1.06447,-0.00588396,2.06704,-0.00160703,1.07145,-0.00629447,2.06951
4.818,-0.00186269,1.06447,-0.00588396,2.06695,-0.00164355,1.07145,-0.00629447,2.06951
4.82,-0.00186269,1.06447,-0.00588396,2.06704,-0.00160703,1.07145,-0.00629447,2.06951
4.822,-0.00186269,1.0645,-0.00592957,2.06695,-0.00160703,1.0714,-0.00629447,2.06951
4.824,-0.00186269,1.0645,-0.00592957,2.06695,-0.00164355,1.07142,-0.00624886,2.0696
4.826,-0.00189921,1.0645,-0.00592957,2.06695,-0.00160703,1.07145,-0.00629447,2.06951
4.828,-0.00189921,1.0645,-0.00592957,2.06704,-0.00164355,1.07145,-0.00629447,2.06951
4.83,-0.00186269,1.06447,-0.00588396,2.06704,-0.0015705,1.07145,-0.00629447,2.06951
4.832,-0.00189921,1.06447,-0.00588396,2.06704,-0.0015705,1.07145,-0.00629447,2.06951
4.834,-0.00186269,1.06447,-0.00588396,2.06704,-0.00164355,1.07142,-0.00624886,2.0696
4.836,-0.00186269,1.0645,-0.00592957,2.06695,-0.00164355,1.07145,-0.00629447,2.0696
4.838,-0.00186269,1.0645,-0.00592957,2.06695,-0.00160703,1.0714,-0.00629447,2.0696
4.84,-0.00186269,1.0645,-0.00592957,2.06695,-0.00160703,1.07142,-0.00624886,2.06951
4.842,-0.00186269,1.06447,-0.00588396,2.06695,-0.0015705,1.07148,-0.00624886,2.0696
4.844,-0.00186269,1.06447,-0.00588396,2.06704,-0.00160703,1.07148,-0.00624886,2.06951
4.846,-0.00186269,1.06447,-0.00588396,2.06704,-0.00160703,1.07145,-0.00629447,2.06951
4.848,-0.00186269,1.06447,-0.00588396,2.06704,-0.00160703,1.07145,-0.00629447,2.06951
4.85,-0.00186269,1.0645,-0.00592957,2.06704,-0.00160703,1.07145,-0.00629447,2.06951
4.852,-0.00186269,1.06447,-0.00588396,2.06704,-0.00164355,1.07145,-0.00629447,2.0696
4.854,-0.00186269,1.06447,-0.00588396,2.06704,-0.00160703,1.07145,-0.00629447,2.06951
4.856,-0.00186269,1.06447,-0.00588396,2.06704,-0.00160703,1.07145,-0.00629447,2.06951
4.858,-0.00186269,1.06442,-0.00588396,2.06695,-0.00160703,1.07142,-0.00634008,2.06951
4.86,-0.00186269,1.06447,-0.00588396,2.06695,-0.0015705,1.0714,-0.00629447,2.0696
4.862,-0.00189921,1.0645,-0.00592957,2.06704,-0.00160703,1.07142,-0.00624886,2.0696
4.864,-0.00189921,1.06447,-0.00588396,2.06704,-0.00160703,1.07142,-0.00624886,2.0696
4.866,-0.00186269,1.06447,-0.00588396,2.06704,-0.00160703,1.07142,-0.00624886,2.06951
4.868,-0.00186269,1.06447,-0.00588396,2.06704,-0.00160703,1.07145,-0.00629447,2.0696
4.87,-0.00186269,1.06447,-0.00588396,2.06704,-0.00160703,1.07145,-0.00629447,2.06951
4.872,-0.00186269,1.06445,-0.00583835,2.06704,-0.00160703,1.07145,-0.00629447,2.06951
4.874,-0.00186269,1.0645,-0.00592957,2.06704,-0.00160703,1.0714,-0.00629447,2.06951
4.876,-0.00186269,1.06447,-0.00588396,2.06704,-0.00160703,1.07142,-0.00624886,2.06951
4.878,-0.00186269,1.06447,-0.00588396,2.06695,-0.00160703,1.07142,-0.00634008,2.0696
4.88,-0.00189921,1.06447,-0.00597519,2.06695,-0.00160703,1.07142,-0.00634008,2.06951
4.882,-0.00186269,1.06447,-0.00588396,2.06704,-0.00160703,1.07142,-0.00634008,2.0696
4.884,-0.00186269,1.06447,-0.00588396,2.06704,-0.00160703,1.07145,-0.00629447,2.06951
4.886,-0.00189921,1.0645,-0.00592957,2.06704,-0.0015705,1.07142,-0.00634008,2.0696
4.888,-0.00189921,1.0645,-0.00592957,2.06704,-0.00160703,1.07145,-0.00629447,2.06951
4.89,-0.00189921,1.0645,-0.00592957,2.06704,-0.00164355,1.07145,-0.00629447,2.06951
4.892,-0.00189921,1.06447,-0.00588396,2.06704,-0.0015705,1.07142,-0.00624886,2.06951
4.894,-0.00186269,1.06447,-0.00588396,2.06704,-0.00160703,1.07145,-0.00629447,2.06951
4.896,-0.00186269,1.06445,-0.00592957,2.06695,-0.00160703,1.07145,-0.00629447,2.06951
4.898,-0.00186269,1.06447,-0.00588396,2.06695,-0.00160703,1.07145,-0.00629447,2.0696
4.9,-0.00186269,1.0645,-0.00592957,2.06704,-0.00160703,1.0714,-0.00629447,2.0696
4.902,-0.00186269,1.0645,-0.00592957,2.06704,-0.00160703,1.07142,-0.00624886,2.06951
4.904,-0.00186269,1.0645,-0.00592957,2.06704,-0.00160703,1.07142,-0.00624886,2.0696
4.906,-0.00186269,1.0645,-0.00592957,2.06704,-0.00164355,1.07145,-0.00629447,2.06951
4.908,-0.00189921,1.06447,-0.00597519,2.06704,-0.00164355,1.07145,-0.00629447,2.0696
4.91,-0.00189921,1.06447,-0.00588396,2.06704,-0.00160703,1.07145,-0.00629447,2.06951
4.912,-0.00186269,1.06447,-0.00588396,2.06704,-0.00160703,1.07145,-0.00629447,2.0696
4.914,-0.00186269,1.06447,-0.00588396,2.06704,-0.00160703,1.07145,-0.00629447,2.06951
4.916,-0.00189921,1.0645,-0.00592957,2.06695,-0.00160703,1.07145,-0.00629447,2.0696
4.918,-0.00189921,1.0645,-0.00592957,2.06704,-0.00164355,1.07145,-0.00629447,2.06951
4.92,-0.00186269,1.06447,-0.00597519,2.06695,-0.00160703,1.07145,-0.00629447,2.0696
4.922,-0.00186269,1.06447,-0.00588396,2.06695,-0.00160703,1.07145,-0.00629447,2.06951
4.924,-0.00186269,1.06447,-0.00588396,2.06704,-0.00164355,1.07145,-0.00629447,2.06951
4.926,-0.00186269,1.06447,-0.00588396,2.06704,-0.00160703,1.07145,-0.00629447,2.06951
4.928,-0.00189921,1.0645,-0.00592957,2.06704,-0.00160703,1.07145,-0.00629447,2.06951
4.93,-0.00189921,1.0645,-0.00592957,2.06695,-0.00160703,1.07142,-0.00624886,2.0696
4.932,-0.00186269,1.0645,-0.00592957,2.06704,-0.00160703,1.07142,-0.00624886,2.06951
4.934,-0.00186269,1.06447,-0.00588396,2.06695,-0.0015705,1.07145,-0.00629447,2.0696
4.936,-0.00186269,1.0645,-0.00592957,2.06704,-0.0015705,1.07145,-0.00629447,2.06951
4.938,-0.00189921,1.0645,-0.00592957,2.06704,-0.00160703,1.07142,-0.00634008,2.06951
4.94,-0.00186269,1.0645,-0.00592957,2.06704,-0.00160703,1.07148,-0.00624886,2.06951
4.942,-0.00186269,1.0645,-0.00592957,2.06704,-0.00160703,1.07145,-0.00629447,2.0696
4.944,-0.00186269,1.06447,-0.00588396,2.06704,-0.0015705,1.07142,-0.00624886,2.0696
4.946,-0.00189921,1.06447,-0.00588396,2.06704,-0.00160703,1.07142,-0.00624886,2.06951
4.948,-0.00186269,1.06447,-0.00588396,2.06695,-0.0015705,1.07145,-0.00629447,2.0696
4.95,-0.00186269,1.0645,-0.00592957,2.06704,-0.00160703,1.07142,-0.00634008,2.06951
4.952,-0.00186269,1.06447,-0.00588396,2.06704,-0.00164355,1.0714,-0.00629447,2.06951
4.954,-0.00186269,1.0645,-0.00592957,2.06704,-0.00160703,1.07145,-0.00629447,2.06951
4.956,-0.00186269,1.0645,-0.00592957,2.06704,-0.00160703,1.0714,-0.00629447,2.06951
4.958,-0.00189921,1.0645,-0.00592957,2.06704,-0.00160703,1.07145,-0.00629447,2.0696
4.96,-0.00186269,1.06447,-0.00588396,2.06704,-0.00160703,1.07145,-0.00629447,2.06951
4.962,-0.00186269,1.06447,-0.00588396,2.06704,-0.00160703,1.07145,-0.00629447,2.0696
4.964,-0.00189921,1.06447,-0.00588396,2.06704,-0.00160703,1.07148,-0.00624886,2.0696
4.966,-0.00186269,1.0645,-0.00592957,2.06704,-0.00164355,1.07148,-0.00624886,2.06951
4.968,-0.00186269,1.0645,-0.00592957,2.06704,-0.00160703,1.07145,-0.00629447,2.0696
4.97,-0.00189921,1.06447,-0.00588396,2.06704,-0.00164355,1.07142,-0.00634008,2.06951
4.972,-0.00189921,1.06447,-0.00588396,2.06695,-0.0015705,1.07145,-0.00629447,2.06951
4.974,-0.00189921,1.0645,-0.00592957,2.06695,-0.00160703,1.07142,-0.00624886,2.0696
4.976,-0.00189921,1.0645,-0.00592957,2.06704,-0.0015705,1.07142,-0.00634008,2.0696
4.978,-0.00189921,1.06445,-0.00592957,2.06704,-0.00160703,1.07142,-0.00624886,2.0696
4.98,-0.00186269,1.06447,-0.00588396,2.06704,-0.00164355,1.07145,-0.00629447,2.06951
4.982,-0.00186269,1.0645,-0.00592957,2.06704,-0.00160703,1.07145,-0.00629447,2.0696
4.984,-0.00186269,1.0645,-0.00592957,2.06704,-0.00164355,1.07142,-0.00624886,2.0696
4.986,-0.00186269,1.06445,-0.00592957,2.06704,-0.00160703,1.07145,-0.00629447,2.06951
4.988,-0.00186269,1.06445,-0.00592957,2.06704,-0.0015705,1.07145,-0.00629447,2.0696
4.99,-0.00189921,1.06447,-0.00588396,2.06704,-0.0015705,1.07145,-0.00629447,2.0696
4.992,-0.00186269,1.0645,-0.00592957,2.06704,-0.00153398,1.07142,-0.00634008,2.0696
4.994,-0.00186269,1.0645,-0.00592957,2.06704,-0.00164355,1.07142,-0.00624886,2.06951
4.996,-0.00186269,1.0645,-0.00592957,2.06704,-0.00160703,1.07142,-0.00634008,2.06951
4.998,-0.00186269,1.06447,-0.00588396,2.06704,-0.00160703,1.07145,-0.00629447,2.0696
5,-0.00186269,1.06447,-0.00588396,2.06704,-0.00160703,1.07145,-0.00629447,2.0696
5.002,-0.00186269,1.0645,-0.00592957,2.06704,-0.0015705,1.07145,-0.00629447,2.06951
5.004,-0.00186269,1.0645,-0.00592957,2.06695,-0.0015705,1.07145,-0.00629447,2.06951
5.006,-0.00186269,1.0645,-0.00592957,2.06704,-0.00160703,1.07145,-0.00629447,2.0696
5.008,-0.00186269,1.0645,-0.00592957,2.06695,-0.00164355,1.07145,-0.00629447,2.06951
5.01,-0.00189921,1.06447,-0.00588396,2.06704,-0.00160703,1.07145,-0.00629447,2.06951
5.012,-0.00186269,1.0645,-0.00592957,2.06695,-0.00160703,1.07145,-0.00629447,2.06951
5.014,-0.00186269,1.0645,-0.00592957,2.06704,-0.00160703,1.07142,-0.00634008,2.0696
5.016,-0.00186269,1.0645,-0.00592957,2.06704,-0.00160703,1.07142,-0.00624886,2.06951
5.018,-0.00189921,1.06447,-0.00588396,2.06704,-0.00160703,1.07142,-0.00624886,2.06951
5.02,-0.00186269,1.06447,-0.00588396,2.06695,-0.00164355,1.07145,-0.00629447,2.06951
5.022,-0.00186269,1.0645,-0.00592957,2.06695,-0.00164355,1.07145,-0.00629447,2.06951
5.024,-0.00186269,1.0645,-0.00592957,2.06704,-0.00160703,1.07145,-0.00629447,2.06951
5.026,-0.00189921,1.06447,-0.00588396,2.06704,-0.00160703,1.07142,-0.00624886,2.06951
5.028,-0.00186269,1.0645,-0.00592957,2.06704,-0.00160703,1.07145,-0.00629447,2.06951
5.03,-0.00186269,1.06447,-0.00588396,2.06695,-0.00160703,1.07145,-0.00629447,2.0696
5.032,-0.00189921,1.0645,-0.00592957,2.06704,-0.0015705,1.07145,-0.00629447,2.0696
5.034,-0.00186269,1.06447,-0.00588396,2.06704,-0.00160703,1.07145,-0.00629447,2.06951
5.036,-0.00186269,1.0645,-0.00592957,2.06695,-0.00160703,1.07145,-0.00629447,2.0696
5.038,-0.00186269,1.0645,-0.00592957,2.06704,-0.00160703,1.07145,-0.00629447,2.06951
5.04,-0.00186269,1.06447,-0.00588396,2.06704,-0.0015705,1.07145,-0.00629447,2.0696
5.042,-0.00186269,1.0645,-0.00592957,2.06704,-0.00160703,1.07145,-0.00629447,2.06951
5.044,-0.00186269,1.06447,-0.00588396,2.06704,-0.0015705,1.07145,-0.00629447,2.06951
5.046,-0.00186269,1.06447,-0.00588396,2.06704,-0.00160703,1.07145,-0.00629447,2.06951
5.048,-0.00186269,1.0645,-0.00592957,2.06695,-0.00160703,1.07142,-0.00634008,2.0696
5.05,-0.00186269,1.06447,-0.00588396,2.06695,-0.00160703,1.07142,-0.00624886,2.06951
5.052,-0.00186269,1.06447,-0.00588396,2.06695,-0.00160703,1.07145,-0.00629447,2.0696
5.054,-0.00186269,1.06447,-0.00588396,2.06695,-0.00160703,1.07145,-0.00629447,2.06951
5.056,-0.00186269,1.0645,-0.00592957,2.06704,-0.00160703,1.07145,-0.00629447,2.06951
5.058,-0.00186269,1.0645,-0.00592957,2.06704,-0.00160703,1.07145,-0.00629447,2.06951
5.06,-0.00189921,1.06447,-0.00588396,2.06704,-0.00160703,1.07145,-0.00629447,2.06951
5.062,-0.00189921,1.06447,-0.00588396,2.06704,-0.0015705,1.07145,-0.00629447,2.0696
5.064,-0.00186269,1.0645,-0.00592957,2.06704,-0.00160703,1.07145,-0.00629447,2.0696
5.066,-0.00186269,1.0645,-0.00592957,2.06695,-0.00160703,1.07142,-0.00634008,2.0696
5.068,-0.00186269,1.0645,-0.00592957,2.06695,-0.00160703,1.07145,-0.00629447,2.0696
5.07,-0.00186269,1.0645,-0.00592957,2.06704,-0.0015705,1.07145,-0.00629447,2.0696
5.072,-0.00186269,1.0645,-0.00592957,2.06704,-0.0015705,1.07145,-0.00629447,2.06951
5.074,-0.00186269,1.0645,-0.00592957,2.06704,-0.00164355,1.07145,-0.00629447,2.06951
5.076,-0.00186269,1.0645,-0.00592957,2.06704,-0.00160703,1.07148,-0.00624886,2.06951
5.078,-0.00186269,1.0645,-0.00592957,2.06704,-0.00164355,1.07145,-0.00629447,2.06951
5.08,-0.00186269,1.0645,-0.00592957,2.06712,-0.00160703,1.07142,-0.00634008,2.0696
5.082,-0.00186269,1.0645,-0.00592957,2.06704,-0.00160703,1.07142,-0.00624886,2.06951
5.084,-0.00186269,1.0645,-0.00592957,2.06704,-0.00160703,1.07145,-0.00620325,2.06951
5.086,-0.00186269,1.0645,-0.00592957,2.06695,-0.0015705,1.07142,-0.00634008,2.06951
5.088,-0.00186269,1.0645,-0.00592957,2.06695,-0.00160703,1.07145,-0.00629447,2.0696
5.09,-0.00186269,1.0645,-0.00592957,2.06712,-0.00160703,1.07145,-0.00629447,2.06951
5.092,-0.00186269,1.0645,-0.00592957,2.06704,-0.00160703,1.07145,-0.00629447,2.0696
5.094,-0.00186269,1.06445,-0.00592957,2.06704,-0.00160703,1.07145,-0.00629447,2.0696
5.096,-0.00186269,1.06447,-0.00588396,2.06704,-0.0015705,1.07145,-0.00629447,2.0696
5.098,-0.00186269,1.0645,-0.00592957,2.06704,-0.00160703,1.07142,-0.00634008,2.0696
5.1,-0.00186269,1.0645,-0.00592957,2.06704,-0.0015705,1.07142,-0.00634008,2.0696
5.102,-0.00186269,1.0645,-0.00592957,2.06695,-0.00160703,1.07142,-0.00634008,2.06943
5.104,-0.00189921,1.0645,-0.00592957,2.06695,-0.00160703,1.07142,-0.00634008,2.0696
5.106,-0.00186269,1.06447,-0.00588396,2.06704,-0.00164355,1.07145,-0.00629447,2.06951
5.108,-0.00186269,1.06447,-0.00588396,2.06704,-0.00160703,1.07145,-0.00629447,2.06951
5.11,-0.00186269,1.0645,-0.00592957,2.06704,-0.00160703,1.07145,-0.00629447,2.0696
5.112,-0.00186269,1.0645,-0.00592957,2.06704,-0.0015705,1.07142,-0.00634008,2.0696
5.114,-0.00186269,1.0645,-0.00592957,2.06695,-0.00160703,1.07145,-0.00629447,2.0696
5.116,-0.00186269,1.06447,-0.00588396,2.06695,-0.00160703,1.07142,-0.00634008,2.0696
5.118,-0.00186269,1.06447,-0.00588396,2.06695,-0.00160703,1.07148,-0.00624886,2.06951
5.12,-0.00186269,1.0645,-0.00592957,2.06695,-0.0015705,1.07145,-0.00629447,2.06951
5.122,-0.00189921,1.0645,-0.00592957,2.06704,-0.00160703,1.07145,-0.00629447,2.06951
5.124,-0.00189921,1.0645,-0.00592957,2.06704,-0.00160703,1.07148,-0.00624886,2.06951
5.126,-0.00186269,1.06447,-0.00597519,2.06704,-0.00160703,1.07145,-0.00629447,2.0696
5.128,-0.00189921,1.06447,-0.00588396,2.06704,-0.00160703,1.07145,-0.00629447,2.06951
5.13,-0.00186269,1.0645,-0.00592957,2.06704,-0.00160703,1.07142,-0.00634008,2.06951
5.132,-0.00186269,1.0645,-0.00592957,2.06704,-0.00160703,1.07145,-0.00629447,2.06951
5.134,-0.00186269,1.0645,-0.00592957,2.06704,-0.00160703,1.07145,-0.00629447,2.06951
5.136,-0.00186269,1.06447,-0.00597519,2.06695,-0.00160703,1.07142,-0.00624886,2.0696
5.138,-0.00186269,1.06447,-0.00597519,2.06695,-0.00160703,1.07145,-0.00629447,2.0696
5.14,-0.00186269,1.0645,-0.00592957,2.06704,-0.00164355,1.07145,-0.00629447,2.06951
5.142,-0.00186269,1.0645,-0.00592957,2.06704,-0.0015705,1.07145,-0.00629447,2.0696
5.144,-0.00186269,1.0645,-0.00592957,2.06704,-0.00164355,1.07142,-0.00624886,2.0696
5.146,-0.00186269,1.0645,-0.00592957,2.06695,-0.00160703,1.07145,-0.00629447,2.06951
5.148,-0.00186269,1.0645,-0.00592957,2.06695,-0.00160703,1.07145,-0.00629447,2.0696
5.15,-0.00186269,1.0645,-0.00592957,2.06695,-0.00160703,1.07145,-0.00629447,2.06951
5.152,-0.00186269,1.06447,-0.00588396,2.06704,-0.00160703,1.07145,-0.00629447,2.06951
5.154,-0.00186269,1.0645,-0.00592957,2.06704,-0.0015705,1.07142,-0.00634008,2.06951
5.156,-0.00189921,1.0645,-0.00592957,2.06704,-0.0015705,1.07145,-0.00629447,2.06951
5.158,-0.00186269,1.0645,-0.00592957,2.06704,-0.00164355,1.07145,-0.00629447,2.06943
5.16,-0.00186269,1.0645,-0.00592957,2.06704,-0.00164355,1.07145,-0.00629447,2.0696
5.162,-0.00186269,1.06447,-0.00588396,2.06704,-0.00164355,1.07145,-0.00629447,2.0696
5.164,-0.00186269,1.06447,-0.00588396,2.06704,-0.00160703,1.07145,-0.00629447,2.06951
5.166,-0.00186269,1.06447,-0.00588396,2.06704,-0.00164355,1.07145,-0.00629447,2.0696
5.168,-0.00189921,1.0645,-0.00592957,2.06704,-0.00160703,1.07142,-0.00624886,2.06951
5.17,-0.00186269,1.0645,-0.00592957,2.06704,-0.00160703,1.07142,-0.00624886,2.06951
5.172,-0.00186269,1.0645,-0.00592957,2.06704,-0.00160703,1.07145,-0.00629447,2.06951
5.174,-0.00186269,1.0645,-0.00592957,2.06704,-0.0015705,1.07142,-0.00634008,2.06951
5.176,-0.00186269,1.06445,-0.00592957,2.06695,-0.0015705,1.07142,-0.00634008,2.06951
5.178,-0.00186269,1.06447,-0.00597519,2.06695,-0.00160703,1.07145,-0.00629447,2.0696
5.18,-0.00186269,1.0645,-0.00592957,2.06695,-0.00160703,1.07145,-0.00629447,2.06951
5.182,-0.00186269,1.0645,-0.00592957,2.06695,-0.00160703,1.07142,-0.00624886,2.0696
5.184,-0.00186269,1.0645,-0.00592957,2.06695,-0.00160703,1.07145,-0.00629447,2.06951
5.186,-0.00186269,1.06447,-0.00588396,2.06695,-0.00164355,1.07145,-0.00629447,2.06951
5.188,-0.00186269,1.0645,-0.00592957,2.06704,-0.00160703,1.07142,-0.00634008,2.06951
5.19,-0.00189921,1.06445,-0.00592957,2.06704,-0.00160703,1.07145,-0.00629447,2.06951
5.192,-0.00186269,1.06447,-0.00597519,2.06695,-0.00160703,1.07145,-0.00629447,2.06951
5.194,-0.00186269,1.0645,-0.00592957,2.06704,-0.00160703,1.07145,-0.00629447,2.06951
5.196,-0.00186269,1.06447,-0.00588396,2.06695,-0.00160703,1.07145,-0.00629447,2.0696
5.198,-0.00186269,1.06447,-0.00588396,2.06695,-0.0015705,1.07142,-0.00634008,2.0696
5.2,-0.00186269,1.0645,-0.00592957,2.06695,-0.0015705,1.07145,-0.00629447,2.06951
5.202,-0.00186269,1.0645,-0.00592957,2.06704,-0.00164355,1.07145,-0.00629447,2.06951
5.204,-0.00189921,1.06445,-0.00592957,2.06704,-0.00160703,1.07145,-0.00629447,2.06951
5.206,-0.00186269,1.06447,-0.00588396,2.06704,-0.0015705,1.07145,-0.00629447,2.0696
5.208,-0.00186269,1.0645,-0.00592957,2.06704,-0.00160703,1.07142,-0.00634008,2.0696
5.21,-0.00186269,1.0645,-0.00592957,2.06704,-0.00164355,1.07145,-0.00629447,2.0696
5.212,-0.00186269,1.0645,-0.00592957,2.06695,-0.00160703,1.07142,-0.00634008,2.0696
5.214,-0.00186269,1.0645,-0.00592957,2.06695,-0.00160703,1.07145,-0.00629447,2.06951
5.216,-0.00186269,1.06445,-0.00592957,2.06704,-0.00160703,1.07142,-0.00624886,2.06951
5.218,-0.00186269,1.06447,-0.00588396,2.06704,-0.0015705,1.07145,-0.00629447,2.06951
5.22,-0.00186269,1.0645,-0.00592957,2.06712,-0.0015705,1.07142,-0.00634008,2.0696
5.222,-0.00186269,1.0645,-0.00592957,2.06712,-0.0015705,1.07145,-0.00629447,2.06951
5.224,-0.00186269,1.0645,-0.00592957,2.06704,-0.00160703,1.07145,-0.00629447,2.06951
5.226,-0.00186269,1.0645,-0.00592957,2.06704,-0.00160703,1.07145,-0.00629447,2.06951
5.228,-0.00189921,1.06447,-0.00588396,2.06704,-0.00160703,1.07145,-0.00629447,2.0696
5.23,-0.00186269,1.06447,-0.00588396,2.06695,-0.0015705,1.07145,-0.00629447,2.0696
5.232,-0.00186269,1.06447,-0.00588396,2.06695,-0.00160703,1.07145,-0.00629447,2.06951
5.234,-0.00186269,1.0645,-0.00592957,2.06695,-0.0015705,1.0714,-0.00629447,2.06951
5.236,-0.00189921,1.06447,-0.00588396,2.06704,-0.00164355,1.07145,-0.00629447,2.06951
5.238,-0.00186269,1.06447,-0.00588396,2.06704,-0.00160703,1.07145,-0.00629447,2.06951
5.24,-0.00186269,1.0645,-0.00592957,2.06704,-0.00160703,1.07145,-0.00629447,2.06951
5.242,-0.00186269,1.06447,-0.00588396,2.06704,-0.00160703,1.07145,-0.00629447,2.0696
5.244,-0.00186269,1.0645,-0.00592957,2.06695,-0.00160703,1.07145,-0.00629447,2.0696
5.246,-0.00186269,1.06447,-0.00588396,2.06704,-0.0015705,1.07148,-0.00624886,2.0696
5.248,-0.00186269,1.0645,-0.00592957,2.06704,-0.00160703,1.07142,-0.00634008,2.06951
5.25,-0.00186269,1.0645,-0.00592957,2.06704,-0.00160703,1.07145,-0.00629447,2.06951
5.252,-0.00186269,1.06447,-0.00588396,2.06704,-0.00164355,1.07145,-0.00629447,2.06951
5.254,-0.00186269,1.0645,-0.00592957,2.06704,-0.0015705,1.07142,-0.00634008,2.06951
5.256,-0.00186269,1.06447,-0.00588396,2.06704,-0.00160703,1.07148,-0.00624886,2.0696
5.258,-0.00186269,1.06447,-0.00588396,2.06704,-0.00160703,1.07145,-0.00629447,2.0696
5.26,-0.00189921,1.06447,-0.00597519,2.06695,-0.00160703,1.07142,-0.00624886,2.0696
5.262,-0.00186269,1.06447,-0.00588396,2.06704,-0.00160703,1.07142,-0.00634008,2.0696
5.264,-0.00186269,1.0645,-0.00592957,2.06695,-0.00160703,1.07142,-0.00624886,2.06951
5.266,-0.00186269,1.0645,-0.00592957,2.06704,-0.0015705,1.07145,-0.00629447,2.0696
5.268,-0.00186269,1.0645,-0.00592957,2.06704,-0.00160703,1.07148,-0.00624886,2.06951
5.27,-0.00186269,1.0645,-0.00592957,2.06704,-0.00160703,1.07145,-0.00629447,2.0696
5.272,-0.00186269,1.06445,-0.00592957,2.06704,-0.00160703,1.07145,-0.00629447,2.0696
5.274,-0.00189921,1.06445,-0.00592957,2.06704,-0.00160703,1.07145,-0.00629447,2.06951
5.276,-0.00186269,1.06447,-0.00588396,2.06695,-0.0015705,1.07142,-0.00624886,2.06951
5.278,-0.00186269,1.0645,-0.00592957,2.06695,-0.0015705,1.0714,-0.00629447,2.06951
5.28,-0.00186269,1.0645,-0.00592957,2.06695,-0.0015705,1.07142,-0.00624886,2.0696
5.282,-0.00186269,1.0645,-0.00592957,2.06695,-0.00160703,1.0714,-0.00629447,2.06951
5.284,-0.00186269,1.06447,-0.00588396,2.06695,-0.00160703,1.07145,-0.00629447,2.06951
5.286,-0.00186269,1.06447,-0.00588396,2.06704,-0.00164355,1.07145,-0.00629447,2.0696
5.288,-0.00186269,1.0645,-0.00592957,2.06695,-0.00164355,1.07142,-0.00634008,2.0696
5.29,-0.00186269,1.06447,-0.00597519,2.06695,-0.00164355,1.07145,-0.00629447,2.06951
5.292,-0.00186269,1.0645,-0.00592957,2.06695,-0.0015705,1.07142,-0.00634008,2.06951
5.294,-0.00186269,1.0645,-0.00592957,2.06695,-0.0015705,1.07145,-0.00629447,2.0696
5.296,-0.00189921,1.06447,-0.00588396,2.06695,-0.00160703,1.07142,-0.00624886,2.06951
5.298,-0.00189921,1.06447,-0.00588396,2.06704,-0.00160703,1.07142,-0.00634008,2.0696
5.3,-0.00189921,1.06447,-0.00588396,2.06704,-0.00160703,1.07145,-0.00629447,2.06951
5.302,-0.00186269,1.06447,-0.00588396,2.06695,-0.00160703,1.07145,-0.00629447,2.06951
5.304,-0.00186269,1.06447,-0.00588396,2.06695,-0.0015705,1.07145,-0.00629447,2.06951
5.306,-0.00186269,1.06447,-0.00588396,2.06704,-0.00160703,1.0714,-0.00629447,2.0696
5.308,-0.00186269,1.06447,-0.00588396,2.06704,-0.0015705,1.07142,-0.00624886,2.06951
5.31,-0.00186269,1.06447,-0.00597519,2.06704,-0.00160703,1.07145,-0.00620325,2.06951
5.312,-0.00186269,1.0645,-0.00592957,2.06704,-0.00160703,1.07145,-0.00629447,2.06951
5.314,-0.00186269,1.0645,-0.00592957,2.06704,-0.00160703,1.07145,-0.00629447,2.0696
5.316,-0.00186269,1.06447,-0.00588396,2.06704,-0.00160703,1.07142,-0.00634008,2.06951
5.318,-0.00186269,1.06447,-0.00588396,2.06704,-0.0015705,1.07145,-0.00629447,2.0696
5.32,-0.00186269,1.06447,-0.00588396,2.06704,-0.00164355,1.07145,-0.00629447,2.0696
5.322,-0.00189921,1.06447,-0.00597519,2.06695,-0.00164355,1.07142,-0.00624886,2.0696
5.324,-0.00186269,1.0645,-0.00592957,2.06695,-0.00164355,1.07142,-0.00624886,2.06951
5.326,-0.00186269,1.0645,-0.00592957,2.06695,-0.00160703,1.07145,-0.00629447,2.06951
5.328,-0.00186269,1.06447,-0.00588396,2.06704,-0.0015705,1.07145,-0.00629447,2.06951
5.33,-0.00186269,1.06445,-0.00592957,2.06704,-0.00160703,1.07145,-0.00629447,2.06951
5.332,-0.00186269,1.06447,-0.00588396,2.06704,-0.0015705,1.07142,-0.00624886,2.06951
5.334,-0.00186269,1.0645,-0.00592957,2.06695,-0.00160703,1.07145,-0.00629447,2.0696
5.336,-0.00189921,1.0645,-0.00592957,2.06695,-0.00164355,1.07142,-0.00624886,2.06951
5.338,-0.00186269,1.06447,-0.00597519,2.06695,-0.00160703,1.07142,-0.00634008,2.06951
5.34,-0.00186269,1.0645,-0.00592957,2.06695,-0.00160703,1.07145,-0.00629447,2.06951
5.342,-0.00186269,1.06447,-0.00588396,2.06695,-0.00164355,1.07145,-0.00629447,2.06951
5.344,-0.00186269,1.06447,-0.00597519,2.06695,-0.00164355,1.07145,-0.00629447,2.06951
5.346,-0.00186269,1.0645,-0.00592957,2.06704,-0.0015705,1.07145,-0.00629447,2.06951
5.348,-0.00186269,1.06447,-0.00588396,2.06704,-0.00164355,1.07142,-0.00634008,2.06951
5.35,-0.00186269,1.06447,-0.00588396,2.06704,-0.00160703,1.07145,-0.00629447,2.06951
5.352,-0.00186269,1.0645,-0.00592957,2.06695,-0.00160703,1.07145,-0.00629447,2.0696
5.354,-0.00186269,1.06445,-0.00592957,2.06695,-0.0015705,1.07145,-0.00629447,2.06951
5.356,-0.00186269,1.0645,-0.00592957,2.06695,-0.0015705,1.07145,-0.00629447,2.06951
5.358,-0.00186269,1.0645,-0.00592957,2.06704,-0.0015705,1.07145,-0.00629447,2.06951
5.36,-0.00186269,1.0645,-0.00592957,2.06704,-0.00160703,1.07142,-0.00634008,2.06951
5.362,-0.00186269,1.0645,-0.00592957,2.06704,-0.00160703,1.07145,-0.00629447,2.0696
5.364,-0.00186269,1.0645,-0.00592957,2.06704,-0.00164355,1.07145,-0.00629447,2.0696
5.366,-0.00189921,1.06445,-0.00592957,2.06695,-0.00160703,1.07145,-0.00629447,2.0696
5.368,-0.00189921,1.06445,-0.00592957,2.06695,-0.00160703,1.07142,-0.00634008,2.0696
5.37,-0.00186269,1.0645,-0.00592957,2.06704,-0.00164355,1.07142,-0.00624886,2.06951
5.372,-0.00189921,1.06447,-0.00597519,2.06695,-0.0015705,1.07145,-0.00629447,2.06951
5.374,-0.00189921,1.0645,-0.00592957,2.06704,-0.00164355,1.0714,-0.00629447,2.06951
5.376,-0.00186269,1.0645,-0.00592957,2.06695,-0.00160703,1.07145,-0.00629447,2.06951
5.378,-0.00186269,1.06447,-0.00588396,2.06695,-0.00164355,1.07145,-0.00629447,2.0696
5.38,-0.00186269,1.06447,-0.00588396,2.06704,-0.0015705,1.07145,-0.00629447,2.0696
5.382,-0.00186269,1.0645,-0.00592957,2.06704,-0.0015705,1.07145,-0.00629447,2.0696
5.384,-0.00186269,1.0645,-0.00592957,2.06704,-0.00160703,1.07145,-0.00629447,2.06951
5.386,-0.00186269,1.0645,-0.00592957,2.06695,-0.00160703,1.0714,-0.00629447,2.06951
5.388,-0.00186269,1.0645,-0.00592957,2.06704,-0.00160703,1.07142,-0.00624886,2.06951
5.39,-0.00186269,1.0645,-0.00592957,2.06704,-0.00160703,1.07145,-0.00629447,2.06951
5.392,-0.00186269,1.0645,-0.00592957,2.06704,-0.00160703,1.07145,-0.00629447,2.06951
5.394,-0.00186269,1.06447,-0.00588396,2.06695,-0.00164355,1.07145,-0.00629447,2.06951
5.396,-0.00186269,1.06445,-0.00592957,2.06704,-0.0015705,1.07142,-0.00634008,2.06951
5.398,-0.00189921,1.0645,-0.00592957,2.06704,-0.00164355,1.07145,-0.00629447,2.0696
5.4,-0.00189921,1.06447,-0.00597519,2.06704,-0.0015705,1.0714,-0.00629447,2.06951
5.402,-0.00189921,1.06447,-0.00597519,2.06704,-0.00160703,1.07145,-0.00629447,2.06951
5.404,-0.00186269,1.06447,-0.00588396,2.06704,-0.00160703,1.07142,-0.00634008,2.06951
5.406,-0.00186269,1.0645,-0.00592957,2.06704,-0.0015705,1.07142,-0.00634008,2.06951
5.408,-0.00186269,1.06447,-0.00588396,2.06704,-0.00160703,1.07142,-0.00634008,2.06951
5.41,-0.00186269,1.06447,-0.00588396,2.06704,-0.0015705,1.07145,-0.00629447,2.06951
5.412,-0.00186269,1.06447,-0.00597519,2.06695,-0.0015705,1.07145,-0.00629447,2.0696
5.414,-0.00186269,1.06447,-0.00597519,2.06695,-0.0015705,1.07145,-0.00629447,2.0696
5.416,-0.00186269,1.0645,-0.00592957,2.06695,-0.00160703,1.07145,-0.00629447,2.06951
5.418,-0.00186269,1.06447,-0.00597519,2.06695,-0.00160703,1.07142,-0.00634008,2.06951
5.42,-0.00186269,1.0645,-0.00592957,2.06704,-0.00164355,1.07142,-0.00624886,2.06951
5.422,-0.00186269,1.0645,-0.00592957,2.06704,-0.00160703,1.07142,-0.00634008,2.06951
5.424,-0.00186269,1.06447,-0.00588396,2.06704,-0.00160703,1.07142,-0.00634008,2.06951
5.426,-0.00186269,1.06447,-0.00588396,2.06704,-0.0015705,1.07145,-0.00629447,2.06951
5.428,-0.00186269,1.06447,-0.00597519,2.06695,-0.0015705,1.07142,-0.00624886,2.0696
5.43,-0.00186269,1.0645,-0.00592957,2.06695,-0.00164355,1.07145,-0.00629447,2.0696
5.432,-0.00186269,1.06447,-0.00588396,2.06695,-0.0015705,1.07142,-0.00624886,2.06951
5.434,-0.00186269,1.06447,-0.00588396,2.06695,-0.00160703,1.07142,-0.00624886,2.06951
5.436,-0.00186269,1.0645,-0.00592957,2.06704,-0.00160703,1.07142,-0.00634008,2.06951
5.438,-0.00186269,1.0645,-0.00592957,2.06695,-0.00160703,1.07142,-0.00634008,2.0696
5.44,-0.00186269,1.0645,-0.00592957,2.06704,-0.00160703,1.07145,-0.00629447,2.0696
5.442,-0.00186269,1.06445,-0.00592957,2.06695,-0.0015705,1.07145,-0.00629447,2.0696
5.444,-0.00189921,1.06447,-0.00588396,2.06695,-0.0015705,1.07145,-0.00629447,2.06951
5.446,-0.00189921,1.0645,-0.00592957,2.06695,-0.00160703,1.07142,-0.00624886,2.0696
5.448,-0.00189921,1.0645,-0.00592957,2.06695,-0.00160703,1.07142,-0.00634008,2.06951
5.45,-0.00189921,1.0645,-0.00592957,2.06704,-0.00160703,1.0714,-0.00629447,2.06951
5.452,-0.00189921,1.0645,-0.00592957,2.06704,-0.0015705,1.07145,-0.00629447,2.06951
5.454,-0.00186269,1.0645,-0.00592957,2.06704,-0.0015705,1.07145,-0.00629447,2.06951
5.456,-0.00186269,1.06447,-0.00588396,2.06704,-0.00160703,1.07145,-0.00629447,2.0696
5.458,-0.00186269,1.06445,-0.00592957,2.06704,-0.00160703,1.07148,-0.00624886,2.06951
5.46,-0.00186269,1.06447,-0.00588396,2.06695,-0.00160703,1.07145,-0.00629447,2.06951
5.462,-0.00189921,1.0645,-0.00592957,2.06695,-0.00160703,1.0714,-0.00629447,2.0696
5.464,-0.00186269,1.0645,-0.00592957,2.06704,-0.0015705,1.07142,-0.00624886,2.06951
5.466,-0.00186269,1.0645,-0.00592957,2.06704,-0.00160703,1.07145,-0.00629447,2.06951
5.468,-0.00186269,1.0645,-0.00592957,2.06704,-0.0015705,1.07142,-0.00624886,2.06951
5.47,-0.00189921,1.0645,-0.00592957,2.06704,-0.0015705,1.07145,-0.00629447,2.06951
5.472,-0.00186269,1.0645,-0.00592957,2.06695,-0.0015705,1.07145,-0.00629447,2.06951
5.474,-0.00186269,1.06447,-0.00588396,2.06695,-0.00160703,1.07145,-0.00629447,2.0696
5.476,-0.00186269,1.06447,-0.00588396,2.06695,-0.00160703,1.07142,-0.00634008,2.0696
5.478,-0.00186269,1.0645,-0.00592957,2.06695,-0.0015705,1.07145,-0.00629447,2.06951
5.48,-0.00186269,1.0645,-0.00592957,2.06695,-0.00164355,1.07145,-0.00629447,2.06951
5.482,-0.00186269,1.0645,-0.00592957,2.06704,-0.00160703,1.07142,-0.00634008,2.06951
5.484,-0.00186269,1.0645,-0.00592957,2.06704,-0.00160703,1.07142,-0.00624886,2.06951
5.486,-0.00189921,1.06447,-0.00588396,2.06704,-0.0015705,1.07142,-0.00634008,2.06951
5.488,-0.00186269,1.0645,-0.00592957,2.06695,-0.00160703,1.07145,-0.00629447,2.0696
5.49,-0.00186269,1.0645,-0.00592957,2.06695,-0.00160703,1.07145,-0.00629447,2.0696
5.492,-0.00186269,1.0645,-0.00592957,2.06695,-0.00160703,1.07142,-0.00624886,2.0696
5.494,-0.00186269,1.06447,-0.00597519,2.06695,-0.0015705,1.07145,-0.00629447,2.06951
5.496,-0.00189921,1.06447,-0.00588396,2.06704,-0.00160703,1.0714,-0.00629447,2.06951
5.498,-0.00189921,1.06447,-0.00588396,2.06704,-0.00164355,1.07142,-0.00634008,2.0696
5.5,-0.00186269,1.0645,-0.00592957,2.06704,-0.00160703,1.07142,-0.00624886,2.0696
5.502,-0.00186269,1.0645,-0.00592957,2.06704,-0.00160703,1.07145,-0.00629447,2.06951
5.504,-0.00186269,1.0645,-0.00592957,2.06695,-0.00160703,1.07145,-0.00629447,2.0696
5.506,-0.00186269,1.06445,-0.00592957,2.06695,-0.00164355,1.07142,-0.00624886,2.06951
5.508,-0.00186269,1.06447,-0.00597519,2.06695,-0.00160703,1.07142,-0.00634008,2.06951
5.51,-0.00186269,1.06447,-0.00588396,2.06695,-0.0015705,1.07145,-0.00629447,2.06951
5.512,-0.00186269,1.0645,-0.00592957,2.06704,-0.00160703,1.07145,-0.00629447,2.06951
5.514,-0.00186269,1.0645,-0.00592957,2.06695,-0.00160703,1.07142,-0.00634008,2.06951
5.516,-0.00186269,1.0645,-0.00592957,2.06695,-0.00164355,1.07145,-0.00629447,2.06951
5.518,-0.00186269,1.0645,-0.00592957,2.06695,-0.00160703,1.07145,-0.00629447,2.0696
5.52,-0.00186269,1.0645,-0.00592957,2.06695,-0.0015705,1.07142,-0.00624886,2.0696
5.522,-0.00186269,1.06447,-0.00588396,2.06695,-0.00164355,1.07145,-0.00629447,2.06951
5.524,-0.00186269,1.0645,-0.00592957,2.06695,-0.00160703,1.07145,-0.00629447,2.06951
5.526,-0.00186269,1.0645,-0.00592957,2.06695,-0.00160703,1.07145,-0.00629447,2.06951
5.528,-0.00186269,1.06447,-0.00588396,2.06704,-0.00160703,1.07142,-0.00634008,2.06951
5.53,-0.00186269,1.06447,-0.00588396,2.06695,-0.00160703,1.07142,-0.00634008,2.06951
5.532,-0.00189921,1.0645,-0.00592957,2.06695,-0.00164355,1.0714,-0.00629447,2.06951
5.534,-0.00186269,1.0645,-0.00592957,2.06695,-0.00160703,1.07145,-0.00629447,2.0696
5.536,-0.00186269,1.0645,-0.00592957,2.06704,-0.00164355,1.07145,-0.00629447,2.0696
5.538,-0.00186269,1.0645,-0.00592957,2.06704,-0.00160703,1.07148,-0.00634008,2.0696
5.54,-0.00186269,1.06445,-0.00592957,2.06704,-0.00160703,1.07145,-0.00629447,2.06951
5.542,-0.00186269,1.06447,-0.00588396,2.06704,-0.0015705,1.07145,-0.00629447,2.0696
5.544,-0.00186269,1.0645,-0.00592957,2.06704,-0.00160703,1.07142,-0.00634008,2.06951
5.546,-0.00189921,1.0645,-0.00592957,2.06695,-0.0015705,1.07145,-0.00629447,2.0696
5.548,-0.00189921,1.0645,-0.00592957,2.06704,-0.00164355,1.0714,-0.00629447,2.0696
5.55,-0.00186269,1.0645,-0.00592957,2.06704,-0.0015705,1.07145,-0.00629447,2.06951
5.552,-0.00186269,1.06447,-0.00588396,2.06695,-0.00160703,1.07145,-0.00629447,2.0696
5.554,-0.00186269,1.0645,-0.00592957,2.06704,-0.00160703,1.07145,-0.00629447,2.06951
5.556,-0.00186269,1.0645,-0.00592957,2.06704,-0.00160703,1.07145,-0.00629447,2.06951
5.558,-0.00186269,1.0645,-0.00592957,2.06704,-0.00153398,1.07142,-0.00634008,2.0696
5.56,-0.00186269,1.0645,-0.00592957,2.06704,-0.00160703,1.07145,-0.00629447,2.0696
5.562,-0.00186269,1.0645,-0.00592957,2.06704,-0.00160703,1.07142,-0.00634008,2.06951
5.564,-0.00189921,1.0645,-0.00592957,2.06695,-0.00160703,1.07145,-0.00629447,2.06951
5.566,-0.00186269,1.0645,-0.00592957,2.06695,-0.00164355,1.07151,-0.00629447,2.06951
5.568,-0.00186269,1.0645,-0.00592957,2.06704,-0.00164355,1.07145,-0.00629447,2.06951
5.57,-0.00186269,1.06447,-0.00588396,2.06704,-0.00164355,1.07145,-0.00629447,2.06951
5.572,-0.00186269,1.06447,-0.00588396,2.06704,-0.00160703,1.07145,-0.00629447,2.06951
5.574,-0.00186269,1.0645,-0.00592957,2.06695,-0.00160703,1.07145,-0.00629447,2.06951
5.576,-0.00186269,1.0645,-0.00592957,2.06695,-0.0015705,1.0714,-0.00629447,2.0696
5.578,-0.00189921,1.0645,-0.00592957,2.06695,-0.0015705,1.07145,-0.00629447,2.0696
5.58,-0.00189921,1.0645,-0.00592957,2.06695,-0.00160703,1.07145,-0.00629447,2.06951
5.582,-0.00189921,1.06447,-0.00588396,2.06704,-0.00160703,1.07145,-0.00629447,2.06951
5.584,-0.00186269,1.0645,-0.00592957,2.06704,-0.00164355,1.07145,-0.00629447,2.0696
5.586,-0.00186269,1.0645,-0.00592957,2.06704,-0.0015705,1.07145,-0.00629447,2.06951
5.588,-0.00189921,1.0645,-0.00592957,2.06704,-0.00164355,1.07145,-0.00629447,2.0696
5.59,-0.00186269,1.0645,-0.00592957,2.06704,-0.00160703,1.07145,-0.00629447,2.0696
5.592,-0.00189921,1.0645,-0.00592957,2.06695,-0.00160703,1.07145,-0.00629447,2.06951
5.594,-0.00186269,1.06447,-0.00588396,2.06695,-0.0015705,1.07142,-0.00624886,2.06951
5.596,-0.00189921,1.06447,-0.00588396,2.06695,-0.00160703,1.07145,-0.00629447,2.06951
5.598,-0.00189921,1.0645,-0.00592957,2.06704,-0.00160703,1.07142,-0.00634008,2.06951
5.6,-0.00186269,1.0645,-0.00592957,2.06704,-0.0015705,1.07142,-0.00624886,2.06951
5.602,-0.00186269,1.0645,-0.00592957,2.06704,-0.00164355,1.0714,-0.00629447,2.0696
5.604,-0.00186269,1.06447,-0.00588396,2.06704,-0.00160703,1.07145,-0.00629447,2.0696
5.606,-0.00186269,1.06447,-0.00588396,2.06704,-0.0015705,1.07145,-0.00629447,2.0696
5.608,-0.00186269,1.06447,-0.00588396,2.06704,-0.00160703,1.07145,-0.00629447,2.06951
5.61,-0.00186269,1.0645,-0.00592957,2.06704,-0.00164355,1.07145,-0.00629447,2.0696
5.612,-0.00186269,1.0645,-0.00592957,2.06695,-0.00160703,1.07142,-0.00624886,2.06951
5.614,-0.00186269,1.0645,-0.00592957,2.06704,-0.00164355,1.07145,-0.00629447,2.06951
5.616,-0.00186269,1.0645,-0.00592957,2.06704,-0.0015705,1.07145,-0.00629447,2.06951
5.618,-0.00186269,1.0645,-0.00592957,2.06704,-0.0015705,1.07142,-0.00634008,2.06951
5.62,-0.00186269,1.0645,-0.00592957,2.06704,-0.00160703,1.07142,-0.00624886,2.0696
5.622,-0.00186269,1.06447,-0.00588396,2.06704,-0.00160703,1.07145,-0.00629447,2.0696
5.624,-0.00186269,1.06447,-0.00588396,2.06695,-0.00160703,1.07142,-0.00624886,2.0696
5.626,-0.00186269,1.0645,-0.00592957,2.06695,-0.00160703,1.07142,-0.00624886,2.06951
5.628,-0.00186269,1.0645,-0.00592957,2.06695,-0.00164355,1.07142,-0.00624886,2.0696
5.63,-0.00186269,1.06447,-0.00588396,2.06704,-0.00160703,1.07145,-0.00629447,2.06951
5.632,-0.00186269,1.0645,-0.00592957,2.06704,-0.0015705,1.07145,-0.00629447,2.06951
5.634,-0.00186269,1.0645,-0.00592957,2.06704,-0.00160703,1.07145,-0.00629447,2.0696
5.636,-0.00186269,1.0645,-0.00592957,2.06695,-0.0015705,1.07145,-0.00629447,2.0696
5.638,-0.00186269,1.06447,-0.00597519,2.06704,-0.00160703,1.07145,-0.00629447,2.06951
5.64,-0.00186269,1.0645,-0.00592957,2.06695,-0.00160703,1.07142,-0.00624886,2.06951
5.642,-0.00186269,1.06447,-0.00588396,2.06695,-0.00160703,1.07145,-0.00629447,2.06951
5.644,-0.00186269,1.0645,-0.00592957,2.06704,-0.00160703,1.07145,-0.00629447,2.06951
5.646,-0.00186269,1.0645,-0.00592957,2.06704,-0.00160703,1.07145,-0.00629447,2.0696
5.648,-0.00186269,1.0645,-0.00592957,2.06704,-0.00160703,1.07145,-0.00629447,2.06951
5.65,-0.00186269,1.0645,-0.00592957,2.06704,-0.00160703,1.07145,-0.00629447,2.0696
5.652,-0.00186269,1.06447,-0.00588396,2.06704,-0.0015705,1.07145,-0.00629447,2.0696
5.654,-0.00186269,1.0645,-0.00592957,2.06704,-0.00164355,1.07145,-0.00629447,2.0696
5.656,-0.00186269,1.06447,-0.00597519,2.06704,-0.00160703,1.07145,-0.00629447,2.0696
5.658,-0.00186269,1.0645,-0.00592957,2.06704,-0.00164355,1.07145,-0.00629447,2.06951
5.66,-0.00186269,1.0645,-0.00592957,2.06704,-0.00160703,1.07142,-0.00624886,2.0696
5.662,-0.00186269,1.0645,-0.00592957,2.06704,-0.00160703,1.07145,-0.00629447,2.06951
5.664,-0.00186269,1.0645,-0.00592957,2.06704,-0.00160703,1.07145,-0.00629447,2.0696
5.666,-0.00186269,1.0645,-0.00592957,2.06704,-0.00160703,1.07145,-0.00629447,2.0696
5.668,-0.00186269,1.0645,-0.00592957,2.06704,-0.00160703,1.07148,-0.00624886,2.0696
5.67,-0.00186269,1.0645,-0.00592957,2.06695,-0.00164355,1.07145,-0.00629447,2.0696
5.672,-0.00186269,1.0645,-0.00592957,2.06695,-0.0015705,1.07145,-0.00629447,2.0696
5.674,-0.00189921,1.0645,-0.00592957,2.06704,-0.00160703,1.07142,-0.00624886,2.06951
5.676,-0.00189921,1.0645,-0.00592957,2.06704,-0.00160703,1.07145,-0.00629447,2.0696
5.678,-0.00189921,1.0645,-0.00592957,2.06704,-0.0015705,1.07145,-0.00629447,2.06951
5.68,-0.00186269,1.0645,-0.00592957,2.06704,-0.00160703,1.07145,-0.00629447,2.06951
5.682,-0.00186269,1.06447,-0.00588396,2.06704,-0.00164355,1.07145,-0.00629447,2.06951
5.684,-0.00186269,1.06447,-0.00588396,2.06695,-0.00160703,1.07142,-0.00634008,2.06951
5.686,-0.00186269,1.0645,-0.00592957,2.06695,-0.00160703,1.07145,-0.00629447,2.0696
5.688,-0.00186269,1.0645,-0.00592957,2.06695,-0.0015705,1.0714,-0.00629447,2.0696
5.69,-0.00186269,1.06447,-0.00588396,2.06695,-0.00164355,1.0714,-0.00629447,2.06951
5.692,-0.00186269,1.0645,-0.00592957,2.06695,-0.00160703,1.07145,-0.00629447,2.06951
5.694,-0.00189921,1.0645,-0.00592957,2.06704,-0.00164355,1.07142,-0.00634008,2.0696
5.696,-0.00186269,1.0645,-0.00592957,2.06704,-0.00160703,1.07145,-0.00629447,2.0696
5.698,-0.00186269,1.0645,-0.00592957,2.06695,-0.00160703,1.07145,-0.00629447,2.0696
5.7,-0.00186269,1.0645,-0.00592957,2.06704,-0.00164355,1.07145,-0.00629447,2.06951
5.702,-0.00186269,1.06445,-0.00592957,2.06695,-0.00160703,1.07145,-0.00629447,2.06951
5.704,-0.00189921,1.06447,-0.00588396,2.06695,-0.0015705,1.07145,-0.00629447,2.06951
5.706,-0.00189921,1.0645,-0.00592957,2.06695,-0.00160703,1.07142,-0.00624886,2.06951
5.708,-0.00189921,1.0645,-0.00592957,2.06695,-0.0015705,1.07142,-0.00624886,2.06951
5.71,-0.00186269,1.0645,-0.00592957,2.06704,-0.00160703,1.0714,-0.00629447,2.06951
5.712,-0.00186269,1.06447,-0.00588396,2.06704,-0.00160703,1.07145,-0.00620325,2.0696
5.714,-0.00186269,1.06447,-0.00588396,2.06704,-0.0015705,1.07145,-0.00629447,2.0696
5.716,-0.00186269,1.06447,-0.00588396,2.06695,-0.00160703,1.07142,-0.00634008,2.06951
5.718,-0.00186269,1.0645,-0.00592957,2.06704,-0.00160703,1.07145,-0.00629447,2.0696
5.72,-0.00186269,1.0645,-0.00592957,2.06695,-0.0015705,1.07142,-0.00634008,2.06951
5.722,-0.00186269,1.06447,-0.00588396,2.06704,-0.0015705,1.07142,-0.00624886,2.06951
5.724,-0.00186269,1.0645,-0.00592957,2.06704,-0.0015705,1.07145,-0.00629447,2.06943
5.726,-0.00186269,1.0645,-0.00592957,2.06704,-0.0015705,1.07145,-0.00629447,2.06951
5.728,-0.00186269,1.06447,-0.00588396,2.06704,-0.00160703,1.07145,-0.00629447,2.0696
5.73,-0.00186269,1.06447,-0.00588396,2.06704,-0.00164355,1.07142,-0.00634008,2.0696
5.732,-0.00186269,1.06447,-0.00588396,2.06704,-0.00160703,1.07145,-0.00629447,2.0696
5.734,-0.00186269,1.0645,-0.00592957,2.06704,-0.00160703,1.07142,-0.00624886,2.0696
5.736,-0.00186269,1.0645,-0.00592957,2.06704,-0.00160703,1.07142,-0.00624886,2.06951
5.738,-0.00186269,1.06447,-0.00588396,2.06704,-0.00160703,1.07145,-0.00629447,2.06951
5.74,-0.00189921,1.06447,-0.00588396,2.06704,-0.0015705,1.07145,-0.00629447,2.06951
5.742,-0.00186269,1.06447,-0.00588396,2.06712,-0.0015705,1.0714,-0.00629447,2.06951
5.744,-0.00186269,1.06447,-0.00588396,2.06704,-0.00160703,1.07148,-0.00624886,2.06951
5.746,-0.00186269,1.0645,-0.00592957,2.06704,-0.00164355,1.07145,-0.00629447,2.0696
5.748,-0.00186269,1.0645,-0.00592957,2.06695,-0.0015705,1.07145,-0.00629447,2.06951
5.75,-0.00186269,1.06447,-0.00588396,2.06695,-0.00160703,1.07145,-0.00629447,2.0696
5.752,-0.00189921,1.06447,-0.00588396,2.06704,-0.00160703,1.07145,-0.00629447,2.06951
5.754,-0.00186269,1.0645,-0.00592957,2.06704,-0.00160703,1.07142,-0.00624886,2.06951
5.756,-0.00186269,1.06447,-0.00588396,2.06704,-0.00160703,1.07142,-0.00634008,2.06951
5.758,-0.00186269,1.06447,-0.00588396,2.06704,-0.00164355,1.07145,-0.00629447,2.06951
5.76,-0.00186269,1.0645,-0.00592957,2.06695,-0.00160703,1.07142,-0.00624886,2.06951
5.762,-0.00186269,1.0645,-0.00592957,2.06695,-0.0015705,1.07142,-0.00624886,2.06951
5.764,-0.00186269,1.0645,-0.00592957,2.06695,-0.00160703,1.07145,-0.00629447,2.0696
5.766,-0.00189921,1.06447,-0.00588396,2.06695,-0.0015705,1.07145,-0.00629447,2.0696
5.768,-0.00186269,1.06447,-0.00588396,2.06695,-0.0015705,1.07142,-0.00634008,2.06951
5.77,-0.00186269,1.06447,-0.00588396,2.06695,-0.00160703,1.07145,-0.00629447,2.06951
5.772,-0.00186269,1.0645,-0.00592957,2.06704,-0.0015705,1.07142,-0.00634008,2.06951
5.774,-0.00186269,1.06447,-0.00588396,2.06695,-0.00160703,1.0714,-0.00629447,2.06951
5.776,-0.00186269,1.0645,-0.00592957,2.06695,-0.00160703,1.0714,-0.00629447,2.06951
5.778,-0.00186269,1.06447,-0.00588396,2.06695,-0.0015705,1.07142,-0.00624886,2.06951
5.78,-0.00186269,1.06445,-0.00592957,2.06695,-0.0015705,1.07145,-0.00629447,2.0696
5.782,-0.00186269,1.0645,-0.00592957,2.06695,-0.00160703,1.07142,-0.00634008,2.0696
5.784,-0.00186269,1.06447,-0.00588396,2.06695,-0.0015705,1.07142,-0.00634008,2.06951
5.786,-0.00186269,1.06447,-0.00588396,2.06695,-0.00168007,1.07142,-0.00634008,2.06951
5.788,-0.00186269,1.0645,-0.00592957,2.06704,-0.00160703,1.07145,-0.00629447,2.06951
5.79,-0.00186269,1.0645,-0.00592957,2.06704,-0.00160703,1.07145,-0.00629447,2.06951
5.792,-0.00186269,1.0645,-0.00592957,2.06704,-0.00160703,1.07142,-0.00634008,2.0696
5.794,-0.00186269,1.06447,-0.00588396,2.06704,-0.00164355,1.07145,-0.00629447,2.0696
5.796,-0.00186269,1.0645,-0.00592957,2.06704,-0.0015705,1.07145,-0.00629447,2.0696
5.798,-0.00186269,1.06447,-0.00588396,2.06704,-0.00160703,1.07145,-0.00629447,2.0696
5.8,-0.00186269,1.0645,-0.00592957,2.06695,-0.00160703,1.07145,-0.00629447,2.06951
5.802,-0.00186269,1.0645,-0.00592957,2.06704,-0.00160703,1.07145,-0.00629447,2.06951
5.804,-0.00186269,1.0645,-0.00592957,2.06704,-0.0015705,1.07145,-0.00629447,2.0696
5.806,-0.00189921,1.0645,-0.00592957,2.06695,-0.0015705,1.07145,-0.00629447,2.06951
5.808,-0.00189921,1.0645,-0.00592957,2.06704,-0.00160703,1.07145,-0.00629447,2.0696
5.81,-0.00186269,1.0645,-0.00592957,2.06695,-0.00160703,1.07145,-0.00629447,2.0696
5.812,-0.00186269,1.0645,-0.00592957,2.06695,-0.00164355,1.07145,-0.00629447,2.0696
5.814,-0.00186269,1.0645,-0.00592957,2.06695,-0.0015705,1.07145,-0.00629447,2.0696
5.816,-0.00186269,1.0645,-0.00592957,2.06704,-0.0015705,1.07145,-0.00629447,2.06951
5.818,-0.00186269,1.0645,-0.00592957,2.06704,-0.00164355,1.07142,-0.00634008,2.06951
5.82,-0.00186269,1.06447,-0.00588396,2.06704,-0.0015705,1.07145,-0.00629447,2.0696
5.822,-0.00186269,1.06447,-0.00588396,2.06695,-0.00160703,1.07145,-0.00629447,2.0696
5.824,-0.00186269,1.0645,-0.00592957,2.06695,-0.00160703,1.07145,-0.00629447,2.0696
5.826,-0.00186269,1.0645,-0.00592957,2.06695,-0.00160703,1.07145,-0.00629447,2.06951
5.828,-0.00186269,1.06447,-0.00588396,2.06695,-0.00160703,1.07145,-0.00629447,2.06951
5.83,-0.00186269,1.06447,-0.00588396,2.06704,-0.00160703,1.07145,-0.00629447,2.06951
5.832,-0.00186269,1.0645,-0.00592957,2.06704,-0.00160703,1.07142,-0.00624886,2.06951
5.834,-0.00186269,1.06447,-0.00588396,2.06704,-0.00160703,1.07145,-0.00629447,2.06951
5.836,-0.00186269,1.06447,-0.00588396,2.06704,-0.0015705,1.07145,-0.00629447,2.06951
5.838,-0.00186269,1.06447,-0.00588396,2.06704,-0.00160703,1.07145,-0.00629447,2.06951
5.84,-0.00186269,1.06447,-0.00588396,2.06695,-0.00164355,1.07145,-0.00629447,2.0696
5.842,-0.00186269,1.06447,-0.00588396,2.06695,-0.00160703,1.07142,-0.00634008,2.0696
5.844,-0.00186269,1.0645,-0.00592957,2.06695,-0.0015705,1.07142,-0.00634008,2.0696
5.846,-0.00186269,1.0645,-0.00592957,2.06695,-0.0015705,1.0714,-0.00629447,2.06951
5.848,-0.00186269,1.0645,-0.00592957,2.06704,-0.00160703,1.07145,-0.00629447,2.06951
5.85,-0.00186269,1.06447,-0.00597519,2.06704,-0.00164355,1.07142,-0.00624886,2.0696
5.852,-0.00186269,1.06445,-0.00592957,2.06704,-0.00160703,1.07145,-0.00629447,2.06951
5.854,-0.00186269,1.06447,-0.00588396,2.06695,-0.00164355,1.07145,-0.00629447,2.0696
5.856,-0.00186269,1.06447,-0.00588396,2.06695,-0.00160703,1.07145,-0.00629447,2.0696
5.858,-0.00189921,1.0645,-0.00592957,2.06695,-0.00160703,1.0714,-0.00629447,2.0696
5.86,-0.00189921,1.0645,-0.00592957,2.06704,-0.00160703,1.07142,-0.00634008,2.0696
5.862,-0.00186269,1.0645,-0.00592957,2.06704,-0.0015705,1.07145,-0.00629447,2.06951
5.864,-0.00186269,1.0645,-0.00592957,2.06704,-0.00160703,1.07145,-0.00629447,2.06951
5.866,-0.00186269,1.0645,-0.00592957,2.06704,-0.00160703,1.07145,-0.00629447,2.06951
5.868,-0.00186269,1.06447,-0.00588396,2.06704,-0.00164355,1.07145,-0.00629447,2.0696
5.87,-0.00186269,1.06447,-0.00588396,2.06704,-0.00164355,1.07145,-0.00629447,2.0696
5.872,-0.00186269,1.0645,-0.00592957,2.06704,-0.00160703,1.07142,-0.00634008,2.0696
5.874,-0.00186269,1.0645,-0.00592957,2.06704,-0.00160703,1.07142,-0.00624886,2.0696
5.876,-0.00186269,1.06447,-0.00588396,2.06695,-0.00160703,1.07145,-0.00629447,2.0696
5.878,-0.00189921,1.06447,-0.00588396,2.06704,-0.00160703,1.07148,-0.00624886,2.06951
5.88,-0.00186269,1.06447,-0.00588396,2.06704,-0.00160703,1.07142,-0.00624886,2.0696
5.882,-0.00186269,1.0645,-0.00592957,2.06704,-0.00160703,1.07145,-0.00629447,2.06951
5.884,-0.00186269,1.0645,-0.00592957,2.06704,-0.00160703,1.0714,-0.00629447,2.06951
5.886,-0.00186269,1.0645,-0.00592957,2.06704,-0.00160703,1.07142,-0.00634008,2.0696
5.888,-0.00186269,1.06447,-0.00588396,2.06704,-0.00160703,1.07145,-0.00629447,2.06951
5.89,-0.00189921,1.06447,-0.00588396,2.06704,-0.00164355,1.07145,-0.00629447,2.0696
5.892,-0.00186269,1.06445,-0.00592957,2.06695,-0.00164355,1.07145,-0.00629447,2.06951
5.894,-0.00186269,1.06447,-0.00597519,2.06704,-0.00160703,1.07145,-0.00629447,2.06951
5.896,-0.00186269,1.06447,-0.00588396,2.06704,-0.00160703,1.07142,-0.00624886,2.06951
5.898,-0.00186269,1.0645,-0.00592957,2.06704,-0.0015705,1.07145,-0.00629447,2.06951
5.9,-0.00186269,1.06447,-0.00588396,2.06704,-0.0015705,1.07145,-0.00629447,2.06951
5.902,-0.00186269,1.0645,-0.00592957,2.06704,-0.00160703,1.07145,-0.00629447,2.0696
5.904,-0.00186269,1.06447,-0.00588396,2.06695,-0.00160703,1.07148,-0.00624886,2.0696
5.906,-0.00186269,1.06447,-0.00588396,2.06695,-0.00160703,1.07145,-0.00629447,2.0696
5.908,-0.00186269,1.06447,-0.00588396,2.06695,-0.0015705,1.07145,-0.00629447,2.06951
5.91,-0.00186269,1.0645,-0.00592957,2.06704,-0.0015705,1.07145,-0.00629447,2.06951
5.912,-0.00186269,1.0645,-0.00592957,2.06704,-0.00164355,1.07145,-0.00629447,2.06951
5.914,-0.00186269,1.06447,-0.00588396,2.06695,-0.00160703,1.07145,-0.00629447,2.06951
5.916,-0.00186269,1.06447,-0.00588396,2.06704,-0.00160703,1.07142,-0.00624886,2.0696
5.918,-0.00186269,1.0645,-0.00592957,2.06695,-0.0015705,1.07148,-0.00624886,2.0696
5.92,-0.00186269,1.0645,-0.00592957,2.06695,-0.0015705,1.07145,-0.00629447,2.0696
5.922,-0.00186269,1.0645,-0.00592957,2.06695,-0.00160703,1.07145,-0.00629447,2.0696
5.924,-0.00186269,1.06447,-0.00588396,2.06695,-0.00160703,1.07142,-0.00634008,2.06951
5.926,-0.00186269,1.06447,-0.00588396,2.06704,-0.00160703,1.07145,-0.00629447,2.06951
5.928,-0.00186269,1.0645,-0.00592957,2.06704,-0.0015705,1.07145,-0.00629447,2.06951
5.93,-0.00186269,1.0645,-0.00592957,2.06704,-0.00160703,1.07142,-0.00624886,2.0696
5.932,-0.00186269,1.0645,-0.00592957,2.06704,-0.00160703,1.07142,-0.00624886,2.0696
5.934,-0.00186269,1.0645,-0.00592957,2.06704,-0.00160703,1.07145,-0.00629447,2.0696
5.936,-0.00186269,1.0645,-0.00592957,2.06704,-0.00160703,1.07145,-0.00629447,2.06951
5.938,-0.00186269,1.06447,-0.00588396,2.06695,-0.00160703,1.07142,-0.00624886,2.06951
5.94,-0.00186269,1.06447,-0.00588396,2.06695,-0.00164355,1.07145,-0.00629447,2.06951
5.942,-0.00186269,1.06447,-0.00597519,2.06704,-0.00160703,1.07145,-0.00629447,2.06951
5.944,-0.00186269,1.0645,-0.00592957,2.06704,-0.00160703,1.07148,-0.00624886,2.06951
5.946,-0.00186269,1.0645,-0.00592957,2.06704,-0.00160703,1.07142,-0.00634008,2.06951
5.948,-0.00186269,1.06447,-0.00588396,2.06704,-0.00160703,1.07145,-0.00629447,2.0696
5.95,-0.00186269,1.06447,-0.00588396,2.06704,-0.0015705,1.07145,-0.00629447,2.0696
5.952,-0.00186269,1.06447,-0.00588396,2.06704,-0.00160703,1.07145,-0.00629447,2.0696
5.954,-0.00186269,1.0645,-0.00592957,2.06695,-0.0015705,1.07142,-0.00624886,2.06951
5.956,-0.00186269,1.06447,-0.00588396,2.06695,-0.00164355,1.07142,-0.00624886,2.06951
5.958,-0.00186269,1.0645,-0.00592957,2.06695,-0.00164355,1.07142,-0.00624886,2.06951
5.96,-0.00186269,1.0645,-0.00592957,2.06704,-0.00160703,1.07142,-0.00624886,2.0696
5.962,-0.00189921,1.06447,-0.00588396,2.06704,-0.00164355,1.07142,-0.00634008,2.0696
5.964,-0.00186269,1.06447,-0.00588396,2.06704,-0.00160703,1.07145,-0.00629447,2.0696
5.966,-0.00186269,1.0645,-0.00592957,2.06704,-0.00160703,1.07145,-0.00629447,2.0696
5.968,-0.00186269,1.0645,-0.00592957,2.06704,-0.00153398,1.07145,-0.00629447,2.0696
5.97,-0.00186269,1.06447,-0.00588396,2.06695,-0.00160703,1.07145,-0.00629447,2.06951
5.972,-0.00186269,1.06447,-0.00588396,2.06695,-0.00160703,1.07145,-0.00629447,2.06951
5.974,-0.00186269,1.0645,-0.00592957,2.06704,-0.00160703,1.07145,-0.00629447,2.06951
5.976,-0.00186269,1.0645,-0.00592957,2.06704,-0.00160703,1.07145,-0.00629447,2.06951
5.978,-0.00186269,1.0645,-0.00592957,2.06704,-0.00160703,1.07142,-0.00624886,2.0696
5.98,-0.00186269,1.06447,-0.00588396,2.06704,-0.00160703,1.07145,-0.00629447,2.0696
5.982,-0.00186269,1.06447,-0.00588396,2.06704,-0.0015705,1.07145,-0.00629447,2.06951
5.984,-0.00186269,1.06447,-0.00588396,2.06704,-0.0015705,1.07142,-0.00624886,2.06951
5.986,-0.00186269,1.06447,-0.00588396,2.06704,-0.00160703,1.07145,-0.00629447,2.06951
5.988,-0.00189921,1.0645,-0.00592957,2.06704,-0.00160703,1.07142,-0.00624886,2.06951
5.99,-0.00186269,1.0645,-0.00592957,2.06695,-0.00160703,1.07145,-0.00629447,2.06951
5.992,-0.00186269,1.06447,-0.00588396,2.06695,-0.0015705,1.07145,-0.00620325,2.0696
5.994,-0.00186269,1.0645,-0.00592957,2.06704,-0.00164355,1.07145,-0.00629447,2.06951
5.996,-0.00186269,1.0645,-0.00592957,2.06704,-0.0015705,1.07145,-0.00629447,2.06951
5.998,-0.00186269,1.0645,-0.00592957,2.06704,-0.00160703,1.07142,-0.00624886,2.06951
6,-0.00186269,1.0645,-0.00592957,2.06704,-0.0015705,1.07142,-0.00634008,2.06951
6.002,-0.00186269,1.0645,-0.00592957,2.06695,-0.00160703,1.07142,-0.00624886,2.06951
6.004,-0.00189921,1.0645,-0.00592957,2.06695,-0.00160703,1.07145,-0.00629447,2.0696
6.006,-0.00186269,1.0645,-0.00592957,2.06695,-0.00160703,1.07145,-0.00629447,2.0696
6.008,-0.00186269,1.0645,-0.00592957,2.06695,-0.00160703,1.07148,-0.00624886,2.0696
6.01,-0.00186269,1.0645,-0.00592957,2.06704,-0.0015705,1.07142,-0.00634008,2.06951
6.012,-0.00186269,1.0645,-0.00592957,2.06704,-0.0015705,1.07145,-0.00629447,2.06951
6.014,-0.00186269,1.0645,-0.00592957,2.06704,-0.00160703,1.07145,-0.00629447,2.0696
6.016,-0.00186269,1.0645,-0.00592957,2.06704,-0.00160703,1.07142,-0.00624886,2.06951
6.018,-0.00186269,1.0645,-0.00592957,2.06704,-0.00160703,1.07145,-0.00629447,2.0696
6.02,-0.00186269,1.06445,-0.00592957,2.06695,-0.00160703,1.07145,-0.00629447,2.06951
6.022,-0.00186269,1.06447,-0.00588396,2.06695,-0.0015705,1.07145,-0.00629447,2.0696
6.024,-0.00186269,1.06447,-0.00588396,2.06695,-0.00160703,1.07145,-0.00629447,2.06951
6.026,-0.00186269,1.0645,-0.00592957,2.06704,-0.00164355,1.07145,-0.00629447,2.06951
6.028,-0.00186269,1.0645,-0.00592957,2.06704,-0.00160703,1.07142,-0.00634008,2.0696
6.03,-0.00189921,1.0645,-0.00592957,2.06704,-0.00160703,1.07145,-0.00629447,2.06951
6.032,-0.00189921,1.0645,-0.00592957,2.06704,-0.00164355,1.07145,-0.00629447,2.0696
6.034,-0.00189921,1.0645,-0.00592957,2.06704,-0.0015705,1.07142,-0.00624886,2.0696
6.036,-0.00186269,1.06445,-0.00592957,2.06704,-0.00160703,1.07145,-0.00629447,2.0696
6.038,-0.00186269,1.06447,-0.00588396,2.06695,-0.00160703,1.07145,-0.00629447,2.06951
6.04,-0.00186269,1.0645,-0.00592957,2.06695,-0.0015705,1.07142,-0.00634008,2.06951
6.042,-0.00189921,1.0645,-0.00592957,2.06695,-0.00160703,1.07142,-0.00634008,2.0696
6.044,-0.00186269,1.0645,-0.00592957,2.06695,-0.00160703,1.07145,-0.00629447,2.06951
6.046,-0.00186269,1.06447,-0.00588396,2.06695,-0.00160703,1.07142,-0.00634008,2.06951
6.048,-0.00186269,1.06447,-0.00588396,2.06695,-0.0015705,1.07145,-0.00629447,2.06951
6.05,-0.00189921,1.06447,-0.00588396,2.06704,-0.0015705,1.07145,-0.00629447,2.06951
6.052,-0.00186269,1.0645,-0.00592957,2.06704,-0.00164355,1.07142,-0.00634008,2.06951
6.054,-0.00186269,1.0645,-0.00592957,2.06704,-0.00160703,1.07145,-0.00629447,2.06951
6.056,-0.00186269,1.0645,-0.00592957,2.06695,-0.00160703,1.07145,-0.00629447,2.0696
6.058,-0.00186269,1.06447,-0.00588396,2.06695,-0.00160703,1.07145,-0.00629447,2.0696
6.06,-0.00186269,1.06447,-0.00588396,2.06695,-0.00160703,1.07145,-0.00629447,2.06951
6.062,-0.00186269,1.0645,-0.00592957,2.06695,-0.00160703,1.07145,-0.00629447,2.06951
6.064,-0.00189921,1.0645,-0.00592957,2.06704,-0.00164355,1.07142,-0.00634008,2.06951
6.066,-0.00186269,1.06447,-0.00588396,2.06704,-0.00160703,1.07142,-0.00624886,2.0696
6.068,-0.00186269,1.0645,-0.00592957,2.06704,-0.0015705,1.07142,-0.00624886,2.06951
6.07,-0.00186269,1.06447,-0.00588396,2.06704,-0.00164355,1.07145,-0.00629447,2.06951
6.072,-0.00186269,1.06447,-0.00588396,2.06704,-0.00160703,1.07145,-0.00629447,2.0696
6.074,-0.00186269,1.06447,-0.00588396,2.06704,-0.00160703,1.07145,-0.00629447,2.0696
6.076,-0.00186269,1.06447,-0.00588396,2.06695,-0.00160703,1.07142,-0.00634008,2.06951
6.078,-0.00186269,1.0645,-0.00592957,2.06695,-0.00160703,1.07142,-0.00624886,2.0696
6.08,-0.00186269,1.0645,-0.00592957,2.06704,-0.00160703,1.07142,-0.00624886,2.06951
6.082,-0.00186269,1.0645,-0.00592957,2.06704,-0.00160703,1.07145,-0.00629447,2.06951
6.084,-0.00186269,1.06447,-0.00588396,2.06704,-0.00160703,1.07145,-0.00629447,2.0696
6.086,-0.00186269,1.06447,-0.00588396,2.06704,-0.00160703,1.07145,-0.00629447,2.0696
6.088,-0.00186269,1.06447,-0.00588396,2.06704,-0.00160703,1.07145,-0.00629447,2.06951
6.09,-0.00186269,1.0645,-0.00592957,2.06704,-0.0015705,1.07145,-0.00629447,2.06951
6.092,-0.00186269,1.06447,-0.00588396,2.06695,-0.00160703,1.07145,-0.00629447,2.0696
6.094,-0.00186269,1.0645,-0.00592957,2.06695,-0.00160703,1.07145,-0.00629447,2.06951
6.096,-0.00189921,1.0645,-0.00592957,2.06695,-0.00160703,1.07142,-0.00624886,2.06951
6.098,-0.00189921,1.06447,-0.00588396,2.06704,-0.0015705,1.07142,-0.00634008,2.06951
6.1,-0.00186269,1.06447,-0.00588396,2.06704,-0.00160703,1.07148,-0.00624886,2.06951
6.102,-0.00186269,1.06447,-0.00588396,2.06704,-0.00160703,1.07145,-0.00629447,2.0696
6.104,-0.00186269,1.0645,-0.00592957,2.06704,-0.0015705,1.07145,-0.00629447,2.0696
6.106,-0.00186269,1.06447,-0.00588396,2.06695,-0.00164355,1.07142,-0.00634008,2.0696
6.108,-0.00186269,1.06447,-0.00588396,2.06695,-0.00160703,1.07142,-0.00634008,2.0696
6.11,-0.00186269,1.0645,-0.00592957,2.06695,-0.00160703,1.07145,-0.00629447,2.0696
6.112,-0.00186269,1.0645,-0.00592957,2.06704,-0.00160703,1.07145,-0.00629447,2.06951
6.114,-0.00189921,1.06447,-0.00588396,2.06704,-0.00160703,1.07145,-0.00620325,2.0696
6.116,-0.00186269,1.06447,-0.00588396,2.06704,-0.00160703,1.07142,-0.00624886,2.06951
6.118,-0.00186269,1.0645,-0.00592957,2.06704,-0.00160703,1.07142,-0.00634008,2.06951
6.12,-0.00186269,1.06447,-0.00588396,2.06704,-0.0015705,1.07145,-0.00629447,2.0696
6.122,-0.00186269,1.06447,-0.00588396,2.06704,-0.00160703,1.0714,-0.00629447,2.0696
6.124,-0.00186269,1.06447,-0.00588396,2.06695,-0.0015705,1.07142,-0.00624886,2.06951
6.126,-0.00186269,1.06445,-0.00592957,2.06704,-0.0015705,1.07142,-0.00634008,2.06951
6.128,-0.00186269,1.06447,-0.00588396,2.06704,-0.00164355,1.07142,-0.00624886,2.06951
6.13,-0.00186269,1.0645,-0.00592957,2.06704,-0.00160703,1.07142,-0.00624886,2.0696
6.132,-0.00186269,1.06447,-0.00588396,2.06704,-0.00160703,1.07142,-0.00634008,2.0696
6.134,-0.00186269,1.06447,-0.00588396,2.06704,-0.00160703,1.07145,-0.00629447,2.0696
6.136,-0.00186269,1.0645,-0.00592957,2.06704,-0.0015705,1.07142,-0.00634008,2.06951
6.138,-0.00186269,1.06447,-0.00588396,2.06695,-0.00164355,1.07145,-0.00629447,2.0696
6.14,-0.00186269,1.0645,-0.00592957,2.06695,-0.00160703,1.07142,-0.00624886,2.06951
6.142,-0.00186269,1.0645,-0.00592957,2.06695,-0.00160703,1.07145,-0.00629447,2.06951
6.144,-0.00189921,1.0645,-0.00592957,2.06695,-0.00160703,1.07142,-0.00634008,2.06951
6.146,-0.00186269,1.0645,-0.00592957,2.06695,-0.00160703,1.07145,-0.00629447,2.06951
6.148,-0.00189921,1.06447,-0.00588396,2.06704,-0.0015705,1.07145,-0.00629447,2.06951
6.15,-0.00186269,1.06447,-0.00588396,2.06704,-0.00164355,1.07145,-0.00629447,2.0696
6.152,-0.00186269,1.06447,-0.00588396,2.06704,-0.00160703,1.07142,-0.00634008,2.06951
6.154,-0.00186269,1.0645,-0.00592957,2.06695,-0.00164355,1.07145,-0.00629447,2.06951
6.156,-0.00186269,1.0645,-0.00592957,2.06704,-0.00160703,1.07145,-0.00629447,2.0696
6.158,-0.00186269,1.06447,-0.00588396,2.06695,-0.0015705,1.07142,-0.00624886,2.06951
6.16,-0.00186269,1.06447,-0.00588396,2.06704,-0.00160703,1.07145,-0.00629447,2.0696
6.162,-0.00189921,1.06447,-0.00588396,2.06695,-0.00160703,1.07145,-0.00629447,2.06951
6.164,-0.00189921,1.06447,-0.00588396,2.06704,-0.00160703,1.07145,-0.00629447,2.0696
6.166,-0.00186269,1.06447,-0.00588396,2.06704,-0.00164355,1.07142,-0.00634008,2.06951
6.168,-0.00186269,1.06447,-0.00588396,2.06704,-0.00160703,1.0714,-0.00629447,2.0696
6.17,-0.00189921,1.06447,-0.00588396,2.06704,-0.00164355,1.07145,-0.00629447,2.0696
6.172,-0.00186269,1.06447,-0.00588396,2.06704,-0.0015705,1.07142,-0.00624886,2.06951
6.174,-0.00186269,1.06447,-0.00588396,2.06704,-0.00160703,1.07145,-0.00629447,2.06951
6.176,-0.00186269,1.06447,-0.00588396,2.06695,-0.00160703,1.07145,-0.00620325,2.06951
6.178,-0.00186269,1.06447,-0.00588396,2.06704,-0.00164355,1.07145,-0.00629447,2.0696
6.18,-0.00186269,1.0645,-0.00592957,2.06704,-0.00160703,1.07145,-0.00629447,2.0696
6.182,-0.00186269,1.0645,-0.00592957,2.06704,-0.00160703,1.07148,-0.00624886,2.06951
6.184,-0.00189921,1.06447,-0.00588396,2.06704,-0.00160703,1.07142,-0.00634008,2.0696
6.186,-0.00186269,1.06447,-0.00588396,2.06704,-0.0015705,1.07145,-0.00629447,2.0696
6.188,-0.00186269,1.06447,-0.00588396,2.06704,-0.0015705,1.07145,-0.00629447,2.06951
6.19,-0.00186269,1.0645,-0.00592957,2.06704,-0.00160703,1.07142,-0.00624886,2.06951
6.192,-0.00186269,1.06447,-0.00588396,2.06704,-0.00160703,1.07145,-0.00629447,2.06951
6.194,-0.00186269,1.0645,-0.00592957,2.06704,-0.00164355,1.07142,-0.00634008,2.0696
6.196,-0.00186269,1.06447,-0.00588396,2.06704,-0.00164355,1.07142,-0.00634008,2.06951
6.198,-0.00186269,1.0645,-0.00592957,2.06704,-0.00160703,1.07148,-0.00624886,2.0696
6.2,-0.00186269,1.0645,-0.00592957,2.06704,-0.00160703,1.07145,-0.00629447,2.0696
6.202,-0.00186269,1.0645,-0.00592957,2.06704,-0.0015705,1.07145,-0.00620325,2.0696
6.204,-0.00186269,1.06447,-0.00597519,2.06704,-0.00160703,1.07145,-0.00629447,2.0696
6.206,-0.00186269,1.06447,-0.00588396,2.06704,-0.00160703,1.07142,-0.00634008,2.06951
6.208,-0.00186269,1.06447,-0.00588396,2.06704,-0.00160703,1.07145,-0.00629447,2.06951
6.21,-0.00186269,1.06447,-0.00588396,2.06704,-0.0015705,1.07142,-0.00634008,2.0696
6.212,-0.00186269,1.06447,-0.00588396,2.06704,-0.00164355,1.07142,-0.00634008,2.0696
6.214,-0.00186269,1.0645,-0.00592957,2.06704,-0.00160703,1.07142,-0.00624886,2.0696
6.216,-0.00186269,1.06445,-0.00592957,2.06704,-0.00160703,1.07142,-0.00624886,2.06951
6.218,-0.00186269,1.0645,-0.00592957,2.06704,-0.00160703,1.07142,-0.00624886,2.06951
6.22,-0.00186269,1.06447,-0.00588396,2.06704,-0.00160703,1.07145,-0.00629447,2.06951
6.222,-0.00186269,1.06447,-0.00588396,2.06704,-0.00160703,1.07145,-0.00629447,2.06951
6.224,-0.00186269,1.0645,-0.00592957,2.06704,-0.00164355,1.07145,-0.00629447,2.0696
6.226,-0.00186269,1.06447,-0.00588396,2.06704,-0.00160703,1.07145,-0.00629447,2.0696
6.228,-0.00186269,1.0645,-0.00592957,2.06704,-0.0015705,1.07142,-0.00634008,2.0696
6.23,-0.00189921,1.0645,-0.00592957,2.06704,-0.00160703,1.07142,-0.00624886,2.0696
6.232,-0.00186269,1.0645,-0.00592957,2.06704,-0.00160703,1.07142,-0.00624886,2.06951
6.234,-0.00186269,1.0645,-0.00592957,2.06704,-0.00160703,1.07142,-0.00624886,2.0696
6.236,-0.00186269,1.0645,-0.00592957,2.06704,-0.00160703,1.07145,-0.00629447,2.0696
6.238,-0.00186269,1.06447,-0.00588396,2.06704,-0.00160703,1.07145,-0.00629447,2.0696
6.24,-0.00186269,1.06447,-0.00588396,2.06704,-0.00160703,1.07145,-0.00629447,2.0696
6.242,-0.00186269,1.06447,-0.00588396,2.06704,-0.00164355,1.07142,-0.00634008,2.06951
6.244,-0.00186269,1.0645,-0.00592957,2.06704,-0.00160703,1.0714,-0.00629447,2.06951
6.246,-0.00186269,1.0645,-0.00592957,2.06704,-0.00160703,1.07142,-0.00624886,2.0696
6.248,-0.00186269,1.0645,-0.00592957,2.06695,-0.0015705,1.07145,-0.00629447,2.0696
6.25,-0.00186269,1.06447,-0.00588396,2.06704,-0.00160703,1.07145,-0.00629447,2.0696
6.252,-0.00186269,1.06447,-0.00588396,2.06695,-0.00160703,1.07145,-0.00629447,2.0696
6.254,-0.00186269,1.0645,-0.00592957,2.06704,-0.00160703,1.07145,-0.00629447,2.0696
6.256,-0.00186269,1.0645,-0.00592957,2.06712,-0.00164355,1.07145,-0.00629447,2.06951
6.258,-0.00186269,1.06447,-0.00588396,2.06712,-0.00160703,1.07145,-0.00629447,2.0696
6.26,-0.00186269,1.0645,-0.00592957,2.06704,-0.00164355,1.07145,-0.00629447,2.06951
6.262,-0.00186269,1.06447,-0.00597519,2.06695,-0.00160703,1.07145,-0.00629447,2.0696
6.264,-0.00186269,1.06447,-0.00588396,2.06695,-0.0015705,1.07142,-0.00624886,2.06951
6.266,-0.00186269,1.06447,-0.00588396,2.06695,-0.0015705,1.07142,-0.00624886,2.0696
6.268,-0.00186269,1.0645,-0.00592957,2.06704,-0.00160703,1.07142,-0.00624886,2.0696
6.27,-0.00186269,1.06447,-0.00588396,2.06704,-0.0015705,1.07145,-0.00629447,2.06951
6.272,-0.00186269,1.0645,-0.00592957,2.06704,-0.00160703,1.07142,-0.00624886,2.0696
6.274,-0.00186269,1.06447,-0.00588396,2.06704,-0.00160703,1.07142,-0.00634008,2.06951
6.276,-0.00189921,1.06447,-0.00588396,2.06695,-0.0015705,1.07145,-0.00629447,2.0696
6.278,-0.00186269,1.0645,-0.00592957,2.06704,-0.00160703,1.07145,-0.00629447,2.06951
6.28,-0.00186269,1.06447,-0.00588396,2.06695,-0.00160703,1.07142,-0.00624886,2.0696
6.282,-0.00186269,1.0645,-0.00592957,2.06695,-0.00164355,1.07145,-0.00629447,2.0696
6.284,-0.00186269,1.06447,-0.00588396,2.06704,-0.00160703,1.07142,-0.00624886,2.06951
6.286,-0.00186269,1.06447,-0.00588396,2.06704,-0.00164355,1.07145,-0.00629447,2.0696
6.288,-0.00186269,1.06447,-0.00588396,2.06704,-0.00160703,1.07142,-0.00634008,2.0696
6.29,-0.00186269,1.06447,-0.00588396,2.06704,-0.0015705,1.07142,-0.00624886,2.06951
6.292,-0.00189921,1.06447,-0.00588396,2.06704,-0.00160703,1.07142,-0.00634008,2.06951
6.294,-0.00186269,1.06447,-0.00588396,2.06704,-0.0015705,1.07142,-0.00634008,2.06951
6.296,-0.00186269,1.0645,-0.00592957,2.06704,-0.0015705,1.0714,-0.00629447,2.06951
6.298,-0.00186269,1.06447,-0.00588396,2.06695,-0.00164355,1.0714,-0.00629447,2.0696
6.3,-0.00186269,1.06447,-0.00588396,2.06704,-0.00160703,1.07142,-0.00624886,2.06951
6.302,-0.00186269,1.06447,-0.00588396,2.06704,-0.0015705,1.0714,-0.00629447,2.0696
6.304,-0.00186269,1.06447,-0.00588396,2.06704,-0.00168007,1.07142,-0.00634008,2.06951
6.306,-0.00186269,1.0645,-0.00592957,2.06704,-0.00160703,1.0714,-0.00629447,2.0696
6.308,-0.00189921,1.0645,-0.00592957,2.06704,-0.0015705,1.07142,-0.00624886,2.06951
6.31,-0.00186269,1.06447,-0.00588396,2.06704,-0.0015705,1.07145,-0.00620325,2.06951
6.312,-0.00186269,1.06447,-0.00588396,2.06704,-0.00164355,1.07145,-0.00629447,2.06951
6.314,-0.00186269,1.06447,-0.00588396,2.06704,-0.00164355,1.07148,-0.00624886,2.0696
6.316,-0.00186269,1.0645,-0.00592957,2.06704,-0.00164355,1.07145,-0.00629447,2.06951
6.318,-0.00186269,1.06447,-0.00588396,2.06695,-0.00160703,1.07145,-0.00629447,2.0696
6.32,-0.00186269,1.06447,-0.00588396,2.06704,-0.0015705,1.07142,-0.00634008,2.0696
6.322,-0.00186269,1.0645,-0.00592957,2.06704,-0.0015705,1.0714,-0.00629447,2.06951
6.324,-0.00186269,1.0645,-0.00592957,2.06704,-0.00160703,1.07142,-0.00634008,2.06951
6.326,-0.00186269,1.06447,-0.00588396,2.06704,-0.0015705,1.07142,-0.00624886,2.06951
6.328,-0.00186269,1.06447,-0.00597519,2.06704,-0.0015705,1.07145,-0.00620325,2.06951
6.33,-0.00186269,1.06447,-0.00588396,2.06695,-0.00160703,1.07142,-0.00624886,2.0696
6.332,-0.00186269,1.06447,-0.00588396,2.06695,-0.00160703,1.07145,-0.00629447,2.06951
6.334,-0.00186269,1.06447,-0.00588396,2.06704,-0.00160703,1.07145,-0.00629447,2.06951
6.336,-0.00186269,1.06447,-0.00588396,2.06704,-0.00160703,1.0714,-0.00629447,2.06951
6.338,-0.00186269,1.0645,-0.00592957,2.06704,-0.00160703,1.07148,-0.00624886,2.06951
6.34,-0.00186269,1.0645,-0.00592957,2.06704,-0.00160703,1.07145,-0.00629447,2.06951
6.342,-0.00186269,1.06447,-0.00588396,2.06704,-0.00160703,1.07145,-0.00629447,2.06951
6.344,-0.00186269,1.0645,-0.00592957,2.06704,-0.00160703,1.07145,-0.00629447,2.06951
6.346,-0.00186269,1.06447,-0.00588396,2.06695,-0.0015705,1.07145,-0.00629447,2.06951
6.348,-0.00186269,1.06445,-0.00592957,2.06704,-0.00160703,1.07145,-0.00629447,2.0696
6.35,-0.00186269,1.0645,-0.00592957,2.06695,-0.0015705,1.07145,-0.00629447,2.06951
6.352,-0.00186269,1.0645,-0.00592957,2.06704,-0.00164355,1.07142,-0.00624886,2.06951
6.354,-0.00186269,1.0645,-0.00592957,2.06704,-0.00153398,1.0714,-0.00629447,2.06951
6.356,-0.00186269,1.0645,-0.00592957,2.06695,-0.00160703,1.07142,-0.00624886,2.06951
6.358,-0.00186269,1.06447,-0.00588396,2.06704,-0.00160703,1.0714,-0.00629447,2.06951
6.36,-0.00186269,1.0645,-0.00592957,2.06704,-0.00164355,1.0714,-0.00629447,2.06951
6.362,-0.00186269,1.06447,-0.00588396,2.06704,-0.0015705,1.07145,-0.00629447,2.06951
6.364,-0.00189921,1.0645,-0.00592957,2.06695,-0.0015705,1.07145,-0.00629447,2.0696
6.366,-0.00186269,1.06447,-0.00588396,2.06695,-0.00160703,1.07142,-0.00624886,2.06951
6.368,-0.00186269,1.0645,-0.00592957,2.06695,-0.00164355,1.07142,-0.00634008,2.06951
6.37,-0.00186269,1.0645,-0.00592957,2.06704,-0.00160703,1.07145,-0.00629447,2.06951
6.372,-0.00186269,1.0645,-0.00592957,2.06704,-0.00160703,1.07142,-0.00634008,2.06951
6.374,-0.00189921,1.06447,-0.00588396,2.06704,-0.00164355,1.07145,-0.00629447,2.06951
6.376,-0.00189921,1.06447,-0.00588396,2.06704,-0.00160703,1.07145,-0.00620325,2.06951
6.378,-0.00186269,1.0645,-0.00592957,2.06704,-0.00164355,1.07145,-0.00629447,2.06951
6.38,-0.00189921,1.0645,-0.00592957,2.06704,-0.00164355,1.07142,-0.00624886,2.0696
6.382,-0.00186269,1.06447,-0.00588396,2.06695,-0.00160703,1.07145,-0.00629447,2.0696
6.384,-0.00186269,1.06447,-0.00588396,2.06704,-0.00160703,1.07142,-0.00634008,2.06951
6.386,-0.00186269,1.06447,-0.00588396,2.06704,-0.00160703,1.07142,-0.00634008,2.06951
6.388,-0.00186269,1.0645,-0.00592957,2.06704,-0.00160703,1.07145,-0.00629447,2.06951
6.39,-0.00186269,1.0645,-0.00592957,2.06704,-0.00160703,1.07142,-0.00624886,2.06951
6.392,-0.00186269,1.0645,-0.00592957,2.06704,-0.00160703,1.07145,-0.00629447,2.06951
6.394,-0.00186269,1.06447,-0.00588396,2.06704,-0.00160703,1.07145,-0.00629447,2.0696
6.396,-0.00186269,1.06447,-0.00588396,2.06704,-0.00160703,1.07145,-0.00629447,2.0696
6.398,-0.00186269,1.06447,-0.00588396,2.06704,-0.0015705,1.07145,-0.00629447,2.0696
6.4,-0.00186269,1.06447,-0.00588396,2.06704,-0.00160703,1.07145,-0.00629447,2.06951
6.402,-0.00186269,1.0645,-0.00592957,2.06704,-0.00160703,1.07142,-0.00624886,2.06951
6.404,-0.00186269,1.0645,-0.00592957,2.06704,-0.00160703,1.0714,-0.00629447,2.06951
6.406,-0.00186269,1.0645,-0.00592957,2.06704,-0.0015705,1.07145,-0.00629447,2.0696
6.408,-0.00186269,1.06447,-0.00588396,2.06704,-0.0015705,1.07148,-0.00624886,2.0696
6.41,-0.00189921,1.06447,-0.00588396,2.06704,-0.0015705,1.07145,-0.00629447,2.0696
6.412,-0.00189921,1.06445,-0.00592957,2.06695,-0.00160703,1.07145,-0.00629447,2.06951
6.414,-0.00186269,1.0645,-0.00592957,2.06704,-0.00160703,1.07145,-0.00629447,2.06951
6.416,-0.00186269,1.0645,-0.00592957,2.06704,-0.00160703,1.0714,-0.00629447,2.06951
6.418,-0.00186269,1.0645,-0.00592957,2.06704,-0.00160703,1.07142,-0.00624886,2.0696
6.42,-0.00186269,1.0645,-0.00592957,2.06704,-0.00164355,1.07145,-0.00629447,2.0696
6.422,-0.00186269,1.06447,-0.00588396,2.06704,-0.0015705,1.07142,-0.00624886,2.0696
6.424,-0.00186269,1.06447,-0.00588396,2.06704,-0.0015705,1.07145,-0.00629447,2.06951
6.426,-0.00189921,1.0645,-0.00592957,2.06704,-0.00160703,1.07145,-0.00629447,2.0696
6.428,-0.00189921,1.0645,-0.00592957,2.06704,-0.00160703,1.07142,-0.00624886,2.0696
6.43,-0.00189921,1.0645,-0.00592957,2.06704,-0.00160703,1.07145,-0.00629447,2.06951
6.432,-0.00186269,1.0645,-0.00592957,2.06695,-0.0015705,1.07142,-0.00624886,2.06951
6.434,-0.00186269,1.06447,-0.00588396,2.06704,-0.00160703,1.07142,-0.00624886,2.06951
6.436,-0.00186269,1.06447,-0.00588396,2.06695,-0.00160703,1.07142,-0.00624886,2.0696
6.438,-0.00186269,1.0645,-0.00592957,2.06704,-0.00160703,1.07145,-0.00629447,2.0696
6.44,-0.00186269,1.0645,-0.00592957,2.06704,-0.00160703,1.07145,-0.00629447,2.06951
6.442,-0.00189921,1.0645,-0.00592957,2.06704,-0.00160703,1.07145,-0.00629447,2.06951
6.444,-0.00189921,1.0645,-0.00592957,2.06704,-0.0015705,1.07145,-0.00629447,2.06951
6.446,-0.00186269,1.06447,-0.00588396,2.06704,-0.0015705,1.07145,-0.00629447,2.06951
6.448,-0.00186269,1.06447,-0.00588396,2.06704,-0.00160703,1.07145,-0.00629447,2.06951
6.45,-0.00186269,1.06447,-0.00588396,2.06704,-0.00160703,1.07142,-0.00624886,2.0696
6.452,-0.00186269,1.0645,-0.00592957,2.06704,-0.00160703,1.07145,-0.00629447,2.06951
6.454,-0.00189921,1.0645,-0.00592957,2.06704,-0.0015705,1.0714,-0.00629447,2.06951
6.456,-0.00186269,1.0645,-0.00592957,2.06704,-0.00160703,1.07142,-0.00624886,2.06951
6.458,-0.00186269,1.06447,-0.00588396,2.06704,-0.0015705,1.07145,-0.00629447,2.06951
6.46,-0.00186269,1.06447,-0.00588396,2.06704,-0.00160703,1.07145,-0.00629447,2.06951
6.462,-0.00189921,1.06447,-0.00588396,2.06704,-0.00160703,1.07142,-0.00624886,2.06951
6.464,-0.00186269,1.06447,-0.00588396,2.06695,-0.00160703,1.07145,-0.00629447,2.0696
6.466,-0.00186269,1.06453,-0.00588396,2.06695,-0.00160703,1.07142,-0.00624886,2.0696
6.468,-0.00186269,1.0645,-0.00592957,2.06695,-0.0015705,1.07145,-0.00629447,2.0696
6.47,-0.00186269,1.0645,-0.00592957,2.06704,-0.00160703,1.07142,-0.00624886,2.06951
6.472,-0.00186269,1.06447,-0.00588396,2.06704,-0.00160703,1.07145,-0.00629447,2.0696
6.474,-0.00189921,1.0645,-0.00592957,2.06704,-0.00164355,1.07142,-0.00624886,2.06951
6.476,-0.00186269,1.0645,-0.00592957,2.06704,-0.00160703,1.07142,-0.00634008,2.06951
6.478,-0.00189921,1.06447,-0.00588396,2.06704,-0.00160703,1.07142,-0.00624886,2.0696
6.48,-0.00186269,1.0645,-0.00592957,2.06704,-0.00160703,1.07145,-0.00629447,2.06951
6.482,-0.00186269,1.0645,-0.00592957,2.06695,-0.0015705,1.07145,-0.00629447,2.0696
6.484,-0.00189921,1.0645,-0.00592957,2.06704,-0.00160703,1.07142,-0.00624886,2.0696
6.486,-0.00189921,1.06447,-0.00588396,2.06704,-0.00160703,1.07142,-0.00624886,2.0696
6.488,-0.00189921,1.06447,-0.00588396,2.06704,-0.0015705,1.07148,-0.00624886,2.06951
6.49,-0.00186269,1.0645,-0.00592957,2.06704,-0.00160703,1.07145,-0.00629447,2.06951
6.492,-0.00186269,1.0645,-0.00592957,2.06704,-0.00160703,1.07145,-0.00629447,2.06951
6.494,-0.00186269,1.06447,-0.00588396,2.06704,-0.00160703,1.07142,-0.00634008,2.0696
6.496,-0.00186269,1.06447,-0.00588396,2.06695,-0.00164355,1.07142,-0.00634008,2.06951
6.498,-0.00186269,1.06447,-0.00588396,2.06704,-0.00164355,1.07145,-0.00629447,2.0696
6.5,-0.00189921,1.0645,-0.00592957,2.06695,-0.0015705,1.07142,-0.00624886,2.06951
6.502,-0.00186269,1.0645,-0.00592957,2.06704,-0.00160703,1.07142,-0.00624886,2.06951
6.504,-0.00186269,1.06447,-0.00588396,2.06695,-0.0015705,1.07142,-0.00634008,2.0696
6.506,-0.00186269,1.06447,-0.00588396,2.06704,-0.00160703,1.07145,-0.00629447,2.06951
6.508,-0.00186269,1.06447,-0.00588396,2.06704,-0.00160703,1.07145,-0.00629447,2.06951
6.51,-0.00189921,1.06447,-0.00588396,2.06704,-0.00160703,1.07142,-0.00634008,2.06951
6.512,-0.00186269,1.0645,-0.00592957,2.06704,-0.00160703,1.07145,-0.00629447,2.06951
6.514,-0.00189921,1.0645,-0.00592957,2.06695,-0.00160703,1.07145,-0.00629447,2.06951
6.516,-0.00186269,1.0645,-0.00592957,2.06695,-0.00160703,1.07145,-0.00620325,2.06951
6.518,-0.00189921,1.06447,-0.00588396,2.06704,-0.0015705,1.07142,-0.00624886,2.06951
6.52,-0.00186269,1.06447,-0.00588396,2.06695,-0.00160703,1.07145,-0.00629447,2.06951
6.522,-0.00186269,1.0645,-0.00592957,2.06704,-0.00160703,1.0714,-0.00629447,2.0696
6.524,-0.00186269,1.06447,-0.00588396,2.06704,-0.00160703,1.07142,-0.00634008,2.06951
6.526,-0.00186269,1.0645,-0.00592957,2.06704,-0.00164355,1.0714,-0.00629447,2.06951
6.528,-0.00186269,1.0645,-0.00592957,2.06704,-0.00160703,1.07142,-0.00624886,2.06951
6.53,-0.00186269,1.06447,-0.00588396,2.06695,-0.0015705,1.07142,-0.00634008,2.0696
6.532,-0.00186269,1.06447,-0.00588396,2.06704,-0.00164355,1.07145,-0.00629447,2.0696
6.534,-0.00189921,1.06447,-0.00588396,2.06695,-0.00160703,1.07142,-0.00624886,2.0696
6.536,-0.00189921,1.0645,-0.00592957,2.06704,-0.00164355,1.07145,-0.00629447,2.06951
6.538,-0.00186269,1.0645,-0.00592957,2.06704,-0.00164355,1.07145,-0.00629447,2.06951
6.54,-0.00186269,1.0645,-0.00592957,2.06704,-0.00160703,1.07145,-0.00629447,2.06951
6.542,-0.00186269,1.06447,-0.00588396,2.06704,-0.00164355,1.07145,-0.00629447,2.06951
6.544,-0.00186269,1.06447,-0.00588396,2.06704,-0.00160703,1.07142,-0.00634008,2.0696
6.546,-0.00189921,1.06447,-0.00588396,2.06704,-0.0015705,1.07145,-0.00629447,2.0696
6.548,-0.00189921,1.0645,-0.00592957,2.06695,-0.00160703,1.07145,-0.00629447,2.0696
6.55,-0.00189921,1.0645,-0.00592957,2.06695,-0.00164355,1.07145,-0.00629447,2.06951
6.552,-0.00186269,1.06447,-0.00588396,2.06704,-0.00160703,1.07148,-0.00624886,2.06951
6.554,-0.00186269,1.06447,-0.00588396,2.06695,-0.00160703,1.07142,-0.00634008,2.06951
6.556,-0.00186269,1.0645,-0.00592957,2.06704,-0.00160703,1.07145,-0.00629447,2.0696
6.558,-0.00186269,1.0645,-0.00592957,2.06704,-0.00164355,1.07142,-0.00634008,2.06951
6.56,-0.00186269,1.0645,-0.00592957,2.06704,-0.00160703,1.07145,-0.00629447,2.06951
6.562,-0.00186269,1.06447,-0.00588396,2.06704,-0.00153398,1.07142,-0.00624886,2.0696
6.564,-0.00189921,1.0645,-0.00592957,2.06704,-0.00160703,1.07145,-0.00629447,2.0696
6.566,-0.00189921,1.06447,-0.00588396,2.06695,-0.00160703,1.07142,-0.00624886,2.06951
6.568,-0.00189921,1.0645,-0.00592957,2.06695,-0.0015705,1.07145,-0.00629447,2.06951
6.57,-0.00186269,1.06447,-0.00588396,2.06695,-0.00160703,1.07145,-0.00629447,2.06951
6.572,-0.00189921,1.0645,-0.00592957,2.06695,-0.0015705,1.07145,-0.00629447,2.0696
6.574,-0.00186269,1.0645,-0.00592957,2.06704,-0.00160703,1.07142,-0.00624886,2.0696
6.576,-0.00186269,1.0645,-0.00592957,2.06704,-0.0015705,1.07145,-0.00629447,2.0696
6.578,-0.00186269,1.0645,-0.00592957,2.06704,-0.00160703,1.07145,-0.00629447,2.0696
6.58,-0.00189921,1.0645,-0.00592957,2.06704,-0.00160703,1.07145,-0.00629447,2.06951
6.582,-0.00189921,1.06447,-0.00588396,2.06695,-0.00160703,1.07145,-0.00629447,2.0696
6.584,-0.00186269,1.06447,-0.00588396,2.06704,-0.00160703,1.07145,-0.00629447,2.0696
6.586,-0.00186269,1.0645,-0.00592957,2.06704,-0.0015705,1.07142,-0.00624886,2.0696
6.588,-0.00186269,1.0645,-0.00592957,2.06704,-0.0015705,1.07145,-0.00629447,2.0696
6.59,-0.00186269,1.0645,-0.00592957,2.06704,-0.00160703,1.0714,-0.00629447,2.06951
6.592,-0.00186269,1.06447,-0.00588396,2.06704,-0.0015705,1.07145,-0.00629447,2.0696
6.594,-0.00186269,1.06447,-0.00588396,2.06712,-0.00164355,1.07145,-0.00629447,2.0696
6.596,-0.00186269,1.0645,-0.00592957,2.06704,-0.00160703,1.07142,-0.00634008,2.06951
6.598,-0.00186269,1.0645,-0.00592957,2.06704,-0.00160703,1.07142,-0.00624886,2.06951
6.6,-0.00186269,1.0645,-0.00592957,2.06704,-0.0015705,1.07145,-0.00629447,2.06951
6.602,-0.00186269,1.06447,-0.00588396,2.06704,-0.00160703,1.07142,-0.00624886,2.06951
6.604,-0.00186269,1.06447,-0.00597519,2.06695,-0.00160703,1.07145,-0.00629447,2.06951
6.606,-0.00186269,1.0645,-0.00592957,2.06704,-0.00160703,1.07142,-0.00624886,2.06951
6.608,-0.00186269,1.06447,-0.00588396,2.06704,-0.00160703,1.0714,-0.00629447,2.06951
6.61,-0.00186269,1.06447,-0.00588396,2.06704,-0.00160703,1.07145,-0.00629447,2.06951
6.612,-0.00186269,1.0645,-0.00592957,2.06704,-0.00160703,1.07145,-0.00629447,2.06951
6.614,-0.00186269,1.0645,-0.00592957,2.06704,-0.00160703,1.07142,-0.00624886,2.06951
6.616,-0.00189921,1.0645,-0.00592957,2.06704,-0.0015705,1.07145,-0.00629447,2.06951
6.618,-0.00186269,1.0645,-0.00592957,2.06695,-0.00160703,1.07145,-0.00629447,2.06951
6.62,-0.00186269,1.0645,-0.00592957,2.06695,-0.0015705,1.07145,-0.00629447,2.0696
6.622,-0.00186269,1.0645,-0.00592957,2.06704,-0.00160703,1.07145,-0.00629447,2.06951
6.624,-0.00186269,1.06447,-0.00588396,2.06704,-0.00160703,1.07145,-0.00629447,2.06951
6.626,-0.00186269,1.0645,-0.00592957,2.06704,-0.00160703,1.07142,-0.00624886,2.06951
6.628,-0.00186269,1.06447,-0.00588396,2.06704,-0.00160703,1.07145,-0.00629447,2.0696
6.63,-0.00186269,1.0645,-0.00592957,2.06704,-0.0015705,1.07142,-0.00624886,2.0696
6.632,-0.00189921,1.0645,-0.00592957,2.06695,-0.0015705,1.07142,-0.00624886,2.06951
6.634,-0.00189921,1.0645,-0.00592957,2.06695,-0.0015705,1.07142,-0.00634008,2.06951
6.636,-0.00189921,1.0645,-0.00592957,2.06695,-0.00160703,1.07145,-0.00629447,2.0696
6.638,-0.00186269,1.06447,-0.00588396,2.06704,-0.0015705,1.07142,-0.00624886,2.0696
6.64,-0.00186269,1.06447,-0.00588396,2.06704,-0.00164355,1.07145,-0.00629447,2.06951
6.642,-0.00186269,1.0645,-0.00592957,2.06704,-0.00160703,1.07145,-0.00629447,2.06951
6.644,-0.00186269,1.0645,-0.00592957,2.06712,-0.00160703,1.07145,-0.00629447,2.0696
6.646,-0.00186269,1.06447,-0.00588396,2.06704,-0.00164355,1.07145,-0.00629447,2.06951
6.648,-0.00186269,1.06447,-0.00588396,2.06704,-0.0015705,1.07142,-0.00624886,2.0696
6.65,-0.00189921,1.0645,-0.00592957,2.06704,-0.00160703,1.07142,-0.00634008,2.0696
6.652,-0.00189921,1.0645,-0.00592957,2.06704,-0.0015705,1.07148,-0.00624886,2.06951
6.654,-0.00189921,1.0645,-0.00592957,2.06704,-0.00160703,1.07142,-0.00634008,2.0696
6.656,-0.00186269,1.06447,-0.00588396,2.06704,-0.00160703,1.07145,-0.00629447,2.06951
6.658,-0.00186269,1.0645,-0.00592957,2.06704,-0.00164355,1.07145,-0.00629447,2.0696
6.66,-0.00186269,1.06447,-0.00588396,2.06704,-0.00160703,1.07142,-0.00634008,2.06951
6.662,-0.00186269,1.0645,-0.00592957,2.06704,-0.0015705,1.07145,-0.00629447,2.06951
6.664,-0.00186269,1.06447,-0.00588396,2.06704,-0.00160703,1.07142,-0.00624886,2.0696
6.666,-0.00189921,1.06447,-0.00588396,2.06695,-0.00160703,1.07142,-0.00624886,2.0696
6.668,-0.00189921,1.06447,-0.00588396,2.06695,-0.00160703,1.07142,-0.00634008,2.0696
6.67,-0.00189921,1.0645,-0.00592957,2.06695,-0.00160703,1.07145,-0.00629447,2.06951
6.672,-0.00186269,1.06447,-0.00588396,2.06695,-0.00160703,1.07145,-0.00629447,2.0696
6.674,-0.00186269,1.0645,-0.00592957,2.06704,-0.0015705,1.0714,-0.00629447,2.06951
6.676,-0.00186269,1.06447,-0.00588396,2.06695,-0.00164355,1.07145,-0.00629447,2.06951
6.678,-0.00186269,1.06447,-0.00588396,2.06695,-0.0015705,1.07145,-0.00629447,2.06951
6.68,-0.00189921,1.06447,-0.00588396,2.06704,-0.00160703,1.07148,-0.00624886,2.0696
6.682,-0.00186269,1.0645,-0.00592957,2.06695,-0.00160703,1.07145,-0.00629447,2.06951
6.684,-0.00186269,1.06447,-0.00588396,2.06695,-0.0015705,1.0714,-0.00629447,2.06951
6.686,-0.00186269,1.06447,-0.00588396,2.06695,-0.00160703,1.07142,-0.00634008,2.06951
6.688,-0.00189921,1.06447,-0.00588396,2.06704,-0.00160703,1.0714,-0.00629447,2.06951
6.69,-0.00189921,1.0645,-0.00592957,2.06704,-0.0015705,1.07142,-0.00634008,2.06951
6.692,-0.00186269,1.0645,-0.00592957,2.06704,-0.00160703,1.07145,-0.00629447,2.06951
6.694,-0.00186269,1.06447,-0.00588396,2.06704,-0.00160703,1.07145,-0.00629447,2.06951
6.696,-0.00186269,1.06447,-0.00588396,2.06704,-0.00160703,1.07145,-0.00629447,2.06951
6.698,-0.00186269,1.06447,-0.00588396,2.06704,-0.00164355,1.07145,-0.00629447,2.06951
6.7,-0.00186269,1.06447,-0.00588396,2.06704,-0.00160703,1.07142,-0.00624886,2.06951
6.702,-0.00189921,1.06447,-0.00588396,2.06704,-0.00160703,1.07142,-0.00634008,2.06943
6.704,-0.00186269,1.0645,-0.00592957,2.06704,-0.0015705,1.07145,-0.00629447,2.0696
6.706,-0.00189921,1.06447,-0.00588396,2.06704,-0.00160703,1.07145,-0.00629447,2.06951
6.708,-0.00186269,1.06447,-0.00588396,2.06704,-0.0015705,1.07145,-0.00629447,2.06951
6.71,-0.00189921,1.0645,-0.00592957,2.06695,-0.00160703,1.07145,-0.00629447,2.0696
6.712,-0.00186269,1.0645,-0.00592957,2.06695,-0.00160703,1.07142,-0.00634008,2.06951
6.714,-0.00186269,1.06447,-0.00588396,2.06695,-0.00164355,1.07145,-0.00629447,2.06951
6.716,-0.00186269,1.0645,-0.00592957,2.06704,-0.00160703,1.07145,-0.00629447,2.06951
6.718,-0.00186269,1.06447,-0.00588396,2.06704,-0.0015705,1.0714,-0.00629447,2.06951
6.72,-0.00186269,1.06447,-0.00588396,2.06704,-0.00160703,1.07142,-0.00624886,2.0696
6.722,-0.00189921,1.0645,-0.00592957,2.06704,-0.00164355,1.07145,-0.00629447,2.0696
6.724,-0.00186269,1.0645,-0.00592957,2.06704,-0.00164355,1.07145,-0.00629447,2.06951
6.726,-0.00186269,1.06447,-0.00588396,2.06704,-0.00160703,1.07145,-0.00629447,2.0696
6.728,-0.00186269,1.06447,-0.00588396,2.06704,-0.00164355,1.07145,-0.00629447,2.0696
6.73,-0.00186269,1.0645,-0.00592957,2.06704,-0.00160703,1.07145,-0.00629447,2.0696
6.732,-0.00186269,1.0645,-0.00592957,2.06704,-0.0015705,1.07145,-0.00629447,2.06951
6.734,-0.00189921,1.0645,-0.00592957,2.06704,-0.0015705,1.07145,-0.00629447,2.0696
6.736,-0.00189921,1.0645,-0.00592957,2.06704,-0.00160703,1.0714,-0.00629447,2.06951
6.738,-0.00186269,1.0645,-0.00592957,2.06704,-0.00160703,1.07145,-0.00629447,2.06951
6.74,-0.00186269,1.06447,-0.00588396,2.06704,-0.0015705,1.07142,-0.00624886,2.0696
6.742,-0.00186269,1.06447,-0.00588396,2.06704,-0.00164355,1.07145,-0.00629447,2.0696
6.744,-0.00186269,1.0645,-0.00592957,2.06704,-0.00160703,1.07142,-0.00634008,2.06951
6.746,-0.00189921,1.06447,-0.00588396,2.06704,-0.0015705,1.07142,-0.00624886,2.0696
6.748,-0.00186269,1.0645,-0.00592957,2.06704,-0.00160703,1.07142,-0.00624886,2.06951
6.75,-0.00186269,1.0645,-0.00592957,2.06704,-0.00160703,1.07142,-0.00624886,2.06951
6.752,-0.00186269,1.0645,-0.00592957,2.06695,-0.00160703,1.07142,-0.00624886,2.0696
6.754,-0.00186269,1.06447,-0.00588396,2.06704,-0.00160703,1.07145,-0.00629447,2.06951
6.756,-0.00186269,1.06447,-0.00588396,2.06704,-0.00160703,1.07145,-0.00629447,2.0696
6.758,-0.00189921,1.06447,-0.00588396,2.06704,-0.0015705,1.07142,-0.00624886,2.06951
6.76,-0.00186269,1.06447,-0.00588396,2.06704,-0.00160703,1.07145,-0.00629447,2.06951
6.762,-0.00186269,1.0645,-0.00592957,2.06695,-0.00160703,1.0714,-0.00629447,2.06951
6.764,-0.00189921,1.06445,-0.00592957,2.06695,-0.00164355,1.07142,-0.00624886,2.0696
6.766,-0.00186269,1.06447,-0.00588396,2.06695,-0.00164355,1.0714,-0.00629447,2.06951
6.768,-0.00189921,1.06447,-0.00588396,2.06695,-0.00160703,1.07145,-0.00629447,2.06951
6.77,-0.00189921,1.06447,-0.00588396,2.06695,-0.00160703,1.0714,-0.00629447,2.0696
6.772,-0.00189921,1.0645,-0.00592957,2.06704,-0.00160703,1.07142,-0.00624886,2.06951
6.774,-0.00186269,1.0645,-0.00592957,2.06695,-0.0015705,1.07145,-0.00629447,2.06951
6.776,-0.00189921,1.06447,-0.00588396,2.06704,-0.0015705,1.07145,-0.00629447,2.0696
6.778,-0.00186269,1.06447,-0.00588396,2.06704,-0.00164355,1.07145,-0.00629447,2.06951
6.78,-0.00186269,1.06447,-0.00588396,2.06695,-0.00160703,1.07142,-0.00624886,2.0696
6.782,-0.00186269,1.06447,-0.00588396,2.06695,-0.00160703,1.07142,-0.00624886,2.0696
6.784,-0.00186269,1.0645,-0.00592957,2.06695,-0.00160703,1.07142,-0.00624886,2.0696
6.786,-0.00186269,1.0645,-0.00592957,2.06704,-0.00164355,1.07142,-0.00634008,2.06951
6.788,-0.00189921,1.0645,-0.00592957,2.06704,-0.0015705,1.07142,-0.00624886,2.06951
6.79,-0.00189921,1.06447,-0.00588396,2.06704,-0.00160703,1.07148,-0.00624886,2.06951
6.792,-0.00189921,1.06447,-0.00588396,2.06704,-0.00160703,1.07145,-0.00629447,2.0696
6.794,-0.00189921,1.0645,-0.00592957,2.06695,-0.0015705,1.07145,-0.00629447,2.06951
6.796,-0.00186269,1.06447,-0.00588396,2.06695,-0.00160703,1.07142,-0.00634008,2.0696
6.798,-0.00186269,1.06447,-0.00588396,2.06695,-0.00160703,1.07145,-0.00629447,2.06951
6.8,-0.00186269,1.0645,-0.00592957,2.06704,-0.00160703,1.0714,-0.00629447,2.06951
6.802,-0.00186269,1.0645,-0.00592957,2.06695,-0.00160703,1.07145,-0.00629447,2.06951
6.804,-0.00189921,1.0645,-0.00592957,2.06704,-0.00164355,1.07145,-0.00629447,2.06951
6.806,-0.00189921,1.06447,-0.00588396,2.06704,-0.0015705,1.07145,-0.00629447,2.06951
6.808,-0.00189921,1.06447,-0.00588396,2.06695,-0.00160703,1.07145,-0.00629447,2.0696
6.81,-0.00186269,1.06447,-0.00588396,2.06695,-0.00164355,1.07145,-0.00629447,2.0696
6.812,-0.00186269,1.06447,-0.00588396,2.06704,-0.00160703,1.07145,-0.00629447,2.0696
6.814,-0.00186269,1.0645,-0.00592957,2.06704,-0.00160703,1.07142,-0.00624886,2.06951
6.816,-0.00186269,1.0645,-0.00592957,2.06704,-0.00160703,1.07142,-0.00624886,2.06951
6.818,-0.00186269,1.0645,-0.00583835,2.06695,-0.00160703,1.07145,-0.00629447,2.06951
6.82,-0.00189921,1.0645,-0.00592957,2.06695,-0.00160703,1.07142,-0.00634008,2.0696
6.822,-0.00186269,1.0645,-0.00592957,2.06695,-0.00160703,1.07145,-0.00629447,2.0696
6.824,-0.00186269,1.06447,-0.00588396,2.06695,-0.0015705,1.07145,-0.00629447,2.0696
6.826,-0.00186269,1.06447,-0.00588396,2.06704,-0.00160703,1.07145,-0.00629447,2.06951
6.828,-0.00189921,1.06447,-0.00588396,2.06704,-0.0015705,1.07142,-0.00634008,2.06951
6.83,-0.00186269,1.0645,-0.00592957,2.06704,-0.00160703,1.07142,-0.00634008,2.06951
6.832,-0.00186269,1.0645,-0.00592957,2.06704,-0.00160703,1.07142,-0.00624886,2.0696
6.834,-0.00186269,1.06447,-0.00588396,2.06704,-0.00160703,1.07145,-0.00629447,2.0696
6.836,-0.00186269,1.06447,-0.00588396,2.06695,-0.00164355,1.07142,-0.00624886,2.06951
6.838,-0.00186269,1.0645,-0.00592957,2.06695,-0.00160703,1.07145,-0.00629447,2.06951
6.84,-0.00189921,1.06447,-0.00588396,2.06695,-0.00160703,1.07145,-0.00629447,2.06951
6.842,-0.00186269,1.06447,-0.00588396,2.06695,-0.00160703,1.0714,-0.00629447,2.06951
6.844,-0.00189921,1.0645,-0.00592957,2.06704,-0.00160703,1.07145,-0.00629447,2.06951
6.846,-0.00186269,1.06447,-0.00588396,2.06704,-0.00164355,1.07142,-0.00624886,2.0696
6.848,-0.00189921,1.06447,-0.00588396,2.06704,-0.00160703,1.0714,-0.00629447,2.0696
6.85,-0.00186269,1.06447,-0.00588396,2.06695,-0.00160703,1.07145,-0.00629447,2.0696
6.852,-0.00186269,1.06447,-0.00588396,2.06695,-0.0015705,1.07145,-0.00629447,2.0696
6.854,-0.00186269,1.0645,-0.00592957,2.06695,-0.00160703,1.07145,-0.00629447,2.0696
6.856,-0.00189921,1.06447,-0.00588396,2.06704,-0.00160703,1.0714,-0.00629447,2.06951
6.858,-0.00186269,1.0645,-0.00592957,2.06704,-0.0015705,1.07145,-0.00629447,2.0696
6.86,-0.00186269,1.0645,-0.00592957,2.06704,-0.00160703,1.07145,-0.00629447,2.0696
6.862,-0.00186269,1.06447,-0.00588396,2.06704,-0.00164355,1.07142,-0.00624886,2.0696
6.864,-0.00186269,1.06447,-0.00588396,2.06704,-0.00160703,1.07142,-0.00634008,2.0696
6.866,-0.00186269,1.06447,-0.00588396,2.06704,-0.00164355,1.0714,-0.00629447,2.0696
6.868,-0.00186269,1.0645,-0.00592957,2.06704,-0.00160703,1.07145,-0.00629447,2.0696
6.87,-0.00186269,1.06447,-0.00588396,2.06704,-0.00160703,1.07145,-0.00629447,2.06951
6.872,-0.00189921,1.06447,-0.00588396,2.06704,-0.00160703,1.07145,-0.00629447,2.0696
6.874,-0.00186269,1.0645,-0.00592957,2.06704,-0.00160703,1.07145,-0.00629447,2.06951
6.876,-0.00186269,1.06447,-0.00588396,2.06704,-0.00160703,1.07145,-0.00629447,2.06951
6.878,-0.00186269,1.0645,-0.00592957,2.06704,-0.00160703,1.07145,-0.00629447,2.0696
6.88,-0.00186269,1.06447,-0.00588396,2.06704,-0.00160703,1.07145,-0.00629447,2.0696
6.882,-0.00186269,1.06447,-0.00588396,2.06704,-0.0015705,1.07145,-0.00629447,2.0696
6.884,-0.00186269,1.06447,-0.00588396,2.06704,-0.00164355,1.07145,-0.00629447,2.06951
6.886,-0.00189921,1.0645,-0.00592957,2.06704,-0.00160703,1.07145,-0.00629447,2.06951
6.888,-0.00186269,1.0645,-0.00592957,2.06695,-0.00160703,1.07142,-0.00624886,2.06951
6.89,-0.00186269,1.06447,-0.00588396,2.06695,-0.0015705,1.07142,-0.00624886,2.06951
6.892,-0.00186269,1.06447,-0.00588396,2.06695,-0.00160703,1.07145,-0.00629447,2.06951
6.894,-0.00186269,1.06447,-0.00588396,2.06695,-0.00164355,1.07142,-0.00624886,2.0696
6.896,-0.00186269,1.0645,-0.00592957,2.06695,-0.00160703,1.07145,-0.00629447,2.06951
6.898,-0.00186269,1.06447,-0.00588396,2.06695,-0.00160703,1.07145,-0.00629447,2.0696
6.9,-0.00186269,1.0645,-0.00592957,2.06704,-0.0015705,1.07142,-0.00624886,2.06951
6.902,-0.00186269,1.06447,-0.00588396,2.06704,-0.0015705,1.07145,-0.00629447,2.0696
6.904,-0.00186269,1.0645,-0.00592957,2.06695,-0.0015705,1.07148,-0.00624886,2.06951
6.906,-0.00186269,1.0645,-0.00592957,2.06695,-0.00160703,1.07142,-0.00624886,2.0696
6.908,-0.00186269,1.06447,-0.00588396,2.06695,-0.00164355,1.07142,-0.00624886,2.0696
6.91,-0.00186269,1.06447,-0.00588396,2.06695,-0.00160703,1.07145,-0.00629447,2.06951
6.912,-0.00186269,1.0645,-0.00592957,2.06704,-0.00160703,1.07142,-0.00634008,2.06951
6.914,-0.00186269,1.0645,-0.00592957,2.06704,-0.0015705,1.07145,-0.00629447,2.0696
6.916,-0.00186269,1.06447,-0.00588396,2.06704,-0.0015705,1.07145,-0.00629447,2.06951
6.918,-0.00186269,1.06447,-0.00588396,2.06704,-0.0015705,1.07145,-0.00629447,2.0696
6.92,-0.00186269,1.06447,-0.00588396,2.06704,-0.00160703,1.07145,-0.00629447,2.06951
6.922,-0.00186269,1.0645,-0.00592957,2.06704,-0.00160703,1.07142,-0.00634008,2.0696
6.924,-0.00186269,1.06447,-0.00588396,2.06704,-0.0015705,1.07142,-0.00624886,2.0696
6.926,-0.00186269,1.0645,-0.00592957,2.06704,-0.0015705,1.07142,-0.00624886,2.0696
6.928,-0.00186269,1.06447,-0.00588396,2.06695,-0.00160703,1.07145,-0.00629447,2.06951
6.93,-0.00186269,1.0645,-0.00592957,2.06704,-0.00160703,1.07145,-0.00629447,2.0696
6.932,-0.00186269,1.0645,-0.00592957,2.06704,-0.00160703,1.07142,-0.00634008,2.0696
6.934,-0.00189921,1.0645,-0.00592957,2.06704,-0.00168007,1.07145,-0.00629447,2.06951
6.936,-0.00186269,1.0645,-0.00592957,2.06704,-0.00164355,1.07142,-0.00624886,2.0696
6.938,-0.00189921,1.0645,-0.00592957,2.06704,-0.0015705,1.07145,-0.00629447,2.06951
6.94,-0.00186269,1.06447,-0.00588396,2.06704,-0.0015705,1.07145,-0.00629447,2.06951
6.942,-0.00186269,1.06447,-0.00588396,2.06695,-0.00160703,1.07145,-0.00629447,2.06951
6.944,-0.00186269,1.06447,-0.00588396,2.06695,-0.00160703,1.07145,-0.00629447,2.06951
6.946,-0.00186269,1.0645,-0.00592957,2.06695,-0.00160703,1.07145,-0.00629447,2.06951
6.948,-0.00186269,1.0645,-0.00592957,2.06704,-0.00160703,1.07142,-0.00624886,2.06951
6.95,-0.00186269,1.06447,-0.00588396,2.06704,-0.00160703,1.07137,-0.00634008,2.06951
6.952,-0.00189921,1.06447,-0.00588396,2.06704,-0.00164355,1.07145,-0.00629447,2.06951
6.954,-0.00189921,1.06447,-0.00588396,2.06704,-0.00160703,1.07142,-0.00624886,2.06951
6.956,-0.00189921,1.06447,-0.00588396,2.06704,-0.0015705,1.07145,-0.00629447,2.06951
6.958,-0.00186269,1.0645,-0.00592957,2.06704,-0.00160703,1.07145,-0.00629447,2.0696
6.96,-0.00186269,1.06447,-0.00588396,2.06695,-0.0015705,1.07142,-0.00624886,2.0696
6.962,-0.00186269,1.06447,-0.00588396,2.06704,-0.00160703,1.07145,-0.00629447,2.06951
6.964,-0.00186269,1.06447,-0.00588396,2.06704,-0.00160703,1.07142,-0.00634008,2.06951
6.966,-0.00186269,1.0645,-0.00592957,2.06704,-0.00164355,1.07145,-0.00629447,2.06951
6.968,-0.00189921,1.06447,-0.00588396,2.06704,-0.00160703,1.07142,-0.00634008,2.0696
6.97,-0.00186269,1.06447,-0.00588396,2.06704,-0.0015705,1.07145,-0.00629447,2.06951
6.972,-0.00186269,1.06445,-0.00592957,2.06695,-0.00160703,1.07145,-0.00629447,2.06951
6.974,-0.00186269,1.0645,-0.00592957,2.06695,-0.00160703,1.07145,-0.00629447,2.0696
6.976,-0.00186269,1.0645,-0.00592957,2.06695,-0.00160703,1.07142,-0.00634008,2.0696
6.978,-0.00186269,1.06447,-0.00597519,2.06704,-0.00164355,1.07145,-0.0063857,2.0696
6.98,-0.00189921,1.06447,-0.00588396,2.06704,-0.00164355,1.07145,-0.00629447,2.06951
6.982,-0.00186269,1.0645,-0.00592957,2.06704,-0.0015705,1.07145,-0.00629447,2.0696
6.984,-0.00186269,1.0645,-0.00592957,2.06704,-0.0015705,1.07142,-0.00624886,2.06951
6.986,-0.00186269,1.0645,-0.00592957,2.06704,-0.00160703,1.07145,-0.00629447,2.0696
6.988,-0.00186269,1.0645,-0.00592957,2.06704,-0.00160703,1.07145,-0.00629447,2.06951
6.99,-0.00186269,1.0645,-0.00592957,2.06704,-0.00160703,1.07145,-0.00629447,2.06951
6.992,-0.00189921,1.0645,-0.00592957,2.06695,-0.0015705,1.07145,-0.00629447,2.06951
6.994,-0.00189921,1.06447,-0.00588396,2.06695,-0.00164355,1.07145,-0.00629447,2.0696
6.996,-0.00186269,1.06447,-0.00588396,2.06704,-0.00160703,1.07145,-0.00629447,2.0696
6.998,-0.00186269,1.0645,-0.00592957,2.06704,-0.00160703,1.07142,-0.00624886,2.06951
7,-0.00186269,1.0645,-0.00592957,2.06695,-0.00164355,1.07142,-0.00624886,2.06951
7.002,-0.00189921,1.0645,-0.00592957,2.06704,-0.00164355,1.07145,-0.00629447,2.0696
7.004,-0.00189921,1.06447,-0.00588396,2.06704,-0.00160703,1.07145,-0.00629447,2.06951
7.006,-0.00189921,1.06447,-0.00588396,2.06704,-0.00160703,1.07145,-0.00629447,2.06951
7.008,-0.00186269,1.06447,-0.00588396,2.06704,-0.00160703,1.07145,-0.00629447,2.0696
7.01,-0.00186269,1.0645,-0.00592957,2.06695,-0.00164355,1.07142,-0.00624886,2.0696
7.012,-0.00186269,1.0645,-0.00592957,2.06695,-0.0015705,1.07145,-0.00629447,2.0696
7.014,-0.00189921,1.0645,-0.00592957,2.06704,-0.00160703,1.07142,-0.00634008,2.0696
7.016,-0.00186269,1.06447,-0.00588396,2.06704,-0.00160703,1.07142,-0.00624886,2.06951
7.018,-0.00189921,1.06447,-0.00588396,2.06704,-0.00164355,1.07145,-0.00629447,2.06951
7.02,-0.00189921,1.0645,-0.00592957,2.06704,-0.00160703,1.07145,-0.00629447,2.0696
7.022,-0.00189921,1.0645,-0.00592957,2.06704,-0.0015705,1.07145,-0.00629447,2.0696
7.024,-0.00189921,1.0645,-0.00592957,2.06704,-0.00160703,1.07145,-0.00629447,2.0696
7.026,-0.00189921,1.06447,-0.00588396,2.06704,-0.00160703,1.07145,-0.00629447,2.0696
7.028,-0.00186269,1.0645,-0.00592957,2.06704,-0.0015705,1.07145,-0.00629447,2.0696
7.03,-0.00186269,1.06447,-0.00588396,2.06704,-0.00160703,1.07148,-0.00624886,2.06951
7.032,-0.00186269,1.0645,-0.00592957,2.06704,-0.00160703,1.07142,-0.00624886,2.06951
7.034,-0.00186269,1.0645,-0.00592957,2.06704,-0.0015705,1.07145,-0.00629447,2.06951
7.036,-0.00186269,1.0645,-0.00592957,2.06704,-0.0015705,1.07145,-0.00629447,2.06951
7.038,-0.00186269,1.0645,-0.00592957,2.06704,-0.0015705,1.07145,-0.00629447,2.0696
7.04,-0.00189921,1.06447,-0.00588396,2.06695,-0.00160703,1.07142,-0.00634008,2.06951
7.042,-0.00186269,1.06447,-0.00588396,2.06695,-0.00168007,1.07145,-0.00629447,2.06951
7.044,-0.00186269,1.06447,-0.00588396,2.06695,-0.00160703,1.07145,-0.00629447,2.0696
7.046,-0.00186269,1.0645,-0.00592957,2.06695,-0.00160703,1.07142,-0.00624886,2.06951
7.048,-0.00186269,1.0645,-0.00592957,2.06704,-0.00160703,1.07148,-0.00624886,2.06951
7.05,-0.00189921,1.06447,-0.00588396,2.06704,-0.00164355,1.07148,-0.00624886,2.06951
7.052,-0.00186269,1.0645,-0.00592957,2.06704,-0.00164355,1.07145,-0.00629447,2.0696
7.054,-0.00189921,1.0645,-0.00592957,2.06704,-0.00164355,1.07145,-0.00629447,2.0696
7.056,-0.00186269,1.0645,-0.00592957,2.06695,-0.00164355,1.07142,-0.00634008,2.06951
7.058,-0.00189921,1.06447,-0.00588396,2.06695,-0.00160703,1.07142,-0.00634008,2.0696
7.06,-0.00186269,1.06447,-0.00588396,2.06704,-0.0015705,1.07142,-0.00634008,2.0696
7.062,-0.00186269,1.0645,-0.00592957,2.06704,-0.0015705,1.07142,-0.00624886,2.06951
7.064,-0.00186269,1.06447,-0.00588396,2.06704,-0.00160703,1.07145,-0.00629447,2.06951
7.066,-0.00186269,1.06447,-0.00588396,2.06704,-0.00160703,1.07142,-0.00624886,2.0696
7.068,-0.00186269,1.06447,-0.00588396,2.06712,-0.00160703,1.07145,-0.00629447,2.0696
7.07,-0.00186269,1.06447,-0.00588396,2.06704,-0.00164355,1.07145,-0.00629447,2.0696
7.072,-0.00186269,1.0645,-0.00592957,2.06704,-0.00164355,1.07142,-0.00634008,2.0696
7.074,-0.00186269,1.0645,-0.00592957,2.06704,-0.0015705,1.07142,-0.00634008,2.0696
7.076,-0.00186269,1.0645,-0.00592957,2.06704,-0.00160703,1.07142,-0.00624886,2.06951
7.078,-0.00186269,1.06447,-0.00588396,2.06704,-0.00164355,1.07145,-0.00629447,2.06951
7.08,-0.00189921,1.06447,-0.00588396,2.06695,-0.00160703,1.07145,-0.00629447,2.06951
7.082,-0.00186269,1.0645,-0.00592957,2.06704,-0.00160703,1.07145,-0.00629447,2.0696
7.084,-0.00186269,1.0645,-0.00592957,2.06704,-0.0015705,1.07145,-0.00629447,2.0696
7.086,-0.00186269,1.0645,-0.00592957,2.06704,-0.00160703,1.07145,-0.00629447,2.0696
7.088,-0.00186269,1.06447,-0.00588396,2.06704,-0.00160703,1.07142,-0.00634008,2.0696
7.09,-0.00186269,1.06447,-0.00588396,2.06695,-0.00160703,1.07145,-0.00629447,2.06951
7.092,-0.00186269,1.0645,-0.00592957,2.06704,-0.00164355,1.07145,-0.00629447,2.06951
7.094,-0.00189921,1.0645,-0.00592957,2.06695,-0.0015705,1.07142,-0.00624886,2.06951
7.096,-0.00189921,1.0645,-0.00592957,2.06704,-0.00160703,1.07145,-0.00629447,2.06951
7.098,-0.00189921,1.0645,-0.00592957,2.06704,-0.00160703,1.07145,-0.00629447,2.0696
7.1,-0.00186269,1.06447,-0.00588396,2.06704,-0.00160703,1.07145,-0.00629447,2.0696
7.102,-0.00186269,1.06447,-0.00588396,2.06704,-0.00160703,1.07145,-0.00629447,2.0696
7.104,-0.00186269,1.06447,-0.00588396,2.06704,-0.00160703,1.07145,-0.00629447,2.0696
7.106,-0.00186269,1.0645,-0.00592957,2.06704,-0.00164355,1.07145,-0.00629447,2.06951
7.108,-0.00186269,1.0645,-0.00592957,2.06695,-0.00160703,1.07145,-0.00629447,2.06951
7.11,-0.00186269,1.0645,-0.00592957,2.06704,-0.00160703,1.07145,-0.00629447,2.0696
7.112,-0.00186269,1.06447,-0.00588396,2.06704,-0.00160703,1.07142,-0.00624886,2.06951
7.114,-0.00189921,1.06447,-0.00588396,2.06704,-0.00164355,1.07148,-0.00634008,2.06951
7.116,-0.00189921,1.06447,-0.00588396,2.06704,-0.00164355,1.07145,-0.00629447,2.06951
7.118,-0.00186269,1.06447,-0.00588396,2.06704,-0.00160703,1.07142,-0.00624886,2.0696
7.12,-0.00186269,1.0645,-0.00592957,2.06704,-0.00160703,1.07145,-0.00629447,2.06951
7.122,-0.00186269,1.06447,-0.00588396,2.06704,-0.00160703,1.0714,-0.00629447,2.06951
7.124,-0.00186269,1.06447,-0.00588396,2.06695,-0.0015705,1.07145,-0.00629447,2.0696
7.126,-0.00186269,1.06447,-0.00588396,2.06695,-0.00164355,1.07142,-0.00624886,2.06951
7.128,-0.00186269,1.06447,-0.00588396,2.06695,-0.00160703,1.07145,-0.00629447,2.0696
7.13,-0.00189921,1.06447,-0.00588396,2.06704,-0.00160703,1.07142,-0.00634008,2.0696
7.132,-0.00189921,1.0645,-0.00592957,2.06704,-0.00160703,1.0714,-0.00629447,2.06951
7.134,-0.00186269,1.0645,-0.00592957,2.06704,-0.0015705,1.07145,-0.00629447,2.0696
7.136,-0.00186269,1.0645,-0.00592957,2.06704,-0.00164355,1.07145,-0.00629447,2.0696
7.138,-0.00186269,1.0645,-0.00592957,2.06704,-0.00160703,1.07145,-0.00629447,2.06951
7.14,-0.00186269,1.06447,-0.00588396,2.06704,-0.0015705,1.07145,-0.00629447,2.0696
7.142,-0.00186269,1.06447,-0.00588396,2.06704,-0.00160703,1.07145,-0.00629447,2.0696
7.144,-0.00189921,1.0645,-0.00592957,2.06695,-0.00160703,1.07142,-0.00634008,2.0696
7.146,-0.00186269,1.0645,-0.00592957,2.06695,-0.00164355,1.07142,-0.00634008,2.0696
7.148,-0.00186269,1.0645,-0.00592957,2.06695,-0.00160703,1.07145,-0.00629447,2.06951
7.15,-0.00186269,1.06447,-0.00588396,2.06704,-0.00160703,1.07145,-0.00629447,2.06951
7.152,-0.00186269,1.06447,-0.00588396,2.06704,-0.00160703,1.07145,-0.00629447,2.06951
7.154,-0.00186269,1.0645,-0.00592957,2.06704,-0.0015705,1.07145,-0.00629447,2.0696
7.156,-0.00186269,1.06447,-0.00588396,2.06704,-0.00160703,1.07145,-0.00629447,2.06951
7.158,-0.00186269,1.0645,-0.00592957,2.06704,-0.00164355,1.07145,-0.00629447,2.0696
7.16,-0.00186269,1.06447,-0.00588396,2.06704,-0.00160703,1.07145,-0.00629447,2.0696
7.162,-0.00186269,1.0645,-0.00592957,2.06704,-0.00160703,1.07145,-0.00629447,2.06951
7.164,-0.00186269,1.0645,-0.00592957,2.06704,-0.00164355,1.07145,-0.00629447,2.06951
7.166,-0.00186269,1.0645,-0.00592957,2.06704,-0.00160703,1.07142,-0.00634008,2.06951
7.168,-0.00189921,1.0645,-0.00592957,2.06704,-0.0015705,1.07145,-0.00629447,2.06951
7.17,-0.00189921,1.0645,-0.00592957,2.06704,-0.00160703,1.07145,-0.00629447,2.0696
7.172,-0.00186269,1.06447,-0.00588396,2.06704,-0.00160703,1.07142,-0.00634008,2.06951
7.174,-0.00186269,1.0645,-0.00592957,2.06704,-0.00160703,1.07145,-0.00629447,2.06951
7.176,-0.00186269,1.06447,-0.00588396,2.06704,-0.00164355,1.07142,-0.00624886,2.0696
7.178,-0.00186269,1.0645,-0.00592957,2.06704,-0.00164355,1.07142,-0.00624886,2.0696
7.18,-0.00186269,1.0645,-0.00592957,2.06704,-0.00160703,1.07145,-0.00629447,2.0696
7.182,-0.00189921,1.0645,-0.00592957,2.06704,-0.00164355,1.07145,-0.00629447,2.06951
7.184,-0.00189921,1.06447,-0.00588396,2.06704,-0.0015705,1.07145,-0.00629447,2.06951
7.186,-0.00186269,1.06447,-0.00588396,2.06704,-0.00160703,1.07145,-0.00629447,2.06951
7.188,-0.00186269,1.0645,-0.00592957,2.06704,-0.00160703,1.07142,-0.00634008,2.06951
7.19,-0.00186269,1.0645,-0.00592957,2.06704,-0.00160703,1.07145,-0.00629447,2.06951
7.192,-0.00189921,1.0645,-0.00592957,2.06695,-0.00160703,1.07145,-0.00629447,2.06951
7.194,-0.00186269,1.06447,-0.00588396,2.06695,-0.00160703,1.07145,-0.00629447,2.0696
7.196,-0.00186269,1.06447,-0.00588396,2.06704,-0.0015705,1.07142,-0.00634008,2.06951
7.198,-0.00186269,1.0645,-0.00592957,2.06695,-0.0015705,1.07145,-0.00629447,2.0696
7.2,-0.00186269,1.06447,-0.00597519,2.06704,-0.0015705,1.07145,-0.00629447,2.06951
7.202,-0.00186269,1.0645,-0.00592957,2.06704,-0.0015705,1.07142,-0.00634008,2.0696
7.204,-0.00186269,1.06447,-0.00588396,2.06704,-0.00160703,1.07145,-0.00629447,2.0696
7.206,-0.00189921,1.0645,-0.00592957,2.06695,-0.00164355,1.07145,-0.00629447,2.0696
7.208,-0.00189921,1.0645,-0.00592957,2.06695,-0.00160703,1.07145,-0.00629447,2.0696
7.21,-0.00186269,1.06447,-0.00588396,2.06704,-0.00160703,1.07145,-0.00629447,2.06951
7.212,-0.00186269,1.0645,-0.00592957,2.06704,-0.0015705,1.07145,-0.00629447,2.06951
7.214,-0.00186269,1.0645,-0.00592957,2.06704,-0.00160703,1.07142,-0.00624886,2.0696
7.216,-0.00186269,1.06447,-0.00588396,2.06704,-0.00164355,1.07142,-0.00634008,2.06951
7.218,-0.00186269,1.0645,-0.00592957,2.06704,-0.00160703,1.07145,-0.00629447,2.0696
7.22,-0.00186269,1.0645,-0.00592957,2.06704,-0.0015705,1.07142,-0.00634008,2.06951
7.222,-0.00186269,1.06447,-0.00588396,2.06695,-0.00160703,1.07145,-0.00629447,2.06951
7.224,-0.00186269,1.06447,-0.00588396,2.06704,-0.00160703,1.07142,-0.00624886,2.06951
7.226,-0.00186269,1.06447,-0.00588396,2.06695,-0.00164355,1.07145,-0.00629447,2.06951
7.228,-0.00189921,1.0645,-0.00592957,2.06704,-0.00160703,1.07142,-0.00624886,2.06951
7.23,-0.00189921,1.0645,-0.00592957,2.06704,-0.00160703,1.07145,-0.00629447,2.06951
7.232,-0.00186269,1.0645,-0.00592957,2.06695,-0.0015705,1.07142,-0.00634008,2.06951
7.234,-0.00186269,1.06447,-0.00588396,2.06695,-0.00164355,1.07145,-0.00629447,2.06951
7.236,-0.00186269,1.06447,-0.00588396,2.06704,-0.0015705,1.07145,-0.00629447,2.06951
7.238,-0.00186269,1.0645,-0.00592957,2.06704,-0.00160703,1.07145,-0.00629447,2.0696
7.24,-0.00186269,1.0645,-0.00592957,2.06704,-0.00160703,1.07142,-0.00634008,2.06951
7.242,-0.00186269,1.06447,-0.00588396,2.06704,-0.00160703,1.07145,-0.00629447,2.06951
7.244,-0.00186269,1.06447,-0.00588396,2.06704,-0.00160703,1.07145,-0.00629447,2.0696
7.246,-0.00186269,1.0645,-0.00592957,2.06704,-0.00160703,1.07142,-0.00624886,2.0696
7.248,-0.00186269,1.0645,-0.00592957,2.06704,-0.00160703,1.07145,-0.00629447,2.0696
7.25,-0.00186269,1.06447,-0.00588396,2.06704,-0.00164355,1.07142,-0.00634008,2.0696
7.252,-0.00189921,1.0645,-0.00592957,2.06704,-0.00160703,1.07142,-0.00634008,2.0696
7.254,-0.00189921,1.0645,-0.00592957,2.06704,-0.00164355,1.07145,-0.00629447,2.0696
7.256,-0.00186269,1.0645,-0.00592957,2.06704,-0.00164355,1.07145,-0.00629447,2.06951
7.258,-0.00186269,1.0645,-0.00592957,2.06695,-0.00160703,1.07145,-0.00629447,2.06951
7.26,-0.00189921,1.06447,-0.00588396,2.06695,-0.00160703,1.07142,-0.00634008,2.06951
7.262,-0.00189921,1.06447,-0.00588396,2.06695,-0.00160703,1.07145,-0.00629447,2.06951
7.264,-0.00189921,1.06447,-0.00588396,2.06695,-0.00160703,1.07145,-0.00629447,2.06951
7.266,-0.00186269,1.0645,-0.00592957,2.06695,-0.00160703,1.07142,-0.00634008,2.0696
7.268,-0.00186269,1.06447,-0.00588396,2.06704,-0.00160703,1.07145,-0.00629447,2.06951
7.27,-0.00186269,1.06447,-0.00588396,2.06704,-0.00164355,1.07145,-0.00629447,2.0696
7.272,-0.00186269,1.0645,-0.00592957,2.06695,-0.00160703,1.07145,-0.00629447,2.06951
7.274,-0.00189921,1.0645,-0.00592957,2.06704,-0.00160703,1.07142,-0.00634008,2.0696
7.276,-0.00189921,1.0645,-0.00592957,2.06695,-0.00160703,1.07145,-0.00620325,2.0696
7.278,-0.00186269,1.06447,-0.00588396,2.06695,-0.00160703,1.07142,-0.00634008,2.0696
7.28,-0.00186269,1.06447,-0.00588396,2.06704,-0.00160703,1.07145,-0.00629447,2.06951
7.282,-0.00189921,1.06447,-0.00588396,2.06704,-0.00164355,1.0714,-0.00629447,2.0696
7.284,-0.00186269,1.06447,-0.00588396,2.06704,-0.00160703,1.07145,-0.00629447,2.0696
7.286,-0.00186269,1.06447,-0.00588396,2.06695,-0.0015705,1.07142,-0.00624886,2.06951
7.288,-0.00186269,1.0645,-0.00592957,2.06704,-0.00164355,1.0714,-0.00629447,2.0696
7.29,-0.00186269,1.06447,-0.00588396,2.06695,-0.00160703,1.07145,-0.00629447,2.0696
7.292,-0.00186269,1.06447,-0.00588396,2.06704,-0.00160703,1.07145,-0.00629447,2.06951
7.294,-0.00186269,1.06447,-0.00588396,2.06704,-0.00160703,1.07148,-0.00634008,2.0696
7.296,-0.00186269,1.0645,-0.00592957,2.06704,-0.0015705,1.07145,-0.00629447,2.06951
7.298,-0.00186269,1.0645,-0.00592957,2.06704,-0.0015705,1.07142,-0.00634008,2.06951
7.3,-0.00186269,1.06447,-0.00588396,2.06704,-0.00160703,1.0714,-0.00629447,2.06951
7.302,-0.00189921,1.0645,-0.00592957,2.06704,-0.00164355,1.07145,-0.00629447,2.0696
7.304,-0.00186269,1.0645,-0.00592957,2.06695,-0.00160703,1.07145,-0.00629447,2.06951
7.306,-0.00186269,1.06447,-0.00588396,2.06704,-0.00160703,1.07145,-0.00629447,2.06951
7.308,-0.00186269,1.06447,-0.00588396,2.06704,-0.00160703,1.07145,-0.00629447,2.06951
7.31,-0.00186269,1.06447,-0.00588396,2.06704,-0.00160703,1.07142,-0.00634008,2.06951
7.312,-0.00186269,1.06447,-0.00588396,2.06712,-0.0015705,1.07142,-0.00624886,2.0696
7.314,-0.00186269,1.0645,-0.00592957,2.06704,-0.00160703,1.07145,-0.00629447,2.06951
7.316,-0.00186269,1.0645,-0.00592957,2.06704,-0.00164355,1.07145,-0.00629447,2.06951
7.318,-0.00189921,1.06447,-0.00588396,2.06704,-0.0015705,1.07148,-0.00624886,2.0696
7.32,-0.00186269,1.06447,-0.00588396,2.06695,-0.0015705,1.07145,-0.00629447,2.0696
7.322,-0.00186269,1.06447,-0.00588396,2.06695,-0.0015705,1.07142,-0.00634008,2.0696
7.324,-0.00186269,1.0645,-0.00592957,2.06704,-0.00160703,1.07145,-0.00629447,2.06951
7.326,-0.00186269,1.0645,-0.00592957,2.06704,-0.0015705,1.07142,-0.00634008,2.06951
7.328,-0.00186269,1.06447,-0.00588396,2.06704,-0.00160703,1.07142,-0.00624886,2.06951
7.33,-0.00186269,1.06447,-0.00588396,2.06704,-0.00164355,1.07142,-0.00634008,2.0696
7.332,-0.00186269,1.0645,-0.00592957,2.06704,-0.00160703,1.07145,-0.00629447,2.0696
7.334,-0.00189921,1.06447,-0.00588396,2.06704,-0.0015705,1.07142,-0.00624886,2.06951
7.336,-0.00186269,1.0645,-0.00592957,2.06704,-0.00160703,1.07145,-0.00629447,2.0696
7.338,-0.00186269,1.0645,-0.00592957,2.06704,-0.00164355,1.07145,-0.00629447,2.06951
7.34,-0.00186269,1.0645,-0.00592957,2.06704,-0.00160703,1.07145,-0.00629447,2.0696
7.342,-0.00186269,1.06447,-0.00588396,2.06704,-0.00164355,1.07145,-0.00629447,2.0696
7.344,-0.00186269,1.06447,-0.00588396,2.06704,-0.00164355,1.07145,-0.00629447,2.0696
7.346,-0.00186269,1.0645,-0.00592957,2.06704,-0.00160703,1.07142,-0.00624886,2.06951
7.348,-0.00189921,1.0645,-0.00592957,2.06704,-0.0015705,1.07145,-0.00629447,2.0696
7.35,-0.00189921,1.0645,-0.00592957,2.06704,-0.00160703,1.07145,-0.00629447,2.06951
7.352,-0.00186269,1.0645,-0.00592957,2.06695,-0.00160703,1.07142,-0.00624886,2.0696
7.354,-0.00186269,1.06447,-0.00588396,2.06695,-0.00164355,1.07145,-0.00629447,2.06951
7.356,-0.00186269,1.06447,-0.00588396,2.06704,-0.00160703,1.07142,-0.00634008,2.06951
7.358,-0.00186269,1.06447,-0.00588396,2.06704,-0.00164355,1.07145,-0.00629447,2.06951
7.36,-0.00186269,1.0645,-0.00592957,2.06695,-0.00160703,1.07145,-0.00629447,2.0696
7.362,-0.00186269,1.0645,-0.00592957,2.06695,-0.00160703,1.07142,-0.00624886,2.06951
7.364,-0.00189921,1.0645,-0.00592957,2.06704,-0.0015705,1.07145,-0.00629447,2.06951
7.366,-0.00189921,1.06447,-0.00588396,2.06704,-0.00160703,1.07145,-0.00629447,2.06951
7.368,-0.00186269,1.06447,-0.00588396,2.06704,-0.00164355,1.07145,-0.00629447,2.0696
7.37,-0.00189921,1.06447,-0.00588396,2.06704,-0.00164355,1.07142,-0.00624886,2.0696
7.372,-0.00186269,1.06447,-0.00588396,2.06695,-0.00160703,1.07142,-0.00624886,2.0696
7.374,-0.00186269,1.06447,-0.00588396,2.06704,-0.00164355,1.07142,-0.00624886,2.06951
7.376,-0.00189921,1.0645,-0.00592957,2.06704,-0.0015705,1.07142,-0.00624886,2.0696
7.378,-0.00189921,1.06447,-0.00588396,2.06704,-0.00160703,1.0714,-0.00629447,2.06951
7.38,-0.00189921,1.0645,-0.00592957,2.06704,-0.00160703,1.07142,-0.00634008,2.0696
7.382,-0.00189921,1.06447,-0.00588396,2.06704,-0.00160703,1.07145,-0.00629447,2.06951
7.384,-0.00186269,1.0645,-0.00592957,2.06695,-0.00164355,1.07142,-0.00634008,2.06951
7.386,-0.00186269,1.0645,-0.00592957,2.06695,-0.00164355,1.07145,-0.00629447,2.06951
7.388,-0.00186269,1.0645,-0.00592957,2.06704,-0.00160703,1.07145,-0.00629447,2.06951
7.39,-0.00186269,1.06447,-0.00588396,2.06704,-0.00164355,1.07145,-0.00629447,2.0696
7.392,-0.00186269,1.0645,-0.00592957,2.06704,-0.0015705,1.07145,-0.00629447,2.06951
7.394,-0.00186269,1.0645,-0.00592957,2.06704,-0.00160703,1.07145,-0.00629447,2.0696
7.396,-0.00189921,1.0645,-0.00592957,2.06704,-0.00160703,1.0714,-0.00629447,2.0696
7.398,-0.00186269,1.06447,-0.00588396,2.06704,-0.00160703,1.07142,-0.00634008,2.06951
7.4,-0.00186269,1.0645,-0.00592957,2.06704,-0.00168007,1.07142,-0.00634008,2.06951
7.402,-0.00186269,1.0645,-0.00592957,2.06704,-0.00164355,1.07142,-0.00634008,2.06951
7.404,-0.00186269,1.0645,-0.00592957,2.06704,-0.0015705,1.07145,-0.00629447,2.06951
7.406,-0.00186269,1.0645,-0.00592957,2.06704,-0.00160703,1.07148,-0.00624886,2.06951
7.408,-0.00186269,1.06447,-0.00588396,2.06704,-0.0015705,1.07145,-0.00629447,2.0696
7.41,-0.00189921,1.0645,-0.00592957,2.06704,-0.00160703,1.07145,-0.00629447,2.0696
7.412,-0.00186269,1.0645,-0.00592957,2.06704,-0.00160703,1.07145,-0.00629447,2.06951
7.414,-0.00189921,1.0645,-0.00592957,2.06712,-0.00160703,1.07145,-0.00629447,2.0696
7.416,-0.00186269,1.0645,-0.00592957,2.06704,-0.00160703,1.07145,-0.00629447,2.06951
7.418,-0.00186269,1.06447,-0.00588396,2.06704,-0.00164355,1.07142,-0.00624886,2.0696
7.42,-0.00186269,1.0645,-0.00592957,2.06704,-0.00160703,1.07145,-0.00629447,2.0696
7.422,-0.00186269,1.06447,-0.00588396,2.06704,-0.00160703,1.07145,-0.00629447,2.06951
7.424,-0.00189921,1.06447,-0.00588396,2.06704,-0.00160703,1.07145,-0.00629447,2.06951
7.426,-0.00186269,1.0645,-0.00592957,2.06704,-0.00164355,1.07148,-0.00624886,2.06951
7.428,-0.00189921,1.0645,-0.00592957,2.06712,-0.0015705,1.07145,-0.00629447,2.06951
7.43,-0.00186269,1.06447,-0.00588396,2.06704,-0.00160703,1.07145,-0.00629447,2.0696
7.432,-0.00189921,1.0645,-0.00592957,2.06704,-0.00164355,1.07145,-0.00629447,2.0696
7.434,-0.00186269,1.0645,-0.00592957,2.06704,-0.00160703,1.07145,-0.00629447,2.06951
7.436,-0.00186269,1.0645,-0.00592957,2.06704,-0.00160703,1.07145,-0.00629447,2.0696
7.438,-0.00186269,1.0645,-0.00592957,2.06695,-0.00160703,1.07145,-0.00629447,2.06951
7.44,-0.00186269,1.0645,-0.00592957,2.06704,-0.00160703,1.07142,-0.00634008,2.06951
7.442,-0.00186269,1.0645,-0.00592957,2.06704,-0.00160703,1.07145,-0.00629447,2.06951
7.444,-0.00186269,1.06447,-0.00588396,2.06712,-0.00160703,1.07148,-0.00624886,2.0696
7.446,-0.00189921,1.0645,-0.00592957,2.06704,-0.0015705,1.07145,-0.00629447,2.0696
7.448,-0.00189921,1.0645,-0.00592957,2.06704,-0.00160703,1.07145,-0.00629447,2.0696
7.45,-0.00186269,1.0645,-0.00592957,2.06704,-0.00160703,1.07142,-0.00624886,2.0696
7.452,-0.00186269,1.0645,-0.00592957,2.06704,-0.00160703,1.07145,-0.00629447,2.06951
7.454,-0.00186269,1.06447,-0.00588396,2.06704,-0.00160703,1.07142,-0.00624886,2.06951
7.456,-0.00186269,1.06447,-0.00588396,2.06704,-0.00160703,1.07145,-0.00629447,2.06951
7.458,-0.00186269,1.0645,-0.00592957,2.06704,-0.00160703,1.07142,-0.00634008,2.06951
7.46,-0.00186269,1.06447,-0.00588396,2.06704,-0.0015705,1.0714,-0.00629447,2.0696
7.462,-0.00186269,1.06447,-0.00588396,2.06704,-0.00160703,1.07145,-0.00629447,2.06951
7.464,-0.00189921,1.06447,-0.00588396,2.06704,-0.0015705,1.07142,-0.00634008,2.0696
7.466,-0.00186269,1.0645,-0.00592957,2.06695,-0.00164355,1.07145,-0.00629447,2.06951
7.468,-0.00186269,1.0645,-0.00592957,2.06704,-0.00160703,1.07145,-0.00629447,2.06951
7.47,-0.00186269,1.06447,-0.00588396,2.06695,-0.00160703,1.07145,-0.00629447,2.06951
7.472,-0.00186269,1.06447,-0.00588396,2.06695,-0.00160703,1.07145,-0.00629447,2.06951
7.474,-0.00186269,1.06447,-0.00588396,2.06704,-0.00160703,1.07145,-0.00629447,2.0696
7.476,-0.00186269,1.0645,-0.00592957,2.06704,-0.00160703,1.07142,-0.00624886,2.06951
7.478,-0.00186269,1.06447,-0.00588396,2.06695,-0.00164355,1.0714,-0.00629447,2.06951
7.48,-0.00186269,1.0645,-0.00592957,2.06695,-0.0015705,1.0714,-0.00629447,2.06951
7.482,-0.00186269,1.06447,-0.00588396,2.06704,-0.00160703,1.07142,-0.00624886,2.06951
7.484,-0.00186269,1.06447,-0.00588396,2.06704,-0.00160703,1.07145,-0.00629447,2.06951
7.486,-0.00186269,1.06447,-0.00588396,2.06704,-0.00160703,1.07145,-0.00629447,2.06951
7.488,-0.00186269,1.06447,-0.00588396,2.06704,-0.00160703,1.07142,-0.00634008,2.06951
7.49,-0.00186269,1.0645,-0.00592957,2.06704,-0.00164355,1.07145,-0.00629447,2.06951
7.492,-0.00186269,1.0645,-0.00592957,2.06704,-0.00160703,1.07145,-0.00629447,2.0696
7.494,-0.00189921,1.0645,-0.00592957,2.06695,-0.0015705,1.07142,-0.00624886,2.0696
7.496,-0.00189921,1.0645,-0.00592957,2.06704,-0.00160703,1.07145,-0.00629447,2.0696
7.498,-0.00186269,1.0645,-0.00592957,2.06704,-0.0015705,1.07145,-0.00629447,2.06951
7.5,-0.00186269,1.06447,-0.00588396,2.06704,-0.00160703,1.07145,-0.00629447,2.06951
7.502,-0.00186269,1.0645,-0.00592957,2.06704,-0.00164355,1.07145,-0.00629447,2.0696
7.504,-0.00186269,1.06447,-0.00588396,2.06704,-0.00160703,1.07145,-0.00629447,2.06951
7.506,-0.00186269,1.0645,-0.00592957,2.06695,-0.00164355,1.07145,-0.00629447,2.0696
7.508,-0.00189921,1.0645,-0.00592957,2.06704,-0.00160703,1.07142,-0.00624886,2.0696
7.51,-0.00186269,1.0645,-0.00592957,2.06695,-0.0015705,1.07145,-0.00629447,2.06951
7.512,-0.00189921,1.0645,-0.00592957,2.06704,-0.00160703,1.0714,-0.00629447,2.06951
7.514,-0.00186269,1.0645,-0.00592957,2.06704,-0.00164355,1.07145,-0.00629447,2.06951
7.516,-0.00186269,1.0645,-0.00592957,2.06704,-0.00160703,1.07145,-0.00629447,2.06951
7.518,-0.00186269,1.0645,-0.00592957,2.06704,-0.00160703,1.07142,-0.00634008,2.06951
7.52,-0.00186269,1.0645,-0.00592957,2.06704,-0.0015705,1.07145,-0.00629447,2.0696
7.522,-0.00186269,1.06447,-0.00588396,2.06704,-0.00164355,1.07145,-0.00629447,2.06951
7.524,-0.00189921,1.0645,-0.00592957,2.06704,-0.00160703,1.07145,-0.00629447,2.0696
7.526,-0.00189921,1.0645,-0.00592957,2.06695,-0.00160703,1.07142,-0.00634008,2.06951
7.528,-0.00189921,1.06447,-0.00588396,2.06695,-0.0015705,1.07145,-0.00629447,2.06951
7.53,-0.00186269,1.0645,-0.00592957,2.06695,-0.00164355,1.07145,-0.00629447,2.06951
7.532,-0.00186269,1.0645,-0.00592957,2.06704,-0.00160703,1.07145,-0.00629447,2.0696
7.534,-0.00186269,1.06447,-0.00588396,2.06704,-0.0015705,1.0714,-0.00629447,2.0696
7.536,-0.00186269,1.0645,-0.00592957,2.06704,-0.00160703,1.07145,-0.00629447,2.06951
7.538,-0.00189921,1.0645,-0.00592957,2.06704,-0.00160703,1.0714,-0.00629447,2.0696
7.54,-0.00189921,1.06447,-0.00588396,2.06704,-0.00160703,1.07145,-0.00629447,2.06951
7.542,-0.00189921,1.06445,-0.00592957,2.06704,-0.00160703,1.07145,-0.00629447,2.06951
7.544,-0.00186269,1.0645,-0.00592957,2.06704,-0.00160703,1.07145,-0.00629447,2.0696
7.546,-0.00189921,1.0645,-0.00592957,2.06704,-0.00160703,1.07145,-0.00629447,2.06951
7.548,-0.00186269,1.0645,-0.00592957,2.06704,-0.0015705,1.07142,-0.00634008,2.0696
7.55,-0.00186269,1.0645,-0.00592957,2.06704,-0.00160703,1.07145,-0.00629447,2.06951
7.552,-0.00186269,1.06447,-0.00588396,2.06704,-0.00160703,1.07142,-0.00624886,2.0696
7.554,-0.00186269,1.0645,-0.00592957,2.06704,-0.0015705,1.07145,-0.00629447,2.0696
7.556,-0.00186269,1.06447,-0.00588396,2.06704,-0.0015705,1.07145,-0.00629447,2.06951
7.558,-0.00186269,1.06447,-0.00597519,2.06704,-0.00164355,1.0714,-0.00629447,2.0696
7.56,-0.00186269,1.0645,-0.00592957,2.06704,-0.00160703,1.07142,-0.00634008,2.0696
7.562,-0.00189921,1.0645,-0.00592957,2.06704,-0.00164355,1.07145,-0.00629447,2.06951
7.564,-0.00186269,1.06447,-0.00588396,2.06704,-0.00160703,1.07142,-0.00634008,2.06951
7.566,-0.00186269,1.06447,-0.00588396,2.06704,-0.00160703,1.07145,-0.00629447,2.06951
7.568,-0.00186269,1.0645,-0.00592957,2.06704,-0.0015705,1.07145,-0.00629447,2.06951
7.57,-0.00186269,1.0645,-0.00592957,2.06704,-0.00164355,1.07145,-0.00629447,2.06951
7.572,-0.00186269,1.0645,-0.00592957,2.06704,-0.00160703,1.07148,-0.00624886,2.0696
7.574,-0.00186269,1.06447,-0.00588396,2.06695,-0.00160703,1.07145,-0.00629447,2.06951
7.576,-0.00186269,1.06447,-0.00588396,2.06704,-0.00160703,1.07145,-0.00629447,2.0696
7.578,-0.00186269,1.06447,-0.00588396,2.06704,-0.00160703,1.07145,-0.00629447,2.0696
7.58,-0.00189921,1.06447,-0.00588396,2.06704,-0.00160703,1.07145,-0.00629447,2.06951
7.582,-0.00186269,1.06447,-0.00588396,2.06704,-0.00160703,1.07145,-0.00629447,2.0696
7.584,-0.00186269,1.0645,-0.00592957,2.06704,-0.00160703,1.07145,-0.00629447,2.06951
7.586,-0.00186269,1.0645,-0.00592957,2.06704,-0.00160703,1.07145,-0.00629447,2.0696
7.588,-0.00186269,1.06447,-0.00588396,2.06695,-0.0015705,1.07145,-0.00629447,2.06951
7.59,-0.00186269,1.0645,-0.00592957,2.06695,-0.00160703,1.07148,-0.00624886,2.06951
7.592,-0.00186269,1.06447,-0.00588396,2.06695,-0.00160703,1.07145,-0.00629447,2.06951
7.594,-0.00186269,1.06447,-0.00597519,2.06704,-0.00160703,1.07145,-0.00629447,2.06951
7.596,-0.00186269,1.06447,-0.00588396,2.06704,-0.00164355,1.0714,-0.00629447,2.06951
7.598,-0.00186269,1.0645,-0.00592957,2.06704,-0.00164355,1.07145,-0.00629447,2.06951
7.6,-0.00186269,1.0645,-0.00592957,2.06704,-0.00160703,1.07145,-0.00629447,2.0696
7.602,-0.00186269,1.06447,-0.00588396,2.06704,-0.00160703,1.07145,-0.00629447,2.0696
7.604,-0.00189921,1.06447,-0.00588396,2.06704,-0.00164355,1.07145,-0.00629447,2.0696
7.606,-0.00186269,1.0645,-0.00592957,2.06704,-0.00160703,1.07145,-0.00629447,2.0696
7.608,-0.00189921,1.06447,-0.00588396,2.06695,-0.00160703,1.07142,-0.00634008,2.06951
7.61,-0.00189921,1.06447,-0.00588396,2.06704,-0.00160703,1.07142,-0.00624886,2.06951
7.612,-0.00189921,1.0645,-0.00592957,2.06704,-0.00160703,1.07145,-0.00629447,2.06951
7.614,-0.00186269,1.0645,-0.00592957,2.06704,-0.0015705,1.0714,-0.00629447,2.06951
7.616,-0.00186269,1.06447,-0.00597519,2.06704,-0.00160703,1.07145,-0.00629447,2.0696
7.618,-0.00186269,1.06447,-0.00588396,2.06704,-0.00160703,1.07145,-0.00629447,2.0696
7.62,-0.00186269,1.06447,-0.00588396,2.06695,-0.00160703,1.07145,-0.00629447,2.06951
7.622,-0.00186269,1.0645,-0.00592957,2.06704,-0.00160703,1.07142,-0.00634008,2.06951
7.624,-0.00189921,1.0645,-0.00592957,2.06704,-0.0015705,1.07142,-0.00634008,2.06951
7.626,-0.00189921,1.0645,-0.00592957,2.06704,-0.00160703,1.07142,-0.00624886,2.0696
7.628,-0.00189921,1.0645,-0.00592957,2.06704,-0.00160703,1.07145,-0.00629447,2.06951
7.63,-0.00186269,1.06447,-0.00588396,2.06704,-0.00164355,1.07148,-0.00624886,2.06951
7.632,-0.00186269,1.06447,-0.00588396,2.06695,-0.00164355,1.07145,-0.00629447,2.06951
7.634,-0.00186269,1.0645,-0.00592957,2.06695,-0.00160703,1.07142,-0.00624886,2.0696
7.636,-0.00186269,1.0645,-0.00592957,2.06704,-0.00160703,1.07145,-0.00629447,2.06951
7.638,-0.00186269,1.0645,-0.00592957,2.06704,-0.00160703,1.07145,-0.00629447,2.0696
7.64,-0.00186269,1.0645,-0.00592957,2.06704,-0.00160703,1.07142,-0.00634008,2.06951
7.642,-0.00189921,1.06447,-0.00588396,2.06704,-0.00160703,1.07145,-0.00629447,2.06951
7.644,-0.00189921,1.06447,-0.00588396,2.06704,-0.0015705,1.07145,-0.00629447,2.06951
7.646,-0.00186269,1.0645,-0.00592957,2.06704,-0.00160703,1.07145,-0.00629447,2.0696
7.648,-0.00186269,1.0645,-0.00592957,2.06695,-0.00160703,1.07145,-0.00629447,2.0696
7.65,-0.00186269,1.0645,-0.00592957,2.06695,-0.00160703,1.07145,-0.00629447,2.06951
7.652,-0.00189921,1.0645,-0.00592957,2.06704,-0.00160703,1.07145,-0.00629447,2.06951
7.654,-0.00189921,1.06447,-0.00588396,2.06704,-0.00164355,1.07142,-0.00634008,2.06951
7.656,-0.00186269,1.0645,-0.00592957,2.06704,-0.00160703,1.07148,-0.00624886,2.06951
7.658,-0.00186269,1.0645,-0.00592957,2.06704,-0.00160703,1.07145,-0.00629447,2.0696
7.66,-0.00186269,1.0645,-0.00592957,2.06704,-0.00160703,1.07145,-0.00629447,2.0696
7.662,-0.00186269,1.0645,-0.00592957,2.06695,-0.00160703,1.07145,-0.00629447,2.0696
7.664,-0.00186269,1.06447,-0.00588396,2.06695,-0.00164355,1.07145,-0.00629447,2.06951
7.666,-0.00186269,1.0645,-0.00592957,2.06704,-0.0015705,1.07148,-0.00624886,2.06951
7.668,-0.00186269,1.0645,-0.00592957,2.06704,-0.00168007,1.07142,-0.00634008,2.0696
7.67,-0.00186269,1.0645,-0.00592957,2.06704,-0.00160703,1.07145,-0.00629447,2.06951
7.672,-0.00186269,1.06447,-0.00588396,2.06704,-0.0015705,1.07145,-0.00629447,2.06951
7.674,-0.00186269,1.06447,-0.00588396,2.06695,-0.00160703,1.07142,-0.00634008,2.0696
7.676,-0.00186269,1.0645,-0.00592957,2.06704,-0.00160703,1.07142,-0.00624886,2.0696
7.678,-0.00186269,1.0645,-0.00592957,2.06695,-0.0015705,1.07142,-0.00624886,2.0696
7.68,-0.00186269,1.0645,-0.00592957,2.06695,-0.0015705,1.07148,-0.00624886,2.0696
7.682,-0.00186269,1.0645,-0.00592957,2.06695,-0.00160703,1.07142,-0.00624886,2.06951
7.684,-0.00189921,1.06447,-0.00588396,2.06704,-0.0015705,1.07142,-0.00634008,2.06951
7.686,-0.00186269,1.0645,-0.00592957,2.06704,-0.00160703,1.07145,-0.00629447,2.06951
7.688,-0.00186269,1.0645,-0.00592957,2.06704,-0.00160703,1.07145,-0.00629447,2.06951
7.69,-0.00189921,1.0645,-0.00592957,2.06704,-0.00160703,1.0714,-0.00629447,2.0696
7.692,-0.00186269,1.06447,-0.00588396,2.06704,-0.00164355,1.07142,-0.00624886,2.06951
7.694,-0.00189921,1.0645,-0.00592957,2.06704,-0.00164355,1.07148,-0.00624886,2.06951
7.696,-0.00189921,1.06447,-0.00588396,2.06704,-0.00160703,1.07142,-0.00624886,2.06951
7.698,-0.00189921,1.06447,-0.00588396,2.06704,-0.00160703,1.07145,-0.00629447,2.06951
7.7,-0.00189921,1.06447,-0.00588396,2.06704,-0.00160703,1.07145,-0.00629447,2.06951
7.702,-0.00189921,1.06447,-0.00588396,2.06704,-0.00160703,1.07145,-0.00629447,2.0696
7.704,-0.00186269,1.0645,-0.00592957,2.06695,-0.00160703,1.0714,-0.00629447,2.06951
7.706,-0.00186269,1.0645,-0.00592957,2.06704,-0.00160703,1.0714,-0.00629447,2.0696
7.708,-0.00186269,1.0645,-0.00592957,2.06704,-0.00164355,1.07145,-0.00629447,2.06951
7.71,-0.00186269,1.06447,-0.00588396,2.06704,-0.00160703,1.07145,-0.00629447,2.06951
7.712,-0.00186269,1.06447,-0.00588396,2.06704,-0.00164355,1.07145,-0.00629447,2.06951
7.714,-0.00189921,1.0645,-0.00592957,2.06695,-0.00164355,1.07145,-0.00629447,2.0696
7.716,-0.00186269,1.0645,-0.00592957,2.06695,-0.00164355,1.07145,-0.00629447,2.06951
7.718,-0.00186269,1.0645,-0.00592957,2.06695,-0.00160703,1.07145,-0.00629447,2.06951
7.72,-0.00186269,1.0645,-0.00592957,2.06704,-0.0015705,1.0714,-0.00629447,2.06951
7.722,-0.00186269,1.06447,-0.00588396,2.06695,-0.0015705,1.07145,-0.00629447,2.06951
7.724,-0.00186269,1.0645,-0.00592957,2.06704,-0.00164355,1.07142,-0.00634008,2.06951
7.726,-0.00186269,1.0645,-0.00592957,2.06704,-0.0015705,1.07145,-0.00629447,2.06951
7.728,-0.00189921,1.0645,-0.00592957,2.06704,-0.00164355,1.07142,-0.00624886,2.0696
7.73,-0.00186269,1.06447,-0.00588396,2.06704,-0.00160703,1.07142,-0.00634008,2.06951
7.732,-0.00189921,1.0645,-0.00592957,2.06704,-0.00160703,1.07145,-0.00629447,2.0696
7.734,-0.00189921,1.0645,-0.00592957,2.06695,-0.0015705,1.07145,-0.00629447,2.06951
7.736,-0.00189921,1.0645,-0.00592957,2.06695,-0.00164355,1.07145,-0.00629447,2.0696
7.738,-0.00186269,1.06447,-0.00588396,2.06704,-0.00164355,1.07145,-0.00629447,2.06951
7.74,-0.00186269,1.0645,-0.00592957,2.06704,-0.00164355,1.07145,-0.00629447,2.0696
7.742,-0.00186269,1.0645,-0.00592957,2.06704,-0.00164355,1.07142,-0.00634008,2.06951
7.744,-0.00186269,1.0645,-0.00592957,2.06704,-0.00160703,1.07145,-0.00629447,2.06951
7.746,-0.00186269,1.0645,-0.00592957,2.06704,-0.00164355,1.07145,-0.00629447,2.0696
7.748,-0.00186269,1.0645,-0.00592957,2.06704,-0.00160703,1.07145,-0.00629447,2.0696
7.75,-0.00189921,1.06445,-0.00592957,2.06704,-0.00160703,1.07145,-0.00629447,2.06951
7.752,-0.00186269,1.0645,-0.00592957,2.06704,-0.00164355,1.07145,-0.00629447,2.0696
7.754,-0.00186269,1.06447,-0.00588396,2.06704,-0.00160703,1.07142,-0.00634008,2.0696
7.756,-0.00186269,1.0645,-0.00592957,2.06704,-0.00164355,1.07145,-0.00629447,2.06951
7.758,-0.00186269,1.0645,-0.00592957,2.06704,-0.00160703,1.0714,-0.00629447,2.0696
7.76,-0.00186269,1.0645,-0.00592957,2.06704,-0.00164355,1.07142,-0.00634008,2.0696
7.762,-0.00186269,1.06447,-0.00588396,2.06695,-0.00160703,1.07148,-0.00624886,2.0696
7.764,-0.00186269,1.06447,-0.00588396,2.06704,-0.00160703,1.07142,-0.00634008,2.0696
7.766,-0.00186269,1.0645,-0.00592957,2.06695,-0.00160703,1.07142,-0.00624886,2.06951
7.768,-0.00186269,1.0645,-0.00592957,2.06695,-0.00160703,1.07145,-0.00629447,2.06951
7.77,-0.00186269,1.06447,-0.00588396,2.06704,-0.00160703,1.07142,-0.00634008,2.06951
7.772,-0.00186269,1.0645,-0.00592957,2.06704,-0.00160703,1.07142,-0.00624886,2.06951
7.774,-0.00186269,1.06447,-0.00588396,2.06695,-0.00160703,1.07142,-0.00634008,2.06951
7.776,-0.00186269,1.0645,-0.00592957,2.06695,-0.00164355,1.07145,-0.00629447,2.06951
7.778,-0.00186269,1.0645,-0.00592957,2.06704,-0.0015705,1.07145,-0.00629447,2.0696
7.78,-0.00186269,1.0645,-0.00592957,2.06695,-0.00160703,1.07145,-0.00629447,2.06951
7.782,-0.00186269,1.06447,-0.00588396,2.06695,-0.00160703,1.07145,-0.00629447,2.06951
7.784,-0.00186269,1.06447,-0.00588396,2.06695,-0.00164355,1.07142,-0.00634008,2.0696
7.786,-0.00186269,1.0645,-0.00592957,2.06704,-0.00164355,1.0714,-0.00629447,2.0696
7.788,-0.00186269,1.0645,-0.00592957,2.06704,-0.00164355,1.0714,-0.00629447,2.06951
7.79,-0.00186269,1.06447,-0.00588396,2.06704,-0.00160703,1.07145,-0.00629447,2.06951
7.792,-0.00186269,1.06447,-0.00588396,2.06704,-0.00160703,1.07142,-0.00624886,2.0696
7.794,-0.00186269,1.06447,-0.00588396,2.06704,-0.00160703,1.07142,-0.00634008,2.06951
7.796,-0.00186269,1.0645,-0.00592957,2.06704,-0.0015705,1.07145,-0.00629447,2.0696
7.798,-0.00186269,1.06447,-0.00588396,2.06704,-0.00160703,1.07142,-0.00634008,2.06951
7.8,-0.00186269,1.0645,-0.00592957,2.06695,-0.00164355,1.07142,-0.00624886,2.06951
7.802,-0.00186269,1.0645,-0.00592957,2.06695,-0.00160703,1.07142,-0.00624886,2.06951
7.804,-0.00186269,1.0645,-0.00592957,2.06704,-0.00164355,1.07142,-0.00624886,2.06951
7.806,-0.00189921,1.0645,-0.00592957,2.06704,-0.00160703,1.07145,-0.00629447,2.06951
7.808,-0.00189921,1.06447,-0.00588396,2.06695,-0.00160703,1.07142,-0.00634008,2.0696
7.81,-0.00186269,1.0645,-0.00592957,2.06704,-0.00160703,1.07145,-0.00629447,2.06951
7.812,-0.00186269,1.0645,-0.00592957,2.06704,-0.00160703,1.07145,-0.00629447,2.0696
7.814,-0.00186269,1.0645,-0.00592957,2.06704,-0.00164355,1.07145,-0.00629447,2.06951
7.816,-0.00186269,1.0645,-0.00592957,2.06704,-0.00160703,1.07145,-0.00629447,2.0696
7.818,-0.00186269,1.0645,-0.00592957,2.06704,-0.00164355,1.07142,-0.00624886,2.0696
7.82,-0.00186269,1.0645,-0.00592957,2.06704,-0.00164355,1.07142,-0.00624886,2.0696
7.822,-0.00186269,1.06447,-0.00588396,2.06704,-0.00160703,1.07145,-0.00629447,2.0696
7.824,-0.00186269,1.0645,-0.00592957,2.06704,-0.00160703,1.07145,-0.00629447,2.06951
7.826,-0.00189921,1.0645,-0.00592957,2.06704,-0.00160703,1.07145,-0.00629447,2.06951
7.828,-0.00186269,1.06447,-0.00588396,2.06704,-0.00160703,1.07142,-0.00634008,2.0696
7.83,-0.00186269,1.0645,-0.00592957,2.06704,-0.00160703,1.07145,-0.00629447,2.0696
7.832,-0.00186269,1.0645,-0.00592957,2.06704,-0.00160703,1.07145,-0.00629447,2.0696
7.834,-0.00186269,1.0645,-0.00592957,2.06704,-0.00160703,1.07145,-0.00629447,2.0696
7.836,-0.00186269,1.0645,-0.00592957,2.06695,-0.00160703,1.07145,-0.00629447,2.0696
7.838,-0.00186269,1.06447,-0.00588396,2.06704,-0.00160703,1.07145,-0.00629447,2.06951
7.84,-0.00186269,1.06447,-0.00588396,2.06704,-0.00160703,1.07145,-0.00629447,2.06951
7.842,-0.00186269,1.0645,-0.00592957,2.06704,-0.00160703,1.07145,-0.00629447,2.0696
7.844,-0.00189921,1.0645,-0.00592957,2.06704,-0.0015705,1.07145,-0.00629447,2.0696
7.846,-0.00186269,1.0645,-0.00592957,2.06704,-0.00164355,1.07145,-0.00629447,2.0696
7.848,-0.00186269,1.0645,-0.00592957,2.06704,-0.00160703,1.07145,-0.00629447,2.0696
7.85,-0.00186269,1.06447,-0.00588396,2.06704,-0.00160703,1.07142,-0.00634008,2.06951
7.852,-0.00186269,1.06447,-0.00588396,2.06704,-0.00160703,1.07142,-0.00624886,2.06951
7.854,-0.00186269,1.0645,-0.00592957,2.06704,-0.00164355,1.07145,-0.00629447,2.06951
7.856,-0.00186269,1.0645,-0.00592957,2.06704,-0.00160703,1.07145,-0.00629447,2.06951
7.858,-0.00186269,1.06447,-0.00597519,2.06704,-0.00160703,1.07142,-0.00634008,2.06951
7.86,-0.00186269,1.06447,-0.00588396,2.06704,-0.00164355,1.07145,-0.00629447,2.0696
7.862,-0.00186269,1.0645,-0.00592957,2.06704,-0.00160703,1.07142,-0.00634008,2.0696
7.864,-0.00186269,1.0645,-0.00592957,2.06704,-0.00160703,1.07142,-0.00624886,2.06951
7.866,-0.00186269,1.0645,-0.00592957,2.06704,-0.00164355,1.07145,-0.00629447,2.06951
7.868,-0.00186269,1.0645,-0.00592957,2.06704,-0.0015705,1.07145,-0.00629447,2.06951
7.87,-0.00186269,1.0645,-0.00592957,2.06704,-0.00160703,1.07142,-0.00624886,2.0696
7.872,-0.00186269,1.0645,-0.00592957,2.06704,-0.00160703,1.07142,-0.00634008,2.06951
7.874,-0.00189921,1.06447,-0.00588396,2.06704,-0.00160703,1.0714,-0.00629447,2.0696
7.876,-0.00186269,1.0645,-0.00592957,2.06704,-0.00160703,1.07145,-0.00629447,2.06951
7.878,-0.00186269,1.0645,-0.00592957,2.06704,-0.00160703,1.07142,-0.00624886,2.06951
7.88,-0.00186269,1.0645,-0.00592957,2.06704,-0.00160703,1.07142,-0.00624886,2.06951
7.882,-0.00186269,1.06447,-0.00588396,2.06704,-0.00160703,1.07145,-0.00629447,2.06951
7.884,-0.00186269,1.06447,-0.00588396,2.06704,-0.0015705,1.07145,-0.00629447,2.0696
7.886,-0.00186269,1.06447,-0.00588396,2.06704,-0.0015705,1.07145,-0.00629447,2.0696
7.888,-0.00186269,1.06447,-0.00588396,2.06704,-0.00164355,1.07142,-0.00634008,2.0696
7.89,-0.00186269,1.0645,-0.00592957,2.06704,-0.00160703,1.07145,-0.00629447,2.06951
7.892,-0.00186269,1.0645,-0.00592957,2.06704,-0.00164355,1.07142,-0.00634008,2.06951
7.894,-0.00186269,1.0645,-0.00592957,2.06704,-0.0015705,1.07142,-0.00624886,2.06951
7.896,-0.00186269,1.0645,-0.00592957,2.06704,-0.00160703,1.07145,-0.00629447,2.06951
7.898,-0.00186269,1.06447,-0.00588396,2.06695,-0.0015705,1.07145,-0.00629447,2.06951
7.9,-0.00186269,1.06447,-0.00588396,2.06695,-0.00164355,1.07145,-0.00629447,2.06951
7.902,-0.00186269,1.0645,-0.00592957,2.06695,-0.00160703,1.07145,-0.00629447,2.0696
7.904,-0.00186269,1.0645,-0.00592957,2.06704,-0.00164355,1.07145,-0.00629447,2.0696
7.906,-0.00186269,1.06447,-0.00588396,2.06704,-0.00160703,1.07142,-0.00634008,2.06951
7.908,-0.00186269,1.06447,-0.00588396,2.06704,-0.00164355,1.07142,-0.00624886,2.06951
7.91,-0.00186269,1.0645,-0.00592957,2.06704,-0.00160703,1.07145,-0.00629447,2.06951
7.912,-0.00186269,1.0645,-0.00592957,2.06695,-0.0015705,1.07142,-0.00624886,2.0696
7.914,-0.00186269,1.0645,-0.00592957,2.06704,-0.00160703,1.07145,-0.00629447,2.0696
7.916,-0.00186269,1.0645,-0.00592957,2.06695,-0.00160703,1.07145,-0.00629447,2.06951
7.918,-0.00186269,1.06447,-0.00588396,2.06695,-0.00160703,1.07145,-0.00629447,2.0696
7.92,-0.00186269,1.06447,-0.00588396,2.06704,-0.00160703,1.07145,-0.00629447,2.06951
7.922,-0.00186269,1.06447,-0.00588396,2.06704,-0.0015705,1.07145,-0.00629447,2.0696
7.924,-0.00186269,1.06447,-0.00588396,2.06704,-0.00160703,1.07145,-0.00629447,2.06951
7.926,-0.00186269,1.0645,-0.00592957,2.06704,-0.00160703,1.0714,-0.00629447,2.06951
7.928,-0.00186269,1.06447,-0.00588396,2.06695,-0.00160703,1.07142,-0.00624886,2.06951
7.93,-0.00186269,1.06447,-0.00588396,2.06695,-0.00164355,1.07142,-0.00624886,2.06951
7.932,-0.00186269,1.0645,-0.00592957,2.06695,-0.0015705,1.07142,-0.00624886,2.06951
7.934,-0.00186269,1.06445,-0.00592957,2.06695,-0.0015705,1.07145,-0.00629447,2.06951
7.936,-0.00186269,1.06447,-0.00588396,2.06704,-0.00160703,1.07145,-0.00629447,2.06951
7.938,-0.00189921,1.06447,-0.00588396,2.06704,-0.00164355,1.07142,-0.00624886,2.06951
7.94,-0.00189921,1.0645,-0.00592957,2.06704,-0.00160703,1.07145,-0.00629447,2.06951
7.942,-0.00186269,1.06447,-0.00588396,2.06704,-0.0015705,1.07145,-0.00629447,2.06951
7.944,-0.00186269,1.06447,-0.00588396,2.06704,-0.00160703,1.07145,-0.00629447,2.0696
7.946,-0.00189921,1.06447,-0.00588396,2.06704,-0.0015705,1.07145,-0.00620325,2.0696
7.948,-0.00186269,1.06447,-0.00588396,2.06704,-0.0015705,1.07145,-0.00629447,2.0696
7.95,-0.00186269,1.06447,-0.00588396,2.06695,-0.00160703,1.07145,-0.00620325,2.0696
7.952,-0.00186269,1.06447,-0.00588396,2.06704,-0.00164355,1.07145,-0.00629447,2.0696
7.954,-0.00186269,1.06447,-0.00588396,2.06704,-0.00160703,1.07142,-0.00624886,2.06951
7.956,-0.00186269,1.0645,-0.00592957,2.06704,-0.00164355,1.07142,-0.00624886,2.0696
7.958,-0.00186269,1.0645,-0.00592957,2.06704,-0.0015705,1.07145,-0.00629447,2.0696
7.96,-0.00186269,1.06447,-0.00588396,2.06704,-0.0015705,1.07145,-0.00629447,2.06951
7.962,-0.00186269,1.06445,-0.00592957,2.06704,-0.00160703,1.07148,-0.00624886,2.06951
7.964,-0.00186269,1.06447,-0.00588396,2.06704,-0.0015705,1.07145,-0.00629447,2.06951
7.966,-0.00186269,1.0645,-0.00592957,2.06704,-0.00160703,1.0714,-0.00629447,2.06951
7.968,-0.00186269,1.0645,-0.00592957,2.06704,-0.00160703,1.07142,-0.00634008,2.06951
7.97,-0.00186269,1.06447,-0.00588396,2.06704,-0.00160703,1.07142,-0.00624886,2.0696
7.972,-0.00186269,1.06447,-0.00588396,2.06704,-0.0015705,1.07145,-0.00629447,2.06951
7.974,-0.00186269,1.06447,-0.00588396,2.06704,-0.00160703,1.07145,-0.00629447,2.0696
7.976,-0.00186269,1.06447,-0.00588396,2.06704,-0.00160703,1.07142,-0.00624886,2.0696
7.978,-0.00186269,1.0645,-0.00592957,2.06695,-0.00160703,1.07145,-0.00629447,2.06951
7.98,-0.00189921,1.0645,-0.00592957,2.06695,-0.00160703,1.07142,-0.00624886,2.06951
7.982,-0.00186269,1.06447,-0.00588396,2.06695,-0.0015705,1.07142,-0.00634008,2.06951
7.984,-0.00186269,1.06447,-0.00588396,2.06695,-0.00153398,1.07145,-0.00629447,2.0696
7.986,-0.00186269,1.06447,-0.00588396,2.06695,-0.00160703,1.07148,-0.00624886,2.0696
7.988,-0.00186269,1.0645,-0.00592957,2.06704,-0.00160703,1.07148,-0.00624886,2.0696
7.99,-0.00186269,1.0645,-0.00592957,2.06704,-0.00160703,1.07145,-0.00629447,2.06951
7.992,-0.00186269,1.06447,-0.00588396,2.06695,-0.00160703,1.07142,-0.00634008,2.06951
7.994,-0.00186269,1.0645,-0.00592957,2.06704,-0.00160703,1.07145,-0.00629447,2.06951
7.996,-0.00186269,1.0645,-0.00592957,2.06704,-0.00164355,1.07142,-0.00624886,2.06951
7.998,-0.00186269,1.0645,-0.00592957,2.06695,-0.0015705,1.07145,-0.00629447,2.0696
8,-0.00186269,1.06447,-0.00588396,2.06695,-0.00164355,1.07145,-0.00629447,2.0696
8.002,-0.00186269,1.0645,-0.00592957,2.06704,-0.00160703,1.07142,-0.00624886,2.0696
8.004,-0.00186269,1.06447,-0.00588396,2.06704,-0.00160703,1.07145,-0.00629447,2.06951
8.006,-0.00186269,1.06447,-0.00588396,2.06704,-0.00164355,1.07145,-0.00629447,2.06951
8.008,-0.00186269,1.06447,-0.00588396,2.06704,-0.00160703,1.07142,-0.00624886,2.06951
8.01,-0.00186269,1.0645,-0.00592957,2.06704,-0.00160703,1.07145,-0.00629447,2.06951
8.012,-0.00186269,1.0645,-0.00592957,2.06704,-0.00160703,1.07145,-0.00629447,2.0696
8.014,-0.00186269,1.0645,-0.00592957,2.06695,-0.00160703,1.0714,-0.00629447,2.06951
8.016,-0.00186269,1.06447,-0.00588396,2.06695,-0.00164355,1.07142,-0.00624886,2.06951
8.018,-0.00186269,1.06447,-0.00588396,2.06704,-0.0015705,1.07145,-0.00629447,2.06951
8.02,-0.00186269,1.06447,-0.00588396,2.06704,-0.00160703,1.07145,-0.00629447,2.06951
8.022,-0.00186269,1.0645,-0.00592957,2.06704,-0.00160703,1.07142,-0.00624886,2.06951
8.024,-0.00186269,1.0645,-0.00592957,2.06704,-0.0015705,1.07142,-0.00624886,2.06951
8.026,-0.00186269,1.0645,-0.00592957,2.06704,-0.00160703,1.07142,-0.00624886,2.06951
8.028,-0.00186269,1.0645,-0.00592957,2.06704,-0.00160703,1.07145,-0.00629447,2.0696
8.03,-0.00186269,1.06447,-0.00588396,2.06704,-0.00160703,1.07145,-0.00629447,2.0696
8.032,-0.00186269,1.06447,-0.00588396,2.06704,-0.00160703,1.07145,-0.00629447,2.0696
8.034,-0.00186269,1.06447,-0.00588396,2.06704,-0.0015705,1.07145,-0.00629447,2.06951
8.036,-0.00186269,1.06447,-0.00588396,2.06695,-0.00160703,1.0714,-0.00629447,2.06951
8.038,-0.00186269,1.0645,-0.00592957,2.06695,-0.00160703,1.0714,-0.00629447,2.0696
8.04,-0.00189921,1.0645,-0.00592957,2.06704,-0.00160703,1.07142,-0.00624886,2.06951
8.042,-0.00186269,1.06447,-0.00588396,2.06704,-0.00164355,1.07142,-0.00624886,2.0696
8.044,-0.00189921,1.06447,-0.00588396,2.06704,-0.00160703,1.07145,-0.00629447,2.0696
8.046,-0.00186269,1.06447,-0.00588396,2.06704,-0.0015705,1.07145,-0.00629447,2.0696
8.048,-0.00186269,1.0645,-0.00592957,2.06695,-0.00164355,1.07142,-0.00624886,2.06951
8.05,-0.00186269,1.0645,-0.00592957,2.06704,-0.00160703,1.07145,-0.00629447,2.0696
8.052,-0.00186269,1.0645,-0.00592957,2.06704,-0.0015705,1.07145,-0.00629447,2.06951
8.054,-0.00189921,1.0645,-0.00592957,2.06704,-0.00164355,1.07145,-0.00629447,2.0696
8.056,-0.00186269,1.06447,-0.00588396,2.06704,-0.00160703,1.07145,-0.00629447,2.06951
8.058,-0.00186269,1.06447,-0.00588396,2.06704,-0.00164355,1.07142,-0.00634008,2.0696
8.06,-0.00186269,1.06447,-0.00588396,2.06704,-0.0015705,1.07145,-0.00629447,2.06951
8.062,-0.00186269,1.06447,-0.00588396,2.06704,-0.00160703,1.07142,-0.00634008,2.0696
8.064,-0.00186269,1.06447,-0.00588396,2.06695,-0.00160703,1.07145,-0.00629447,2.0696
8.066,-0.00189921,1.06447,-0.00588396,2.06704,-0.00160703,1.0714,-0.00629447,2.0696
8.068,-0.00186269,1.06447,-0.00588396,2.06704,-0.0015705,1.0714,-0.00629447,2.06951
8.07,-0.00186269,1.06447,-0.00588396,2.06704,-0.00164355,1.07145,-0.00629447,2.06951
8.072,-0.00186269,1.0645,-0.00592957,2.06704,-0.00160703,1.07142,-0.00624886,2.06951
8.074,-0.00186269,1.06447,-0.00588396,2.06704,-0.00160703,1.07145,-0.00629447,2.0696
8.076,-0.00186269,1.06447,-0.00588396,2.06704,-0.00164355,1.07142,-0.00624886,2.0696
8.078,-0.00186269,1.06447,-0.00588396,2.06704,-0.0015705,1.07145,-0.00629447,2.0696
8.08,-0.00189921,1.06447,-0.00588396,2.06695,-0.00164355,1.07145,-0.00629447,2.0696
8.082,-0.00189921,1.0645,-0.00592957,2.06704,-0.00160703,1.07142,-0.00624886,2.06951
8.084,-0.00186269,1.06447,-0.00588396,2.06695,-0.00160703,1.07145,-0.00629447,2.06951
8.086,-0.00186269,1.06447,-0.00588396,2.06704,-0.00160703,1.07145,-0.00629447,2.06951
8.088,-0.00186269,1.06447,-0.00588396,2.06704,-0.00160703,1.07142,-0.00634008,2.06951
8.09,-0.00186269,1.0645,-0.00592957,2.06704,-0.00160703,1.07145,-0.00629447,2.06951
8.092,-0.00186269,1.0645,-0.00592957,2.06704,-0.00160703,1.07142,-0.00624886,2.06951
8.094,-0.00189921,1.0645,-0.00592957,2.06695,-0.0015705,1.07145,-0.00629447,2.06951
8.096,-0.00186269,1.0645,-0.00592957,2.06695,-0.00164355,1.07145,-0.00629447,2.0696
8.098,-0.00186269,1.06445,-0.00592957,2.06695,-0.00160703,1.07148,-0.00624886,2.06951
8.1,-0.00186269,1.06445,-0.00592957,2.06695,-0.00160703,1.07145,-0.00629447,2.06951
8.102,-0.00186269,1.0645,-0.00592957,2.06695,-0.0015705,1.07145,-0.00629447,2.06951
8.104,-0.00186269,1.0645,-0.00592957,2.06695,-0.00160703,1.07145,-0.00629447,2.06951
8.106,-0.00186269,1.0645,-0.00592957,2.06695,-0.00160703,1.07145,-0.00629447,2.0696
8.108,-0.00186269,1.0645,-0.00592957,2.06704,-0.00160703,1.07145,-0.00629447,2.06951
8.11,-0.00186269,1.0645,-0.00592957,2.06704,-0.00160703,1.07145,-0.00629447,2.06951
8.112,-0.00186269,1.06447,-0.00588396,2.06695,-0.00164355,1.07145,-0.00629447,2.06951
8.114,-0.00186269,1.06447,-0.00588396,2.06704,-0.0015705,1.07145,-0.00629447,2.06951
8.116,-0.00186269,1.06447,-0.00588396,2.06695,-0.00164355,1.07142,-0.00634008,2.0696
8.118,-0.00186269,1.06447,-0.00588396,2.06704,-0.00160703,1.07145,-0.00629447,2.0696
8.12,-0.00186269,1.0645,-0.00592957,2.06704,-0.00164355,1.07142,-0.00624886,2.0696
8.122,-0.00186269,1.0645,-0.00592957,2.06704,-0.00160703,1.07142,-0.00634008,2.06951
8.124,-0.00186269,1.0645,-0.00592957,2.06704,-0.00164355,1.07145,-0.00629447,2.06951
8.126,-0.00186269,1.06447,-0.00588396,2.06704,-0.00164355,1.07145,-0.00629447,2.06951
8.128,-0.00186269,1.06447,-0.00588396,2.06704,-0.00160703,1.07145,-0.00629447,2.0696
8.13,-0.00189921,1.06447,-0.00588396,2.06695,-0.00160703,1.07145,-0.00629447,2.06951
8.132,-0.00186269,1.0645,-0.00592957,2.06704,-0.00160703,1.07142,-0.00624886,2.06951
8.134,-0.00186269,1.0645,-0.00592957,2.06704,-0.0015705,1.07142,-0.00634008,2.0696
8.136,-0.00186269,1.0645,-0.00592957,2.06704,-0.0015705,1.07142,-0.00634008,2.0696
8.138,-0.00186269,1.06447,-0.00588396,2.06704,-0.00160703,1.07145,-0.00629447,2.06951
8.14,-0.00186269,1.06447,-0.00588396,2.06704,-0.00160703,1.07145,-0.00629447,2.06951
8.142,-0.00189921,1.06447,-0.00588396,2.06704,-0.00160703,1.07145,-0.00629447,2.0696
8.144,-0.00186269,1.0645,-0.00592957,2.06704,-0.00160703,1.07145,-0.00629447,2.06951
8.146,-0.00186269,1.0645,-0.00592957,2.06704,-0.00160703,1.07148,-0.00624886,2.06951
8.148,-0.00186269,1.0645,-0.00592957,2.06695,-0.00160703,1.07142,-0.00624886,2.06951
8.15,-0.00189921,1.06447,-0.00588396,2.06704,-0.0015705,1.07142,-0.00624886,2.0696
8.152,-0.00186269,1.06447,-0.00588396,2.06704,-0.00164355,1.07142,-0.00624886,2.0696
8.154,-0.00186269,1.0645,-0.00592957,2.06695,-0.0015705,1.07145,-0.00629447,2.0696
8.156,-0.00186269,1.06447,-0.00588396,2.06695,-0.0015705,1.07142,-0.00624886,2.06951
8.158,-0.00186269,1.0645,-0.00592957,2.06704,-0.00164355,1.07142,-0.00624886,2.0696
8.16,-0.00186269,1.0645,-0.00592957,2.06704,-0.00160703,1.0714,-0.00629447,2.06951
8.162,-0.00186269,1.06447,-0.00588396,2.06704,-0.00160703,1.07145,-0.00629447,2.0696
8.164,-0.00186269,1.06447,-0.00588396,2.06704,-0.00164355,1.07142,-0.00634008,2.06951
8.166,-0.00186269,1.0645,-0.00592957,2.06704,-0.0015705,1.07145,-0.00629447,2.06951
8.168,-0.00186269,1.06447,-0.00588396,2.06695,-0.00160703,1.07142,-0.00634008,2.0696
8.17,-0.00186269,1.06447,-0.00588396,2.06695,-0.00160703,1.07145,-0.00629447,2.0696
8.172,-0.00186269,1.0645,-0.00592957,2.06695,-0.00160703,1.07142,-0.00624886,2.0696
8.174,-0.00186269,1.0645,-0.00592957,2.06704,-0.00160703,1.07142,-0.00624886,2.06951
8.176,-0.00186269,1.0645,-0.00592957,2.06704,-0.00160703,1.07142,-0.00624886,2.06951
8.178,-0.00186269,1.06447,-0.00588396,2.06704,-0.00160703,1.07142,-0.00624886,2.06951
8.18,-0.00186269,1.06447,-0.00588396,2.06704,-0.00160703,1.07142,-0.00634008,2.0696
8.182,-0.00186269,1.06447,-0.00588396,2.06695,-0.0015705,1.07145,-0.00629447,2.0696
8.184,-0.00186269,1.0645,-0.00592957,2.06695,-0.00160703,1.07142,-0.00624886,2.0696
8.186,-0.00186269,1.0645,-0.00592957,2.06695,-0.00160703,1.07142,-0.00634008,2.06951
8.188,-0.00189921,1.0645,-0.00592957,2.06695,-0.00164355,1.07145,-0.00629447,2.0696
8.19,-0.00189921,1.0645,-0.00592957,2.06695,-0.00160703,1.07145,-0.00629447,2.06951
8.192,-0.00186269,1.06447,-0.00588396,2.06704,-0.00160703,1.07145,-0.00629447,2.06951
8.194,-0.00186269,1.06447,-0.00588396,2.06704,-0.00160703,1.07145,-0.00629447,2.06951
8.196,-0.00186269,1.0645,-0.00592957,2.06695,-0.00160703,1.07145,-0.00629447,2.06951
8.198,-0.00186269,1.0645,-0.00592957,2.06695,-0.0015705,1.07145,-0.00629447,2.0696
8.2,-0.00186269,1.0645,-0.00592957,2.06695,-0.0015705,1.07142,-0.00624886,2.0696
8.202,-0.00189921,1.0645,-0.00592957,2.06695,-0.00164355,1.07145,-0.00629447,2.06951
8.204,-0.00186269,1.06447,-0.00588396,2.06704,-0.00160703,1.07145,-0.00629447,2.06951
8.206,-0.00186269,1.06447,-0.00588396,2.06695,-0.00160703,1.07145,-0.00620325,2.06951
8.208,-0.00186269,1.0645,-0.00592957,2.06704,-0.0015705,1.07142,-0.00624886,2.0696
8.21,-0.00186269,1.0645,-0.00592957,2.06704,-0.00164355,1.07145,-0.00629447,2.06951
8.212,-0.00186269,1.06447,-0.00588396,2.06695,-0.00160703,1.07142,-0.00634008,2.0696
8.214,-0.00189921,1.06447,-0.00588396,2.06695,-0.0015705,1.07142,-0.00634008,2.0696
8.216,-0.00186269,1.06447,-0.00588396,2.06695,-0.00160703,1.07142,-0.00624886,2.0696
8.218,-0.00186269,1.0645,-0.00592957,2.06704,-0.00164355,1.07142,-0.00624886,2.06951
8.22,-0.00186269,1.0645,-0.00592957,2.06704,-0.00164355,1.07145,-0.00629447,2.06951
8.222,-0.00186269,1.0645,-0.00592957,2.06704,-0.00160703,1.07145,-0.00629447,2.06951
8.224,-0.00186269,1.06447,-0.00588396,2.06704,-0.0015705,1.07145,-0.00629447,2.0696
8.226,-0.00186269,1.06447,-0.00588396,2.06704,-0.00160703,1.07142,-0.00624886,2.0696
8.228,-0.00186269,1.06445,-0.00592957,2.06704,-0.00160703,1.0714,-0.00629447,2.0696
8.23,-0.00189921,1.0645,-0.00592957,2.06695,-0.00160703,1.07142,-0.00624886,2.0696
8.232,-0.00189921,1.0645,-0.00592957,2.06695,-0.00164355,1.07142,-0.00624886,2.06951
8.234,-0.00186269,1.06447,-0.00588396,2.06695,-0.00164355,1.07142,-0.00624886,2.06951
8.236,-0.00186269,1.06447,-0.00588396,2.06695,-0.00160703,1.07142,-0.00634008,2.06951
8.238,-0.00186269,1.06447,-0.00588396,2.06704,-0.00164355,1.07142,-0.00624886,2.0696
8.24,-0.00186269,1.06447,-0.00588396,2.06704,-0.00160703,1.07145,-0.00629447,2.06951
8.242,-0.00186269,1.0645,-0.00592957,2.06704,-0.00160703,1.07142,-0.00624886,2.06951
8.244,-0.00186269,1.06447,-0.00597519,2.06695,-0.00160703,1.07145,-0.00629447,2.06951
8.246,-0.00189921,1.0645,-0.00592957,2.06704,-0.0015705,1.0714,-0.00629447,2.0696
8.248,-0.00186269,1.0645,-0.00592957,2.06695,-0.00160703,1.0714,-0.00629447,2.06951
8.25,-0.00186269,1.06447,-0.00588396,2.06695,-0.00164355,1.07145,-0.00629447,2.0696
8.252,-0.00186269,1.06447,-0.00588396,2.06695,-0.00160703,1.07145,-0.00629447,2.06951
8.254,-0.00186269,1.06447,-0.00588396,2.06695,-0.00160703,1.07145,-0.00629447,2.06951
8.256,-0.00186269,1.0645,-0.00592957,2.06704,-0.00164355,1.07142,-0.00624886,2.06951
8.258,-0.00186269,1.06447,-0.00588396,2.06704,-0.00160703,1.07142,-0.00624886,2.06951
8.26,-0.00186269,1.06447,-0.00588396,2.06704,-0.0015705,1.07145,-0.00629447,2.0696
8.262,-0.00189921,1.06447,-0.00588396,2.06704,-0.00160703,1.07142,-0.00624886,2.0696
8.264,-0.00189921,1.06447,-0.00588396,2.06704,-0.00164355,1.07145,-0.00629447,2.0696
8.266,-0.00189921,1.06447,-0.00588396,2.06695,-0.00160703,1.0714,-0.00629447,2.06951
8.268,-0.00189921,1.06447,-0.00588396,2.06695,-0.00164355,1.07145,-0.00629447,2.06951
8.27,-0.00186269,1.06447,-0.00588396,2.06704,-0.0015705,1.07142,-0.00624886,2.06951
8.272,-0.00186269,1.06447,-0.00588396,2.06704,-0.00160703,1.07145,-0.00629447,2.06951
8.274,-0.00186269,1.0645,-0.00592957,2.06704,-0.0015705,1.07145,-0.00629447,2.0696
8.276,-0.00186269,1.0645,-0.00592957,2.06704,-0.00164355,1.07142,-0.00634008,2.06951
8.278,-0.00186269,1.06445,-0.00592957,2.06704,-0.00160703,1.07145,-0.00629447,2.0696
8.28,-0.00189921,1.06447,-0.00588396,2.06704,-0.0015705,1.07142,-0.00634008,2.0696
8.282,-0.00186269,1.06447,-0.00588396,2.06695,-0.00160703,1.07145,-0.00629447,2.0696
8.284,-0.00186269,1.0645,-0.00592957,2.06695,-0.00160703,1.07142,-0.00634008,2.0696
8.286,-0.00186269,1.0645,-0.00592957,2.06704,-0.00160703,1.0714,-0.00629447,2.06951
8.288,-0.00186269,1.0645,-0.00592957,2.06695,-0.00160703,1.07142,-0.00624886,2.06951
8.29,-0.00186269,1.06447,-0.00588396,2.06704,-0.0015705,1.07145,-0.00629447,2.06951
8.292,-0.00186269,1.0645,-0.00592957,2.06704,-0.00160703,1.07142,-0.00634008,2.06951
8.294,-0.00186269,1.0645,-0.00592957,2.06704,-0.00160703,1.07145,-0.00629447,2.06951
8.296,-0.00186269,1.06447,-0.00597519,2.06704,-0.0015705,1.07142,-0.00634008,2.0696
8.298,-0.00186269,1.06447,-0.00588396,2.06704,-0.00164355,1.07145,-0.00629447,2.0696
8.3,-0.00186269,1.06447,-0.00588396,2.06695,-0.00160703,1.07145,-0.00629447,2.0696
8.302,-0.00186269,1.06447,-0.00588396,2.06695,-0.00160703,1.07145,-0.00629447,2.06951
8.304,-0.00189921,1.0645,-0.00592957,2.06695,-0.00160703,1.07142,-0.00624886,2.06951
8.306,-0.00186269,1.0645,-0.00592957,2.06704,-0.00164355,1.07145,-0.00629447,2.06951
8.308,-0.00186269,1.06447,-0.00588396,2.06704,-0.00160703,1.07142,-0.00624886,2.0696
8.31,-0.00186269,1.06447,-0.00588396,2.06712,-0.00164355,1.07142,-0.00634008,2.0696
8.312,-0.00186269,1.06447,-0.00588396,2.06704,-0.00160703,1.07142,-0.00624886,2.0696
8.314,-0.00186269,1.06447,-0.00588396,2.06704,-0.00160703,1.07142,-0.00634008,2.0696
8.316,-0.00186269,1.06447,-0.00588396,2.06695,-0.0015705,1.07142,-0.00634008,2.06951
8.318,-0.00186269,1.06447,-0.00588396,2.06704,-0.00164355,1.07142,-0.00624886,2.0696
8.32,-0.00186269,1.06447,-0.00588396,2.06704,-0.00164355,1.07142,-0.00624886,2.06951
8.322,-0.00186269,1.0645,-0.00592957,2.06704,-0.00160703,1.07142,-0.00624886,2.0696
8.324,-0.00186269,1.0645,-0.00592957,2.06704,-0.00160703,1.07142,-0.00634008,2.06951
8.326,-0.00186269,1.06447,-0.00588396,2.06704,-0.00160703,1.07145,-0.00629447,2.0696
8.328,-0.00186269,1.06447,-0.00588396,2.06704,-0.00160703,1.07145,-0.00629447,2.0696
8.33,-0.00189921,1.06447,-0.00588396,2.06704,-0.0015705,1.07145,-0.00629447,2.0696
8.332,-0.00189921,1.0645,-0.00592957,2.06695,-0.00160703,1.07145,-0.00629447,2.0696
8.334,-0.00186269,1.06447,-0.00588396,2.06704,-0.00160703,1.07145,-0.00629447,2.06951
8.336,-0.00186269,1.0645,-0.00592957,2.06695,-0.00160703,1.07142,-0.00624886,2.06951
8.338,-0.00186269,1.0645,-0.00592957,2.06695,-0.00160703,1.07145,-0.00629447,2.06951
8.34,-0.00186269,1.0645,-0.00592957,2.06704,-0.00164355,1.07145,-0.00629447,2.06951
8.342,-0.00186269,1.06447,-0.00588396,2.06704,-0.00160703,1.07145,-0.00629447,2.0696
8.344,-0.00186269,1.06447,-0.00588396,2.06704,-0.00160703,1.07145,-0.00629447,2.06951
8.346,-0.00186269,1.06447,-0.00588396,2.06704,-0.00160703,1.07145,-0.00629447,2.0696
8.348,-0.00186269,1.0645,-0.00592957,2.06704,-0.00160703,1.07145,-0.00629447,2.06951
8.35,-0.00186269,1.0645,-0.00592957,2.06704,-0.0015705,1.07142,-0.00634008,2.06951
8.352,-0.00186269,1.0645,-0.00592957,2.06704,-0.00164355,1.07142,-0.00624886,2.06951
8.354,-0.00186269,1.06447,-0.00588396,2.06704,-0.00160703,1.07145,-0.00629447,2.06951
8.356,-0.00186269,1.06447,-0.00588396,2.06704,-0.00160703,1.07142,-0.00624886,2.06951
8.358,-0.00186269,1.06447,-0.00588396,2.06704,-0.0015705,1.07142,-0.00624886,2.0696
8.36,-0.00186269,1.0645,-0.00592957,2.06712,-0.0015705,1.07145,-0.00629447,2.0696
8.362,-0.00186269,1.0645,-0.00592957,2.06704,-0.00160703,1.07145,-0.00629447,2.06951
8.364,-0.00186269,1.06447,-0.00588396,2.06704,-0.00160703,1.07145,-0.00629447,2.0696
8.366,-0.00189921,1.06447,-0.00588396,2.06704,-0.00160703,1.07145,-0.00629447,2.0696
8.368,-0.00186269,1.06447,-0.00588396,2.06695,-0.00160703,1.07148,-0.00624886,2.0696
8.37,-0.00186269,1.0645,-0.00592957,2.06704,-0.00164355,1.07145,-0.00629447,2.06951
8.372,-0.00186269,1.0645,-0.00592957,2.06704,-0.0015705,1.07145,-0.00629447,2.06951
8.374,-0.00186269,1.06447,-0.00588396,2.06704,-0.00160703,1.07145,-0.00629447,2.06951
8.376,-0.00186269,1.06447,-0.00588396,2.06704,-0.00160703,1.07145,-0.00629447,2.06951
8.378,-0.00186269,1.0645,-0.00592957,2.06704,-0.0015705,1.07145,-0.00629447,2.06951
8.38,-0.00186269,1.06447,-0.00588396,2.06704,-0.0015705,1.07142,-0.00634008,2.06951
8.382,-0.00186269,1.06447,-0.00588396,2.06704,-0.00160703,1.07145,-0.00629447,2.06951
8.384,-0.00186269,1.0645,-0.00592957,2.06695,-0.0015705,1.07142,-0.00624886,2.06951
8.386,-0.00186269,1.06447,-0.00588396,2.06704,-0.00160703,1.07142,-0.00624886,2.06951
8.388,-0.00186269,1.0645,-0.00592957,2.06704,-0.00160703,1.07142,-0.00624886,2.06951
8.39,-0.00186269,1.06447,-0.00588396,2.06704,-0.00160703,1.07145,-0.00629447,2.0696
8.392,-0.00186269,1.0645,-0.00592957,2.06704,-0.00160703,1.07145,-0.00629447,2.0696
8.394,-0.00186269,1.0645,-0.00592957,2.06704,-0.0015705,1.07145,-0.00629447,2.06951
8.396,-0.00186269,1.06447,-0.00588396,2.06704,-0.00164355,1.07145,-0.00629447,2.0696
8.398,-0.00186269,1.0645,-0.00592957,2.06704,-0.00164355,1.07142,-0.00624886,2.0696
8.4,-0.00186269,1.0645,-0.00592957,2.06704,-0.0015705,1.07142,-0.00624886,2.06951
8.402,-0.00186269,1.06447,-0.00588396,2.06695,-0.00160703,1.07142,-0.00624886,2.06951
8.404,-0.00186269,1.06447,-0.00588396,2.06695,-0.00160703,1.07145,-0.00629447,2.0696
8.406,-0.00186269,1.06447,-0.00588396,2.06704,-0.00164355,1.0714,-0.00629447,2.0696
8.408,-0.00186269,1.06447,-0.00588396,2.06704,-0.00160703,1.0714,-0.00629447,2.0696
8.41,-0.00186269,1.06447,-0.00588396,2.06704,-0.0015705,1.07142,-0.00634008,2.0696
8.412,-0.00186269,1.0645,-0.00592957,2.06704,-0.00160703,1.07145,-0.00629447,2.06951
8.414,-0.00189921,1.06447,-0.00588396,2.06704,-0.00164355,1.07145,-0.00629447,2.06951
8.416,-0.00189921,1.06447,-0.00588396,2.06704,-0.00164355,1.07145,-0.00629447,2.0696
8.418,-0.00186269,1.06447,-0.00588396,2.06704,-0.00160703,1.07142,-0.00624886,2.0696
8.42,-0.00186269,1.0645,-0.00592957,2.06704,-0.0015705,1.07145,-0.00629447,2.0696
8.422,-0.00186269,1.0645,-0.00592957,2.06704,-0.00160703,1.07145,-0.00629447,2.0696
8.424,-0.00189921,1.0645,-0.00592957,2.06695,-0.00160703,1.07145,-0.00629447,2.06951
8.426,-0.00186269,1.06447,-0.00588396,2.06704,-0.00160703,1.07145,-0.00629447,2.06951
8.428,-0.00186269,1.06447,-0.00588396,2.06704,-0.0015705,1.07145,-0.00629447,2.06951
8.43,-0.00186269,1.0645,-0.00592957,2.06704,-0.0015705,1.07145,-0.00629447,2.0696
8.432,-0.00186269,1.0645,-0.00592957,2.06704,-0.00164355,1.07145,-0.00629447,2.06951
8.434,-0.00186269,1.0645,-0.00592957,2.06704,-0.00160703,1.07145,-0.00629447,2.06951
8.436,-0.00186269,1.0645,-0.00592957,2.06704,-0.00160703,1.07145,-0.00629447,2.0696
8.438,-0.00186269,1.0645,-0.00592957,2.06704,-0.00160703,1.07145,-0.00629447,2.0696
8.44,-0.00186269,1.06447,-0.00588396,2.06704,-0.00160703,1.07145,-0.00629447,2.06951
8.442,-0.00186269,1.0645,-0.00592957,2.06704,-0.00160703,1.07142,-0.00634008,2.06951
8.444,-0.00186269,1.0645,-0.00592957,2.06704,-0.00160703,1.07145,-0.00620325,2.06951
8.446,-0.00186269,1.0645,-0.00592957,2.06704,-0.00160703,1.07142,-0.00624886,2.06951
8.448,-0.00186269,1.0645,-0.00592957,2.06704,-0.00160703,1.07145,-0.00629447,2.0696
8.45,-0.00186269,1.06447,-0.00588396,2.06704,-0.00164355,1.07142,-0.00624886,2.0696
8.452,-0.00186269,1.06447,-0.00588396,2.06704,-0.00164355,1.07142,-0.00634008,2.0696
8.454,-0.00186269,1.06447,-0.00588396,2.06704,-0.00160703,1.07145,-0.00629447,2.06951
8.456,-0.00189921,1.06447,-0.00588396,2.06704,-0.0015705,1.0714,-0.00629447,2.0696
8.458,-0.00186269,1.06447,-0.00588396,2.06704,-0.00160703,1.07145,-0.00629447,2.06951
8.46,-0.00186269,1.06447,-0.00588396,2.06704,-0.0015705,1.07145,-0.00629447,2.06951
8.462,-0.00186269,1.06447,-0.00588396,2.06704,-0.00160703,1.07142,-0.00624886,2.0696
8.464,-0.00186269,1.06447,-0.00588396,2.06704,-0.00160703,1.07142,-0.00624886,2.06951
8.466,-0.00186269,1.06447,-0.00588396,2.06704,-0.00164355,1.0714,-0.00629447,2.06951
8.468,-0.00186269,1.06447,-0.00588396,2.06704,-0.0015705,1.07142,-0.00624886,2.06951
8.47,-0.00186269,1.0645,-0.00592957,2.06704,-0.0015705,1.07145,-0.00629447,2.06951
8.472,-0.00186269,1.0645,-0.00592957,2.06704,-0.00164355,1.07142,-0.00624886,2.06951
8.474,-0.00186269,1.06447,-0.00588396,2.06695,-0.00160703,1.07145,-0.00629447,2.0696
8.476,-0.00189921,1.06447,-0.00588396,2.06704,-0.00160703,1.07145,-0.00629447,2.0696
8.478,-0.00186269,1.06447,-0.00588396,2.06704,-0.0015705,1.07145,-0.00629447,2.06951
8.48,-0.00189921,1.06447,-0.00588396,2.06704,-0.00160703,1.07145,-0.00629447,2.06951
8.482,-0.00189921,1.0645,-0.00592957,2.06704,-0.0015705,1.07142,-0.00624886,2.0696
8.484,-0.00186269,1.06447,-0.00588396,2.06704,-0.00164355,1.07145,-0.00629447,2.0696
8.486,-0.00186269,1.06447,-0.00588396,2.06704,-0.00160703,1.07145,-0.00629447,2.06951
8.488,-0.00186269,1.06447,-0.00588396,2.06704,-0.00160703,1.07145,-0.00629447,2.0696
8.49,-0.00186269,1.06447,-0.00588396,2.06704,-0.00160703,1.07145,-0.00629447,2.0696
8.492,-0.00186269,1.0645,-0.00592957,2.06704,-0.00160703,1.07148,-0.00624886,2.06951
8.494,-0.00186269,1.0645,-0.00592957,2.06704,-0.00164355,1.07145,-0.00629447,2.0696
8.496,-0.00186269,1.06447,-0.00588396,2.06704,-0.0015705,1.07145,-0.00629447,2.0696
8.498,-0.00186269,1.06447,-0.00588396,2.06712,-0.00160703,1.07148,-0.00624886,2.0696
8.5,-0.00186269,1.06447,-0.00588396,2.06704,-0.0015705,1.07142,-0.00624886,2.06951
8.502,-0.00186269,1.0645,-0.00592957,2.06704,-0.00160703,1.07142,-0.00634008,2.06951
8.504,-0.00186269,1.06447,-0.00588396,2.06704,-0.00164355,1.07145,-0.00629447,2.0696
8.506,-0.00186269,1.06447,-0.00588396,2.06704,-0.00160703,1.07142,-0.00634008,2.06951
8.508,-0.00186269,1.06447,-0.00588396,2.06712,-0.00164355,1.07142,-0.00624886,2.0696
8.51,-0.00186269,1.06447,-0.00588396,2.06712,-0.00164355,1.07142,-0.00624886,2.0696
8.512,-0.00189921,1.06447,-0.00588396,2.06704,-0.00160703,1.07142,-0.00634008,2.06951
8.514,-0.00186269,1.06447,-0.00588396,2.06704,-0.00160703,1.07145,-0.00629447,2.06951
8.516,-0.00186269,1.06447,-0.00588396,2.06704,-0.00160703,1.07142,-0.00624886,2.0696
8.518,-0.00186269,1.06447,-0.00588396,2.06704,-0.00160703,1.07145,-0.00629447,2.06951
8.52,-0.00186269,1.06447,-0.00588396,2.06704,-0.00160703,1.07142,-0.00624886,2.0696
8.522,-0.00186269,1.06447,-0.00588396,2.06704,-0.00160703,1.07145,-0.00629447,2.0696
8.524,-0.00186269,1.06447,-0.00588396,2.06704,-0.00160703,1.07145,-0.00620325,2.06951
8.526,-0.00186269,1.06447,-0.00588396,2.06704,-0.00160703,1.07145,-0.00629447,2.06951
8.528,-0.00186269,1.06447,-0.00588396,2.06704,-0.0015705,1.0714,-0.00629447,2.0696
8.53,-0.00186269,1.0645,-0.00592957,2.06704,-0.00160703,1.07142,-0.00624886,2.0696
8.532,-0.00186269,1.06447,-0.00588396,2.06704,-0.00160703,1.07142,-0.00624886,2.0696
8.534,-0.00186269,1.06447,-0.00588396,2.06704,-0.00160703,1.07142,-0.00634008,2.0696
8.536,-0.00186269,1.0645,-0.00592957,2.06695,-0.00160703,1.07142,-0.00624886,2.0696
8.538,-0.00189921,1.0645,-0.00592957,2.06704,-0.0015705,1.07142,-0.00634008,2.06951
8.54,-0.00186269,1.0645,-0.00592957,2.06704,-0.00160703,1.07145,-0.00629447,2.06951
8.542,-0.00186269,1.06447,-0.00588396,2.06704,-0.00160703,1.07145,-0.00629447,2.06951
8.544,-0.00186269,1.06447,-0.00588396,2.06704,-0.00160703,1.07145,-0.00629447,2.06951
8.546,-0.00189921,1.06447,-0.00588396,2.06704,-0.00160703,1.07145,-0.00629447,2.0696
8.548,-0.00189921,1.0645,-0.00592957,2.06704,-0.00160703,1.07145,-0.00629447,2.0696
8.55,-0.00186269,1.0645,-0.00592957,2.06695,-0.00160703,1.07142,-0.00634008,2.06951
8.552,-0.00186269,1.06447,-0.00588396,2.06695,-0.00160703,1.07145,-0.00629447,2.0696
8.554,-0.00186269,1.06447,-0.00588396,2.06704,-0.00160703,1.07145,-0.00629447,2.06951
8.556,-0.00186269,1.06447,-0.00588396,2.06704,-0.0015705,1.07145,-0.00629447,2.06951
8.558,-0.00186269,1.0645,-0.00592957,2.06704,-0.00160703,1.07142,-0.00624886,2.06951
8.56,-0.00189921,1.06447,-0.00588396,2.06704,-0.0015705,1.07145,-0.00620325,2.06951
8.562,-0.00186269,1.06447,-0.00588396,2.06704,-0.00164355,1.07142,-0.00634008,2.0696
8.564,-0.00186269,1.06447,-0.00588396,2.06695,-0.00160703,1.07142,-0.00634008,2.0696
8.566,-0.00186269,1.0645,-0.00592957,2.06704,-0.00160703,1.07145,-0.00629447,2.06951
8.568,-0.00186269,1.06447,-0.00588396,2.06695,-0.00160703,1.07142,-0.00624886,2.06951
8.57,-0.00186269,1.06447,-0.00588396,2.06695,-0.0015705,1.07145,-0.00629447,2.0696
8.572,-0.00186269,1.06447,-0.00588396,2.06695,-0.00160703,1.07142,-0.00634008,2.06951
8.574,-0.00186269,1.0645,-0.00592957,2.06704,-0.0015705,1.07142,-0.00624886,2.06951
8.576,-0.00189921,1.0645,-0.00592957,2.06704,-0.00160703,1.0714,-0.00629447,2.06951
8.578,-0.00186269,1.06447,-0.00588396,2.06704,-0.0015705,1.07142,-0.00624886,2.0696
8.58,-0.00186269,1.06447,-0.00588396,2.06704,-0.0015705,1.07142,-0.00624886,2.0696
8.582,-0.00186269,1.06447,-0.00588396,2.06695,-0.00160703,1.07145,-0.00629447,2.06951
8.584,-0.00186269,1.06447,-0.00588396,2.06695,-0.00160703,1.07145,-0.00620325,2.0696
8.586,-0.00186269,1.0645,-0.00592957,2.06704,-0.00160703,1.07142,-0.00624886,2.0696
8.588,-0.00189921,1.06447,-0.00588396,2.06704,-0.00160703,1.0714,-0.00629447,2.06951
8.59,-0.00186269,1.0645,-0.00592957,2.06704,-0.00160703,1.0714,-0.00629447,2.0696
8.592,-0.00186269,1.06447,-0.00588396,2.06704,-0.0015705,1.07142,-0.00634008,2.06951
8.594,-0.00186269,1.06447,-0.00588396,2.06704,-0.00160703,1.07145,-0.00629447,2.0696
8.596,-0.00186269,1.0645,-0.00592957,2.06704,-0.00160703,1.07142,-0.00634008,2.06951
8.598,-0.00186269,1.0645,-0.00592957,2.06695,-0.0015705,1.07145,-0.00629447,2.06951
8.6,-0.00186269,1.06447,-0.00588396,2.06704,-0.00160703,1.07145,-0.00629447,2.06951
8.602,-0.00186269,1.06447,-0.00588396,2.06695,-0.00160703,1.07145,-0.00629447,2.06951
8.604,-0.00186269,1.06447,-0.00588396,2.06704,-0.00164355,1.07145,-0.00629447,2.06951
8.606,-0.00186269,1.0645,-0.00592957,2.06704,-0.00160703,1.07145,-0.00629447,2.06951
8.608,-0.00186269,1.06447,-0.00588396,2.06704,-0.00164355,1.07142,-0.00624886,2.0696
8.61,-0.00186269,1.06447,-0.00588396,2.06704,-0.0015705,1.07145,-0.00629447,2.0696
8.612,-0.00186269,1.06447,-0.00588396,2.06704,-0.00160703,1.07145,-0.00629447,2.06951
8.614,-0.00186269,1.06447,-0.00588396,2.06704,-0.00160703,1.07142,-0.00634008,2.06951
8.616,-0.00189921,1.0645,-0.00592957,2.06695,-0.00160703,1.07142,-0.00624886,2.0696
8.618,-0.00189921,1.0645,-0.00592957,2.06695,-0.00164355,1.07142,-0.00624886,2.0696
8.62,-0.00186269,1.06447,-0.00588396,2.06695,-0.00160703,1.07142,-0.00624886,2.0696
8.622,-0.00186269,1.06447,-0.00588396,2.06704,-0.00160703,1.07145,-0.00629447,2.0696
8.624,-0.00186269,1.0645,-0.00592957,2.06704,-0.0015705,1.07145,-0.00629447,2.0696
8.626,-0.00186269,1.0645,-0.00592957,2.06704,-0.00160703,1.07142,-0.00634008,2.0696
8.628,-0.00189921,1.06447,-0.00588396,2.06695,-0.00160703,1.07145,-0.00629447,2.0696
8.63,-0.00186269,1.0645,-0.00592957,2.06695,-0.00160703,1.07145,-0.00620325,2.06951
8.632,-0.00186269,1.0645,-0.00592957,2.06704,-0.00160703,1.07142,-0.00624886,2.06951
8.634,-0.00186269,1.0645,-0.00592957,2.06704,-0.00160703,1.0714,-0.00629447,2.0696
8.636,-0.00186269,1.06447,-0.00588396,2.06704,-0.0015705,1.07145,-0.00629447,2.0696
8.638,-0.00186269,1.06447,-0.00588396,2.06704,-0.00160703,1.07145,-0.00629447,2.0696
8.64,-0.00186269,1.06447,-0.00588396,2.06704,-0.00164355,1.0714,-0.00629447,2.06951
8.642,-0.00186269,1.06447,-0.00588396,2.06695,-0.00160703,1.07145,-0.00629447,2.06951
8.644,-0.00186269,1.06447,-0.00588396,2.06704,-0.00160703,1.07142,-0.00624886,2.06951
8.646,-0.00186269,1.0645,-0.00592957,2.06704,-0.0015705,1.07142,-0.00624886,2.06951
8.648,-0.00186269,1.0645,-0.00592957,2.06704,-0.00160703,1.07142,-0.00624886,2.06951
8.65,-0.00186269,1.06447,-0.00588396,2.06704,-0.00160703,1.07142,-0.00624886,2.06951
8.652,-0.00186269,1.06447,-0.00588396,2.06695,-0.00164355,1.07145,-0.00629447,2.0696
8.654,-0.00186269,1.06447,-0.00588396,2.06695,-0.00160703,1.07145,-0.00629447,2.0696
8.656,-0.00186269,1.06447,-0.00588396,2.06695,-0.00160703,1.07145,-0.00629447,2.0696
8.658,-0.00186269,1.06447,-0.00588396,2.06695,-0.00164355,1.07145,-0.00629447,2.06951
8.66,-0.00186269,1.0645,-0.00592957,2.06704,-0.0015705,1.07145,-0.00629447,2.06951
8.662,-0.00189921,1.0645,-0.00592957,2.06704,-0.00160703,1.07142,-0.00624886,2.06951
8.664,-0.00186269,1.06447,-0.00588396,2.06704,-0.00160703,1.07145,-0.00629447,2.06951
8.666,-0.00189921,1.06447,-0.00588396,2.06695,-0.00160703,1.0714,-0.00629447,2.0696
8.668,-0.00186269,1.0645,-0.00592957,2.06695,-0.00160703,1.07145,-0.00629447,2.06951
8.67,-0.00186269,1.06447,-0.00588396,2.06695,-0.00160703,1.07145,-0.00629447,2.0696
8.672,-0.00186269,1.06447,-0.00588396,2.06695,-0.00153398,1.07145,-0.00629447,2.06951
8.674,-0.00186269,1.0645,-0.00592957,2.06695,-0.00160703,1.07142,-0.00624886,2.06951
8.676,-0.00186269,1.0645,-0.00592957,2.06704,-0.00160703,1.07148,-0.00624886,2.06951
8.678,-0.00186269,1.06447,-0.00588396,2.06704,-0.00160703,1.07145,-0.00629447,2.06951
8.68,-0.00186269,1.06447,-0.00588396,2.06695,-0.0015705,1.07142,-0.00624886,2.0696
8.682,-0.00186269,1.06447,-0.00588396,2.06695,-0.00160703,1.07145,-0.00629447,2.0696
8.684,-0.00186269,1.0645,-0.00592957,2.06695,-0.00164355,1.07145,-0.00629447,2.0696
8.686,-0.00186269,1.0645,-0.00592957,2.06704,-0.00160703,1.0714,-0.00629447,2.06951
8.688,-0.00186269,1.06447,-0.00588396,2.06704,-0.00160703,1.07145,-0.00629447,2.06951
8.69,-0.00189921,1.0645,-0.00592957,2.06704,-0.00160703,1.07142,-0.00624886,2.06951
8.692,-0.00189921,1.0645,-0.00592957,2.06704,-0.00160703,1.07145,-0.00629447,2.06951
8.694,-0.00189921,1.0645,-0.00592957,2.06704,-0.00160703,1.07145,-0.00629447,2.0696
8.696,-0.00186269,1.0645,-0.00592957,2.06704,-0.00160703,1.07142,-0.00624886,2.0696
8.698,-0.00186269,1.0645,-0.00592957,2.06704,-0.00160703,1.07145,-0.00629447,2.0696
8.7,-0.00186269,1.06447,-0.00588396,2.06704,-0.00160703,1.07142,-0.00624886,2.0696
8.702,-0.00186269,1.06447,-0.00588396,2.06695,-0.00160703,1.07142,-0.00634008,2.06951
8.704,-0.00186269,1.0645,-0.00592957,2.06704,-0.00160703,1.07142,-0.00634008,2.0696
8.706,-0.00189921,1.0645,-0.00592957,2.06695,-0.00160703,1.07142,-0.00624886,2.06951
8.708,-0.00189921,1.0645,-0.00592957,2.06704,-0.0015705,1.07142,-0.00624886,2.06951
8.71,-0.00189921,1.06447,-0.00588396,2.06695,-0.0015705,1.07145,-0.00620325,2.0696
8.712,-0.00186269,1.06447,-0.00588396,2.06704,-0.00160703,1.07142,-0.00624886,2.0696
8.714,-0.00186269,1.06447,-0.00588396,2.06704,-0.00160703,1.07145,-0.00629447,2.06951
8.716,-0.00186269,1.0645,-0.00592957,2.06695,-0.00160703,1.07145,-0.00629447,2.0696
8.718,-0.00186269,1.06447,-0.00588396,2.06704,-0.00160703,1.07142,-0.00624886,2.0696
8.72,-0.00186269,1.06447,-0.00588396,2.06695,-0.00160703,1.07145,-0.00629447,2.06951
8.722,-0.00186269,1.0645,-0.00592957,2.06695,-0.00164355,1.07145,-0.00629447,2.0696
8.724,-0.00186269,1.0645,-0.00592957,2.06695,-0.0015705,1.07142,-0.00634008,2.06951
8.726,-0.00186269,1.0645,-0.00592957,2.06704,-0.00164355,1.07145,-0.00629447,2.06951
8.728,-0.00186269,1.06445,-0.00592957,2.06704,-0.00164355,1.07142,-0.00634008,2.06951
8.73,-0.00186269,1.06447,-0.00588396,2.06704,-0.00164355,1.07145,-0.00629447,2.06951
8.732,-0.00186269,1.06447,-0.00588396,2.06704,-0.00164355,1.07142,-0.00624886,2.0696
8.734,-0.00186269,1.0645,-0.00592957,2.06704,-0.00164355,1.0714,-0.00629447,2.0696
8.736,-0.00186269,1.06447,-0.00588396,2.06704,-0.00160703,1.07145,-0.00629447,2.0696
8.738,-0.00186269,1.0645,-0.00592957,2.06704,-0.00160703,1.07142,-0.00624886,2.0696
8.74,-0.00186269,1.06447,-0.00588396,2.06704,-0.00160703,1.07145,-0.00629447,2.06951
8.742,-0.00186269,1.06447,-0.00588396,2.06704,-0.00160703,1.07145,-0.00629447,2.06951
8.744,-0.00186269,1.0645,-0.00592957,2.06704,-0.00164355,1.07145,-0.00629447,2.0696
8.746,-0.00186269,1.0645,-0.00592957,2.06704,-0.00160703,1.07145,-0.00629447,2.0696
8.748,-0.00186269,1.06447,-0.00588396,2.06704,-0.0015705,1.07142,-0.00624886,2.06951
8.75,-0.00186269,1.06447,-0.00588396,2.06704,-0.00160703,1.07145,-0.00629447,2.06951
8.752,-0.00186269,1.0645,-0.00592957,2.06704,-0.00164355,1.07142,-0.00624886,2.0696
8.754,-0.00186269,1.0645,-0.00592957,2.06704,-0.0015705,1.07142,-0.00624886,2.06951
8.756,-0.00186269,1.0645,-0.00592957,2.06704,-0.00160703,1.07145,-0.00629447,2.06951
8.758,-0.00186269,1.06447,-0.00588396,2.06704,-0.0015705,1.07142,-0.00624886,2.0696
8.76,-0.00186269,1.06447,-0.00597519,2.06695,-0.0015705,1.07145,-0.00629447,2.0696
8.762,-0.00186269,1.06447,-0.00588396,2.06695,-0.00164355,1.07145,-0.00629447,2.0696
8.764,-0.00186269,1.0645,-0.00592957,2.06695,-0.00160703,1.07142,-0.00634008,2.06951
8.766,-0.00186269,1.0645,-0.00592957,2.06695,-0.00164355,1.07145,-0.00629447,2.0696
8.768,-0.00186269,1.0645,-0.00592957,2.06704,-0.00160703,1.07142,-0.00624886,2.06951
8.77,-0.00186269,1.0645,-0.00592957,2.06695,-0.00160703,1.07145,-0.00629447,2.0696
8.772,-0.00189921,1.0645,-0.00592957,2.06695,-0.00160703,1.07145,-0.00629447,2.0696
8.774,-0.00189921,1.0645,-0.00592957,2.06704,-0.00160703,1.07145,-0.00629447,2.06951
8.776,-0.00189921,1.06447,-0.00588396,2.06695,-0.0015705,1.07142,-0.00634008,2.0696
8.778,-0.00186269,1.06447,-0.00588396,2.06704,-0.00164355,1.07145,-0.00629447,2.0696
8.78,-0.00186269,1.06447,-0.00588396,2.06704,-0.00160703,1.07145,-0.00629447,2.06951
8.782,-0.00186269,1.06447,-0.00588396,2.06704,-0.00160703,1.07142,-0.00634008,2.06951
8.784,-0.00186269,1.06447,-0.00588396,2.06695,-0.00160703,1.07142,-0.00634008,2.0696
8.786,-0.00186269,1.06447,-0.00588396,2.06695,-0.00160703,1.07142,-0.00624886,2.06951
8.788,-0.00186269,1.06447,-0.00588396,2.06695,-0.0015705,1.07142,-0.00634008,2.06951
8.79,-0.00186269,1.06447,-0.00588396,2.06695,-0.00160703,1.07145,-0.00629447,2.06951
8.792,-0.00186269,1.06447,-0.00588396,2.06695,-0.0015705,1.07142,-0.00624886,2.0696
8.794,-0.00186269,1.0645,-0.00592957,2.06704,-0.0015705,1.07142,-0.00624886,2.0696
8.796,-0.00186269,1.06447,-0.00588396,2.06704,-0.00164355,1.0714,-0.00629447,2.0696
8.798,-0.00189921,1.0645,-0.00592957,2.06704,-0.0015705,1.07145,-0.00629447,2.0696
8.8,-0.00189921,1.06447,-0.00588396,2.06704,-0.00160703,1.0714,-0.00629447,2.0696
8.802,-0.00186269,1.0645,-0.00592957,2.06704,-0.00164355,1.07145,-0.00629447,2.06951
8.804,-0.00189921,1.06447,-0.00588396,2.06704,-0.00160703,1.07145,-0.00629447,2.0696
8.806,-0.00189921,1.0645,-0.00592957,2.06695,-0.00160703,1.07142,-0.00624886,2.06951
8.808,-0.00186269,1.0645,-0.00592957,2.06695,-0.0015705,1.07148,-0.00624886,2.06951
8.81,-0.00186269,1.0645,-0.00592957,2.06695,-0.00164355,1.07145,-0.00629447,2.0696
8.812,-0.00186269,1.0645,-0.00592957,2.06704,-0.00164355,1.07145,-0.00629447,2.0696
8.814,-0.00186269,1.0645,-0.00592957,2.06704,-0.00160703,1.07145,-0.00629447,2.06951
8.816,-0.00186269,1.0645,-0.00592957,2.06695,-0.0015705,1.07145,-0.00629447,2.0696
8.818,-0.00186269,1.06447,-0.00588396,2.06704,-0.00160703,1.07142,-0.00624886,2.0696
8.82,-0.00186269,1.06447,-0.00588396,2.06704,-0.00160703,1.07145,-0.00629447,2.0696
8.822,-0.00186269,1.0645,-0.00592957,2.06704,-0.0015705,1.07145,-0.00629447,2.06951
8.824,-0.00186269,1.06447,-0.00588396,2.06695,-0.0015705,1.07145,-0.00629447,2.0696
8.826,-0.00186269,1.06447,-0.00588396,2.06704,-0.00160703,1.07145,-0.00629447,2.06951
8.828,-0.00186269,1.0645,-0.00592957,2.06704,-0.00160703,1.07145,-0.00629447,2.06951
8.83,-0.00186269,1.0645,-0.00592957,2.06704,-0.00160703,1.07142,-0.00634008,2.0696
8.832,-0.00186269,1.06447,-0.00588396,2.06704,-0.00164355,1.07142,-0.00624886,2.0696
8.834,-0.00186269,1.06447,-0.00588396,2.06704,-0.0015705,1.07142,-0.00624886,2.0696
8.836,-0.00186269,1.06447,-0.00588396,2.06695,-0.0015705,1.07145,-0.00629447,2.0696
8.838,-0.00186269,1.06447,-0.00588396,2.06704,-0.00160703,1.07142,-0.00624886,2.0696
8.84,-0.00189921,1.06447,-0.00588396,2.06704,-0.0015705,1.0714,-0.00629447,2.06951
8.842,-0.00186269,1.06447,-0.00588396,2.06704,-0.00160703,1.07145,-0.00629447,2.0696
8.844,-0.00186269,1.06447,-0.00588396,2.06704,-0.00164355,1.07145,-0.00629447,2.0696
8.846,-0.00186269,1.06447,-0.00588396,2.06704,-0.00160703,1.07145,-0.00629447,2.06951
8.848,-0.00189921,1.06447,-0.00588396,2.06704,-0.00164355,1.0714,-0.00629447,2.06951
8.85,-0.00189921,1.0645,-0.00592957,2.06704,-0.00160703,1.07145,-0.00629447,2.06951
8.852,-0.00186269,1.0645,-0.00592957,2.06704,-0.00160703,1.07142,-0.00624886,2.06951
8.854,-0.00186269,1.06447,-0.00588396,2.06704,-0.0015705,1.07145,-0.00629447,2.0696
8.856,-0.00186269,1.06447,-0.00588396,2.06704,-0.00160703,1.07145,-0.00629447,2.0696
8.858,-0.00189921,1.06453,-0.00588396,2.06704,-0.00160703,1.07145,-0.00629447,2.06951
8.86,-0.00186269,1.06447,-0.00588396,2.06704,-0.00164355,1.07142,-0.00634008,2.0696
8.862,-0.00186269,1.0645,-0.00592957,2.06704,-0.00160703,1.07145,-0.00629447,2.06951
8.864,-0.00186269,1.0645,-0.00592957,2.06704,-0.00160703,1.07145,-0.00629447,2.06951
8.866,-0.00186269,1.06447,-0.00588396,2.06695,-0.00164355,1.07145,-0.00629447,2.0696
8.868,-0.00186269,1.06447,-0.00588396,2.06704,-0.00160703,1.07148,-0.00624886,2.06951
8.87,-0.00186269,1.06447,-0.00588396,2.06704,-0.00164355,1.07145,-0.00629447,2.0696
8.872,-0.00186269,1.06447,-0.00588396,2.06695,-0.00160703,1.07142,-0.00634008,2.0696
8.874,-0.00189921,1.0645,-0.00592957,2.06704,-0.00160703,1.07145,-0.00629447,2.0696
8.876,-0.00186269,1.06447,-0.00588396,2.06704,-0.00160703,1.07142,-0.00634008,2.06951
8.878,-0.00186269,1.06447,-0.00588396,2.06695,-0.00160703,1.07148,-0.00624886,2.06951
8.88,-0.00186269,1.0645,-0.00592957,2.06695,-0.00160703,1.07145,-0.00629447,2.06951
8.882,-0.00186269,1.06447,-0.00588396,2.06704,-0.00160703,1.07145,-0.00629447,2.06951
8.884,-0.00186269,1.0645,-0.00592957,2.06704,-0.00164355,1.07145,-0.00629447,2.0696
8.886,-0.00186269,1.06447,-0.00588396,2.06704,-0.00160703,1.0714,-0.00629447,2.06951
8.888,-0.00186269,1.06447,-0.00588396,2.06704,-0.00160703,1.07145,-0.00629447,2.0696
8.89,-0.00189921,1.0645,-0.00592957,2.06695,-0.00160703,1.07142,-0.00634008,2.06951
8.892,-0.00189921,1.06447,-0.00588396,2.06695,-0.00160703,1.07145,-0.00629447,2.06951
8.894,-0.00186269,1.06447,-0.00588396,2.06695,-0.00164355,1.07142,-0.00634008,2.06951
8.896,-0.00189921,1.06447,-0.00588396,2.06695,-0.00164355,1.07145,-0.00629447,2.06951
8.898,-0.00186269,1.0645,-0.00592957,2.06704,-0.00160703,1.07145,-0.00629447,2.06951
8.9,-0.00186269,1.0645,-0.00592957,2.06695,-0.00160703,1.07145,-0.00629447,2.06951
8.902,-0.00186269,1.06447,-0.00588396,2.06695,-0.00160703,1.0714,-0.00629447,2.0696
8.904,-0.00186269,1.06447,-0.00588396,2.06704,-0.00160703,1.07142,-0.00624886,2.0696
8.906,-0.00189921,1.06447,-0.00588396,2.06695,-0.00160703,1.07142,-0.00634008,2.06951
8.908,-0.00189921,1.06447,-0.00588396,2.06695,-0.00160703,1.07145,-0.00629447,2.06951
8.91,-0.00186269,1.06447,-0.00588396,2.06695,-0.00160703,1.07145,-0.00629447,2.0696
8.912,-0.00186269,1.06447,-0.00588396,2.06704,-0.00164355,1.0714,-0.00629447,2.06951
8.914,-0.00186269,1.06447,-0.00588396,2.06695,-0.00160703,1.07142,-0.00624886,2.0696
8.916,-0.00186269,1.0645,-0.00592957,2.06695,-0.00160703,1.07142,-0.00634008,2.06951
8.918,-0.00186269,1.0645,-0.00592957,2.06704,-0.00160703,1.0714,-0.00629447,2.06951
8.92,-0.00186269,1.0645,-0.00592957,2.06704,-0.00164355,1.07145,-0.00629447,2.06951
8.922,-0.00186269,1.06447,-0.00588396,2.06704,-0.00160703,1.07142,-0.00624886,2.0696
8.924,-0.00186269,1.0645,-0.00592957,2.06704,-0.0015705,1.07145,-0.00629447,2.06951
8.926,-0.00186269,1.06447,-0.00588396,2.06704,-0.00160703,1.07145,-0.00629447,2.06951
8.928,-0.00186269,1.0645,-0.00592957,2.06695,-0.0015705,1.07145,-0.00629447,2.06951
8.93,-0.00186269,1.0645,-0.00592957,2.06695,-0.00160703,1.07145,-0.00629447,2.06951
8.932,-0.00186269,1.06447,-0.00588396,2.06695,-0.00153398,1.07145,-0.00629447,2.06951
8.934,-0.00186269,1.0645,-0.00592957,2.06695,-0.00160703,1.07142,-0.00624886,2.06951
8.936,-0.00186269,1.0645,-0.00592957,2.06704,-0.00160703,1.07142,-0.00624886,2.06951
8.938,-0.00186269,1.0645,-0.00592957,2.06704,-0.00160703,1.07145,-0.00629447,2.06951
8.94,-0.00189921,1.06447,-0.00588396,2.06704,-0.00160703,1.07145,-0.00629447,2.06951
8.942,-0.00186269,1.06447,-0.00588396,2.06704,-0.00160703,1.07145,-0.00629447,2.0696
8.944,-0.00189921,1.06447,-0.00588396,2.06704,-0.0015705,1.07145,-0.00629447,2.06951
8.946,-0.00186269,1.06447,-0.00588396,2.06704,-0.00160703,1.07142,-0.00624886,2.06951
8.948,-0.00186269,1.0645,-0.00592957,2.06704,-0.00164355,1.07145,-0.00629447,2.06951
8.95,-0.00189921,1.0645,-0.00592957,2.06695,-0.00164355,1.07142,-0.00624886,2.0696
8.952,-0.00186269,1.0645,-0.00592957,2.06695,-0.00160703,1.0714,-0.00629447,2.06951
8.954,-0.00186269,1.0645,-0.00592957,2.06695,-0.00160703,1.07145,-0.00629447,2.06951
8.956,-0.00186269,1.0645,-0.00592957,2.06704,-0.00160703,1.07142,-0.00624886,2.0696
8.958,-0.00186269,1.0645,-0.00592957,2.06704,-0.0015705,1.07145,-0.00629447,2.0696
8.96,-0.00189921,1.06447,-0.00588396,2.06695,-0.00160703,1.07142,-0.00624886,2.0696
8.962,-0.00186269,1.06447,-0.00588396,2.06695,-0.00160703,1.07142,-0.00624886,2.06951
8.964,-0.00186269,1.0645,-0.00592957,2.06695,-0.00160703,1.07142,-0.00624886,2.06951
8.966,-0.00186269,1.06447,-0.00588396,2.06695,-0.00160703,1.07142,-0.00624886,2.06951
8.968,-0.00186269,1.0645,-0.00592957,2.06704,-0.00168007,1.07145,-0.00629447,2.0696
8.97,-0.00186269,1.06447,-0.00588396,2.06704,-0.00160703,1.07145,-0.00629447,2.06951
8.972,-0.00186269,1.06447,-0.00588396,2.06704,-0.00160703,1.07145,-0.00629447,2.06951
8.974,-0.00186269,1.0645,-0.00592957,2.06704,-0.0015705,1.07142,-0.00624886,2.06951
8.976,-0.00186269,1.0645,-0.00592957,2.06704,-0.00160703,1.0714,-0.00629447,2.0696
8.978,-0.00189921,1.06447,-0.00588396,2.06704,-0.00160703,1.07142,-0.00624886,2.06951
8.98,-0.00189921,1.06447,-0.00588396,2.06704,-0.0015705,1.07145,-0.00629447,2.06951
8.982,-0.00189921,1.06447,-0.00588396,2.06695,-0.00160703,1.07142,-0.00634008,2.0696
8.984,-0.00186269,1.0645,-0.00592957,2.06704,-0.00164355,1.07142,-0.00634008,2.0696
8.986,-0.00186269,1.06447,-0.00588396,2.06704,-0.00160703,1.0714,-0.00629447,2.0696
8.988,-0.00186269,1.06447,-0.00588396,2.06704,-0.00160703,1.07142,-0.00624886,2.0696
8.99,-0.00186269,1.06447,-0.00588396,2.06704,-0.00160703,1.07145,-0.00629447,2.0696
8.992,-0.00186269,1.0645,-0.00592957,2.06704,-0.00160703,1.07142,-0.00624886,2.06951
8.994,-0.00186269,1.0645,-0.00592957,2.06695,-0.00160703,1.07145,-0.00629447,2.06951
8.996,-0.00186269,1.06447,-0.00588396,2.06695,-0.00160703,1.07145,-0.00629447,2.06951
8.998,-0.00186269,1.0645,-0.00592957,2.06704,-0.00160703,1.07142,-0.00624886,2.0696
9,-0.00186269,1.06447,-0.00588396,2.06704,-0.00160703,1.07145,-0.00629447,2.0696
9.002,-0.00186269,1.06447,-0.00588396,2.06695,-0.0015705,1.07145,-0.00629447,2.06951
9.004,-0.00186269,1.0645,-0.00592957,2.06695,-0.00160703,1.07142,-0.00634008,2.0696
9.006,-0.00186269,1.06447,-0.00588396,2.06695,-0.00164355,1.07145,-0.00629447,2.06951
9.008,-0.00189921,1.0645,-0.00592957,2.06704,-0.00160703,1.07145,-0.00629447,2.06951
9.01,-0.00186269,1.06447,-0.00588396,2.06695,-0.0015705,1.07145,-0.00629447,2.06951
9.012,-0.00186269,1.06447,-0.00588396,2.06704,-0.0015705,1.07145,-0.00629447,2.0696
9.014,-0.00186269,1.0645,-0.00592957,2.06704,-0.0015705,1.07145,-0.00629447,2.06951
9.016,-0.00189921,1.06447,-0.00588396,2.06695,-0.00164355,1.07145,-0.00629447,2.06951
9.018,-0.00189921,1.06447,-0.00588396,2.06695,-0.0015705,1.07142,-0.00634008,2.06943
9.02,-0.00186269,1.0645,-0.00592957,2.06695,-0.00164355,1.07142,-0.00624886,2.06951
9.022,-0.00186269,1.0645,-0.00592957,2.06704,-0.00160703,1.07145,-0.00629447,2.06951
9.024,-0.00186269,1.0645,-0.00592957,2.06704,-0.00160703,1.07145,-0.00629447,2.0696
9.026,-0.00186269,1.0645,-0.00592957,2.06704,-0.00160703,1.07142,-0.00634008,2.0696
9.028,-0.00186269,1.06447,-0.00588396,2.06704,-0.0015705,1.07145,-0.00629447,2.0696
9.03,-0.00189921,1.0645,-0.00592957,2.06704,-0.00160703,1.07145,-0.00629447,2.06951
9.032,-0.00189921,1.0645,-0.00592957,2.06695,-0.00164355,1.07142,-0.00634008,2.06951
9.034,-0.00189921,1.0645,-0.00592957,2.06704,-0.00160703,1.07145,-0.00629447,2.06951
9.036,-0.00189921,1.06447,-0.00588396,2.06704,-0.00160703,1.07142,-0.00634008,2.0696
9.038,-0.00189921,1.0645,-0.00592957,2.06704,-0.00160703,1.07145,-0.00629447,2.06951
9.04,-0.00186269,1.0645,-0.00592957,2.06704,-0.00160703,1.07142,-0.00624886,2.0696
9.042,-0.00186269,1.0645,-0.00592957,2.06695,-0.00164355,1.0714,-0.00629447,2.06951
9.044,-0.00186269,1.06447,-0.00588396,2.06695,-0.00160703,1.07142,-0.00624886,2.0696
9.046,-0.00186269,1.06447,-0.00588396,2.06695,-0.00160703,1.07142,-0.00634008,2.06951
9.048,-0.00186269,1.0645,-0.00592957,2.06704,-0.00160703,1.07142,-0.00624886,2.06951
9.05,-0.00189921,1.06447,-0.00588396,2.06695,-0.00160703,1.07142,-0.00624886,2.06951
9.052,-0.00189921,1.0645,-0.00592957,2.06704,-0.0015705,1.07142,-0.00624886,2.06951
9.054,-0.00189921,1.0645,-0.00592957,2.06704,-0.00160703,1.07145,-0.00629447,2.06951
9.056,-0.00186269,1.0645,-0.00592957,2.06704,-0.00160703,1.07142,-0.00624886,2.06951
9.058,-0.00186269,1.06447,-0.00588396,2.06704,-0.00160703,1.07145,-0.00629447,2.0696
9.06,-0.00186269,1.06447,-0.00588396,2.06695,-0.0015705,1.07145,-0.00629447,2.0696
9.062,-0.00186269,1.06447,-0.00588396,2.06704,-0.00160703,1.07145,-0.00629447,2.06951
9.064,-0.00186269,1.0645,-0.00592957,2.06695,-0.00164355,1.07142,-0.00624886,2.06951
9.066,-0.00186269,1.0645,-0.00592957,2.06704,-0.00160703,1.0714,-0.00629447,2.06951
9.068,-0.00186269,1.0645,-0.00592957,2.06704,-0.0015705,1.07142,-0.00624886,2.0696
9.07,-0.00186269,1.0645,-0.00592957,2.06704,-0.00160703,1.07142,-0.00624886,2.0696
9.072,-0.00186269,1.06447,-0.00588396,2.06704,-0.00160703,1.07145,-0.00629447,2.0696
9.074,-0.00186269,1.06447,-0.00588396,2.06704,-0.0015705,1.07145,-0.00629447,2.0696
9.076,-0.00186269,1.06447,-0.00588396,2.06704,-0.00160703,1.07145,-0.00629447,2.06951
9.078,-0.00186269,1.06447,-0.00588396,2.06704,-0.0015705,1.07145,-0.00629447,2.06951
9.08,-0.00186269,1.06447,-0.00588396,2.06695,-0.00160703,1.07142,-0.00634008,2.06951
9.082,-0.00186269,1.06447,-0.00588396,2.06695,-0.0015705,1.07142,-0.00624886,2.06951
9.084,-0.00186269,1.0645,-0.00592957,2.06704,-0.0015705,1.07145,-0.00629447,2.0696
9.086,-0.00186269,1.0645,-0.00592957,2.06704,-0.00164355,1.07142,-0.00634008,2.0696
9.088,-0.00186269,1.0645,-0.00592957,2.06695,-0.0015705,1.07145,-0.00629447,2.0696
9.09,-0.00186269,1.0645,-0.00592957,2.06704,-0.0015705,1.07145,-0.00629447,2.06951
9.092,-0.00189921,1.06447,-0.00588396,2.06704,-0.00160703,1.07142,-0.00634008,2.0696
9.094,-0.00186269,1.06447,-0.00588396,2.06704,-0.00160703,1.07145,-0.00629447,2.06951
9.096,-0.00186269,1.0645,-0.00592957,2.06704,-0.00160703,1.07145,-0.00629447,2.06951
9.098,-0.00186269,1.06447,-0.00588396,2.06704,-0.00164355,1.0714,-0.00629447,2.06951
9.1,-0.00186269,1.0645,-0.00592957,2.06704,-0.00160703,1.07145,-0.00629447,2.06951
9.102,-0.00186269,1.0645,-0.00592957,2.06695,-0.0015705,1.07148,-0.00624886,2.0696
9.104,-0.00186269,1.06447,-0.00588396,2.06695,-0.0015705,1.07148,-0.00624886,2.0696
9.106,-0.00186269,1.06447,-0.00588396,2.06695,-0.00160703,1.07145,-0.00629447,2.0696
9.108,-0.00186269,1.06447,-0.00588396,2.06695,-0.00164355,1.07145,-0.00629447,2.06951
9.11,-0.00189921,1.0645,-0.00592957,2.06695,-0.00160703,1.07145,-0.00629447,2.06951
9.112,-0.00189921,1.0645,-0.00592957,2.06695,-0.00160703,1.07142,-0.00634008,2.06951
9.114,-0.00186269,1.06447,-0.00588396,2.06704,-0.00164355,1.07142,-0.00634008,2.0696
9.116,-0.00186269,1.06447,-0.00588396,2.06704,-0.00160703,1.07145,-0.00629447,2.0696
9.118,-0.00186269,1.06447,-0.00588396,2.06704,-0.00160703,1.07142,-0.00624886,2.0696
9.12,-0.00186269,1.0645,-0.00592957,2.06704,-0.00164355,1.07142,-0.00624886,2.0696
9.122,-0.00186269,1.0645,-0.00592957,2.06695,-0.00160703,1.07142,-0.00624886,2.0696
9.124,-0.00186269,1.0645,-0.00592957,2.06695,-0.00164355,1.07145,-0.00629447,2.0696
9.126,-0.00186269,1.0645,-0.00592957,2.06695,-0.0015705,1.07145,-0.00629447,2.0696
9.128,-0.00186269,1.06447,-0.00588396,2.06704,-0.00160703,1.07142,-0.00634008,2.06951
9.13,-0.00186269,1.06447,-0.00588396,2.06704,-0.00160703,1.07145,-0.00629447,2.06951
9.132,-0.00186269,1.0645,-0.00592957,2.06704,-0.00160703,1.07145,-0.00629447,2.0696
9.134,-0.00189921,1.0645,-0.00592957,2.06704,-0.00164355,1.07145,-0.00629447,2.0696
9.136,-0.00186269,1.0645,-0.00592957,2.06704,-0.0015705,1.07145,-0.00620325,2.0696
9.138,-0.00186269,1.0645,-0.00592957,2.06695,-0.00160703,1.07145,-0.00620325,2.0696
9.14,-0.00186269,1.06447,-0.00588396,2.06695,-0.0015705,1.07145,-0.00629447,2.06951
9.142,-0.00186269,1.06447,-0.00588396,2.06695,-0.00164355,1.07145,-0.00629447,2.06951
9.144,-0.00186269,1.06447,-0.00588396,2.06704,-0.00160703,1.07145,-0.00629447,2.06951
9.146,-0.00186269,1.0645,-0.00592957,2.06704,-0.00164355,1.07145,-0.00629447,2.06951
9.148,-0.00186269,1.0645,-0.00592957,2.06704,-0.00160703,1.07145,-0.00629447,2.0696
9.15,-0.00186269,1.0645,-0.00592957,2.06704,-0.00160703,1.07145,-0.00629447,2.0696
9.152,-0.00186269,1.06447,-0.00588396,2.06704,-0.0015705,1.07145,-0.00629447,2.0696
9.154,-0.00186269,1.06447,-0.00588396,2.06695,-0.0015705,1.07148,-0.00624886,2.0696
9.156,-0.00189921,1.0645,-0.00592957,2.06695,-0.00160703,1.0714,-0.00629447,2.0696
9.158,-0.00186269,1.06447,-0.00588396,2.06695,-0.0015705,1.07145,-0.00629447,2.06951
9.16,-0.00186269,1.0645,-0.00592957,2.06695,-0.00160703,1.07145,-0.00629447,2.06951
9.162,-0.00186269,1.06447,-0.00588396,2.06704,-0.00160703,1.07142,-0.00624886,2.06951
9.164,-0.00186269,1.06447,-0.00588396,2.06704,-0.0015705,1.07142,-0.00634008,2.0696
9.166,-0.00186269,1.0645,-0.00592957,2.06704,-0.00160703,1.07142,-0.00634008,2.0696
9.168,-0.00189921,1.06447,-0.00588396,2.06704,-0.0015705,1.07145,-0.00629447,2.0696
9.17,-0.00186269,1.0645,-0.00592957,2.06695,-0.00160703,1.07142,-0.00624886,2.0696
9.172,-0.00186269,1.0645,-0.00592957,2.06695,-0.00160703,1.07142,-0.00624886,2.06951
9.174,-0.00186269,1.06447,-0.00588396,2.06704,-0.00164355,1.07145,-0.00629447,2.06951
9.176,-0.00186269,1.06447,-0.00588396,2.06704,-0.00164355,1.0714,-0.00629447,2.06951
9.178,-0.00186269,1.06447,-0.00588396,2.06704,-0.00160703,1.07145,-0.00629447,2.0696
9.18,-0.00186269,1.06447,-0.00588396,2.06704,-0.00160703,1.07145,-0.00629447,2.06951
9.182,-0.00186269,1.0645,-0.00592957,2.06704,-0.00160703,1.07145,-0.00629447,2.0696
9.184,-0.00189921,1.0645,-0.00592957,2.06695,-0.0015705,1.07148,-0.00624886,2.06951
9.186,-0.00189921,1.06447,-0.00588396,2.06704,-0.00160703,1.07145,-0.00629447,2.0696
9.188,-0.00189921,1.06447,-0.00588396,2.06704,-0.00164355,1.07145,-0.00629447,2.06951
9.19,-0.00189921,1.06447,-0.00588396,2.06704,-0.00160703,1.07145,-0.00629447,2.06951
9.192,-0.00189921,1.06447,-0.00588396,2.06704,-0.00160703,1.07145,-0.00629447,2.06951
9.194,-0.00186269,1.0645,-0.00592957,2.06695,-0.00164355,1.07142,-0.00624886,2.06951
9.196,-0.00186269,1.0645,-0.00592957,2.06695,-0.0015705,1.07142,-0.00624886,2.0696
9.198,-0.00186269,1.0645,-0.00592957,2.06695,-0.00164355,1.0714,-0.00629447,2.0696
9.2,-0.00186269,1.06447,-0.00588396,2.06695,-0.00160703,1.07142,-0.00624886,2.0696
9.202,-0.00186269,1.06447,-0.00588396,2.06695,-0.00164355,1.07142,-0.00624886,2.0696
9.204,-0.00186269,1.0645,-0.00592957,2.06695,-0.00160703,1.07145,-0.00629447,2.0696
9.206,-0.00186269,1.06447,-0.00588396,2.06704,-0.00160703,1.07142,-0.00624886,2.06951
9.208,-0.00186269,1.06447,-0.00588396,2.06695,-0.00164355,1.07142,-0.00634008,2.06951
9.21,-0.00186269,1.0645,-0.00592957,2.06695,-0.00160703,1.07142,-0.00624886,2.06951
9.212,-0.00186269,1.0645,-0.00592957,2.06695,-0.00160703,1.07145,-0.00629447,2.06951
9.214,-0.00186269,1.0645,-0.00592957,2.06704,-0.00160703,1.07142,-0.00624886,2.0696
9.216,-0.00186269,1.0645,-0.00592957,2.06695,-0.00160703,1.07145,-0.00629447,2.0696
9.218,-0.00186269,1.06447,-0.00588396,2.06695,-0.0015705,1.07145,-0.00629447,2.06951
9.22,-0.00186269,1.06447,-0.00597519,2.06695,-0.00160703,1.07145,-0.00629447,2.06951
9.222,-0.00186269,1.0645,-0.00592957,2.06695,-0.00160703,1.07145,-0.00629447,2.0696
9.224,-0.00186269,1.06447,-0.00588396,2.06704,-0.00160703,1.07142,-0.00624886,2.06951
9.226,-0.00186269,1.06447,-0.00588396,2.06704,-0.00160703,1.07145,-0.00629447,2.06951
9.228,-0.00186269,1.0645,-0.00592957,2.06704,-0.00160703,1.07142,-0.00624886,2.0696
9.23,-0.00186269,1.0645,-0.00592957,2.06704,-0.00164355,1.07142,-0.00624886,2.06951
9.232,-0.00189921,1.06447,-0.00588396,2.06704,-0.00160703,1.07142,-0.00624886,2.06951
9.234,-0.00186269,1.06447,-0.00588396,2.06695,-0.0015705,1.07145,-0.00629447,2.06951
9.236,-0.00186269,1.06447,-0.00588396,2.06695,-0.0015705,1.07145,-0.00629447,2.0696
9.238,-0.00186269,1.06447,-0.00588396,2.06704,-0.0015705,1.07145,-0.00629447,2.06951
9.24,-0.00189921,1.0645,-0.00592957,2.06704,-0.00160703,1.07142,-0.00634008,2.06951
9.242,-0.00186269,1.0645,-0.00592957,2.06704,-0.00160703,1.07142,-0.00624886,2.0696
9.244,-0.00186269,1.06447,-0.00588396,2.06704,-0.00160703,1.07142,-0.00624886,2.06951
9.246,-0.00186269,1.06447,-0.00588396,2.06704,-0.0015705,1.07145,-0.00629447,2.06951
9.248,-0.00186269,1.06445,-0.00592957,2.06695,-0.00160703,1.07142,-0.00624886,2.06951
9.25,-0.00186269,1.06445,-0.00592957,2.06695,-0.0015705,1.07145,-0.00629447,2.06951
9.252,-0.00186269,1.06447,-0.00588396,2.06695,-0.00160703,1.07145,-0.00629447,2.06951
9.254,-0.00186269,1.0645,-0.00592957,2.06695,-0.00160703,1.0714,-0.00629447,2.06951
9.256,-0.00186269,1.0645,-0.00592957,2.06704,-0.00164355,1.07145,-0.00629447,2.0696
9.258,-0.00186269,1.06447,-0.00588396,2.06695,-0.0015705,1.07145,-0.00629447,2.06951
9.26,-0.00186269,1.06447,-0.00588396,2.06695,-0.00160703,1.07145,-0.00629447,2.06951
9.262,-0.00186269,1.06447,-0.00588396,2.06704,-0.00160703,1.07142,-0.00624886,2.06951
9.264,-0.00186269,1.06447,-0.00588396,2.06704,-0.00160703,1.07142,-0.00624886,2.06951
9.266,-0.00186269,1.06447,-0.00588396,2.06695,-0.0015705,1.07142,-0.00624886,2.06951
9.268,-0.00189921,1.0645,-0.00592957,2.06704,-0.0015705,1.07142,-0.00624886,2.06951
9.27,-0.00186269,1.06447,-0.00588396,2.06704,-0.00160703,1.07145,-0.00629447,2.0696
9.272,-0.00186269,1.06447,-0.00588396,2.06704,-0.00160703,1.07142,-0.00634008,2.0696
9.274,-0.00186269,1.06447,-0.00588396,2.06695,-0.00160703,1.07145,-0.00629447,2.06951
9.276,-0.00186269,1.0645,-0.00592957,2.06695,-0.00160703,1.07145,-0.00629447,2.06951
9.278,-0.00186269,1.06447,-0.00588396,2.06704,-0.00160703,1.07142,-0.00634008,2.06951
9.28,-0.00186269,1.0645,-0.00592957,2.06704,-0.00160703,1.07145,-0.00629447,2.06951
9.282,-0.00186269,1.0645,-0.00592957,2.06704,-0.00160703,1.07142,-0.00624886,2.06951
9.284,-0.00189921,1.06447,-0.00588396,2.06704,-0.00160703,1.07142,-0.00634008,2.06951
9.286,-0.00189921,1.06447,-0.00588396,2.06695,-0.00160703,1.07145,-0.00629447,2.06951
9.288,-0.00189921,1.06447,-0.00588396,2.06695,-0.00160703,1.07145,-0.00629447,2.06951
9.29,-0.00186269,1.0645,-0.00592957,2.06695,-0.00164355,1.07145,-0.00629447,2.06951
9.292,-0.00186269,1.0645,-0.00592957,2.06695,-0.00160703,1.0714,-0.00629447,2.06951
9.294,-0.00186269,1.06447,-0.00588396,2.06695,-0.00164355,1.07145,-0.00629447,2.06951
9.296,-0.00186269,1.0645,-0.00592957,2.06704,-0.00160703,1.07145,-0.00629447,2.06951
9.298,-0.00186269,1.0645,-0.00592957,2.06704,-0.00160703,1.07142,-0.00624886,2.06951
9.3,-0.00186269,1.06447,-0.00588396,2.06712,-0.0015705,1.07145,-0.00629447,2.0696
9.302,-0.00186269,1.06447,-0.00588396,2.06704,-0.00164355,1.07145,-0.00629447,2.0696
9.304,-0.00189921,1.0645,-0.00592957,2.06695,-0.00160703,1.07142,-0.00624886,2.06951
9.306,-0.00186269,1.06447,-0.00588396,2.06695,-0.00160703,1.07145,-0.00629447,2.0696
9.308,-0.00186269,1.0645,-0.00592957,2.06695,-0.00164355,1.07145,-0.00629447,2.06951
9.31,-0.00186269,1.06447,-0.00588396,2.06704,-0.00160703,1.07145,-0.00629447,2.06951
9.312,-0.00186269,1.0645,-0.00592957,2.06704,-0.0015705,1.07145,-0.00629447,2.0696
9.314,-0.00186269,1.0645,-0.00592957,2.06704,-0.00160703,1.07142,-0.00624886,2.06951
9.316,-0.00186269,1.0645,-0.00592957,2.06712,-0.00164355,1.07145,-0.00629447,2.06951
9.318,-0.00186269,1.06447,-0.00588396,2.06704,-0.00160703,1.07145,-0.00629447,2.0696
9.32,-0.00189921,1.06447,-0.00588396,2.06695,-0.00160703,1.07145,-0.00629447,2.0696
9.322,-0.00186269,1.06447,-0.00588396,2.06695,-0.00160703,1.07145,-0.00629447,2.0696
9.324,-0.00186269,1.06447,-0.00588396,2.06704,-0.00160703,1.07145,-0.00629447,2.06951
9.326,-0.00186269,1.06447,-0.00588396,2.06695,-0.00160703,1.07145,-0.00629447,2.06951
9.328,-0.00186269,1.06447,-0.00588396,2.06695,-0.00160703,1.0714,-0.00629447,2.06951
9.33,-0.00186269,1.06447,-0.00588396,2.06695,-0.00160703,1.0714,-0.00629447,2.06951
9.332,-0.00186269,1.06447,-0.00588396,2.06695,-0.00160703,1.07142,-0.00624886,2.0696
9.334,-0.00186269,1.06447,-0.00588396,2.06695,-0.00160703,1.07145,-0.00629447,2.0696
9.336,-0.00186269,1.06447,-0.00588396,2.06695,-0.00160703,1.07145,-0.00629447,2.0696
9.338,-0.00189921,1.06447,-0.00588396,2.06695,-0.00160703,1.07145,-0.00629447,2.06951
9.34,-0.00186269,1.06447,-0.00588396,2.06695,-0.00160703,1.07145,-0.00629447,2.06951
9.342,-0.00186269,1.06447,-0.00588396,2.06704,-0.00160703,1.07145,-0.00629447,2.06951
9.344,-0.00186269,1.06447,-0.00588396,2.06704,-0.00164355,1.07145,-0.00629447,2.06951
9.346,-0.00186269,1.06447,-0.00588396,2.06704,-0.00160703,1.07145,-0.00629447,2.0696
9.348,-0.00186269,1.0645,-0.00592957,2.06704,-0.0015705,1.07142,-0.00624886,2.0696
9.35,-0.00186269,1.0645,-0.00592957,2.06695,-0.0015705,1.07148,-0.00624886,2.06951
9.352,-0.00186269,1.0645,-0.00592957,2.06695,-0.00164355,1.07145,-0.00629447,2.06951
9.354,-0.00186269,1.06447,-0.00588396,2.06704,-0.0015705,1.07142,-0.00634008,2.0696
9.356,-0.00186269,1.06447,-0.00588396,2.06704,-0.00160703,1.07142,-0.00634008,2.06951
9.358,-0.00186269,1.06447,-0.00588396,2.06704,-0.0015705,1.07145,-0.00629447,2.06951
9.36,-0.00186269,1.0645,-0.00592957,2.06712,-0.00160703,1.0714,-0.00629447,2.0696
9.362,-0.00186269,1.0645,-0.00592957,2.06704,-0.00160703,1.0714,-0.00629447,2.0696
9.364,-0.00186269,1.06447,-0.00588396,2.06704,-0.00160703,1.07142,-0.00624886,2.0696
9.366,-0.00186269,1.06447,-0.00588396,2.06704,-0.00160703,1.07142,-0.00624886,2.06951
9.368,-0.00186269,1.0645,-0.00592957,2.06704,-0.00160703,1.07145,-0.00629447,2.06951
9.37,-0.00186269,1.06447,-0.00588396,2.06704,-0.0015705,1.07142,-0.00624886,2.06951
9.372,-0.00186269,1.06447,-0.00588396,2.06704,-0.00160703,1.07145,-0.00629447,2.0696
9.374,-0.00186269,1.06447,-0.00588396,2.06704,-0.00160703,1.07145,-0.00629447,2.06951
9.376,-0.00186269,1.0645,-0.00592957,2.06704,-0.00153398,1.07142,-0.00634008,2.0696
9.378,-0.00186269,1.06447,-0.00588396,2.06704,-0.00160703,1.07142,-0.00624886,2.0696
9.38,-0.00186269,1.0645,-0.00592957,2.06695,-0.0015705,1.0714,-0.00629447,2.06951
9.382,-0.00186269,1.0645,-0.00592957,2.06695,-0.0015705,1.07145,-0.00629447,2.06951
9.384,-0.00186269,1.0645,-0.00592957,2.06695,-0.00164355,1.07148,-0.00624886,2.06951
9.386,-0.00186269,1.06447,-0.00588396,2.06695,-0.0015705,1.07145,-0.00629447,2.06951
9.388,-0.00186269,1.06447,-0.00588396,2.06695,-0.00160703,1.07142,-0.00634008,2.06951
9.39,-0.00189921,1.06447,-0.00588396,2.06704,-0.00160703,1.07142,-0.00634008,2.06951
9.392,-0.00189921,1.0645,-0.00592957,2.06704,-0.00164355,1.07142,-0.00624886,2.06951
9.394,-0.00186269,1.0645,-0.00592957,2.06704,-0.0015705,1.0714,-0.00629447,2.06951
9.396,-0.00186269,1.0645,-0.00592957,2.06704,-0.00164355,1.07142,-0.00624886,2.06951
9.398,-0.00186269,1.06447,-0.00588396,2.06695,-0.00153398,1.07142,-0.00624886,2.06951
9.4,-0.00186269,1.06447,-0.00588396,2.06695,-0.00164355,1.07145,-0.00629447,2.06951
9.402,-0.00186269,1.0645,-0.00592957,2.06704,-0.00160703,1.07145,-0.00629447,2.0696
9.404,-0.00186269,1.0645,-0.00592957,2.06704,-0.00160703,1.07145,-0.00629447,2.0696
9.406,-0.00186269,1.0645,-0.00592957,2.06704,-0.00160703,1.07145,-0.00629447,2.0696
9.408,-0.00186269,1.0645,-0.00592957,2.06704,-0.00164355,1.07145,-0.00629447,2.06951
9.41,-0.00186269,1.06447,-0.00588396,2.06704,-0.00164355,1.07145,-0.00629447,2.06951
9.412,-0.00186269,1.06447,-0.00588396,2.06704,-0.00160703,1.07145,-0.00629447,2.06951
9.414,-0.00186269,1.06447,-0.00588396,2.06695,-0.00160703,1.07142,-0.00634008,2.06951
9.416,-0.00186269,1.06447,-0.00588396,2.06704,-0.00160703,1.07145,-0.00629447,2.0696
9.418,-0.00186269,1.06447,-0.00588396,2.06704,-0.00160703,1.07142,-0.00624886,2.06951
9.42,-0.00186269,1.0645,-0.00592957,2.06695,-0.00160703,1.07142,-0.00634008,2.06951
9.422,-0.00186269,1.0645,-0.00592957,2.06695,-0.00160703,1.07145,-0.00629447,2.0696
9.424,-0.00186269,1.0645,-0.00592957,2.06695,-0.00160703,1.0714,-0.00629447,2.06951
9.426,-0.00186269,1.06447,-0.00588396,2.06704,-0.00160703,1.07145,-0.00629447,2.0696
9.428,-0.00189921,1.0645,-0.00592957,2.06695,-0.00160703,1.07148,-0.00624886,2.0696
9.43,-0.00186269,1.06447,-0.00588396,2.06704,-0.0015705,1.0714,-0.00629447,2.0696
9.432,-0.00186269,1.06447,-0.00588396,2.06704,-0.00168007,1.07145,-0.00629447,2.0696
9.434,-0.00186269,1.0645,-0.00592957,2.06695,-0.00164355,1.07142,-0.00624886,2.06951
9.436,-0.00186269,1.0645,-0.00592957,2.06695,-0.00160703,1.0714,-0.00629447,2.06951
9.438,-0.00189921,1.06447,-0.00588396,2.06695,-0.00160703,1.07142,-0.00624886,2.06951
9.44,-0.00189921,1.06447,-0.00588396,2.06695,-0.00160703,1.07142,-0.00624886,2.0696
9.442,-0.00186269,1.0645,-0.00592957,2.06695,-0.00160703,1.07142,-0.00634008,2.06951
9.444,-0.00186269,1.06447,-0.00588396,2.06695,-0.00160703,1.07145,-0.00629447,2.0696
9.446,-0.00186269,1.06447,-0.00588396,2.06695,-0.00160703,1.07145,-0.00629447,2.0696
9.448,-0.00186269,1.06447,-0.00588396,2.06695,-0.00160703,1.07145,-0.00629447,2.06951
9.45,-0.00186269,1.06447,-0.00588396,2.06704,-0.00164355,1.0714,-0.00629447,2.06951
9.452,-0.00186269,1.0645,-0.00592957,2.06704,-0.0015705,1.07142,-0.00624886,2.0696
9.454,-0.00186269,1.0645,-0.00592957,2.06704,-0.0015705,1.07142,-0.00624886,2.06951
9.456,-0.00186269,1.0645,-0.00592957,2.06695,-0.00160703,1.07142,-0.00624886,2.0696
9.458,-0.00186269,1.06447,-0.00588396,2.06704,-0.0015705,1.07145,-0.00629447,2.0696
9.46,-0.00189921,1.06447,-0.00588396,2.06704,-0.00164355,1.07145,-0.00629447,2.06951
9.462,-0.00189921,1.06447,-0.00588396,2.06704,-0.00160703,1.07145,-0.00629447,2.06951
9.464,-0.00186269,1.0645,-0.00592957,2.06704,-0.00160703,1.07148,-0.00624886,2.0696
9.466,-0.00186269,1.06447,-0.00588396,2.06695,-0.00164355,1.07142,-0.00624886,2.0696
9.468,-0.00186269,1.06447,-0.00588396,2.06695,-0.00160703,1.07145,-0.00629447,2.06951
9.47,-0.00186269,1.0645,-0.00592957,2.06695,-0.00160703,1.0714,-0.00629447,2.0696
9.472,-0.00186269,1.0645,-0.00592957,2.06704,-0.00160703,1.07142,-0.00624886,2.0696
9.474,-0.00186269,1.06447,-0.00588396,2.06704,-0.00160703,1.07142,-0.00624886,2.06951
9.476,-0.00186269,1.0645,-0.00592957,2.06704,-0.0015705,1.07142,-0.00634008,2.06951
9.478,-0.00189921,1.06447,-0.00588396,2.06704,-0.00160703,1.07145,-0.00629447,2.06951
9.48,-0.00189921,1.0645,-0.00592957,2.06695,-0.00164355,1.07145,-0.00629447,2.06951
9.482,-0.00186269,1.06447,-0.00588396,2.06695,-0.0015705,1.07142,-0.00624886,2.06951
9.484,-0.00186269,1.0645,-0.00592957,2.06695,-0.00164355,1.07145,-0.00629447,2.06951
9.486,-0.00186269,1.06447,-0.00588396,2.06695,-0.00160703,1.07142,-0.00624886,2.06951
9.488,-0.00186269,1.06447,-0.00588396,2.06704,-0.00160703,1.07142,-0.00624886,2.06951
9.49,-0.00186269,1.0645,-0.00592957,2.06704,-0.00164355,1.07142,-0.00624886,2.06951
9.492,-0.00186269,1.0645,-0.00592957,2.06704,-0.00164355,1.07145,-0.00629447,2.0696
9.494,-0.00189921,1.06447,-0.00588396,2.06704,-0.00164355,1.07142,-0.00624886,2.06951
9.496,-0.00186269,1.06447,-0.00588396,2.06704,-0.0015705,1.07145,-0.00629447,2.06951
9.498,-0.00186269,1.06447,-0.00588396,2.06704,-0.00160703,1.07145,-0.00629447,2.06951
9.5,-0.00186269,1.06447,-0.00588396,2.06704,-0.00164355,1.07145,-0.00629447,2.0696
9.502,-0.00186269,1.0645,-0.00592957,2.06704,-0.0015705,1.07142,-0.00634008,2.06951
9.504,-0.00186269,1.0645,-0.00592957,2.06695,-0.00160703,1.07145,-0.00629447,2.06951
9.506,-0.00186269,1.06447,-0.00588396,2.06695,-0.0015705,1.07145,-0.00629447,2.0696
9.508,-0.00186269,1.0645,-0.00592957,2.06704,-0.00160703,1.07145,-0.00629447,2.0696
9.51,-0.00186269,1.06447,-0.00588396,2.06704,-0.00164355,1.07142,-0.00634008,2.06951
9.512,-0.00186269,1.06447,-0.00588396,2.06704,-0.00160703,1.07145,-0.00629447,2.06951
9.514,-0.00186269,1.0645,-0.00592957,2.06695,-0.00160703,1.07145,-0.00629447,2.0696
9.516,-0.00189921,1.0645,-0.00592957,2.06695,-0.00160703,1.07142,-0.00624886,2.0696
9.518,-0.00186269,1.06447,-0.00588396,2.06704,-0.0015705,1.07145,-0.00629447,2.06951
9.52,-0.00189921,1.06447,-0.00588396,2.06704,-0.00160703,1.07145,-0.00629447,2.06951
9.522,-0.00189921,1.0645,-0.00592957,2.06704,-0.00160703,1.07142,-0.00624886,2.06951
9.524,-0.00189921,1.0645,-0.00592957,2.06695,-0.00160703,1.07145,-0.00629447,2.06951
9.526,-0.00186269,1.06447,-0.00588396,2.06695,-0.00160703,1.07142,-0.00624886,2.06951
9.528,-0.00186269,1.0645,-0.00592957,2.06704,-0.00160703,1.07142,-0.00624886,2.06951
9.53,-0.00186269,1.0645,-0.00592957,2.06704,-0.00164355,1.07145,-0.00629447,2.06951
9.532,-0.00186269,1.0645,-0.00592957,2.06704,-0.0015705,1.07145,-0.00629447,2.06951
9.534,-0.00186269,1.06447,-0.00588396,2.06704,-0.00164355,1.07142,-0.00624886,2.0696
9.536,-0.00186269,1.06447,-0.00588396,2.06704,-0.00160703,1.07145,-0.00629447,2.06951
9.538,-0.00189921,1.0645,-0.00592957,2.06704,-0.00160703,1.07145,-0.00629447,2.06951
9.54,-0.00186269,1.0645,-0.00592957,2.06695,-0.00160703,1.07145,-0.00629447,2.06951
9.542,-0.00186269,1.0645,-0.00592957,2.06695,-0.00160703,1.07142,-0.00624886,2.06951
9.544,-0.00186269,1.06447,-0.00588396,2.06704,-0.00164355,1.07145,-0.00629447,2.0696
9.546,-0.00186269,1.06447,-0.00588396,2.06704,-0.0015705,1.07142,-0.00624886,2.0696
9.548,-0.00186269,1.06447,-0.00588396,2.06704,-0.00160703,1.07145,-0.00629447,2.0696
9.55,-0.00186269,1.06447,-0.00588396,2.06704,-0.00164355,1.07142,-0.00624886,2.06951
9.552,-0.00186269,1.0645,-0.00592957,2.06704,-0.00160703,1.0714,-0.00629447,2.0696
9.554,-0.00186269,1.06447,-0.00588396,2.06704,-0.00160703,1.07142,-0.00624886,2.06951
9.556,-0.00186269,1.06447,-0.00588396,2.06695,-0.00160703,1.07142,-0.00624886,2.0696
9.558,-0.00186269,1.06447,-0.00588396,2.06704,-0.00160703,1.07142,-0.00624886,2.06951
9.56,-0.00186269,1.0645,-0.00592957,2.06704,-0.0015705,1.07142,-0.00624886,2.06951
9.562,-0.00186269,1.06447,-0.00588396,2.06704,-0.00164355,1.07142,-0.00624886,2.0696
9.564,-0.00186269,1.0645,-0.00592957,2.06704,-0.00160703,1.07145,-0.00629447,2.06951
9.566,-0.00186269,1.06447,-0.00588396,2.06704,-0.00164355,1.07148,-0.00624886,2.06951
9.568,-0.00186269,1.06447,-0.00588396,2.06704,-0.00160703,1.07142,-0.00634008,2.06951
9.57,-0.00189921,1.0645,-0.00592957,2.06695,-0.00164355,1.07142,-0.00634008,2.0696
9.572,-0.00186269,1.06445,-0.00592957,2.06695,-0.00160703,1.07145,-0.00629447,2.06951
9.574,-0.00189921,1.0645,-0.00592957,2.06704,-0.00160703,1.07145,-0.00629447,2.0696
9.576,-0.00186269,1.06447,-0.00588396,2.06704,-0.00160703,1.07142,-0.00624886,2.06951
9.578,-0.00186269,1.0645,-0.00592957,2.06704,-0.00160703,1.07142,-0.00624886,2.06951
9.58,-0.00186269,1.06447,-0.00588396,2.06704,-0.00164355,1.07145,-0.00629447,2.06951
9.582,-0.00186269,1.06447,-0.00588396,2.06704,-0.00164355,1.07145,-0.00629447,2.06951
9.584,-0.00186269,1.06447,-0.00588396,2.06704,-0.00164355,1.07142,-0.00634008,2.06951
9.586,-0.00189921,1.06447,-0.00588396,2.06704,-0.00164355,1.0714,-0.00629447,2.06951
9.588,-0.00189921,1.06447,-0.00588396,2.06704,-0.0015705,1.07142,-0.00624886,2.06951
9.59,-0.00186269,1.0645,-0.00592957,2.06704,-0.0015705,1.0714,-0.00629447,2.0696
9.592,-0.00186269,1.0645,-0.00592957,2.06695,-0.00160703,1.0714,-0.00629447,2.0696
9.594,-0.00186269,1.06447,-0.00588396,2.06695,-0.00164355,1.07148,-0.00624886,2.0696
9.596,-0.00189921,1.06447,-0.00588396,2.06704,-0.00160703,1.07145,-0.00629447,2.06951
9.598,-0.00186269,1.06447,-0.00588396,2.06704,-0.00164355,1.07145,-0.00629447,2.06951
9.6,-0.00186269,1.0645,-0.00592957,2.06695,-0.00160703,1.07145,-0.00629447,2.0696
9.602,-0.00186269,1.06447,-0.00588396,2.06704,-0.00164355,1.07145,-0.00629447,2.06951
9.604,-0.00186269,1.0645,-0.00592957,2.06704,-0.0015705,1.07145,-0.00629447,2.0696
9.606,-0.00186269,1.06447,-0.00588396,2.06704,-0.00160703,1.07142,-0.00624886,2.0696
9.608,-0.00189921,1.06447,-0.00588396,2.06704,-0.00164355,1.07145,-0.00629447,2.06951
9.61,-0.00186269,1.0645,-0.00592957,2.06704,-0.0015705,1.07145,-0.00629447,2.06951
9.612,-0.00189921,1.06447,-0.00588396,2.06695,-0.00160703,1.07145,-0.00629447,2.06951
9.614,-0.00186269,1.0645,-0.00592957,2.06695,-0.00160703,1.07145,-0.00629447,2.0696
9.616,-0.00186269,1.06447,-0.00588396,2.06704,-0.00160703,1.07145,-0.00629447,2.06951
9.618,-0.00186269,1.0645,-0.00592957,2.06704,-0.00160703,1.07145,-0.00629447,2.06951
9.62,-0.00186269,1.0645,-0.00592957,2.06704,-0.00160703,1.07142,-0.00624886,2.0696
9.622,-0.00186269,1.0645,-0.00592957,2.06704,-0.00160703,1.07142,-0.00624886,2.06951
9.624,-0.00186269,1.0645,-0.00592957,2.06704,-0.00160703,1.07145,-0.00629447,2.06951
9.626,-0.00186269,1.06447,-0.00588396,2.06704,-0.00160703,1.07142,-0.00624886,2.0696
9.628,-0.00186269,1.06447,-0.00588396,2.06704,-0.00160703,1.07142,-0.00624886,2.0696
9.63,-0.00186269,1.0645,-0.00592957,2.06704,-0.00164355,1.07145,-0.00629447,2.06951
9.632,-0.00186269,1.06447,-0.00588396,2.06695,-0.0015705,1.07142,-0.00624886,2.06951
9.634,-0.00186269,1.0645,-0.00592957,2.06695,-0.00160703,1.07142,-0.00624886,2.0696
9.636,-0.00186269,1.06447,-0.00588396,2.06695,-0.00160703,1.07142,-0.00624886,2.06951
9.638,-0.00186269,1.0645,-0.00592957,2.06704,-0.00160703,1.07142,-0.00634008,2.0696
9.64,-0.00186269,1.0645,-0.00592957,2.06704,-0.00164355,1.07145,-0.00629447,2.0696
9.642,-0.00186269,1.06447,-0.00588396,2.06704,-0.00160703,1.07145,-0.00629447,2.0696
9.644,-0.00186269,1.0645,-0.00592957,2.06695,-0.00164355,1.07145,-0.00629447,2.06951
9.646,-0.00186269,1.06447,-0.00588396,2.06704,-0.0015705,1.07145,-0.00629447,2.06951
9.648,-0.00186269,1.06447,-0.00588396,2.06704,-0.00160703,1.07145,-0.00629447,2.06951
9.65,-0.00189921,1.0645,-0.00592957,2.06704,-0.00164355,1.07142,-0.00624886,2.0696
9.652,-0.00186269,1.06447,-0.00588396,2.06704,-0.00164355,1.07142,-0.00624886,2.0696
9.654,-0.00186269,1.0645,-0.00592957,2.06704,-0.00160703,1.07142,-0.00624886,2.0696
9.656,-0.00189921,1.06447,-0.00588396,2.06704,-0.00160703,1.07145,-0.00629447,2.0696
9.658,-0.00189921,1.06447,-0.00588396,2.06704,-0.00160703,1.07145,-0.00629447,2.06951
9.66,-0.00186269,1.06447,-0.00588396,2.06704,-0.00160703,1.07142,-0.00624886,2.0696
9.662,-0.00189921,1.0645,-0.00592957,2.06704,-0.00160703,1.07142,-0.00634008,2.0696
9.664,-0.00186269,1.06447,-0.00588396,2.06704,-0.0015705,1.07142,-0.00624886,2.06951
9.666,-0.00186269,1.0645,-0.00592957,2.06704,-0.00160703,1.07148,-0.00624886,2.06951
9.668,-0.00186269,1.06447,-0.00588396,2.06704,-0.00164355,1.07145,-0.00629447,2.0696
9.67,-0.00186269,1.06447,-0.00588396,2.06704,-0.00160703,1.07145,-0.00629447,2.06951
9.672,-0.00186269,1.06447,-0.00588396,2.06704,-0.0015705,1.07145,-0.00629447,2.06951
9.674,-0.00189921,1.06447,-0.00588396,2.06695,-0.00160703,1.0714,-0.00629447,2.06951
9.676,-0.00189921,1.0645,-0.00592957,2.06704,-0.00160703,1.07142,-0.00624886,2.06951
9.678,-0.00186269,1.06447,-0.00588396,2.06704,-0.00164355,1.07148,-0.00624886,2.06951
9.68,-0.00186269,1.06447,-0.00588396,2.06704,-0.00160703,1.07145,-0.00629447,2.0696
9.682,-0.00186269,1.06447,-0.00588396,2.06704,-0.00160703,1.07142,-0.00624886,2.0696
9.684,-0.00186269,1.06447,-0.00588396,2.06704,-0.0015705,1.07145,-0.00629447,2.0696
9.686,-0.00186269,1.06447,-0.00588396,2.06704,-0.00160703,1.07145,-0.00629447,2.0696
9.688,-0.00189921,1.0645,-0.00592957,2.06704,-0.00164355,1.07142,-0.00624886,2.0696
9.69,-0.00189921,1.06447,-0.00588396,2.06704,-0.00160703,1.07145,-0.00629447,2.06951
9.692,-0.00186269,1.06447,-0.00588396,2.06695,-0.00160703,1.07145,-0.00629447,2.06951
9.694,-0.00186269,1.06447,-0.00588396,2.06704,-0.00164355,1.07142,-0.00634008,2.06951
9.696,-0.00186269,1.06447,-0.00588396,2.06704,-0.00160703,1.07145,-0.00629447,2.06951
9.698,-0.00186269,1.06447,-0.00588396,2.06704,-0.00160703,1.07145,-0.00629447,2.06951
9.7,-0.00186269,1.0645,-0.00592957,2.06704,-0.00164355,1.0714,-0.00629447,2.0696
9.702,-0.00186269,1.06447,-0.00588396,2.06704,-0.0015705,1.07142,-0.00624886,2.06951
9.704,-0.00186269,1.0645,-0.00592957,2.06695,-0.00160703,1.07142,-0.00624886,2.0696
9.706,-0.00186269,1.0645,-0.00592957,2.06704,-0.00160703,1.07145,-0.00629447,2.06951
9.708,-0.00186269,1.0645,-0.00592957,2.06704,-0.00164355,1.07145,-0.00629447,2.06951
9.71,-0.00186269,1.06447,-0.00588396,2.06704,-0.00160703,1.07145,-0.00629447,2.06951
9.712,-0.00186269,1.06447,-0.00588396,2.06704,-0.00164355,1.07145,-0.00629447,2.06951
9.714,-0.00186269,1.06447,-0.00588396,2.06704,-0.00160703,1.07142,-0.00624886,2.06951
9.716,-0.00186269,1.0645,-0.00592957,2.06704,-0.00164355,1.07145,-0.00629447,2.06951
9.718,-0.00189921,1.06447,-0.00597519,2.06695,-0.00160703,1.07142,-0.00624886,2.06951
9.72,-0.00189921,1.06447,-0.00588396,2.06704,-0.00160703,1.07142,-0.00624886,2.06951
9.722,-0.00186269,1.06447,-0.00588396,2.06695,-0.00160703,1.0714,-0.00629447,2.06951
9.724,-0.00189921,1.06447,-0.00588396,2.06704,-0.00160703,1.07142,-0.00634008,2.0696
9.726,-0.00186269,1.06447,-0.00588396,2.06704,-0.00164355,1.07142,-0.00634008,2.06951
9.728,-0.00186269,1.0645,-0.00592957,2.06704,-0.00164355,1.07145,-0.00629447,2.06951
9.73,-0.00186269,1.0645,-0.00592957,2.06704,-0.00160703,1.07145,-0.00629447,2.0696
9.732,-0.00186269,1.0645,-0.00592957,2.06704,-0.00160703,1.07142,-0.00624886,2.06951
9.734,-0.00189921,1.06447,-0.00588396,2.06704,-0.00164355,1.07148,-0.00624886,2.0696
9.736,-0.00186269,1.06447,-0.00588396,2.06704,-0.00160703,1.07145,-0.00629447,2.0696
9.738,-0.00186269,1.06447,-0.00588396,2.06704,-0.00160703,1.07145,-0.00629447,2.0696
9.74,-0.00186269,1.0645,-0.00592957,2.06695,-0.00160703,1.07142,-0.00624886,2.0696
9.742,-0.00186269,1.0645,-0.00592957,2.06704,-0.00160703,1.07142,-0.00624886,2.06951
9.744,-0.00186269,1.0645,-0.00592957,2.06704,-0.00160703,1.07142,-0.00624886,2.0696
9.746,-0.00189921,1.06447,-0.00588396,2.06704,-0.00160703,1.07142,-0.00624886,2.06951
9.748,-0.00186269,1.0645,-0.00592957,2.06704,-0.0015705,1.07145,-0.00629447,2.06951
9.75,-0.00186269,1.06447,-0.00588396,2.06704,-0.00168007,1.0714,-0.00629447,2.06951
9.752,-0.00189921,1.06447,-0.00588396,2.06704,-0.00164355,1.07145,-0.00629447,2.0696
9.754,-0.00189921,1.06447,-0.00588396,2.06704,-0.00160703,1.07142,-0.00624886,2.0696
9.756,-0.00186269,1.0645,-0.00592957,2.06704,-0.00160703,1.0714,-0.00629447,2.06951
9.758,-0.00186269,1.06447,-0.00588396,2.06704,-0.00153398,1.07142,-0.00624886,2.0696
9.76,-0.00186269,1.06447,-0.00588396,2.06704,-0.0015705,1.07145,-0.00629447,2.06951
9.762,-0.00186269,1.06447,-0.00588396,2.06704,-0.0015705,1.07145,-0.00629447,2.0696
9.764,-0.00186269,1.06447,-0.00588396,2.06704,-0.00160703,1.07145,-0.00629447,2.06951
9.766,-0.00186269,1.0645,-0.00592957,2.06704,-0.00164355,1.07145,-0.00629447,2.06951
9.768,-0.00186269,1.06445,-0.00592957,2.06704,-0.00160703,1.07145,-0.00629447,2.06951
9.77,-0.00186269,1.0645,-0.00592957,2.06704,-0.00160703,1.0714,-0.00629447,2.06951
9.772,-0.00186269,1.06447,-0.00588396,2.06704,-0.0015705,1.07148,-0.00624886,2.0696
9.774,-0.00186269,1.0645,-0.00592957,2.06695,-0.00160703,1.07142,-0.00624886,2.06951
9.776,-0.00189921,1.06447,-0.00588396,2.06695,-0.0015705,1.07148,-0.00624886,2.0696
9.778,-0.00186269,1.06447,-0.00588396,2.06704,-0.0015705,1.07145,-0.00629447,2.06951
9.78,-0.00186269,1.0645,-0.00592957,2.06704,-0.00160703,1.07145,-0.00629447,2.06951
9.782,-0.00186269,1.06447,-0.00588396,2.06704,-0.00160703,1.07145,-0.00629447,2.06951
9.784,-0.00186269,1.0645,-0.00592957,2.06704,-0.00160703,1.07145,-0.00629447,2.06951
9.786,-0.00186269,1.0645,-0.00592957,2.06704,-0.0015705,1.0714,-0.00629447,2.06951
9.788,-0.00186269,1.06447,-0.00588396,2.06704,-0.00160703,1.07142,-0.00634008,2.0696
9.79,-0.00186269,1.0645,-0.00592957,2.06695,-0.0015705,1.07142,-0.00624886,2.06951
9.792,-0.00186269,1.06447,-0.00588396,2.06704,-0.0015705,1.07145,-0.00629447,2.0696
9.794,-0.00186269,1.0645,-0.00592957,2.06704,-0.00160703,1.07148,-0.00624886,2.06951
9.796,-0.00186269,1.06447,-0.00588396,2.06704,-0.0015705,1.07142,-0.00624886,2.06951
9.798,-0.00186269,1.06447,-0.00588396,2.06704,-0.00164355,1.07145,-0.00629447,2.06951
9.8,-0.00186269,1.0645,-0.00592957,2.06704,-0.00160703,1.0714,-0.00629447,2.0696
9.802,-0.00189921,1.0645,-0.00592957,2.06704,-0.00160703,1.07142,-0.00634008,2.06951
9.804,-0.00186269,1.0645,-0.00592957,2.06704,-0.0015705,1.07142,-0.00624886,2.06951
9.806,-0.00186269,1.06447,-0.00588396,2.06704,-0.00164355,1.07142,-0.00624886,2.06951
9.808,-0.00186269,1.06447,-0.00588396,2.06704,-0.00164355,1.07145,-0.00629447,2.06951
9.81,-0.00186269,1.0645,-0.00592957,2.06704,-0.0015705,1.07145,-0.00620325,2.06951
9.812,-0.00186269,1.0645,-0.00592957,2.06704,-0.00160703,1.07142,-0.00624886,2.06951
9.814,-0.00189921,1.0645,-0.00592957,2.06704,-0.00164355,1.07145,-0.00629447,2.0696
9.816,-0.00186269,1.06447,-0.00588396,2.06704,-0.0015705,1.07145,-0.00629447,2.0696
9.818,-0.00186269,1.06447,-0.00588396,2.06704,-0.00160703,1.07145,-0.00629447,2.06951
9.82,-0.00186269,1.06447,-0.00588396,2.06704,-0.00160703,1.07145,-0.00629447,2.06951
9.822,-0.00186269,1.0645,-0.00592957,2.06704,-0.00164355,1.07142,-0.00624886,2.06951
9.824,-0.00189921,1.06447,-0.00588396,2.06695,-0.00164355,1.07142,-0.00624886,2.06951
9.826,-0.00186269,1.0645,-0.00592957,2.06695,-0.00164355,1.07142,-0.00624886,2.06951
9.828,-0.00186269,1.06447,-0.00588396,2.06704,-0.00160703,1.0714,-0.00629447,2.06951
9.83,-0.00186269,1.06447,-0.00588396,2.06704,-0.00160703,1.07148,-0.00624886,2.06951
9.832,-0.00186269,1.06447,-0.00588396,2.06704,-0.00160703,1.07145,-0.00629447,2.06951
9.834,-0.00186269,1.06447,-0.00588396,2.06704,-0.00160703,1.07145,-0.00629447,2.06951
9.836,-0.00186269,1.0645,-0.00592957,2.06704,-0.00160703,1.0714,-0.00629447,2.06951
9.838,-0.00186269,1.06447,-0.00597519,2.06695,-0.00160703,1.07145,-0.00629447,2.06951
9.84,-0.00186269,1.06447,-0.00588396,2.06695,-0.00160703,1.07142,-0.00634008,2.0696
9.842,-0.00186269,1.06447,-0.00588396,2.06704,-0.00160703,1.07142,-0.00624886,2.0696
9.844,-0.00186269,1.06447,-0.00588396,2.06704,-0.00164355,1.07142,-0.00634008,2.0696
9.846,-0.00186269,1.06447,-0.00588396,2.06712,-0.0015705,1.07142,-0.00624886,2.06951
9.848,-0.00186269,1.0645,-0.00592957,2.06704,-0.00160703,1.07142,-0.00624886,2.06951
9.85,-0.00189921,1.0645,-0.00592957,2.06704,-0.00164355,1.07145,-0.00629447,2.0696
9.852,-0.00186269,1.0645,-0.00592957,2.06704,-0.00160703,1.07145,-0.00629447,2.0696
9.854,-0.00189921,1.06447,-0.00588396,2.06704,-0.00160703,1.07145,-0.00629447,2.0696
9.856,-0.00186269,1.06447,-0.00588396,2.06695,-0.00160703,1.07142,-0.00624886,2.0696
9.858,-0.00186269,1.0645,-0.00592957,2.06704,-0.00164355,1.07145,-0.00629447,2.06951
9.86,-0.00186269,1.0645,-0.00592957,2.06704,-0.00160703,1.07145,-0.00629447,2.06951
9.862,-0.00189921,1.06447,-0.00588396,2.06704,-0.00160703,1.07142,-0.00624886,2.0696
9.864,-0.00189921,1.06447,-0.00588396,2.06704,-0.0015705,1.07142,-0.00624886,2.06951
9.866,-0.00189921,1.0645,-0.00592957,2.06704,-0.00164355,1.07142,-0.00624886,2.06951
9.868,-0.00186269,1.0645,-0.00592957,2.06704,-0.00160703,1.0714,-0.00629447,2.0696
9.87,-0.00186269,1.0645,-0.00592957,2.06695,-0.00160703,1.07145,-0.00629447,2.06951
9.872,-0.00186269,1.0645,-0.00592957,2.06704,-0.00160703,1.07145,-0.00629447,2.06951
9.874,-0.00186269,1.06447,-0.00588396,2.06704,-0.00160703,1.07145,-0.00629447,2.06951
9.876,-0.00189921,1.06447,-0.00588396,2.06704,-0.00160703,1.07145,-0.00629447,2.06951
9.878,-0.00186269,1.0645,-0.00592957,2.06704,-0.00164355,1.07142,-0.00624886,2.06951
9.88,-0.00186269,1.0645,-0.00592957,2.06695,-0.0015705,1.07142,-0.00624886,2.06951
9.882,-0.00186269,1.0645,-0.00592957,2.06695,-0.0015705,1.07142,-0.00624886,2.06951
9.884,-0.00186269,1.06447,-0.00588396,2.06695,-0.0015705,1.07145,-0.00620325,2.06951
9.886,-0.00186269,1.06447,-0.00588396,2.06695,-0.00160703,1.07145,-0.00629447,2.0696
9.888,-0.00186269,1.06447,-0.00588396,2.06695,-0.0015705,1.07145,-0.00629447,2.06951
9.89,-0.00186269,1.0645,-0.00592957,2.06704,-0.00164355,1.07142,-0.00634008,2.06951
9.892,-0.00186269,1.0645,-0.00592957,2.06704,-0.00160703,1.07142,-0.00634008,2.06951
9.894,-0.00186269,1.06447,-0.00588396,2.06704,-0.00160703,1.07142,-0.00624886,2.06951
9.896,-0.00186269,1.06447,-0.00588396,2.06704,-0.00160703,1.07142,-0.00624886,2.0696
9.898,-0.00186269,1.06447,-0.00588396,2.06695,-0.00160703,1.07142,-0.00624886,2.06951
9.9,-0.00186269,1.06447,-0.00588396,2.06695,-0.00160703,1.07142,-0.00624886,2.0696
9.902,-0.00189921,1.0645,-0.00592957,2.06695,-0.00164355,1.07142,-0.00624886,2.06951
9.904,-0.00186269,1.0645,-0.00592957,2.06704,-0.0015705,1.07142,-0.00624886,2.06951
9.906,-0.00186269,1.06447,-0.00588396,2.06704,-0.00160703,1.07145,-0.00629447,2.06951
9.908,-0.00186269,1.06447,-0.00588396,2.06704,-0.00164355,1.07145,-0.00629447,2.06951
9.91,-0.00186269,1.0645,-0.00592957,2.06704,-0.00160703,1.07142,-0.00634008,2.0696
9.912,-0.00186269,1.06447,-0.00588396,2.06704,-0.00160703,1.07142,-0.00624886,2.0696
9.914,-0.00186269,1.0645,-0.00592957,2.06704,-0.0015705,1.07142,-0.00624886,2.06951
9.916,-0.00186269,1.0645,-0.00592957,2.06695,-0.00160703,1.0714,-0.00629447,2.0696
9.918,-0.00186269,1.0645,-0.00592957,2.06695,-0.0015705,1.07148,-0.00624886,2.06951
9.92,-0.00186269,1.0645,-0.00592957,2.06704,-0.0015705,1.07142,-0.00634008,2.06951
9.922,-0.00186269,1.06447,-0.00588396,2.06695,-0.0015705,1.07145,-0.00629447,2.06951
9.924,-0.00186269,1.06447,-0.00588396,2.06704,-0.00160703,1.07145,-0.00629447,2.0696
9.926,-0.00186269,1.0645,-0.00592957,2.06695,-0.00160703,1.07142,-0.00624886,2.0696
9.928,-0.00186269,1.0645,-0.00592957,2.06695,-0.00160703,1.07142,-0.00624886,2.0696
9.93,-0.00186269,1.06447,-0.00588396,2.06695,-0.00160703,1.07145,-0.00629447,2.06951
9.932,-0.00186269,1.0645,-0.00592957,2.06704,-0.00160703,1.07145,-0.00629447,2.06951
9.934,-0.00186269,1.06447,-0.00588396,2.06695,-0.00160703,1.07145,-0.00629447,2.06951
9.936,-0.00186269,1.0645,-0.00592957,2.06695,-0.00160703,1.07145,-0.00629447,2.06951
9.938,-0.00186269,1.06447,-0.00588396,2.06695,-0.00160703,1.07148,-0.00624886,2.0696
9.94,-0.00186269,1.0645,-0.00592957,2.06695,-0.0015705,1.07145,-0.00629447,2.06951
9.942,-0.00186269,1.06447,-0.00588396,2.06704,-0.00160703,1.07145,-0.00629447,2.0696
9.944,-0.00186269,1.0645,-0.00592957,2.06704,-0.00160703,1.07142,-0.00624886,2.06951
9.946,-0.00186269,1.0645,-0.00592957,2.06704,-0.0015705,1.07142,-0.00634008,2.06951
9.948,-0.00186269,1.06447,-0.00588396,2.06704,-0.00164355,1.07145,-0.00629447,2.06951
9.95,-0.00186269,1.06447,-0.00588396,2.06704,-0.00160703,1.07145,-0.00629447,2.06951
9.952,-0.00186269,1.0645,-0.00592957,2.06704,-0.00160703,1.07145,-0.00629447,2.0696
9.954,-0.00189921,1.0645,-0.00592957,2.06704,-0.00160703,1.07145,-0.00629447,2.0696
9.956,-0.00189921,1.0645,-0.00592957,2.06695,-0.0015705,1.0714,-0.00629447,2.06951
9.958,-0.00189921,1.0645,-0.00592957,2.06704,-0.00164355,1.07145,-0.00629447,2.06951
9.96,-0.00186269,1.0645,-0.00592957,2.06704,-0.00160703,1.07142,-0.00634008,2.06951
9.962,-0.00186269,1.06447,-0.00588396,2.06712,-0.00160703,1.07142,-0.00634008,2.0696
9.964,-0.00186269,1.06447,-0.00588396,2.06704,-0.0015705,1.07145,-0.00629447,2.0696
9.966,-0.00186269,1.0645,-0.00592957,2.06704,-0.00160703,1.07142,-0.00634008,2.0696
9.968,-0.00186269,1.0645,-0.00592957,2.06704,-0.0015705,1.07145,-0.00620325,2.0696
9.97,-0.00186269,1.0645,-0.00592957,2.06704,-0.0015705,1.07148,-0.00624886,2.0696
9.972,-0.00186269,1.0645,-0.00592957,2.06704,-0.00160703,1.07142,-0.00624886,2.06951
9.974,-0.00186269,1.0645,-0.00592957,2.06704,-0.0015705,1.07145,-0.00629447,2.0696
9.976,-0.00186269,1.06447,-0.00588396,2.06704,-0.00160703,1.07145,-0.00629447,2.06951
9.978,-0.00186269,1.06447,-0.00588396,2.06704,-0.00160703,1.07142,-0.00634008,2.06951
9.98,-0.00186269,1.0645,-0.00592957,2.06704,-0.00160703,1.07145,-0.00629447,2.0696
9.982,-0.00186269,1.0645,-0.00592957,2.06704,-0.00160703,1.07142,-0.00624886,2.0696
9.984,-0.00186269,1.0645,-0.00592957,2.06695,-0.00164355,1.07145,-0.00629447,2.06951
9.986,-0.00186269,1.06447,-0.00588396,2.06695,-0.00160703,1.07145,-0.00629447,2.06951
9.988,-0.00186269,1.06447,-0.00588396,2.06695,-0.00164355,1.07145,-0.00629447,2.06951
9.99,-0.00186269,1.0645,-0.00592957,2.06695,-0.00160703,1.07142,-0.00634008,2.0696
9.992,-0.00186269,1.06447,-0.00588396,2.06704,-0.00160703,1.07145,-0.00629447,2.06951
9.994,-0.00186269,1.0645,-0.00592957,2.06712,-0.00160703,1.07142,-0.00624886,2.06951
9.996,-0.00186269,1.0645,-0.00592957,2.06704,-0.00160703,1.07145,-0.00629447,2.06951
9.998,-0.00186269,1.0645,-0.00592957,2.06704,-0.00160703,1.07142,-0.00624886,2.06951
10,-0.00186269,1.06447,-0.00588396,2.06695,-0.00164355,1.07145,-0.00629447,2.0696
10.002,-0.00186269,1.06447,-0.00588396,2.06695,-0.00160703,1.07145,-0.00629447,2.0696
10.004,-0.00186269,1.06447,-0.00588396,2.06695,-0.0015705,1.07142,-0.00634008,2.06951
10.006,-0.00186269,1.0645,-0.00592957,2.06704,-0.00164355,1.07142,-0.00634008,2.06951
10.008,-0.00186269,1.0645,-0.00592957,2.06712,-0.00160703,1.07142,-0.00624886,2.06951
10.01,-0.00186269,1.0645,-0.00592957,2.06704,-0.00160703,1.0714,-0.00629447,2.06951
10.012,-0.00186269,1.06447,-0.00588396,2.06712,-0.0015705,1.07145,-0.00629447,2.0696
10.014,-0.00186269,1.06447,-0.00588396,2.06704,-0.00160703,1.07145,-0.00629447,2.0696
10.016,-0.00189921,1.06447,-0.00588396,2.06695,-0.00160703,1.07145,-0.00629447,2.06951
10.018,-0.00186269,1.06447,-0.00588396,2.06695,-0.00160703,1.07142,-0.00634008,2.06951
10.02,-0.00186269,1.0645,-0.00592957,2.06695,-0.00160703,1.07148,-0.00624886,2.0696
10.022,-0.00186269,1.0645,-0.00592957,2.06695,-0.00160703,1.07142,-0.00624886,2.06943
10.024,-0.00186269,1.06447,-0.00588396,2.06704,-0.00160703,1.07145,-0.00629447,2.06951
10.026,-0.00186269,1.06447,-0.00588396,2.06704,-0.00160703,1.0714,-0.00629447,2.0696
10.028,-0.00186269,1.0645,-0.00592957,2.06704,-0.00160703,1.07145,-0.00629447,2.06951
10.03,-0.00186269,1.06447,-0.00588396,2.06695,-0.00160703,1.07145,-0.00629447,2.0696
10.032,-0.00186269,1.06447,-0.00588396,2.06695,-0.00164355,1.07145,-0.00629447,2.0696
10.034,-0.00186269,1.06447,-0.00588396,2.06695,-0.00160703,1.07145,-0.00629447,2.06951
10.036,-0.00186269,1.06447,-0.00588396,2.06695,-0.00160703,1.07142,-0.00624886,2.06951
10.038,-0.00186269,1.0645,-0.00592957,2.06695,-0.0015705,1.07145,-0.00629447,2.06951
10.04,-0.00186269,1.06447,-0.00588396,2.06704,-0.00160703,1.0714,-0.00629447,2.06951
10.042,-0.00186269,1.06447,-0.00588396,2.06704,-0.00160703,1.07142,-0.00624886,2.0696
10.044,-0.00186269,1.06447,-0.00588396,2.06704,-0.00160703,1.07145,-0.00629447,2.06951
10.046,-0.00186269,1.0645,-0.00592957,2.06704,-0.0015705,1.07142,-0.00634008,2.06951
10.048,-0.00186269,1.06447,-0.00588396,2.06695,-0.00164355,1.07145,-0.00629447,2.06951
10.05,-0.00189921,1.0645,-0.00592957,2.06695,-0.00164355,1.07145,-0.00629447,2.0696
10.052,-0.00186269,1.06447,-0.00588396,2.06695,-0.00160703,1.07145,-0.00629447,2.06951
10.054,-0.00186269,1.06447,-0.00588396,2.06695,-0.0015705,1.07145,-0.00629447,2.06951
10.056,-0.00186269,1.06447,-0.00588396,2.06704,-0.00168007,1.07142,-0.00624886,2.06951
10.058,-0.00186269,1.0645,-0.00592957,2.06704,-0.0015705,1.0714,-0.00629447,2.06951
10.06,-0.00189921,1.0645,-0.00592957,2.06704,-0.0015705,1.07145,-0.00629447,2.06951
10.062,-0.00186269,1.06447,-0.00588396,2.06695,-0.00160703,1.07142,-0.00624886,2.0696
10.064,-0.00186269,1.06447,-0.00588396,2.06704,-0.00160703,1.07145,-0.00629447,2.0696
10.066,-0.00186269,1.06447,-0.00588396,2.06695,-0.00160703,1.07142,-0.00634008,2.06951
10.068,-0.00186269,1.06447,-0.00597519,2.06695,-0.00160703,1.07145,-0.00629447,2.0696
10.07,-0.00186269,1.0645,-0.00592957,2.06695,-0.0015705,1.07142,-0.00634008,2.06951
10.072,-0.00186269,1.0645,-0.00592957,2.06704,-0.0015705,1.07145,-0.00629447,2.06951
10.074,-0.00186269,1.0645,-0.00592957,2.06704,-0.00160703,1.07142,-0.00624886,2.0696
10.076,-0.00186269,1.0645,-0.00592957,2.06704,-0.00160703,1.07145,-0.00629447,2.0696
10.078,-0.00186269,1.0645,-0.00592957,2.06704,-0.00160703,1.07145,-0.00629447,2.06951
10.08,-0.00186269,1.06447,-0.00588396,2.06695,-0.0015705,1.07148,-0.00624886,2.0696
10.082,-0.00186269,1.0645,-0.00592957,2.06695,-0.00160703,1.07142,-0.00634008,2.0696
10.084,-0.00186269,1.0645,-0.00592957,2.06695,-0.0015705,1.07142,-0.00624886,2.06951
10.086,-0.00186269,1.0645,-0.00592957,2.06704,-0.00164355,1.07145,-0.00629447,2.06951
10.088,-0.00186269,1.0645,-0.00592957,2.06704,-0.0015705,1.07145,-0.00629447,2.06951
10.09,-0.00189921,1.06447,-0.00588396,2.06704,-0.0015705,1.07148,-0.00624886,2.06951
10.092,-0.00186269,1.0645,-0.00592957,2.06704,-0.00160703,1.07145,-0.00629447,2.0696
10.094,-0.00186269,1.0645,-0.00592957,2.06704,-0.00160703,1.07145,-0.00629447,2.06951
10.096,-0.00186269,1.0645,-0.00592957,2.06695,-0.00160703,1.07145,-0.00629447,2.0696
10.098,-0.00186269,1.0645,-0.00592957,2.06695,-0.0015705,1.07142,-0.00624886,2.06951
10.1,-0.00186269,1.06447,-0.00588396,2.06704,-0.0015705,1.07145,-0.00629447,2.0696
10.102,-0.00186269,1.06447,-0.00588396,2.06695,-0.00160703,1.07145,-0.00629447,2.06951
10.104,-0.00186269,1.0645,-0.00592957,2.06704,-0.00160703,1.07145,-0.00629447,2.06951
10.106,-0.00186269,1.0645,-0.00592957,2.06704,-0.0015705,1.07145,-0.00629447,2.06951
10.108,-0.00189921,1.06447,-0.00588396,2.06704,-0.00160703,1.07142,-0.00624886,2.0696
10.11,-0.00189921,1.06447,-0.00588396,2.06704,-0.0015705,1.07148,-0.00624886,2.0696
10.112,-0.00189921,1.06447,-0.00588396,2.06704,-0.00160703,1.07142,-0.00634008,2.06951
10.114,-0.00186269,1.0645,-0.00592957,2.06704,-0.0015705,1.07145,-0.00629447,2.06951
10.116,-0.00186269,1.06447,-0.00588396,2.06695,-0.00160703,1.07142,-0.00624886,2.06951
10.118,-0.00186269,1.06447,-0.00588396,2.06704,-0.00160703,1.0714,-0.00629447,2.0696
10.12,-0.00186269,1.06447,-0.00588396,2.06704,-0.00160703,1.07142,-0.00624886,2.06951
10.122,-0.00186269,1.06447,-0.00588396,2.06704,-0.00160703,1.07142,-0.00634008,2.0696
10.124,-0.00186269,1.0645,-0.00592957,2.06704,-0.0015705,1.07145,-0.00629447,2.06951
10.126,-0.00186269,1.0645,-0.00592957,2.06704,-0.00160703,1.07145,-0.00629447,2.06951
10.128,-0.00186269,1.06447,-0.00588396,2.06695,-0.00160703,1.07145,-0.00629447,2.06951
10.13,-0.00186269,1.06447,-0.00588396,2.06704,-0.00160703,1.07145,-0.00629447,2.06951
10.132,-0.00186269,1.06447,-0.00588396,2.06704,-0.00160703,1.07145,-0.00629447,2.06951
10.134,-0.00186269,1.0645,-0.00592957,2.06704,-0.00164355,1.07142,-0.00624886,2.06951
10.136,-0.00186269,1.0645,-0.00592957,2.06704,-0.00160703,1.07142,-0.00624886,2.06951
10.138,-0.00186269,1.0645,-0.00592957,2.06704,-0.00160703,1.07142,-0.00624886,2.06951
10.14,-0.00189921,1.0645,-0.00592957,2.06704,-0.00160703,1.07145,-0.00629447,2.0696
10.142,-0.00189921,1.0645,-0.00592957,2.06695,-0.0015705,1.07145,-0.00629447,2.0696
10.144,-0.00186269,1.06447,-0.00588396,2.06695,-0.00160703,1.07142,-0.00624886,2.0696
10.146,-0.00186269,1.0645,-0.00592957,2.06695,-0.00164355,1.07145,-0.00629447,2.06951
10.148,-0.00186269,1.06447,-0.00588396,2.06704,-0.00164355,1.0714,-0.00629447,2.06951
10.15,-0.00186269,1.0645,-0.00592957,2.06704,-0.00160703,1.07145,-0.00629447,2.06951
10.152,-0.00186269,1.06447,-0.00588396,2.06704,-0.00160703,1.07142,-0.00624886,2.06951
10.154,-0.00186269,1.0645,-0.00592957,2.06704,-0.00160703,1.0714,-0.00629447,2.06951
10.156,-0.00189921,1.06447,-0.00588396,2.06704,-0.00160703,1.07142,-0.00624886,2.0696
10.158,-0.00186269,1.06447,-0.00588396,2.06695,-0.00160703,1.07145,-0.00629447,2.06951
10.16,-0.00186269,1.0645,-0.00592957,2.06695,-0.0015705,1.07145,-0.00629447,2.06951
10.162,-0.00186269,1.0645,-0.00592957,2.06695,-0.00164355,1.07145,-0.00629447,2.06951
10.164,-0.00186269,1.06447,-0.00588396,2.06704,-0.0015705,1.07145,-0.00629447,2.06951
10.166,-0.00186269,1.06447,-0.00588396,2.06712,-0.00160703,1.07145,-0.00629447,2.06951
10.168,-0.00186269,1.0645,-0.00592957,2.06712,-0.0015705,1.07145,-0.00629447,2.06951
10.17,-0.00186269,1.0645,-0.00592957,2.06712,-0.00160703,1.07145,-0.00629447,2.06951
10.172,-0.00189921,1.0645,-0.00592957,2.06704,-0.00160703,1.07145,-0.00629447,2.06951
10.174,-0.00189921,1.06447,-0.00588396,2.06704,-0.00160703,1.07145,-0.00629447,2.06951
10.176,-0.00186269,1.0645,-0.00592957,2.06695,-0.00160703,1.07145,-0.00629447,2.0696
10.178,-0.00186269,1.06447,-0.00588396,2.06695,-0.00160703,1.07142,-0.00634008,2.0696
10.18,-0.00186269,1.0645,-0.00592957,2.06704,-0.00164355,1.07145,-0.00629447,2.06951
10.182,-0.00186269,1.0645,-0.00592957,2.06704,-0.0015705,1.07145,-0.00620325,2.0696
10.184,-0.00186269,1.0645,-0.00592957,2.06704,-0.00168007,1.07145,-0.00629447,2.0696
10.186,-0.00186269,1.06447,-0.00588396,2.06704,-0.00160703,1.07142,-0.00624886,2.06951
10.188,-0.00189921,1.0645,-0.00592957,2.06704,-0.00160703,1.07142,-0.00634008,2.0696
10.19,-0.00186269,1.06447,-0.00588396,2.06704,-0.0015705,1.07145,-0.00629447,2.06951
10.192,-0.00186269,1.06447,-0.00588396,2.06704,-0.00160703,1.07145,-0.00629447,2.0696
10.194,-0.00186269,1.06447,-0.00588396,2.06695,-0.00164355,1.07142,-0.00624886,2.0696
10.196,-0.00186269,1.0645,-0.00592957,2.06695,-0.00160703,1.07145,-0.00629447,2.0696
10.198,-0.00186269,1.0645,-0.00592957,2.06704,-0.00160703,1.07142,-0.00624886,2.06951
10.2,-0.00186269,1.0645,-0.00592957,2.06704,-0.00160703,1.07145,-0.00629447,2.06951
10.202,-0.00186269,1.06447,-0.00588396,2.06695,-0.00160703,1.07142,-0.00624886,2.0696
10.204,-0.00186269,1.06447,-0.00588396,2.06704,-0.0015705,1.07148,-0.00624886,2.06951
10.206,-0.00186269,1.0645,-0.00592957,2.06704,-0.00160703,1.07145,-0.00629447,2.0696
10.208,-0.00186269,1.0645,-0.00592957,2.06695,-0.00164355,1.07148,-0.00624886,2.0696
10.21,-0.00186269,1.0645,-0.00592957,2.06695,-0.00160703,1.07145,-0.00629447,2.06951
10.212,-0.00186269,1.0645,-0.00592957,2.06695,-0.00164355,1.07145,-0.00629447,2.06951
10.214,-0.00186269,1.06447,-0.00588396,2.06695,-0.00160703,1.07145,-0.00629447,2.06951
10.216,-0.00186269,1.06447,-0.00588396,2.06704,-0.00160703,1.07145,-0.00629447,2.06951
10.218,-0.00186269,1.0645,-0.00592957,2.06704,-0.00160703,1.07142,-0.00624886,2.06951
10.22,-0.00186269,1.0645,-0.00592957,2.06704,-0.0015705,1.07145,-0.00620325,2.06951
10.222,-0.00186269,1.0645,-0.00592957,2.06704,-0.0015705,1.07142,-0.00634008,2.0696
10.224,-0.00186269,1.0645,-0.00592957,2.06695,-0.00164355,1.07142,-0.00624886,2.06951
10.226,-0.00186269,1.06447,-0.00588396,2.06695,-0.0015705,1.07145,-0.00629447,2.0696
10.228,-0.00186269,1.06447,-0.00588396,2.06704,-0.00160703,1.07145,-0.00629447,2.06951
10.23,-0.00186269,1.0645,-0.00592957,2.06704,-0.00160703,1.07142,-0.00634008,2.06951
10.232,-0.00186269,1.0645,-0.00592957,2.06704,-0.00160703,1.07145,-0.00629447,2.06951
10.234,-0.00186269,1.0645,-0.00592957,2.06704,-0.0015705,1.07145,-0.00629447,2.06951
10.236,-0.00186269,1.0645,-0.00592957,2.06704,-0.0015705,1.07142,-0.00624886,2.06951
10.238,-0.00186269,1.0645,-0.00592957,2.06704,-0.00160703,1.07142,-0.00634008,2.0696
10.24,-0.00189921,1.0645,-0.00592957,2.06704,-0.00164355,1.07145,-0.00629447,2.0696
10.242,-0.00186269,1.0645,-0.00592957,2.06695,-0.0015705,1.07142,-0.00624886,2.06951
10.244,-0.00186269,1.0645,-0.00592957,2.06695,-0.00160703,1.07145,-0.00629447,2.06951
10.246,-0.00186269,1.06447,-0.00588396,2.06695,-0.00160703,1.07145,-0.00629447,2.06951
10.248,-0.00186269,1.0645,-0.00592957,2.06704,-0.00153398,1.07145,-0.00629447,2.06951
10.25,-0.00186269,1.06447,-0.00588396,2.06704,-0.00160703,1.07142,-0.00634008,2.0696
10.252,-0.00186269,1.0645,-0.00592957,2.06704,-0.00160703,1.07142,-0.00624886,2.06951
10.254,-0.00186269,1.0645,-0.00592957,2.06704,-0.00160703,1.07142,-0.00624886,2.06951
10.256,-0.00186269,1.0645,-0.00592957,2.06695,-0.00160703,1.07145,-0.00629447,2.0696
10.258,-0.00186269,1.0645,-0.00592957,2.06695,-0.0015705,1.07142,-0.00634008,2.0696
10.26,-0.00186269,1.06447,-0.00588396,2.06695,-0.0015705,1.07142,-0.00634008,2.0696
10.262,-0.00186269,1.06447,-0.00588396,2.06695,-0.00160703,1.07145,-0.00629447,2.06951
10.264,-0.00186269,1.06447,-0.00588396,2.06704,-0.0015705,1.07145,-0.00629447,2.06951
10.266,-0.00186269,1.0645,-0.00592957,2.06704,-0.00160703,1.07145,-0.00629447,2.06951
10.268,-0.00186269,1.0645,-0.00592957,2.06704,-0.00160703,1.07142,-0.00624886,2.06951
10.27,-0.00186269,1.0645,-0.00592957,2.06704,-0.00153398,1.07142,-0.00624886,2.0696
10.272,-0.00186269,1.06447,-0.00588396,2.06695,-0.00164355,1.07145,-0.00629447,2.0696
10.274,-0.00186269,1.06447,-0.00588396,2.06695,-0.00160703,1.07145,-0.00629447,2.06951
10.276,-0.00186269,1.06447,-0.00588396,2.06704,-0.00153398,1.07145,-0.00629447,2.06951
10.278,-0.00186269,1.0645,-0.00592957,2.06704,-0.00160703,1.0714,-0.00629447,2.06951
10.28,-0.00186269,1.0645,-0.00592957,2.06704,-0.00153398,1.0714,-0.00629447,2.06951
10.282,-0.00186269,1.0645,-0.00592957,2.06704,-0.00160703,1.0714,-0.00629447,2.0696
10.284,-0.00189921,1.06447,-0.00588396,2.06704,-0.0015705,1.07142,-0.00624886,2.0696
10.286,-0.00186269,1.06447,-0.00588396,2.06704,-0.00160703,1.07145,-0.00629447,2.06951
10.288,-0.00186269,1.06447,-0.00588396,2.06695,-0.00160703,1.07145,-0.00629447,2.0696
10.29,-0.00186269,1.0645,-0.00592957,2.06695,-0.00164355,1.07145,-0.00629447,2.06951
10.292,-0.00186269,1.0645,-0.00592957,2.06695,-0.00160703,1.07142,-0.00624886,2.06951
10.294,-0.00189921,1.0645,-0.00592957,2.06704,-0.00164355,1.07142,-0.00624886,2.06951
10.296,-0.00186269,1.0645,-0.00592957,2.06695,-0.0015705,1.07145,-0.00629447,2.06951
10.298,-0.00186269,1.0645,-0.00592957,2.06704,-0.00160703,1.07145,-0.00629447,2.0696
10.3,-0.00189921,1.06447,-0.00588396,2.06704,-0.00160703,1.07142,-0.00634008,2.0696
10.302,-0.00186269,1.06447,-0.00588396,2.06704,-0.00164355,1.07145,-0.00629447,2.0696
10.304,-0.00186269,1.06447,-0.00588396,2.06695,-0.0015705,1.07145,-0.00629447,2.0696
10.306,-0.00186269,1.0645,-0.00592957,2.06695,-0.0015705,1.07142,-0.00624886,2.06951
10.308,-0.00186269,1.06447,-0.00588396,2.06695,-0.00160703,1.0714,-0.00629447,2.06951
10.31,-0.00186269,1.0645,-0.00592957,2.06695,-0.00164355,1.07145,-0.00629447,2.06951
10.312,-0.00189921,1.06447,-0.00588396,2.06704,-0.00160703,1.07145,-0.00629447,2.06951
10.314,-0.00186269,1.0645,-0.00592957,2.06704,-0.00164355,1.07145,-0.00629447,2.0696
10.316,-0.00186269,1.06447,-0.00588396,2.06704,-0.00164355,1.07145,-0.00629447,2.0696
10.318,-0.00186269,1.06447,-0.00588396,2.06704,-0.00160703,1.07145,-0.00620325,2.06951
10.32,-0.00189921,1.06447,-0.00588396,2.06704,-0.0015705,1.07142,-0.00624886,2.06951
10.322,-0.00186269,1.0645,-0.00592957,2.06704,-0.00160703,1.07142,-0.00624886,2.06951
10.324,-0.00186269,1.0645,-0.00592957,2.06695,-0.00160703,1.07145,-0.00629447,2.06951
10.326,-0.00186269,1.06447,-0.00588396,2.06695,-0.0015705,1.07142,-0.00634008,2.06951
10.328,-0.00186269,1.06447,-0.00588396,2.06695,-0.00164355,1.07145,-0.00629447,2.06951
10.33,-0.00186269,1.0645,-0.00583835,2.06704,-0.00164355,1.07142,-0.00634008,2.0696
10.332,-0.00186269,1.0645,-0.00592957,2.06704,-0.00164355,1.07142,-0.00624886,2.06951
10.334,-0.00186269,1.0645,-0.00592957,2.06704,-0.00164355,1.07142,-0.00624886,2.06951
10.336,-0.00189921,1.0645,-0.00592957,2.06704,-0.0015705,1.07145,-0.00629447,2.0696
10.338,-0.00189921,1.06447,-0.00588396,2.06695,-0.00160703,1.07142,-0.00624886,2.0696
10.34,-0.00186269,1.06447,-0.00588396,2.06695,-0.00160703,1.07145,-0.00629447,2.06951
10.342,-0.00186269,1.06447,-0.00588396,2.06695,-0.00160703,1.07142,-0.00634008,2.06951
10.344,-0.00186269,1.0645,-0.00592957,2.06695,-0.00164355,1.07148,-0.00624886,2.0696
10.346,-0.00186269,1.0645,-0.00592957,2.06695,-0.00164355,1.07145,-0.00629447,2.06951
10.348,-0.00186269,1.0645,-0.00592957,2.06704,-0.00160703,1.07145,-0.00629447,2.06951
10.35,-0.00186269,1.0645,-0.00592957,2.06704,-0.0015705,1.07145,-0.00629447,2.06951
10.352,-0.00186269,1.0645,-0.00592957,2.06704,-0.00160703,1.07142,-0.00624886,2.0696
10.354,-0.00189921,1.06447,-0.00588396,2.06704,-0.00160703,1.07142,-0.00624886,2.0696
10.356,-0.00186269,1.06447,-0.00588396,2.06695,-0.00160703,1.07142,-0.00634008,2.0696
10.358,-0.00189921,1.0645,-0.00592957,2.06695,-0.00160703,1.07142,-0.00634008,2.06951
10.36,-0.00186269,1.0645,-0.00592957,2.06695,-0.00160703,1.07142,-0.00624886,2.06951
10.362,-0.00186269,1.06447,-0.00588396,2.06704,-0.0015705,1.07145,-0.00629447,2.06951
10.364,-0.00186269,1.06447,-0.00588396,2.06704,-0.0015705,1.07142,-0.00624886,2.06951
10.366,-0.00186269,1.0645,-0.00592957,2.06704,-0.00160703,1.07145,-0.00629447,2.0696
10.368,-0.00189921,1.0645,-0.00592957,2.06704,-0.00160703,1.07145,-0.00629447,2.0696
10.37,-0.00186269,1.0645,-0.00592957,2.06704,-0.00160703,1.07145,-0.00629447,2.06951
10.372,-0.00186269,1.0645,-0.00592957,2.06704,-0.00160703,1.07145,-0.00629447,2.0696
10.374,-0.00186269,1.06447,-0.00588396,2.06704,-0.00164355,1.07148,-0.00624886,2.06951
10.376,-0.00186269,1.06447,-0.00588396,2.06704,-0.00160703,1.07145,-0.00629447,2.06951
10.378,-0.00186269,1.0645,-0.00592957,2.06704,-0.0015705,1.07145,-0.00629447,2.06951
10.38,-0.00186269,1.0645,-0.00592957,2.06704,-0.00160703,1.07145,-0.00629447,2.06951
10.382,-0.00186269,1.06447,-0.00588396,2.06704,-0.00160703,1.07145,-0.00629447,2.0696
10.384,-0.00186269,1.06447,-0.00588396,2.06704,-0.0015705,1.07145,-0.00629447,2.06951
10.386,-0.00186269,1.06447,-0.00588396,2.06704,-0.0015705,1.07145,-0.00629447,2.0696
10.388,-0.00186269,1.06447,-0.00588396,2.06695,-0.00168007,1.07142,-0.00624886,2.0696
10.39,-0.00186269,1.0645,-0.00592957,2.06695,-0.00160703,1.07142,-0.00624886,2.06951
10.392,-0.00186269,1.06447,-0.00588396,2.06695,-0.00160703,1.07142,-0.00634008,2.06951
10.394,-0.00186269,1.0645,-0.00592957,2.06695,-0.00160703,1.07145,-0.00629447,2.06951
10.396,-0.00186269,1.0645,-0.00592957,2.06695,-0.00160703,1.07145,-0.00629447,2.0696
10.398,-0.00186269,1.06447,-0.00588396,2.06695,-0.00164355,1.07145,-0.00629447,2.06951
10.4,-0.00186269,1.0645,-0.00592957,2.06695,-0.00160703,1.0714,-0.00629447,2.06951
10.402,-0.00186269,1.0645,-0.00592957,2.06704,-0.00160703,1.07142,-0.00624886,2.06951
10.404,-0.00186269,1.0645,-0.00592957,2.06704,-0.00160703,1.07145,-0.00629447,2.06951
10.406,-0.00189921,1.06447,-0.00588396,2.06704,-0.0015705,1.0714,-0.00629447,2.06951
10.408,-0.00186269,1.06447,-0.00588396,2.06704,-0.00160703,1.07145,-0.00629447,2.06951
10.41,-0.00186269,1.06447,-0.00588396,2.06704,-0.00160703,1.07145,-0.00629447,2.06951
10.412,-0.00186269,1.06447,-0.00588396,2.06704,-0.00160703,1.07145,-0.00629447,2.0696
10.414,-0.00186269,1.0645,-0.00592957,2.06695,-0.00160703,1.07142,-0.00624886,2.06951
10.416,-0.00186269,1.0645,-0.00592957,2.06695,-0.00160703,1.07145,-0.00629447,2.06951
10.418,-0.00186269,1.0645,-0.00592957,2.06704,-0.00160703,1.07142,-0.00624886,2.06951
10.42,-0.00186269,1.0645,-0.00592957,2.06704,-0.00160703,1.07145,-0.00629447,2.06951
10.422,-0.00186269,1.06447,-0.00588396,2.06704,-0.0015705,1.07145,-0.00629447,2.06951
10.424,-0.00186269,1.06447,-0.00588396,2.06704,-0.0015705,1.07145,-0.00629447,2.0696
10.426,-0.00186269,1.06447,-0.00588396,2.06695,-0.00160703,1.07145,-0.00629447,2.06951
10.428,-0.00186269,1.0645,-0.00592957,2.06695,-0.00160703,1.07145,-0.00620325,2.06951
10.43,-0.00189921,1.0645,-0.00592957,2.06695,-0.00160703,1.07145,-0.00629447,2.0696
10.432,-0.00186269,1.0645,-0.00592957,2.06704,-0.00160703,1.07142,-0.00634008,2.0696
10.434,-0.00186269,1.06447,-0.00588396,2.06704,-0.00160703,1.0714,-0.00629447,2.06951
10.436,-0.00186269,1.06447,-0.00588396,2.06704,-0.0015705,1.07145,-0.00629447,2.06951
10.438,-0.00186269,1.0645,-0.00592957,2.06704,-0.0015705,1.07145,-0.00629447,2.06951
10.44,-0.00186269,1.0645,-0.00592957,2.06704,-0.0015705,1.07145,-0.00629447,2.0696
10.442,-0.00186269,1.0645,-0.00592957,2.06704,-0.00164355,1.07142,-0.00624886,2.06951
10.444,-0.00186269,1.06447,-0.00588396,2.06695,-0.00160703,1.07145,-0.00629447,2.06951
10.446,-0.00186269,1.06447,-0.00588396,2.06704,-0.0015705,1.07145,-0.00629447,2.0696
10.448,-0.00186269,1.06447,-0.00588396,2.06704,-0.00160703,1.07142,-0.00624886,2.06951
10.45,-0.00186269,1.0645,-0.00592957,2.06704,-0.00160703,1.07142,-0.00624886,2.06951
10.452,-0.00189921,1.0645,-0.00592957,2.06704,-0.00160703,1.07145,-0.00629447,2.06951
10.454,-0.00186269,1.0645,-0.00592957,2.06704,-0.0015705,1.07145,-0.00629447,2.06951
10.456,-0.00186269,1.06447,-0.00588396,2.06704,-0.00160703,1.07145,-0.00629447,2.0696
10.458,-0.00186269,1.06447,-0.00588396,2.06704,-0.00160703,1.07145,-0.00629447,2.0696
10.46,-0.00189921,1.06447,-0.00588396,2.06704,-0.00160703,1.07142,-0.00634008,2.0696
10.462,-0.00186269,1.0645,-0.00592957,2.06704,-0.00160703,1.07142,-0.00624886,2.06951
10.464,-0.00186269,1.0645,-0.00592957,2.06704,-0.00164355,1.07142,-0.00624886,2.06951
10.466,-0.00186269,1.06447,-0.00588396,2.06704,-0.0015705,1.07142,-0.00624886,2.06951
10.468,-0.00186269,1.06447,-0.00588396,2.06704,-0.0015705,1.07145,-0.00629447,2.06951
10.47,-0.00186269,1.06447,-0.00588396,2.06704,-0.00160703,1.07145,-0.00629447,2.06951
10.472,-0.00186269,1.06447,-0.00588396,2.06704,-0.0015705,1.07145,-0.00629447,2.06951
10.474,-0.00189921,1.0645,-0.00592957,2.06704,-0.0015705,1.07145,-0.00629447,2.06951
10.476,-0.00186269,1.0645,-0.00592957,2.06704,-0.00160703,1.07142,-0.00624886,2.0696
10.478,-0.00186269,1.0645,-0.00592957,2.06704,-0.0015705,1.07148,-0.00624886,2.06951
10.48,-0.00186269,1.0645,-0.00592957,2.06704,-0.0015705,1.07145,-0.00629447,2.06951
10.482,-0.00186269,1.06447,-0.00588396,2.06704,-0.00164355,1.07142,-0.00624886,2.06951
10.484,-0.00186269,1.06447,-0.00588396,2.06704,-0.00160703,1.07145,-0.00629447,2.06951
10.486,-0.00186269,1.06447,-0.00588396,2.06704,-0.00160703,1.07142,-0.00624886,2.06951
10.488,-0.00189921,1.06447,-0.00588396,2.06704,-0.00164355,1.07145,-0.00629447,2.0696
10.49,-0.00186269,1.0645,-0.00592957,2.06704,-0.0015705,1.07142,-0.00634008,2.0696
10.492,-0.00186269,1.0645,-0.00592957,2.06704,-0.00160703,1.0714,-0.00629447,2.0696
10.494,-0.00189921,1.06447,-0.00588396,2.06704,-0.00164355,1.07142,-0.00634008,2.06951
10.496,-0.00186269,1.0645,-0.00592957,2.06704,-0.00160703,1.07148,-0.00624886,2.0696
10.498,-0.00186269,1.06447,-0.00588396,2.06704,-0.00164355,1.07145,-0.00629447,2.06951
10.5,-0.00186269,1.0645,-0.00592957,2.06704,-0.0015705,1.07145,-0.00629447,2.06951
10.502,-0.00186269,1.06447,-0.00588396,2.06704,-0.00160703,1.07142,-0.00634008,2.06951
10.504,-0.00186269,1.0645,-0.00592957,2.06704,-0.00160703,1.07142,-0.00634008,2.06951
10.506,-0.00189921,1.0645,-0.00592957,2.06704,-0.00164355,1.07142,-0.00634008,2.06951
10.508,-0.00186269,1.06447,-0.00588396,2.06704,-0.00164355,1.07142,-0.00634008,2.06951
10.51,-0.00186269,1.0645,-0.00592957,2.06695,-0.00160703,1.07142,-0.00624886,2.0696
10.512,-0.00186269,1.0645,-0.00592957,2.06704,-0.00160703,1.07142,-0.00634008,2.0696
10.514,-0.00186269,1.0645,-0.00592957,2.06704,-0.00164355,1.07142,-0.00634008,2.06951
10.516,-0.00186269,1.06447,-0.00588396,2.06695,-0.0015705,1.07142,-0.00624886,2.06951
10.518,-0.00186269,1.06447,-0.00588396,2.06704,-0.00160703,1.07142,-0.00634008,2.06951
10.52,-0.00186269,1.0645,-0.00592957,2.06704,-0.0015705,1.07142,-0.00634008,2.06951
10.522,-0.00186269,1.0645,-0.00592957,2.06704,-0.00160703,1.07142,-0.00624886,2.06951
10.524,-0.00186269,1.0645,-0.00592957,2.06695,-0.00164355,1.07142,-0.00624886,2.0696
10.526,-0.00186269,1.06447,-0.00588396,2.06695,-0.00160703,1.07142,-0.00624886,2.06951
10.528,-0.00186269,1.06447,-0.00588396,2.06695,-0.00160703,1.07145,-0.00629447,2.06951
10.53,-0.00186269,1.06447,-0.00588396,2.06695,-0.00160703,1.07145,-0.00629447,2.06951
10.532,-0.00186269,1.0645,-0.00592957,2.06704,-0.00160703,1.07142,-0.00634008,2.06951
10.534,-0.00186269,1.0645,-0.00592957,2.06704,-0.00160703,1.07145,-0.00620325,2.06951
10.536,-0.00189921,1.06447,-0.00588396,2.06704,-0.00160703,1.07137,-0.00634008,2.06951
10.538,-0.00186269,1.0645,-0.00592957,2.06704,-0.00160703,1.07142,-0.00624886,2.0696
10.54,-0.00186269,1.0645,-0.00592957,2.06704,-0.00160703,1.07145,-0.00629447,2.06951
10.542,-0.00186269,1.0645,-0.00592957,2.06704,-0.00160703,1.07145,-0.00629447,2.06951
10.544,-0.00186269,1.06447,-0.00588396,2.06704,-0.00160703,1.07145,-0.00629447,2.06951
10.546,-0.00186269,1.06447,-0.00588396,2.06704,-0.00164355,1.07142,-0.00634008,2.06951
10.548,-0.00186269,1.0645,-0.00592957,2.06704,-0.00160703,1.07145,-0.00629447,2.06951
10.55,-0.00186269,1.0645,-0.00592957,2.06704,-0.00160703,1.07142,-0.00624886,2.06951
10.552,-0.00186269,1.0645,-0.00592957,2.06704,-0.00160703,1.07142,-0.00624886,2.0696
10.554,-0.00186269,1.06447,-0.00588396,2.06704,-0.0015705,1.07145,-0.00629447,2.06951
10.556,-0.00189921,1.06447,-0.00588396,2.06704,-0.00164355,1.07142,-0.00624886,2.06951
10.558,-0.00186269,1.06447,-0.00588396,2.06704,-0.00164355,1.07145,-0.00629447,2.0696
10.56,-0.00186269,1.0645,-0.00592957,2.06704,-0.00160703,1.07145,-0.00629447,2.06951
10.562,-0.00186269,1.0645,-0.00592957,2.06704,-0.00160703,1.07142,-0.00624886,2.06951
10.564,-0.00186269,1.0645,-0.00592957,2.06704,-0.00160703,1.07142,-0.00624886,2.0696
10.566,-0.00189921,1.0645,-0.00592957,2.06695,-0.00164355,1.07148,-0.00624886,2.0696
10.568,-0.00186269,1.06447,-0.00588396,2.06695,-0.00160703,1.07145,-0.00629447,2.0696
10.57,-0.00186269,1.06447,-0.00588396,2.06695,-0.00160703,1.07145,-0.00629447,2.0696
10.572,-0.00186269,1.0645,-0.00592957,2.06704,-0.0015705,1.07145,-0.00629447,2.0696
10.574,-0.00186269,1.0645,-0.00592957,2.06704,-0.00160703,1.07142,-0.00624886,2.06951
10.576,-0.00186269,1.06447,-0.00588396,2.06704,-0.00160703,1.07145,-0.00629447,2.06951
10.578,-0.00186269,1.06447,-0.00588396,2.06695,-0.00164355,1.07142,-0.00634008,2.06951
10.58,-0.00186269,1.06447,-0.00588396,2.06695,-0.00160703,1.07145,-0.00629447,2.06951
10.582,-0.00186269,1.06447,-0.00588396,2.06695,-0.0015705,1.07145,-0.00629447,2.0696
10.584,-0.00186269,1.06447,-0.00588396,2.06695,-0.00164355,1.07142,-0.00624886,2.0696
10.586,-0.00186269,1.0645,-0.00592957,2.06704,-0.00160703,1.07142,-0.00624886,2.0696
10.588,-0.00186269,1.0645,-0.00592957,2.06704,-0.00160703,1.07145,-0.00629447,2.0696
10.59,-0.00186269,1.06447,-0.00588396,2.06704,-0.0015705,1.0714,-0.00629447,2.06951
10.592,-0.00186269,1.06447,-0.00588396,2.06695,-0.00160703,1.07145,-0.00629447,2.0696
10.594,-0.00189921,1.06447,-0.00588396,2.06704,-0.00164355,1.07142,-0.00634008,2.06951
10.596,-0.00189921,1.06447,-0.00588396,2.06704,-0.0015705,1.07142,-0.00624886,2.06951
10.598,-0.00186269,1.0645,-0.00592957,2.06704,-0.0015705,1.07142,-0.00624886,2.0696
10.6,-0.00186269,1.06447,-0.00588396,2.06704,-0.0015705,1.07145,-0.00629447,2.06951
10.602,-0.00186269,1.06447,-0.00588396,2.06704,-0.0015705,1.07142,-0.00624886,2.0696
10.604,-0.00186269,1.06447,-0.00588396,2.06704,-0.00160703,1.07145,-0.00629447,2.06951
10.606,-0.00186269,1.0645,-0.00592957,2.06695,-0.00160703,1.07145,-0.00629447,2.06943
10.608,-0.00186269,1.0645,-0.00592957,2.06704,-0.00160703,1.07145,-0.00629447,2.06951
10.61,-0.00186269,1.06447,-0.00588396,2.06704,-0.00164355,1.07148,-0.00624886,2.06951
10.612,-0.00189921,1.06447,-0.00588396,2.06704,-0.0015705,1.07145,-0.00629447,2.0696
10.614,-0.00189921,1.0645,-0.00592957,2.06704,-0.00160703,1.0714,-0.00629447,2.0696
10.616,-0.00189921,1.0645,-0.00592957,2.06704,-0.00164355,1.07145,-0.00629447,2.06951
10.618,-0.00186269,1.06447,-0.00588396,2.06704,-0.00160703,1.07142,-0.00624886,2.06951
10.62,-0.00186269,1.0645,-0.00592957,2.06704,-0.0015705,1.07145,-0.00629447,2.06951
10.622,-0.00186269,1.06447,-0.00588396,2.06704,-0.00164355,1.07142,-0.00634008,2.06951
10.624,-0.00186269,1.06447,-0.00588396,2.06704,-0.00164355,1.07145,-0.00629447,2.06951
10.626,-0.00186269,1.06447,-0.00588396,2.06704,-0.00164355,1.07145,-0.00629447,2.0696
10.628,-0.00186269,1.06447,-0.00588396,2.06704,-0.00160703,1.07142,-0.00624886,2.0696
10.63,-0.00186269,1.0645,-0.00592957,2.06704,-0.00160703,1.07145,-0.00629447,2.0696
10.632,-0.00186269,1.06447,-0.00588396,2.06695,-0.00164355,1.07145,-0.00629447,2.0696
10.634,-0.00186269,1.0645,-0.00592957,2.06704,-0.00160703,1.07145,-0.00629447,2.06951
10.636,-0.00186269,1.0645,-0.00592957,2.06704,-0.0015705,1.07145,-0.00629447,2.06951
10.638,-0.00186269,1.0645,-0.00592957,2.06704,-0.0015705,1.07148,-0.00624886,2.06951
10.64,-0.00189921,1.06447,-0.00588396,2.06704,-0.00168007,1.07145,-0.00629447,2.0696
10.642,-0.00186269,1.06447,-0.00588396,2.06704,-0.00164355,1.07145,-0.00629447,2.0696
10.644,-0.00186269,1.0645,-0.00592957,2.06704,-0.00160703,1.07145,-0.00629447,2.0696
10.646,-0.00186269,1.0645,-0.00592957,2.06704,-0.00160703,1.07142,-0.00624886,2.06951
10.648,-0.00186269,1.0645,-0.00592957,2.06704,-0.00160703,1.07145,-0.00620325,2.06951
10.65,-0.00189921,1.0645,-0.00592957,2.06704,-0.00160703,1.07142,-0.00624886,2.06951
10.652,-0.00186269,1.06447,-0.00588396,2.06704,-0.00160703,1.07145,-0.00629447,2.0696
10.654,-0.00186269,1.06447,-0.00588396,2.06704,-0.00160703,1.07145,-0.00629447,2.0696
10.656,-0.00186269,1.0645,-0.00592957,2.06695,-0.00160703,1.07145,-0.00629447,2.06951
10.658,-0.00189921,1.06447,-0.00588396,2.06695,-0.0015705,1.07142,-0.00634008,2.06951
10.66,-0.00189921,1.0645,-0.00592957,2.06704,-0.00160703,1.0714,-0.00629447,2.06951
10.662,-0.00186269,1.0645,-0.00592957,2.06704,-0.00160703,1.07142,-0.00624886,2.06951
10.664,-0.00186269,1.06447,-0.00588396,2.06704,-0.00160703,1.07142,-0.00624886,2.06951
10.666,-0.00186269,1.0645,-0.00592957,2.06695,-0.0015705,1.07145,-0.00629447,2.06951
10.668,-0.00186269,1.0645,-0.00592957,2.06695,-0.00160703,1.07142,-0.00624886,2.06951
10.67,-0.00186269,1.0645,-0.00592957,2.06704,-0.00160703,1.07145,-0.00629447,2.06951
10.672,-0.00186269,1.0645,-0.00592957,2.06695,-0.00160703,1.07145,-0.00629447,2.06951
10.674,-0.00189921,1.0645,-0.00592957,2.06695,-0.0015705,1.0714,-0.00629447,2.06951
10.676,-0.00186269,1.06447,-0.00588396,2.06704,-0.00164355,1.07142,-0.00624886,2.0696
10.678,-0.00186269,1.06447,-0.00588396,2.06704,-0.0015705,1.07145,-0.00629447,2.0696
10.68,-0.00186269,1.0645,-0.00592957,2.06704,-0.00160703,1.07145,-0.00629447,2.0696
10.682,-0.00186269,1.06447,-0.00588396,2.06704,-0.00164355,1.07142,-0.00624886,2.06951
10.684,-0.00186269,1.06447,-0.00588396,2.06695,-0.0015705,1.07142,-0.00624886,2.06951
10.686,-0.00186269,1.06447,-0.00588396,2.06695,-0.00160703,1.07142,-0.00634008,2.06951
10.688,-0.00186269,1.06447,-0.00588396,2.06704,-0.00160703,1.07145,-0.00629447,2.06951
10.69,-0.00186269,1.06447,-0.00588396,2.06704,-0.00164355,1.0714,-0.00629447,2.0696
10.692,-0.00186269,1.06447,-0.00588396,2.06704,-0.00160703,1.07145,-0.00629447,2.06951
10.694,-0.00186269,1.0645,-0.00592957,2.06704,-0.00160703,1.07142,-0.00624886,2.0696
10.696,-0.00186269,1.06447,-0.00588396,2.06704,-0.00164355,1.07142,-0.00624886,2.06951
10.698,-0.00186269,1.0645,-0.00592957,2.06704,-0.00160703,1.07145,-0.00629447,2.0696
10.7,-0.00186269,1.06447,-0.00588396,2.06704,-0.00160703,1.07142,-0.00624886,2.06951
10.702,-0.00186269,1.0645,-0.00592957,2.06704,-0.00160703,1.07145,-0.00629447,2.0696
10.704,-0.00186269,1.06447,-0.00588396,2.06704,-0.00160703,1.07142,-0.00624886,2.06951
10.706,-0.00186269,1.06447,-0.00588396,2.06704,-0.00160703,1.07145,-0.00629447,2.06951
10.708,-0.00186269,1.06447,-0.00588396,2.06704,-0.00160703,1.07142,-0.00634008,2.06951
10.71,-0.00186269,1.0645,-0.00592957,2.06704,-0.00164355,1.07142,-0.00624886,2.0696
10.712,-0.00186269,1.06447,-0.00588396,2.06704,-0.0015705,1.0714,-0.00629447,2.06951
10.714,-0.00186269,1.0645,-0.00592957,2.06704,-0.00160703,1.07142,-0.00624886,2.06951
10.716,-0.00186269,1.0645,-0.00592957,2.06704,-0.00160703,1.07145,-0.00620325,2.06951
10.718,-0.00186269,1.0645,-0.00592957,2.06704,-0.00160703,1.07145,-0.00629447,2.06951
10.72,-0.00186269,1.06447,-0.00588396,2.06704,-0.00160703,1.07145,-0.00629447,2.0696
10.722,-0.00186269,1.06447,-0.00588396,2.06704,-0.0015705,1.07145,-0.00629447,2.06951
10.724,-0.00186269,1.06447,-0.00588396,2.06704,-0.0015705,1.07145,-0.00629447,2.06951
10.726,-0.00186269,1.0645,-0.00592957,2.06704,-0.00160703,1.07145,-0.00629447,2.06951
10.728,-0.00186269,1.0645,-0.00592957,2.06704,-0.00160703,1.07142,-0.00624886,2.06951
10.73,-0.00186269,1.0645,-0.00592957,2.06704,-0.0015705,1.07142,-0.00624886,2.06951
10.732,-0.00186269,1.06447,-0.00588396,2.06704,-0.00160703,1.07145,-0.00629447,2.06951
10.734,-0.00186269,1.0645,-0.00592957,2.06695,-0.00160703,1.07145,-0.00629447,2.0696
10.736,-0.00186269,1.06447,-0.00588396,2.06704,-0.00160703,1.07145,-0.00629447,2.06951
10.738,-0.00186269,1.0645,-0.00592957,2.06704,-0.00160703,1.07145,-0.00629447,2.06951
10.74,-0.00186269,1.0645,-0.00592957,2.06704,-0.00160703,1.07145,-0.00629447,2.06951
10.742,-0.00186269,1.0645,-0.00592957,2.06704,-0.00160703,1.07142,-0.00624886,2.06951
10.744,-0.00186269,1.0645,-0.00592957,2.06704,-0.0015705,1.07142,-0.00634008,2.06951
10.746,-0.00186269,1.0645,-0.00592957,2.06704,-0.00160703,1.07145,-0.00629447,2.0696
10.748,-0.00186269,1.06447,-0.00588396,2.06704,-0.00160703,1.07145,-0.00629447,2.0696
10.75,-0.00186269,1.0645,-0.00592957,2.06704,-0.00160703,1.07145,-0.00629447,2.06951
10.752,-0.00186269,1.0645,-0.00592957,2.06695,-0.00160703,1.0714,-0.00629447,2.06951
10.754,-0.00186269,1.0645,-0.00592957,2.06695,-0.00160703,1.07142,-0.00624886,2.06951
10.756,-0.00186269,1.0645,-0.00592957,2.06704,-0.00164355,1.07145,-0.00629447,2.0696
10.758,-0.00186269,1.0645,-0.00592957,2.06704,-0.0015705,1.07145,-0.00629447,2.0696
10.76,-0.00186269,1.0645,-0.00592957,2.06704,-0.0015705,1.07142,-0.00634008,2.06951
10.762,-0.00189921,1.0645,-0.00592957,2.06704,-0.00160703,1.07145,-0.00629447,2.06951
10.764,-0.00186269,1.0645,-0.00592957,2.06704,-0.00160703,1.07148,-0.00624886,2.0696
10.766,-0.00189921,1.0645,-0.00592957,2.06704,-0.00164355,1.07145,-0.00629447,2.06951
10.768,-0.00186269,1.0645,-0.00592957,2.06704,-0.0015705,1.07142,-0.00624886,2.0696
10.77,-0.00186269,1.0645,-0.00592957,2.06695,-0.00160703,1.07142,-0.00624886,2.0696
10.772,-0.00186269,1.06447,-0.00588396,2.06704,-0.00160703,1.07145,-0.00629447,2.06951
10.774,-0.00186269,1.0645,-0.00592957,2.06704,-0.00164355,1.0714,-0.00629447,2.0696
10.776,-0.00186269,1.0645,-0.00592957,2.06704,-0.00160703,1.07142,-0.00624886,2.06951
10.778,-0.00186269,1.06447,-0.00588396,2.06712,-0.00160703,1.07145,-0.00629447,2.06951
10.78,-0.00186269,1.06447,-0.00588396,2.06704,-0.0015705,1.07142,-0.00634008,2.06951
10.782,-0.00186269,1.0645,-0.00592957,2.06704,-0.00160703,1.07142,-0.00624886,2.06951
10.784,-0.00186269,1.0645,-0.00592957,2.06704,-0.00160703,1.07142,-0.00624886,2.06951
10.786,-0.00186269,1.06447,-0.00588396,2.06704,-0.00164355,1.07142,-0.00634008,2.0696
10.788,-0.00186269,1.0645,-0.00592957,2.06704,-0.00160703,1.07142,-0.00624886,2.06951
10.79,-0.00186269,1.06447,-0.00588396,2.06704,-0.0015705,1.07142,-0.00624886,2.06951
10.792,-0.00186269,1.0645,-0.00592957,2.06704,-0.00160703,1.07142,-0.00634008,2.06951
10.794,-0.00186269,1.0645,-0.00592957,2.06704,-0.00160703,1.07142,-0.00624886,2.06951
10.796,-0.00186269,1.0645,-0.00592957,2.06712,-0.00160703,1.07145,-0.00629447,2.0696
10.798,-0.00186269,1.0645,-0.00592957,2.06704,-0.00160703,1.07145,-0.00629447,2.06951
10.8,-0.00186269,1.0645,-0.00592957,2.06704,-0.00160703,1.07145,-0.00629447,2.06951
10.802,-0.00186269,1.0645,-0.00592957,2.06695,-0.00160703,1.07142,-0.00634008,2.06951
10.804,-0.00186269,1.0645,-0.00592957,2.06695,-0.00160703,1.07145,-0.00629447,2.06951
10.806,-0.00186269,1.0645,-0.00592957,2.06695,-0.00160703,1.07142,-0.00624886,2.06951
10.808,-0.00186269,1.0645,-0.00592957,2.06704,-0.0015705,1.07145,-0.00629447,2.06951
10.81,-0.00186269,1.0645,-0.00592957,2.06704,-0.00160703,1.07142,-0.00624886,2.06951
10.812,-0.00186269,1.0645,-0.00592957,2.06704,-0.00160703,1.07145,-0.00629447,2.0696
10.814,-0.00186269,1.06447,-0.00588396,2.06704,-0.0015705,1.0714,-0.00629447,2.06951
10.816,-0.00186269,1.0645,-0.00592957,2.06704,-0.00160703,1.07145,-0.00629447,2.06951
10.818,-0.00186269,1.06447,-0.00588396,2.06704,-0.00160703,1.07145,-0.00629447,2.06951
10.82,-0.00186269,1.0645,-0.00592957,2.06695,-0.00160703,1.07145,-0.00629447,2.06951
10.822,-0.00186269,1.0645,-0.00592957,2.06695,-0.00160703,1.07145,-0.00629447,2.0696
10.824,-0.00186269,1.0645,-0.00592957,2.06704,-0.00160703,1.07145,-0.00629447,2.0696
10.826,-0.00186269,1.0645,-0.00592957,2.06704,-0.00160703,1.07142,-0.00634008,2.0696
10.828,-0.00189921,1.0645,-0.00592957,2.06704,-0.00160703,1.07145,-0.00629447,2.0696
10.83,-0.00186269,1.0645,-0.00592957,2.06704,-0.00160703,1.07145,-0.00629447,2.06951
10.832,-0.00186269,1.06447,-0.00588396,2.06704,-0.00160703,1.07145,-0.00629447,2.0696
10.834,-0.00186269,1.0645,-0.00592957,2.06704,-0.00160703,1.07142,-0.00634008,2.06951
10.836,-0.00186269,1.0645,-0.00592957,2.06695,-0.00160703,1.0714,-0.00629447,2.06951
10.838,-0.00186269,1.0645,-0.00592957,2.06704,-0.00164355,1.07142,-0.00624886,2.06951
10.84,-0.00189921,1.0645,-0.00592957,2.06704,-0.00160703,1.07145,-0.00629447,2.06951
10.842,-0.00186269,1.0645,-0.00592957,2.06704,-0.00160703,1.07142,-0.00634008,2.06951
10.844,-0.00186269,1.0645,-0.00592957,2.06695,-0.00160703,1.07145,-0.00629447,2.06951
10.846,-0.00186269,1.06447,-0.00588396,2.06695,-0.00160703,1.07145,-0.00629447,2.06951
10.848,-0.00189921,1.06447,-0.00588396,2.06695,-0.00160703,1.07145,-0.00629447,2.06951
10.85,-0.00189921,1.0645,-0.00592957,2.06704,-0.00153398,1.07145,-0.00629447,2.0696
10.852,-0.00186269,1.0645,-0.00592957,2.06704,-0.00160703,1.07142,-0.00624886,2.06951
10.854,-0.00186269,1.0645,-0.00592957,2.06704,-0.00160703,1.0714,-0.00629447,2.0696
10.856,-0.00186269,1.0645,-0.00592957,2.06704,-0.00160703,1.0714,-0.00629447,2.0696
10.858,-0.00186269,1.0645,-0.00592957,2.06704,-0.0015705,1.07145,-0.00629447,2.0696
10.86,-0.00186269,1.0645,-0.00592957,2.06704,-0.00160703,1.07142,-0.00634008,2.0696
10.862,-0.00186269,1.0645,-0.00592957,2.06704,-0.00160703,1.07145,-0.00629447,2.0696
10.864,-0.00186269,1.0645,-0.00592957,2.06704,-0.00160703,1.07142,-0.00634008,2.0696
10.866,-0.00189921,1.0645,-0.00592957,2.06704,-0.00160703,1.07142,-0.00634008,2.06951
10.868,-0.00186269,1.0645,-0.00592957,2.06704,-0.00160703,1.07145,-0.00629447,2.06951
10.87,-0.00186269,1.0645,-0.00592957,2.06704,-0.00160703,1.0714,-0.00629447,2.06951
10.872,-0.00186269,1.0645,-0.00592957,2.06704,-0.00160703,1.07142,-0.00634008,2.06951
10.874,-0.00186269,1.06447,-0.00588396,2.06695,-0.00160703,1.07145,-0.00629447,2.0696
10.876,-0.00186269,1.0645,-0.00592957,2.06704,-0.00164355,1.07145,-0.00629447,2.0696
10.878,-0.00186269,1.06447,-0.00588396,2.06695,-0.00160703,1.07142,-0.00624886,2.06951
10.88,-0.00186269,1.0645,-0.00592957,2.06695,-0.00160703,1.07142,-0.00624886,2.06951
10.882,-0.00186269,1.0645,-0.00592957,2.06695,-0.00160703,1.07142,-0.00624886,2.06951
10.884,-0.00186269,1.0645,-0.00592957,2.06704,-0.0015705,1.0714,-0.00629447,2.0696
10.886,-0.00189921,1.0645,-0.00592957,2.06704,-0.00160703,1.07142,-0.00634008,2.0696
10.888,-0.00186269,1.06447,-0.00588396,2.06704,-0.00160703,1.07145,-0.0063857,2.06951
10.89,-0.00186269,1.06447,-0.00588396,2.06704,-0.00164355,1.07148,-0.00624886,2.06951
10.892,-0.00186269,1.0645,-0.00592957,2.06704,-0.00160703,1.07145,-0.00629447,2.06951
10.894,-0.00186269,1.0645,-0.00592957,2.06695,-0.00160703,1.07145,-0.00629447,2.06951
10.896,-0.00186269,1.0645,-0.00592957,2.06695,-0.0015705,1.07142,-0.00624886,2.06951
10.898,-0.00186269,1.0645,-0.00592957,2.06695,-0.00160703,1.07142,-0.00624886,2.06951
10.9,-0.00186269,1.06447,-0.00588396,2.06695,-0.00164355,1.07145,-0.00629447,2.0696
10.902,-0.00186269,1.0645,-0.00592957,2.06704,-0.00160703,1.0714,-0.0063857,2.0696
10.904,-0.00186269,1.06447,-0.00588396,2.06704,-0.00160703,1.07145,-0.00629447,2.06951
10.906,-0.00186269,1.0645,-0.00592957,2.06704,-0.00160703,1.07145,-0.00629447,2.0696
10.908,-0.00186269,1.0645,-0.00592957,2.06704,-0.00160703,1.07142,-0.00624886,2.06951
10.91,-0.00186269,1.0645,-0.00592957,2.06704,-0.00160703,1.07145,-0.00629447,2.0696
10.912,-0.00186269,1.0645,-0.00592957,2.06704,-0.00160703,1.07145,-0.00629447,2.06951
10.914,-0.00186269,1.0645,-0.00592957,2.06695,-0.00168007,1.07142,-0.00634008,2.0696
10.916,-0.00186269,1.06447,-0.00588396,2.06695,-0.00160703,1.07142,-0.00634008,2.06951
10.918,-0.00186269,1.06447,-0.00588396,2.06704,-0.00160703,1.07145,-0.00629447,2.06951
10.92,-0.00186269,1.06447,-0.00588396,2.06704,-0.0015705,1.07142,-0.00634008,2.06951
10.922,-0.00189921,1.0645,-0.00592957,2.06704,-0.0015705,1.07142,-0.00624886,2.06951
10.924,-0.00186269,1.0645,-0.00592957,2.06704,-0.00160703,1.07145,-0.00629447,2.06951
10.926,-0.00186269,1.0645,-0.00592957,2.06712,-0.0015705,1.07142,-0.00624886,2.0696
10.928,-0.00186269,1.06447,-0.00588396,2.06704,-0.00160703,1.07145,-0.00629447,2.0696
10.93,-0.00186269,1.06447,-0.00588396,2.06704,-0.00160703,1.07145,-0.00629447,2.0696
10.932,-0.00186269,1.06447,-0.00588396,2.06704,-0.00160703,1.07145,-0.00629447,2.06951
10.934,-0.00186269,1.0645,-0.00592957,2.06704,-0.00160703,1.07145,-0.00629447,2.0696
10.936,-0.00186269,1.0645,-0.00592957,2.06704,-0.00160703,1.07145,-0.00629447,2.06951
10.938,-0.00186269,1.0645,-0.00592957,2.06704,-0.00160703,1.07145,-0.00629447,2.06951
10.94,-0.00186269,1.0645,-0.00592957,2.06704,-0.00160703,1.0714,-0.00629447,2.06951
10.942,-0.00186269,1.0645,-0.00592957,2.06704,-0.00160703,1.07145,-0.00629447,2.06951
10.944,-0.00186269,1.06447,-0.00588396,2.06704,-0.00160703,1.07142,-0.00624886,2.0696
10.946,-0.00186269,1.06447,-0.00588396,2.06704,-0.00160703,1.07145,-0.00629447,2.0696
10.948,-0.00186269,1.0645,-0.00592957,2.06704,-0.00160703,1.07142,-0.00634008,2.06951
10.95,-0.00186269,1.0645,-0.00592957,2.06704,-0.00160703,1.07142,-0.00634008,2.06951
10.952,-0.00186269,1.06447,-0.00588396,2.06704,-0.00160703,1.07145,-0.00629447,2.06951
10.954,-0.00186269,1.0645,-0.00592957,2.06704,-0.00160703,1.07148,-0.00624886,2.0696
10.956,-0.00186269,1.0645,-0.00592957,2.06704,-0.00160703,1.0714,-0.00629447,2.06951
10.958,-0.00186269,1.0645,-0.00592957,2.06712,-0.0015705,1.07145,-0.00629447,2.0696
10.96,-0.00186269,1.0645,-0.00592957,2.06704,-0.00160703,1.07145,-0.00629447,2.0696
10.962,-0.00186269,1.06447,-0.00588396,2.06704,-0.00160703,1.07148,-0.00624886,2.06951
10.964,-0.00186269,1.06447,-0.00588396,2.06704,-0.00164355,1.07145,-0.00629447,2.06951
10.966,-0.00186269,1.06447,-0.00588396,2.06695,-0.00160703,1.07142,-0.00634008,2.06951
10.968,-0.00186269,1.0645,-0.00592957,2.06704,-0.00160703,1.07142,-0.00624886,2.06951
10.97,-0.00189921,1.0645,-0.00592957,2.06704,-0.00164355,1.07145,-0.00629447,2.06951
10.972,-0.00189921,1.06447,-0.00588396,2.06704,-0.00164355,1.07145,-0.00629447,2.06951
10.974,-0.00186269,1.06447,-0.00588396,2.06704,-0.00160703,1.07142,-0.00634008,2.06951
10.976,-0.00186269,1.06447,-0.00588396,2.06704,-0.00160703,1.07145,-0.00629447,2.0696
10.978,-0.00186269,1.0645,-0.00592957,2.06704,-0.00160703,1.07145,-0.00629447,2.06951
10.98,-0.00186269,1.0645,-0.00592957,2.06695,-0.0015705,1.07145,-0.00629447,2.06951
10.982,-0.00186269,1.0645,-0.00592957,2.06695,-0.00164355,1.07142,-0.00624886,2.06951
10.984,-0.00186269,1.0645,-0.00592957,2.06695,-0.0015705,1.07145,-0.00629447,2.0696
10.986,-0.00186269,1.06447,-0.00588396,2.06695,-0.00160703,1.07145,-0.00629447,2.06951
10.988,-0.00189921,1.06447,-0.00588396,2.06695,-0.00160703,1.07145,-0.00629447,2.06951
10.99,-0.00186269,1.0645,-0.00592957,2.06695,-0.00160703,1.07142,-0.00624886,2.0696
10.992,-0.00186269,1.0645,-0.00592957,2.06704,-0.00160703,1.07142,-0.00624886,2.06951
10.994,-0.00186269,1.0645,-0.00592957,2.06704,-0.0015705,1.07142,-0.00624886,2.0696
10.996,-0.00186269,1.06447,-0.00588396,2.06704,-0.00160703,1.0714,-0.00629447,2.0696
10.998,-0.00186269,1.06447,-0.00588396,2.06704,-0.0015705,1.07145,-0.00629447,2.06951
11,-0.00186269,1.06447,-0.00588396,2.06704,-0.00160703,1.07142,-0.00634008,2.06951
11.002,-0.00186269,1.06445,-0.00592957,2.06704,-0.00164355,1.07142,-0.00634008,2.06951
11.004,-0.00186269,1.06447,-0.00588396,2.06704,-0.00164355,1.07145,-0.00629447,2.06951
11.006,-0.00186269,1.0645,-0.00592957,2.06704,-0.00164355,1.07142,-0.00624886,2.0696
11.008,-0.00186269,1.06447,-0.00588396,2.06704,-0.00160703,1.07142,-0.00624886,2.0696
11.01,-0.00186269,1.0645,-0.00592957,2.06704,-0.00160703,1.07145,-0.00629447,2.0696
11.012,-0.00186269,1.06447,-0.00588396,2.06704,-0.00160703,1.07142,-0.00624886,2.06951
11.014,-0.00186269,1.06447,-0.00588396,2.06704,-0.00160703,1.07145,-0.00629447,2.06951
11.016,-0.00186269,1.06447,-0.00588396,2.06704,-0.00160703,1.07142,-0.00624886,2.06951
11.018,-0.00186269,1.06447,-0.00588396,2.06704,-0.00160703,1.07145,-0.00629447,2.06951
11.02,-0.00186269,1.0645,-0.00592957,2.06704,-0.00160703,1.07142,-0.00634008,2.0696
11.022,-0.00186269,1.0645,-0.00592957,2.06704,-0.00160703,1.07145,-0.00629447,2.0696
11.024,-0.00186269,1.06447,-0.00588396,2.06704,-0.00160703,1.07145,-0.00629447,2.0696
11.026,-0.00189921,1.06447,-0.00588396,2.06704,-0.00160703,1.07145,-0.00629447,2.06951
11.028,-0.00186269,1.0645,-0.00592957,2.06704,-0.00160703,1.07145,-0.00629447,2.06951
11.03,-0.00186269,1.0645,-0.00592957,2.06704,-0.00160703,1.07145,-0.00629447,2.06951
11.032,-0.00186269,1.0645,-0.00592957,2.06704,-0.00164355,1.07145,-0.00629447,2.06951
11.034,-0.00186269,1.06447,-0.00588396,2.06704,-0.00160703,1.07145,-0.00629447,2.06951
11.036,-0.00186269,1.06447,-0.00588396,2.06704,-0.00160703,1.07142,-0.00624886,2.06951
11.038,-0.00186269,1.0645,-0.00592957,2.06704,-0.00160703,1.07145,-0.00629447,2.0696
11.04,-0.00189921,1.0645,-0.00592957,2.06704,-0.00160703,1.07145,-0.00629447,2.06951
11.042,-0.00186269,1.06447,-0.00588396,2.06704,-0.00160703,1.07145,-0.00629447,2.0696
11.044,-0.00186269,1.06447,-0.00588396,2.06704,-0.00160703,1.07142,-0.00634008,2.0696
11.046,-0.00186269,1.06447,-0.00588396,2.06704,-0.00160703,1.07142,-0.00624886,2.06951
11.048,-0.00186269,1.0645,-0.00592957,2.06704,-0.00164355,1.07142,-0.00624886,2.06951
11.05,-0.00189921,1.0645,-0.00592957,2.06704,-0.00160703,1.07142,-0.00624886,2.0696
11.052,-0.00186269,1.06447,-0.00588396,2.06704,-0.00160703,1.07145,-0.00629447,2.06951
11.054,-0.00189921,1.06447,-0.00588396,2.06704,-0.00160703,1.07145,-0.00629447,2.06951
11.056,-0.00186269,1.06447,-0.00588396,2.06704,-0.0015705,1.07142,-0.00634008,2.0696
11.058,-0.00186269,1.0645,-0.00592957,2.06695,-0.00160703,1.07145,-0.00629447,2.06951
11.06,-0.00186269,1.0645,-0.00592957,2.06704,-0.0015705,1.07142,-0.00624886,2.06951
11.062,-0.00186269,1.0645,-0.00592957,2.06704,-0.00160703,1.07145,-0.00629447,2.06951
11.064,-0.00189921,1.0645,-0.00592957,2.06704,-0.00164355,1.07145,-0.00629447,2.06951
11.066,-0.00186269,1.06447,-0.00588396,2.06704,-0.00164355,1.07145,-0.00629447,2.0696
11.068,-0.00186269,1.06447,-0.00588396,2.06704,-0.00160703,1.07142,-0.00634008,2.06951
11.07,-0.00186269,1.06447,-0.00588396,2.06704,-0.00160703,1.07145,-0.00629447,2.06951
11.072,-0.00186269,1.0645,-0.00592957,2.06704,-0.0015705,1.07142,-0.00634008,2.0696
11.074,-0.00186269,1.06447,-0.00588396,2.06704,-0.00164355,1.07145,-0.00629447,2.06951
11.076,-0.00186269,1.0645,-0.00592957,2.06695,-0.00160703,1.07145,-0.00629447,2.06951
11.078,-0.00186269,1.06447,-0.00588396,2.06704,-0.00160703,1.07145,-0.00620325,2.06951
11.08,-0.00186269,1.06447,-0.00588396,2.06704,-0.00160703,1.07145,-0.00629447,2.0696
11.082,-0.00186269,1.0645,-0.00592957,2.06704,-0.0015705,1.07142,-0.00634008,2.06951
11.084,-0.00186269,1.0645,-0.00592957,2.06704,-0.0015705,1.07142,-0.00634008,2.0696
11.086,-0.00186269,1.0645,-0.00592957,2.06704,-0.00160703,1.0714,-0.00629447,2.0696
11.088,-0.00189921,1.06447,-0.00588396,2.06704,-0.0015705,1.07145,-0.00629447,2.0696
11.09,-0.00186269,1.0645,-0.00592957,2.06704,-0.0015705,1.07145,-0.00629447,2.0696
11.092,-0.00186269,1.0645,-0.00592957,2.06704,-0.00160703,1.07145,-0.00629447,2.06951
11.094,-0.00186269,1.0645,-0.00592957,2.06704,-0.00160703,1.07145,-0.00629447,2.06951
11.096,-0.00186269,1.06447,-0.00588396,2.06704,-0.00164355,1.07142,-0.00634008,2.06951
11.098,-0.00186269,1.0645,-0.00592957,2.06704,-0.0015705,1.07145,-0.00629447,2.0696
11.1,-0.00186269,1.0645,-0.00592957,2.06704,-0.0015705,1.07145,-0.00629447,2.0696
11.102,-0.00186269,1.0645,-0.00592957,2.06704,-0.00160703,1.0714,-0.00629447,2.0696
11.104,-0.00189921,1.0645,-0.00592957,2.06695,-0.00160703,1.07142,-0.00624886,2.0696
11.106,-0.00189921,1.0645,-0.00592957,2.06704,-0.0015705,1.07142,-0.00624886,2.0696
11.108,-0.00189921,1.0645,-0.00592957,2.06704,-0.00164355,1.07142,-0.00624886,2.0696
11.11,-0.00189921,1.06447,-0.00588396,2.06704,-0.00160703,1.07142,-0.00634008,2.06951
11.112,-0.00186269,1.06447,-0.00588396,2.06704,-0.00160703,1.07145,-0.00629447,2.0696
11.114,-0.00186269,1.0645,-0.00592957,2.06704,-0.0015705,1.07145,-0.00629447,2.06951
11.116,-0.00186269,1.0645,-0.00592957,2.06704,-0.00160703,1.0714,-0.00629447,2.06951
11.118,-0.00189921,1.0645,-0.00592957,2.06704,-0.00160703,1.07142,-0.00624886,2.06951
11.12,-0.00189921,1.0645,-0.00592957,2.06704,-0.00160703,1.07145,-0.00629447,2.06951
11.122,-0.00186269,1.0645,-0.00592957,2.06704,-0.00164355,1.07145,-0.00629447,2.0696
11.124,-0.00186269,1.0645,-0.00592957,2.06704,-0.00160703,1.07145,-0.00629447,2.06951
11.126,-0.00186269,1.06447,-0.00588396,2.06704,-0.0015705,1.07145,-0.00629447,2.06951
11.128,-0.00186269,1.06447,-0.00588396,2.06704,-0.00160703,1.07142,-0.00624886,2.0696
11.13,-0.00186269,1.0645,-0.00592957,2.06704,-0.00160703,1.07142,-0.00624886,2.06951
11.132,-0.00186269,1.0645,-0.00592957,2.06704,-0.00160703,1.0714,-0.00629447,2.0696
11.134,-0.00186269,1.0645,-0.00592957,2.06704,-0.00160703,1.0714,-0.00629447,2.0696
11.136,-0.00186269,1.06447,-0.00588396,2.06704,-0.00164355,1.07145,-0.00629447,2.0696
11.138,-0.00186269,1.06447,-0.00588396,2.06704,-0.00160703,1.07145,-0.00629447,2.06951
11.14,-0.00186269,1.0645,-0.00592957,2.06704,-0.0015705,1.07145,-0.00629447,2.06951
11.142,-0.00186269,1.0645,-0.00592957,2.06695,-0.00160703,1.07142,-0.00624886,2.0696
11.144,-0.00186269,1.0645,-0.00592957,2.06704,-0.00164355,1.07145,-0.00629447,2.06951
11.146,-0.00186269,1.0645,-0.00592957,2.06704,-0.00160703,1.07142,-0.00624886,2.06951
11.148,-0.00186269,1.0645,-0.00592957,2.06704,-0.0015705,1.07145,-0.00629447,2.06951
11.15,-0.00186269,1.0645,-0.00592957,2.06704,-0.00164355,1.07145,-0.00629447,2.0696
11.152,-0.00186269,1.06447,-0.00588396,2.06704,-0.00164355,1.07145,-0.00629447,2.0696
11.154,-0.00186269,1.06447,-0.00588396,2.06712,-0.0015705,1.07142,-0.00634008,2.06951
11.156,-0.00186269,1.0645,-0.00592957,2.06704,-0.00160703,1.07142,-0.00634008,2.06951
11.158,-0.00186269,1.0645,-0.00592957,2.06704,-0.0015705,1.07142,-0.00624886,2.06951
11.16,-0.00186269,1.0645,-0.00592957,2.06704,-0.00164355,1.07142,-0.00624886,2.06951
11.162,-0.00186269,1.06447,-0.00588396,2.06704,-0.0015705,1.07145,-0.00629447,2.06951
11.164,-0.00186269,1.06447,-0.00588396,2.06704,-0.00160703,1.07142,-0.00634008,2.0696
11.166,-0.00186269,1.06447,-0.00588396,2.06704,-0.0015705,1.07142,-0.00634008,2.06951
11.168,-0.00186269,1.06447,-0.00588396,2.06704,-0.00160703,1.07142,-0.00624886,2.06951
11.17,-0.00186269,1.0645,-0.00592957,2.06704,-0.0015705,1.07142,-0.00634008,2.06951
11.172,-0.00186269,1.0645,-0.00592957,2.06704,-0.00160703,1.07145,-0.00629447,2.0696
11.174,-0.00186269,1.06447,-0.00588396,2.06704,-0.00160703,1.07142,-0.00624886,2.0696
11.176,-0.00186269,1.0645,-0.00592957,2.06704,-0.00160703,1.07145,-0.00629447,2.06951
11.178,-0.00186269,1.0645,-0.00592957,2.06704,-0.0015705,1.07145,-0.00629447,2.0696
11.18,-0.00186269,1.06447,-0.00588396,2.06704,-0.00160703,1.07145,-0.00629447,2.06951
11.182,-0.00186269,1.06447,-0.00588396,2.06712,-0.00164355,1.07145,-0.00629447,2.06951
11.184,-0.00189921,1.0645,-0.00592957,2.06704,-0.00164355,1.07142,-0.00634008,2.06951
11.186,-0.00186269,1.0645,-0.00592957,2.06704,-0.00160703,1.07145,-0.00629447,2.06951
11.188,-0.00186269,1.0645,-0.00592957,2.06695,-0.00160703,1.07142,-0.00634008,2.0696
11.19,-0.00186269,1.0645,-0.00592957,2.06695,-0.00160703,1.07142,-0.00624886,2.06951
11.192,-0.00186269,1.0645,-0.00592957,2.06695,-0.00160703,1.07145,-0.00629447,2.0696
11.194,-0.00186269,1.0645,-0.00592957,2.06704,-0.00160703,1.07142,-0.00634008,2.06951
11.196,-0.00186269,1.0645,-0.00592957,2.06704,-0.00160703,1.07145,-0.00629447,2.06951
11.198,-0.00189921,1.0645,-0.00592957,2.06704,-0.0015705,1.07145,-0.00629447,2.06951
11.2,-0.00186269,1.06447,-0.00588396,2.06704,-0.0015705,1.07145,-0.00629447,2.06951
11.202,-0.00186269,1.0645,-0.00592957,2.06704,-0.00160703,1.07142,-0.00624886,2.06951
11.204,-0.00186269,1.0645,-0.00592957,2.06704,-0.00153398,1.07142,-0.00624886,2.0696
11.206,-0.00186269,1.0645,-0.00592957,2.06695,-0.00160703,1.07142,-0.00624886,2.06951
11.208,-0.00186269,1.0645,-0.00592957,2.06695,-0.00164355,1.07145,-0.00629447,2.0696
11.21,-0.00186269,1.06447,-0.00588396,2.06695,-0.00160703,1.07148,-0.00624886,2.06951
11.212,-0.00186269,1.0645,-0.00592957,2.06704,-0.00164355,1.07145,-0.00629447,2.06951
11.214,-0.00189921,1.0645,-0.00592957,2.06704,-0.00160703,1.07142,-0.00634008,2.0696
11.216,-0.00186269,1.0645,-0.00592957,2.06704,-0.0015705,1.07142,-0.00624886,2.06951
11.218,-0.00186269,1.0645,-0.00592957,2.06704,-0.00160703,1.07142,-0.00624886,2.0696
11.22,-0.00186269,1.0645,-0.00592957,2.06704,-0.00153398,1.07145,-0.00629447,2.06951
11.222,-0.00186269,1.0645,-0.00592957,2.06695,-0.0015705,1.07145,-0.00629447,2.06951
11.224,-0.00186269,1.06447,-0.00588396,2.06695,-0.00160703,1.07145,-0.00629447,2.06951
11.226,-0.00186269,1.0645,-0.00592957,2.06695,-0.00164355,1.07145,-0.00629447,2.06951
11.228,-0.00186269,1.0645,-0.00592957,2.06704,-0.00160703,1.07145,-0.00629447,2.06951
11.23,-0.00186269,1.0645,-0.00592957,2.06704,-0.00164355,1.07145,-0.00629447,2.06951
11.232,-0.00186269,1.0645,-0.00592957,2.06704,-0.00160703,1.07142,-0.00624886,2.06951
11.234,-0.00189921,1.06447,-0.00588396,2.06704,-0.0015705,1.07142,-0.00624886,2.0696
11.236,-0.00186269,1.0645,-0.00592957,2.06704,-0.00160703,1.07142,-0.00624886,2.06951
11.238,-0.00186269,1.0645,-0.00592957,2.06695,-0.0015705,1.07142,-0.00624886,2.06951
11.24,-0.00186269,1.06447,-0.00588396,2.06695,-0.00164355,1.0714,-0.00629447,2.06951
11.242,-0.00186269,1.0645,-0.00592957,2.06695,-0.0015705,1.07142,-0.00634008,2.06951
11.244,-0.00186269,1.0645,-0.00592957,2.06704,-0.00160703,1.07142,-0.00624886,2.0696
11.246,-0.00186269,1.06447,-0.00588396,2.06704,-0.00164355,1.07145,-0.00629447,2.0696
11.248,-0.00186269,1.0645,-0.00592957,2.06704,-0.00160703,1.07142,-0.00624886,2.06951
11.25,-0.00186269,1.06447,-0.00588396,2.06704,-0.00160703,1.07145,-0.00629447,2.0696
11.252,-0.00186269,1.0645,-0.00592957,2.06704,-0.00160703,1.07142,-0.00634008,2.0696
11.254,-0.00186269,1.0645,-0.00592957,2.06704,-0.00160703,1.07142,-0.00624886,2.0696
11.256,-0.00189921,1.06447,-0.00588396,2.06704,-0.00160703,1.07145,-0.00629447,2.06951
11.258,-0.00186269,1.06447,-0.00588396,2.06695,-0.0015705,1.07142,-0.00634008,2.0696
11.26,-0.00189921,1.06447,-0.00588396,2.06704,-0.00160703,1.07142,-0.00634008,2.06951
11.262,-0.00186269,1.06447,-0.00597519,2.06704,-0.00160703,1.07142,-0.00624886,2.06951
11.264,-0.00186269,1.06447,-0.00588396,2.06704,-0.00160703,1.07145,-0.00629447,2.0696
11.266,-0.00186269,1.06447,-0.00588396,2.06704,-0.00160703,1.07142,-0.00624886,2.06951
11.268,-0.00186269,1.06447,-0.00588396,2.06704,-0.0015705,1.07142,-0.00624886,2.06951
11.27,-0.00189921,1.06447,-0.00588396,2.06695,-0.00160703,1.07145,-0.00629447,2.06951
11.272,-0.00189921,1.0645,-0.00592957,2.06704,-0.0015705,1.07145,-0.00629447,2.0696
11.274,-0.00189921,1.06447,-0.00588396,2.06704,-0.00160703,1.07145,-0.00629447,2.06951
11.276,-0.00186269,1.0645,-0.00592957,2.06704,-0.00160703,1.07148,-0.00624886,2.06951
11.278,-0.00186269,1.0645,-0.00592957,2.06704,-0.00164355,1.07145,-0.00629447,2.06951
11.28,-0.00186269,1.0645,-0.00592957,2.06704,-0.00160703,1.07142,-0.00634008,2.0696
11.282,-0.00186269,1.0645,-0.00592957,2.06704,-0.00160703,1.07145,-0.00629447,2.06951
11.284,-0.00186269,1.06447,-0.00588396,2.06704,-0.00160703,1.07142,-0.00634008,2.06951
11.286,-0.00186269,1.06447,-0.00588396,2.06704,-0.0015705,1.07142,-0.00634008,2.0696
11.288,-0.00189921,1.0645,-0.00592957,2.06704,-0.0015705,1.07142,-0.00624886,2.06951
11.29,-0.00186269,1.0645,-0.00592957,2.06704,-0.0015705,1.07142,-0.00624886,2.06951
11.292,-0.00186269,1.06447,-0.00588396,2.06704,-0.00160703,1.07145,-0.00629447,2.0696
11.294,-0.00186269,1.06447,-0.00588396,2.06704,-0.00160703,1.07145,-0.00629447,2.06951
11.296,-0.00186269,1.06447,-0.00588396,2.06704,-0.0015705,1.07145,-0.00629447,2.0696
11.298,-0.00186269,1.0645,-0.00592957,2.06704,-0.0015705,1.07145,-0.00629447,2.06951
11.3,-0.00186269,1.0645,-0.00592957,2.06704,-0.00160703,1.07142,-0.00634008,2.06951
11.302,-0.00186269,1.06447,-0.00588396,2.06704,-0.00160703,1.07145,-0.00629447,2.0696
11.304,-0.00189921,1.06447,-0.00588396,2.06704,-0.00160703,1.07145,-0.00629447,2.0696
11.306,-0.00186269,1.06447,-0.00588396,2.06704,-0.00164355,1.07145,-0.00629447,2.0696
11.308,-0.00189921,1.06447,-0.00588396,2.06704,-0.00160703,1.07145,-0.00629447,2.0696
11.31,-0.00189921,1.0645,-0.00592957,2.06704,-0.00160703,1.07145,-0.00629447,2.06951
11.312,-0.00186269,1.06447,-0.00588396,2.06695,-0.0015705,1.07142,-0.00624886,2.06951
11.314,-0.00186269,1.0645,-0.00592957,2.06704,-0.00164355,1.07145,-0.00629447,2.0696
11.316,-0.00186269,1.0645,-0.00592957,2.06704,-0.00160703,1.07142,-0.00624886,2.0696
11.318,-0.00186269,1.06447,-0.00588396,2.06704,-0.00164355,1.07145,-0.00629447,2.0696
11.32,-0.00186269,1.06447,-0.00588396,2.06704,-0.00160703,1.07142,-0.00624886,2.0696
11.322,-0.00186269,1.0645,-0.00592957,2.06704,-0.0015705,1.07145,-0.00629447,2.06951
11.324,-0.00186269,1.0645,-0.00592957,2.06704,-0.00164355,1.07148,-0.00624886,2.06951
11.326,-0.00186269,1.0645,-0.00592957,2.06704,-0.0015705,1.07145,-0.00629447,2.06951
11.328,-0.00186269,1.06447,-0.00588396,2.06704,-0.00164355,1.07145,-0.00629447,2.06951
11.33,-0.00186269,1.06447,-0.00588396,2.06704,-0.00160703,1.07145,-0.00629447,2.06951
11.332,-0.00186269,1.06447,-0.00588396,2.06695,-0.00164355,1.07145,-0.00629447,2.06951
11.334,-0.00189921,1.0645,-0.00592957,2.06704,-0.00160703,1.07142,-0.00624886,2.0696
11.336,-0.00186269,1.0645,-0.00592957,2.06704,-0.0015705,1.07142,-0.00624886,2.0696
11.338,-0.00186269,1.0645,-0.00592957,2.06704,-0.00164355,1.07142,-0.00634008,2.06951
11.34,-0.00189921,1.06447,-0.00588396,2.06704,-0.0015705,1.07142,-0.00624886,2.0696
11.342,-0.00186269,1.0645,-0.00592957,2.06704,-0.00160703,1.07145,-0.00629447,2.06951
11.344,-0.00186269,1.0645,-0.00592957,2.06704,-0.00160703,1.0714,-0.00629447,2.0696
11.346,-0.00186269,1.06447,-0.00588396,2.06704,-0.00160703,1.0714,-0.00629447,2.06951
11.348,-0.00186269,1.06447,-0.00588396,2.06704,-0.00160703,1.07145,-0.00629447,2.06951
11.35,-0.00186269,1.0645,-0.00592957,2.06704,-0.00164355,1.07142,-0.00624886,2.06951
11.352,-0.00186269,1.0645,-0.00592957,2.06704,-0.00160703,1.07142,-0.00624886,2.06951
11.354,-0.00186269,1.06447,-0.00588396,2.06704,-0.00160703,1.07145,-0.00629447,2.0696
11.356,-0.00186269,1.0645,-0.00592957,2.06704,-0.0015705,1.07145,-0.00629447,2.0696
11.358,-0.00186269,1.0645,-0.00592957,2.06704,-0.0015705,1.07142,-0.00634008,2.06951
11.36,-0.00186269,1.0645,-0.00592957,2.06704,-0.00160703,1.07142,-0.00634008,2.0696
11.362,-0.00189921,1.06447,-0.00588396,2.06704,-0.00160703,1.07145,-0.00629447,2.06951
11.364,-0.00186269,1.06447,-0.00588396,2.06704,-0.00160703,1.07142,-0.00624886,2.0696
11.366,-0.00186269,1.0645,-0.00592957,2.06704,-0.00160703,1.07142,-0.00624886,2.06951
11.368,-0.00186269,1.0645,-0.00592957,2.06704,-0.00160703,1.07142,-0.00624886,2.0696
11.37,-0.00186269,1.0645,-0.00592957,2.06704,-0.00160703,1.07145,-0.00629447,2.06951
11.372,-0.00186269,1.0645,-0.00592957,2.06704,-0.00160703,1.07145,-0.00629447,2.06951
11.374,-0.00186269,1.06447,-0.00588396,2.06704,-0.00160703,1.07142,-0.00624886,2.06951
11.376,-0.00186269,1.06447,-0.00588396,2.06704,-0.0015705,1.07148,-0.00624886,2.06951
11.378,-0.00186269,1.0645,-0.00592957,2.06695,-0.0015705,1.07145,-0.00629447,2.0696
11.38,-0.00186269,1.0645,-0.00592957,2.06695,-0.00164355,1.07145,-0.00629447,2.06951
11.382,-0.00189921,1.0645,-0.00592957,2.06704,-0.00153398,1.07142,-0.00624886,2.06951
11.384,-0.00186269,1.0645,-0.00592957,2.06704,-0.00160703,1.07142,-0.00634008,2.06951
11.386,-0.00186269,1.0645,-0.00592957,2.06695,-0.00160703,1.07145,-0.00629447,2.06951
11.388,-0.00186269,1.0645,-0.00592957,2.06695,-0.00164355,1.0714,-0.00629447,2.0696
11.39,-0.00186269,1.0645,-0.00592957,2.06704,-0.0015705,1.07145,-0.00629447,2.06951
11.392,-0.00186269,1.0645,-0.00592957,2.06695,-0.00160703,1.07142,-0.00634008,2.0696
11.394,-0.00186269,1.0645,-0.00592957,2.06704,-0.0015705,1.07145,-0.00629447,2.06951
11.396,-0.00186269,1.0645,-0.00592957,2.06704,-0.00160703,1.0714,-0.00629447,2.0696
11.398,-0.00186269,1.06447,-0.00588396,2.06704,-0.0015705,1.07142,-0.00624886,2.0696
11.4,-0.00186269,1.0645,-0.00592957,2.06704,-0.00160703,1.07142,-0.00624886,2.0696
11.402,-0.00186269,1.0645,-0.00592957,2.06704,-0.00164355,1.07145,-0.00629447,2.0696
11.404,-0.00186269,1.0645,-0.00592957,2.06704,-0.00164355,1.07142,-0.00624886,2.0696
11.406,-0.00186269,1.0645,-0.00592957,2.06704,-0.0015705,1.07148,-0.00624886,2.06951
11.408,-0.00186269,1.06447,-0.00588396,2.06704,-0.00160703,1.07142,-0.00624886,2.0696
11.41,-0.00189921,1.0645,-0.00592957,2.06704,-0.0015705,1.07142,-0.00624886,2.06951
11.412,-0.00189921,1.0645,-0.00592957,2.06704,-0.00160703,1.07142,-0.00624886,2.0696
11.414,-0.00186269,1.06447,-0.00588396,2.06695,-0.0015705,1.07145,-0.00629447,2.0696
11.416,-0.00186269,1.06447,-0.00588396,2.06695,-0.00160703,1.07142,-0.00634008,2.0696
11.418,-0.00186269,1.0645,-0.00592957,2.06704,-0.00168007,1.07145,-0.00629447,2.06951
11.42,-0.00186269,1.0645,-0.00592957,2.06704,-0.00160703,1.07148,-0.00624886,2.06951
11.422,-0.00186269,1.0645,-0.00592957,2.06704,-0.00160703,1.07145,-0.00629447,2.06951
11.424,-0.00186269,1.06447,-0.00588396,2.06704,-0.00164355,1.07145,-0.00620325,2.06951
11.426,-0.00189921,1.0645,-0.00592957,2.06704,-0.00160703,1.07142,-0.00624886,2.0696
11.428,-0.00189921,1.06447,-0.00588396,2.06704,-0.00164355,1.07145,-0.00629447,2.06951
11.43,-0.00186269,1.06447,-0.00588396,2.06695,-0.00164355,1.07145,-0.00629447,2.0696
11.432,-0.00186269,1.0645,-0.00592957,2.06695,-0.00160703,1.0714,-0.0063857,2.06951
11.434,-0.00186269,1.06447,-0.00588396,2.06704,-0.0015705,1.07142,-0.00634008,2.06951
11.436,-0.00186269,1.0645,-0.00592957,2.06704,-0.00164355,1.07145,-0.00629447,2.0696
11.438,-0.00186269,1.0645,-0.00592957,2.06704,-0.00160703,1.07142,-0.00624886,2.0696
11.44,-0.00186269,1.0645,-0.00592957,2.06704,-0.00160703,1.07145,-0.00629447,2.06951
11.442,-0.00186269,1.06447,-0.00588396,2.06704,-0.00160703,1.07142,-0.00624886,2.0696
11.444,-0.00186269,1.06447,-0.00588396,2.06695,-0.00160703,1.07142,-0.00624886,2.0696
11.446,-0.00186269,1.06447,-0.00588396,2.06695,-0.00160703,1.07145,-0.00629447,2.06951
11.448,-0.00189921,1.0645,-0.00592957,2.06704,-0.00160703,1.07142,-0.00624886,2.06951
11.45,-0.00189921,1.0645,-0.00592957,2.06704,-0.00160703,1.07145,-0.00629447,2.0696
11.452,-0.00186269,1.06447,-0.00588396,2.06704,-0.0015705,1.0714,-0.00629447,2.0696
11.454,-0.00186269,1.0645,-0.00592957,2.06704,-0.00160703,1.07145,-0.00629447,2.0696
11.456,-0.00186269,1.0645,-0.00592957,2.06704,-0.00160703,1.07142,-0.00624886,2.06951
11.458,-0.00186269,1.0645,-0.00592957,2.06704,-0.00160703,1.07142,-0.00624886,2.06951
11.46,-0.00186269,1.06447,-0.00588396,2.06704,-0.00160703,1.07145,-0.00629447,2.06951
11.462,-0.00186269,1.06447,-0.00588396,2.06695,-0.0015705,1.07142,-0.00624886,2.0696
11.464,-0.00186269,1.06447,-0.00588396,2.06695,-0.00160703,1.07145,-0.00629447,2.06951
11.466,-0.00186269,1.06447,-0.00588396,2.06695,-0.00160703,1.0714,-0.00629447,2.06951
11.468,-0.00186269,1.0645,-0.00592957,2.06704,-0.00160703,1.07142,-0.00624886,2.0696
11.47,-0.00186269,1.0645,-0.00592957,2.06704,-0.00160703,1.07145,-0.00629447,2.06951
11.472,-0.00186269,1.06447,-0.00588396,2.06704,-0.00164355,1.07145,-0.00629447,2.0696
11.474,-0.00186269,1.06447,-0.00588396,2.06695,-0.00160703,1.07145,-0.00629447,2.06951
11.476,-0.00186269,1.06447,-0.00588396,2.06704,-0.00160703,1.07142,-0.00624886,2.06951
11.478,-0.00186269,1.0645,-0.00592957,2.06704,-0.00160703,1.07145,-0.00629447,2.0696
11.48,-0.00186269,1.0645,-0.00592957,2.06704,-0.00160703,1.07142,-0.00624886,2.06951
11.482,-0.00186269,1.0645,-0.00592957,2.06704,-0.00164355,1.07142,-0.00634008,2.06951
11.484,-0.00186269,1.0645,-0.00592957,2.06704,-0.00160703,1.07142,-0.00634008,2.0696
11.486,-0.00186269,1.0645,-0.00592957,2.06704,-0.00164355,1.07145,-0.00629447,2.0696
11.488,-0.00186269,1.0645,-0.00592957,2.06704,-0.0015705,1.07145,-0.00629447,2.06951
11.49,-0.00186269,1.0645,-0.00592957,2.06695,-0.00160703,1.07142,-0.00624886,2.06951
11.492,-0.00186269,1.06447,-0.00588396,2.06704,-0.00160703,1.07142,-0.00624886,2.06951
11.494,-0.00186269,1.0645,-0.00592957,2.06704,-0.0015705,1.07145,-0.00629447,2.06951
11.496,-0.00186269,1.0645,-0.00592957,2.06704,-0.00164355,1.07142,-0.00624886,2.06951
11.498,-0.00186269,1.06447,-0.00588396,2.06704,-0.00160703,1.07145,-0.00629447,2.0696
11.5,-0.00186269,1.06447,-0.00588396,2.06704,-0.00160703,1.07145,-0.00629447,2.06951
11.502,-0.00186269,1.06447,-0.00588396,2.06704,-0.00164355,1.07145,-0.00629447,2.06951
11.504,-0.00186269,1.0645,-0.00592957,2.06695,-0.00160703,1.07145,-0.00629447,2.06951
11.506,-0.00186269,1.0645,-0.00592957,2.06704,-0.00153398,1.07145,-0.00629447,2.0696
11.508,-0.00186269,1.06447,-0.00588396,2.06704,-0.00160703,1.07145,-0.00629447,2.06951
11.51,-0.00186269,1.06447,-0.00588396,2.06704,-0.0015705,1.07142,-0.00624886,2.0696
11.512,-0.00186269,1.0645,-0.00592957,2.06704,-0.00160703,1.07142,-0.00634008,2.0696
11.514,-0.00186269,1.0645,-0.00592957,2.06704,-0.00160703,1.07145,-0.00629447,2.0696
11.516,-0.00186269,1.0645,-0.00592957,2.06704,-0.00164355,1.07145,-0.00629447,2.06951
11.518,-0.00186269,1.06447,-0.00588396,2.06704,-0.0015705,1.07142,-0.00634008,2.06951
11.52,-0.00186269,1.0645,-0.00592957,2.06695,-0.0015705,1.07145,-0.00629447,2.06951
11.522,-0.00186269,1.0645,-0.00592957,2.06695,-0.00160703,1.07142,-0.00624886,2.06951
11.524,-0.00186269,1.0645,-0.00592957,2.06695,-0.00160703,1.07142,-0.00624886,2.06951
11.526,-0.00186269,1.06447,-0.00588396,2.06704,-0.0015705,1.0714,-0.00629447,2.0696
11.528,-0.00186269,1.06447,-0.00588396,2.06704,-0.00160703,1.07145,-0.00629447,2.06951
11.53,-0.00186269,1.06447,-0.00588396,2.06704,-0.00160703,1.07145,-0.00629447,2.06951
11.532,-0.00186269,1.06447,-0.00588396,2.06704,-0.00160703,1.07145,-0.00629447,2.06951
11.534,-0.00189921,1.06447,-0.00588396,2.06704,-0.00160703,1.07142,-0.00634008,2.06951
11.536,-0.00186269,1.06447,-0.00588396,2.06695,-0.0015705,1.07142,-0.00624886,2.06951
11.538,-0.00189921,1.06447,-0.00588396,2.06695,-0.00164355,1.07145,-0.00629447,2.06951
11.54,-0.00186269,1.0645,-0.00592957,2.06695,-0.00164355,1.07142,-0.00624886,2.0696
11.542,-0.00189921,1.06447,-0.00588396,2.06704,-0.00160703,1.07145,-0.00629447,2.0696
11.544,-0.00186269,1.06447,-0.00588396,2.06704,-0.0015705,1.07142,-0.00624886,2.06951
11.546,-0.00186269,1.06447,-0.00588396,2.06704,-0.0015705,1.07145,-0.00629447,2.06951
11.548,-0.00186269,1.06447,-0.00588396,2.06704,-0.00160703,1.0714,-0.00629447,2.06951
11.55,-0.00186269,1.06447,-0.00588396,2.06704,-0.00160703,1.07145,-0.00629447,2.0696
11.552,-0.00186269,1.06447,-0.00588396,2.06704,-0.00160703,1.07142,-0.00624886,2.06951
11.554,-0.00186269,1.06447,-0.00588396,2.06704,-0.00164355,1.07142,-0.00624886,2.06951
11.556,-0.00186269,1.06447,-0.00588396,2.06704,-0.00160703,1.07148,-0.00624886,2.06951
11.558,-0.00186269,1.06447,-0.00588396,2.06704,-0.00160703,1.07142,-0.00634008,2.06951
11.56,-0.00189921,1.06447,-0.00588396,2.06704,-0.00160703,1.07145,-0.00629447,2.06951
11.562,-0.00186269,1.0645,-0.00592957,2.06704,-0.00164355,1.07145,-0.00629447,2.06951
11.564,-0.00186269,1.0645,-0.00592957,2.06704,-0.00160703,1.07142,-0.00624886,2.06951
11.566,-0.00186269,1.0645,-0.00592957,2.06704,-0.00164355,1.07142,-0.00624886,2.06951
11.568,-0.00186269,1.06447,-0.00588396,2.06695,-0.00160703,1.07142,-0.00624886,2.0696
11.57,-0.00186269,1.06447,-0.00588396,2.06695,-0.00160703,1.07145,-0.00629447,2.0696
11.572,-0.00189921,1.06447,-0.00588396,2.06695,-0.0015705,1.07145,-0.00629447,2.0696
11.574,-0.00186269,1.0645,-0.00592957,2.06704,-0.00160703,1.07145,-0.00629447,2.06951
11.576,-0.00189921,1.0645,-0.00592957,2.06704,-0.00164355,1.07145,-0.00629447,2.0696
11.578,-0.00186269,1.0645,-0.00592957,2.06704,-0.00164355,1.07142,-0.00634008,2.06951
11.58,-0.00186269,1.06447,-0.00588396,2.06704,-0.0015705,1.07148,-0.00624886,2.06951
11.582,-0.00186269,1.06447,-0.00588396,2.06704,-0.00160703,1.07142,-0.00624886,2.06951
11.584,-0.00186269,1.06447,-0.00588396,2.06695,-0.00160703,1.07145,-0.00629447,2.06951
11.586,-0.00186269,1.0645,-0.00592957,2.06695,-0.00160703,1.07145,-0.00629447,2.0696
11.588,-0.00186269,1.0645,-0.00592957,2.06704,-0.00164355,1.0714,-0.00629447,2.0696
11.59,-0.00186269,1.06447,-0.00588396,2.06704,-0.00164355,1.07142,-0.00624886,2.0696
11.592,-0.00186269,1.06447,-0.00588396,2.06704,-0.00160703,1.07145,-0.00629447,2.06951
11.594,-0.00189921,1.06447,-0.00588396,2.06704,-0.00160703,1.07145,-0.00629447,2.06951
11.596,-0.00189921,1.06447,-0.00588396,2.06704,-0.0015705,1.07142,-0.00634008,2.0696
11.598,-0.00186269,1.06447,-0.00588396,2.06704,-0.0015705,1.07145,-0.00629447,2.0696
11.6,-0.00189921,1.06447,-0.00588396,2.06704,-0.00168007,1.07145,-0.00629447,2.0696
11.602,-0.00186269,1.06447,-0.00588396,2.06704,-0.00164355,1.07142,-0.00634008,2.06951
11.604,-0.00186269,1.06447,-0.00588396,2.06704,-0.0015705,1.07142,-0.00634008,2.0696
11.606,-0.00186269,1.0645,-0.00592957,2.06704,-0.00160703,1.07145,-0.00629447,2.06951
11.608,-0.00186269,1.0645,-0.00592957,2.06704,-0.0015705,1.07145,-0.00629447,2.0696
11.61,-0.00189921,1.0645,-0.00592957,2.06704,-0.0015705,1.07145,-0.00629447,2.06951
11.612,-0.00189921,1.0645,-0.00592957,2.06704,-0.0015705,1.07142,-0.00624886,2.06951
11.614,-0.00189921,1.0645,-0.00592957,2.06704,-0.00160703,1.07145,-0.00629447,2.0696
11.616,-0.00186269,1.06447,-0.00588396,2.06704,-0.00164355,1.07142,-0.00634008,2.0696
11.618,-0.00186269,1.0645,-0.00592957,2.06704,-0.00160703,1.07145,-0.00629447,2.06951
11.62,-0.00186269,1.0645,-0.00592957,2.06704,-0.00160703,1.0714,-0.00629447,2.06951
11.622,-0.00186269,1.06447,-0.00588396,2.06704,-0.00160703,1.07142,-0.00624886,2.0696
11.624,-0.00186269,1.0645,-0.00592957,2.06704,-0.00160703,1.07142,-0.00624886,2.0696
11.626,-0.00186269,1.0645,-0.00592957,2.06704,-0.0015705,1.0714,-0.00629447,2.0696
11.628,-0.00186269,1.0645,-0.00592957,2.06704,-0.00160703,1.07148,-0.00624886,2.0696
11.63,-0.00186269,1.06447,-0.00588396,2.06704,-0.0015705,1.07145,-0.00629447,2.06951
11.632,-0.00186269,1.06447,-0.00588396,2.06704,-0.00160703,1.07145,-0.00629447,2.06951
11.634,-0.00186269,1.06447,-0.00588396,2.06704,-0.00160703,1.07142,-0.00624886,2.06951
11.636,-0.00186269,1.0645,-0.00592957,2.06704,-0.00160703,1.07142,-0.00624886,2.06951
11.638,-0.00186269,1.06447,-0.00588396,2.06704,-0.00164355,1.07142,-0.00624886,2.06951
11.64,-0.00186269,1.0645,-0.00592957,2.06704,-0.00160703,1.0714,-0.00629447,2.0696
11.642,-0.00186269,1.0645,-0.00592957,2.06704,-0.00164355,1.07145,-0.00629447,2.0696
11.644,-0.00186269,1.06447,-0.00588396,2.06704,-0.0015705,1.07145,-0.00629447,2.0696
11.646,-0.00186269,1.06447,-0.00588396,2.06704,-0.00160703,1.07145,-0.00629447,2.0696
11.648,-0.00186269,1.06447,-0.00588396,2.06704,-0.00160703,1.07145,-0.00629447,2.06951
11.65,-0.00186269,1.06447,-0.00588396,2.06704,-0.00160703,1.07145,-0.00629447,2.06951
11.652,-0.00186269,1.0645,-0.00592957,2.06704,-0.00160703,1.07142,-0.00624886,2.0696
11.654,-0.00186269,1.0645,-0.00592957,2.06704,-0.00160703,1.07142,-0.00624886,2.06951
11.656,-0.00186269,1.0645,-0.00592957,2.06704,-0.0015705,1.07145,-0.00629447,2.06951
11.658,-0.00186269,1.06447,-0.00588396,2.06704,-0.00164355,1.07148,-0.00624886,2.0696
11.66,-0.00189921,1.06447,-0.00588396,2.06704,-0.00164355,1.07145,-0.00629447,2.0696
11.662,-0.00186269,1.0645,-0.00592957,2.06704,-0.0015705,1.07145,-0.00629447,2.0696
11.664,-0.00186269,1.0645,-0.00592957,2.06704,-0.00164355,1.07145,-0.00629447,2.06951
11.666,-0.00186269,1.0645,-0.00592957,2.06704,-0.0015705,1.07142,-0.00634008,2.06951
11.668,-0.00186269,1.0645,-0.00592957,2.06704,-0.00160703,1.07142,-0.00624886,2.06951
11.67,-0.00186269,1.06447,-0.00588396,2.06704,-0.0015705,1.07145,-0.00629447,2.0696
11.672,-0.00186269,1.06447,-0.00588396,2.06704,-0.00153398,1.0714,-0.00629447,2.0696
11.674,-0.00186269,1.06447,-0.00588396,2.06704,-0.00168007,1.07142,-0.00624886,2.0696
11.676,-0.00186269,1.0645,-0.00592957,2.06695,-0.00160703,1.07142,-0.00624886,2.0696
11.678,-0.00186269,1.0645,-0.00592957,2.06704,-0.0015705,1.07142,-0.00634008,2.06951
11.68,-0.00186269,1.06447,-0.00588396,2.06704,-0.00160703,1.07142,-0.00624886,2.06951
11.682,-0.00186269,1.06447,-0.00588396,2.06704,-0.00160703,1.07145,-0.00629447,2.06951
11.684,-0.00189921,1.06447,-0.00588396,2.06712,-0.00160703,1.0714,-0.00629447,2.0696
11.686,-0.00186269,1.06447,-0.00588396,2.06704,-0.00168007,1.07145,-0.00629447,2.06951
11.688,-0.00186269,1.0645,-0.00592957,2.06704,-0.00160703,1.07142,-0.00624886,2.0696
11.69,-0.00186269,1.06447,-0.00588396,2.06695,-0.00160703,1.07142,-0.00624886,2.06951
11.692,-0.00186269,1.0645,-0.00592957,2.06695,-0.00164355,1.07145,-0.00620325,2.06951
11.694,-0.00189921,1.06447,-0.00588396,2.06695,-0.0015705,1.07145,-0.00629447,2.06951
11.696,-0.00186269,1.0645,-0.00592957,2.06704,-0.0015705,1.07145,-0.00629447,2.0696
11.698,-0.00186269,1.0645,-0.00592957,2.06704,-0.00160703,1.07142,-0.00634008,2.0696
11.7,-0.00189921,1.06447,-0.00588396,2.06704,-0.0015705,1.07142,-0.00624886,2.06951
11.702,-0.00186269,1.0645,-0.00592957,2.06704,-0.00164355,1.07142,-0.00624886,2.0696
11.704,-0.00186269,1.06447,-0.00588396,2.06695,-0.00160703,1.07142,-0.00624886,2.06951
11.706,-0.00186269,1.06447,-0.00588396,2.06695,-0.0015705,1.07145,-0.00629447,2.06951
11.708,-0.00186269,1.06447,-0.00588396,2.06695,-0.00164355,1.07145,-0.00629447,2.06951
11.71,-0.00186269,1.06447,-0.00588396,2.06704,-0.00160703,1.07142,-0.00624886,2.0696
11.712,-0.00186269,1.0645,-0.00592957,2.06704,-0.00160703,1.07145,-0.00620325,2.0696
11.714,-0.00186269,1.06447,-0.00588396,2.06704,-0.0015705,1.07142,-0.00624886,2.06951
11.716,-0.00189921,1.06447,-0.00588396,2.06704,-0.00160703,1.07145,-0.00629447,2.0696
11.718,-0.00186269,1.0645,-0.00592957,2.06704,-0.00164355,1.0714,-0.00629447,2.06951
11.72,-0.00186269,1.0645,-0.00592957,2.06704,-0.00164355,1.07142,-0.00634008,2.0696
11.722,-0.00186269,1.0645,-0.00592957,2.06704,-0.00160703,1.07142,-0.00624886,2.0696
11.724,-0.00186269,1.06447,-0.00588396,2.06704,-0.00160703,1.07142,-0.00634008,2.0696
11.726,-0.00186269,1.0645,-0.00592957,2.06704,-0.0015705,1.07145,-0.00629447,2.0696
11.728,-0.00186269,1.0645,-0.00592957,2.06704,-0.00160703,1.07142,-0.00624886,2.06951
11.73,-0.00189921,1.0645,-0.00592957,2.06704,-0.0015705,1.07145,-0.00620325,2.06951
11.732,-0.00186269,1.0645,-0.00592957,2.06704,-0.00160703,1.07142,-0.00634008,2.06951
11.734,-0.00186269,1.06447,-0.00588396,2.06704,-0.00160703,1.07145,-0.00629447,2.0696
11.736,-0.00186269,1.0645,-0.00592957,2.06704,-0.00160703,1.07142,-0.00634008,2.06951
11.738,-0.00186269,1.06447,-0.00588396,2.06704,-0.00160703,1.07145,-0.00629447,2.06951
11.74,-0.00186269,1.06447,-0.00588396,2.06695,-0.00160703,1.07145,-0.00629447,2.06951
11.742,-0.00189921,1.0645,-0.00592957,2.06704,-0.00160703,1.07145,-0.00629447,2.06951
11.744,-0.00186269,1.0645,-0.00592957,2.06704,-0.00160703,1.07145,-0.00629447,2.0696
11.746,-0.00186269,1.0645,-0.00592957,2.06704,-0.00160703,1.07145,-0.00629447,2.0696
11.748,-0.00186269,1.0645,-0.00592957,2.06704,-0.00160703,1.07145,-0.00629447,2.0696
11.75,-0.00186269,1.06447,-0.00588396,2.06704,-0.00160703,1.07145,-0.00629447,2.06951
11.752,-0.00189921,1.0645,-0.00592957,2.06704,-0.00168007,1.07142,-0.00624886,2.06951
11.754,-0.00189921,1.0645,-0.00592957,2.06704,-0.0015705,1.07145,-0.00629447,2.06951
11.756,-0.00186269,1.0645,-0.00592957,2.06704,-0.00160703,1.07142,-0.00624886,2.06951
11.758,-0.00186269,1.0645,-0.00592957,2.06704,-0.00164355,1.07142,-0.00624886,2.0696
11.76,-0.00186269,1.06447,-0.00588396,2.06704,-0.00160703,1.07145,-0.00629447,2.0696
11.762,-0.00189921,1.06447,-0.00588396,2.06704,-0.00160703,1.07145,-0.00629447,2.0696
11.764,-0.00189921,1.0645,-0.00592957,2.06704,-0.00160703,1.07145,-0.00629447,2.0696
11.766,-0.00189921,1.0645,-0.00592957,2.06704,-0.0015705,1.07142,-0.00624886,2.0696
11.768,-0.00186269,1.0645,-0.00592957,2.06704,-0.00164355,1.07145,-0.00629447,2.06951
11.77,-0.00186269,1.06447,-0.00588396,2.06704,-0.00160703,1.07142,-0.00624886,2.0696
11.772,-0.00186269,1.06447,-0.00588396,2.06704,-0.00160703,1.07142,-0.00624886,2.0696
11.774,-0.00186269,1.0645,-0.00592957,2.06704,-0.00160703,1.07145,-0.00629447,2.0696
11.776,-0.00186269,1.06447,-0.00588396,2.06704,-0.00160703,1.07142,-0.00634008,2.06951
11.778,-0.00186269,1.0645,-0.00592957,2.06704,-0.00160703,1.07148,-0.00624886,2.0696
11.78,-0.00189921,1.06447,-0.00588396,2.06704,-0.00164355,1.07142,-0.00624886,2.0696
11.782,-0.00186269,1.0645,-0.00592957,2.06704,-0.0015705,1.0714,-0.00629447,2.06951
11.784,-0.00186269,1.06447,-0.00588396,2.06704,-0.00160703,1.07145,-0.00629447,2.06951
11.786,-0.00186269,1.06447,-0.00588396,2.06704,-0.0015705,1.07142,-0.00624886,2.06951
11.788,-0.00186269,1.06447,-0.00588396,2.06704,-0.00160703,1.07145,-0.00629447,2.06951
11.79,-0.00186269,1.0645,-0.00592957,2.06704,-0.00160703,1.07142,-0.00634008,2.06951
11.792,-0.00186269,1.06447,-0.00588396,2.06704,-0.00160703,1.07142,-0.00624886,2.06951
11.794,-0.00189921,1.06445,-0.00592957,2.06704,-0.00164355,1.07142,-0.00634008,2.0696
11.796,-0.00189921,1.0645,-0.00592957,2.06695,-0.00160703,1.07142,-0.00634008,2.06951
11.798,-0.00189921,1.0645,-0.00592957,2.06704,-0.0015705,1.07145,-0.00629447,2.06951
11.8,-0.00189921,1.0645,-0.00592957,2.06704,-0.0015705,1.07145,-0.00629447,2.0696
11.802,-0.00186269,1.0645,-0.00592957,2.06704,-0.00160703,1.07145,-0.00629447,2.06951
11.804,-0.00186269,1.06447,-0.00588396,2.06704,-0.00160703,1.07145,-0.00629447,2.06951
11.806,-0.00186269,1.0645,-0.00592957,2.06704,-0.00160703,1.07148,-0.00624886,2.0696
11.808,-0.00186269,1.0645,-0.00592957,2.06695,-0.00160703,1.07145,-0.00629447,2.06951
11.81,-0.00186269,1.0645,-0.00592957,2.06704,-0.00160703,1.07145,-0.00629447,2.0696
11.812,-0.00186269,1.0645,-0.00592957,2.06704,-0.00160703,1.07145,-0.00629447,2.06951
11.814,-0.00186269,1.0645,-0.00592957,2.06704,-0.00160703,1.07145,-0.00629447,2.0696
11.816,-0.00186269,1.06447,-0.00588396,2.06704,-0.00160703,1.07145,-0.00629447,2.06951
11.818,-0.00186269,1.06447,-0.00588396,2.06695,-0.00160703,1.07145,-0.00629447,2.0696
11.82,-0.00186269,1.06447,-0.00588396,2.06704,-0.00164355,1.07145,-0.00629447,2.0696
11.822,-0.00186269,1.0645,-0.00592957,2.06704,-0.00160703,1.07142,-0.00634008,2.06951
11.824,-0.00186269,1.0645,-0.00592957,2.06704,-0.00160703,1.07145,-0.00629447,2.0696
11.826,-0.00186269,1.0645,-0.00592957,2.06704,-0.00160703,1.07145,-0.00629447,2.06951
11.828,-0.00186269,1.06447,-0.00588396,2.06704,-0.00160703,1.07145,-0.00629447,2.06951
11.83,-0.00186269,1.06445,-0.00592957,2.06704,-0.00160703,1.07142,-0.00624886,2.0696
11.832,-0.00186269,1.0645,-0.00592957,2.06704,-0.00164355,1.07145,-0.00629447,2.06951
11.834,-0.00186269,1.0645,-0.00592957,2.06704,-0.00160703,1.07142,-0.00634008,2.0696
11.836,-0.00186269,1.0645,-0.00592957,2.06704,-0.00160703,1.07142,-0.00624886,2.0696
11.838,-0.00186269,1.0645,-0.00592957,2.06704,-0.0015705,1.07145,-0.00629447,2.0696
11.84,-0.00186269,1.0645,-0.00592957,2.06695,-0.00164355,1.0714,-0.00629447,2.0696
11.842,-0.00186269,1.0645,-0.00592957,2.06695,-0.00160703,1.07145,-0.00629447,2.06951
11.844,-0.00186269,1.0645,-0.00592957,2.06695,-0.00160703,1.07145,-0.00629447,2.0696
11.846,-0.00186269,1.0645,-0.00592957,2.06695,-0.00160703,1.07145,-0.00629447,2.06951
11.848,-0.00186269,1.0645,-0.00592957,2.06704,-0.00164355,1.07145,-0.00629447,2.06951
11.85,-0.00186269,1.0645,-0.00592957,2.06704,-0.00164355,1.07145,-0.00629447,2.0696
11.852,-0.00186269,1.0645,-0.00592957,2.06704,-0.00160703,1.07145,-0.00629447,2.06951
11.854,-0.00189921,1.06447,-0.00588396,2.06704,-0.00160703,1.07142,-0.00634008,2.06951
11.856,-0.00186269,1.06447,-0.00588396,2.06704,-0.00164355,1.07145,-0.00629447,2.06951
11.858,-0.00189921,1.0645,-0.00592957,2.06704,-0.00164355,1.07142,-0.00624886,2.06951
11.86,-0.00186269,1.0645,-0.00592957,2.06704,-0.00164355,1.07142,-0.00624886,2.0696
11.862,-0.00189921,1.0645,-0.00592957,2.06704,-0.00160703,1.07142,-0.00624886,2.06951
11.864,-0.00186269,1.06447,-0.00588396,2.06704,-0.00160703,1.07145,-0.00629447,2.0696
11.866,-0.00186269,1.06447,-0.00588396,2.06712,-0.0015705,1.0714,-0.00629447,2.06951
11.868,-0.00189921,1.06447,-0.00588396,2.06712,-0.00160703,1.07142,-0.00624886,2.06951
11.87,-0.00186269,1.0645,-0.00592957,2.06712,-0.0015705,1.07142,-0.00634008,2.06951
11.872,-0.00186269,1.0645,-0.00592957,2.06712,-0.00164355,1.0714,-0.00629447,2.06951
11.874,-0.00186269,1.06447,-0.00588396,2.06712,-0.0015705,1.07145,-0.00629447,2.06951
11.876,-0.00186269,1.06447,-0.00588396,2.06704,-0.00160703,1.07142,-0.00624886,2.06951
11.878,-0.00186269,1.06447,-0.00588396,2.06704,-0.0015705,1.07145,-0.00629447,2.06951
11.88,-0.00186269,1.06447,-0.00588396,2.06704,-0.00160703,1.07145,-0.00620325,2.06951
11.882,-0.00186269,1.0645,-0.00592957,2.06704,-0.00160703,1.07145,-0.00629447,2.06951
11.884,-0.00186269,1.06447,-0.00588396,2.06704,-0.00160703,1.07142,-0.00624886,2.06951
11.886,-0.00186269,1.06447,-0.00588396,2.06704,-0.00160703,1.07145,-0.00629447,2.06951
11.888,-0.00186269,1.06447,-0.00588396,2.06704,-0.00160703,1.07145,-0.00629447,2.06951
11.89,-0.00189921,1.06447,-0.00588396,2.06704,-0.00160703,1.07145,-0.00629447,2.0696
11.892,-0.00186269,1.06447,-0.00588396,2.06695,-0.00160703,1.07145,-0.00629447,2.06951
11.894,-0.00186269,1.0645,-0.00592957,2.06695,-0.00160703,1.07148,-0.00624886,2.06951
11.896,-0.00186269,1.0645,-0.00592957,2.06695,-0.00160703,1.07142,-0.00634008,2.06951
11.898,-0.00186269,1.0645,-0.00592957,2.06695,-0.00164355,1.07142,-0.00624886,2.06951
11.9,-0.00186269,1.0645,-0.00592957,2.06695,-0.0015705,1.0714,-0.00629447,2.06951
11.902,-0.00186269,1.06447,-0.00588396,2.06695,-0.00160703,1.07142,-0.00634008,2.06951
11.904,-0.00186269,1.0645,-0.00592957,2.06704,-0.00160703,1.07145,-0.00629447,2.0696
11.906,-0.00186269,1.06447,-0.00588396,2.06704,-0.00160703,1.07142,-0.00624886,2.06951
11.908,-0.00186269,1.06447,-0.00588396,2.06704,-0.00160703,1.07145,-0.00629447,2.0696
11.91,-0.00186269,1.0645,-0.00592957,2.06695,-0.00160703,1.07142,-0.00624886,2.06951
11.912,-0.00186269,1.06447,-0.00588396,2.06704,-0.00160703,1.0714,-0.00629447,2.0696
11.914,-0.00186269,1.06447,-0.00588396,2.06695,-0.00160703,1.0714,-0.00629447,2.06951
11.916,-0.00186269,1.0645,-0.00592957,2.06704,-0.00160703,1.07142,-0.00634008,2.0696
11.918,-0.00186269,1.0645,-0.00592957,2.06704,-0.00164355,1.07145,-0.00629447,2.06951
11.92,-0.00186269,1.0645,-0.00592957,2.06704,-0.00160703,1.07145,-0.00629447,2.06951
11.922,-0.00186269,1.0645,-0.00592957,2.06704,-0.0015705,1.07142,-0.00634008,2.0696
11.924,-0.00186269,1.06447,-0.00588396,2.06704,-0.0015705,1.07145,-0.00629447,2.0696
11.926,-0.00189921,1.0645,-0.00592957,2.06704,-0.00160703,1.07145,-0.00629447,2.06951
11.928,-0.00186269,1.06447,-0.00588396,2.06704,-0.00160703,1.07142,-0.00624886,2.0696
11.93,-0.00186269,1.0645,-0.00592957,2.06704,-0.00160703,1.07142,-0.00624886,2.06951
11.932,-0.00186269,1.0645,-0.00592957,2.06704,-0.00160703,1.07142,-0.00624886,2.06951
11.934,-0.00186269,1.0645,-0.00592957,2.06704,-0.00160703,1.07148,-0.00624886,2.06951
11.936,-0.00189921,1.06447,-0.00588396,2.06704,-0.0015705,1.07145,-0.00629447,2.0696
11.938,-0.00189921,1.0645,-0.00592957,2.06704,-0.0015705,1.07145,-0.00629447,2.06951
11.94,-0.00186269,1.06447,-0.00588396,2.06704,-0.00160703,1.07145,-0.00629447,2.0696
11.942,-0.00189921,1.0645,-0.00592957,2.06704,-0.00164355,1.07142,-0.00624886,2.0696
11.944,-0.00186269,1.0645,-0.00592957,2.06704,-0.00160703,1.07142,-0.00624886,2.06951
11.946,-0.00186269,1.0645,-0.00592957,2.06704,-0.00160703,1.07145,-0.00629447,2.06951
11.948,-0.00186269,1.06447,-0.00588396,2.06704,-0.00160703,1.07142,-0.00624886,2.06951
11.95,-0.00186269,1.06447,-0.00588396,2.06704,-0.0015705,1.0714,-0.00629447,2.06951
11.952,-0.00189921,1.06447,-0.00588396,2.06704,-0.0015705,1.07145,-0.00629447,2.06951
11.954,-0.00189921,1.0645,-0.00592957,2.06704,-0.00160703,1.07145,-0.00629447,2.0696
11.956,-0.00186269,1.0645,-0.00592957,2.06704,-0.00160703,1.07145,-0.00629447,2.0696
11.958,-0.00186269,1.0645,-0.00592957,2.06695,-0.00164355,1.07145,-0.00629447,2.06951
11.96,-0.00186269,1.06447,-0.00588396,2.06704,-0.0015705,1.07142,-0.00624886,2.06951
11.962,-0.00186269,1.06447,-0.00588396,2.06704,-0.00160703,1.07145,-0.00629447,2.06951
11.964,-0.00186269,1.06447,-0.00588396,2.06704,-0.0015705,1.07145,-0.00629447,2.0696
11.966,-0.00186269,1.0645,-0.00592957,2.06704,-0.00164355,1.07142,-0.00624886,2.06951
11.968,-0.00189921,1.0645,-0.00592957,2.06704,-0.00160703,1.07145,-0.00629447,2.06951
11.97,-0.00186269,1.0645,-0.00592957,2.06704,-0.00160703,1.07145,-0.00629447,2.0696
11.972,-0.00186269,1.06447,-0.00588396,2.06695,-0.00160703,1.07145,-0.00629447,2.06951
11.974,-0.00186269,1.06447,-0.00588396,2.06704,-0.00160703,1.07148,-0.00624886,2.06951
11.976,-0.00186269,1.0645,-0.00592957,2.06704,-0.00160703,1.07142,-0.00624886,2.06951
11.978,-0.00189921,1.06447,-0.00588396,2.06704,-0.00160703,1.07142,-0.00634008,2.06951
11.98,-0.00186269,1.0645,-0.00592957,2.06704,-0.00160703,1.07145,-0.00629447,2.06951
11.982,-0.00186269,1.06447,-0.00588396,2.06704,-0.0015705,1.0714,-0.00629447,2.0696
11.984,-0.00186269,1.06447,-0.00588396,2.06704,-0.00160703,1.07145,-0.00629447,2.06951
11.986,-0.00186269,1.06447,-0.00588396,2.06704,-0.00160703,1.07142,-0.00624886,2.0696
11.988,-0.00186269,1.0645,-0.00592957,2.06704,-0.00160703,1.07145,-0.00629447,2.06951
11.99,-0.00186269,1.06447,-0.00588396,2.06704,-0.0015705,1.07142,-0.00624886,2.06951
11.992,-0.00186269,1.06447,-0.00588396,2.06704,-0.00164355,1.0714,-0.00629447,2.06951
11.994,-0.00186269,1.0645,-0.00592957,2.06704,-0.0015705,1.07145,-0.00629447,2.06951
11.996,-0.00186269,1.0645,-0.00592957,2.06704,-0.00160703,1.07145,-0.00629447,2.0696
11.998,-0.00186269,1.06447,-0.00588396,2.06704,-0.0015705,1.07142,-0.00634008,2.06951
12,-0.00186269,1.06447,-0.00588396,2.06704,-0.00160703,1.07145,-0.00629447,2.06951
12.002,-0.00186269,1.06447,-0.00588396,2.06704,-0.00160703,1.07142,-0.00624886,2.06951
12.004,-0.00186269,1.0645,-0.00592957,2.06704,-0.0015705,1.07145,-0.00620325,2.0696
12.006,-0.00186269,1.0645,-0.00592957,2.06704,-0.00164355,1.07145,-0.00620325,2.06951
12.008,-0.00186269,1.0645,-0.00592957,2.06704,-0.00160703,1.07142,-0.00624886,2.0696
12.01,-0.00186269,1.0645,-0.00592957,2.06704,-0.00160703,1.07148,-0.00624886,2.06951
12.012,-0.00186269,1.06447,-0.00588396,2.06712,-0.00160703,1.07145,-0.00629447,2.0696
12.014,-0.00186269,1.06447,-0.00588396,2.06704,-0.00160703,1.07142,-0.00634008,2.06951
12.016,-0.00186269,1.0645,-0.00592957,2.06704,-0.00160703,1.07145,-0.00629447,2.0696
12.018,-0.00186269,1.0645,-0.00592957,2.06704,-0.00160703,1.07142,-0.00624886,2.0696
12.02,-0.00189921,1.0645,-0.00592957,2.06704,-0.00160703,1.07145,-0.00629447,2.06951
12.022,-0.00186269,1.06447,-0.00588396,2.06704,-0.00160703,1.07145,-0.00620325,2.06951
12.024,-0.00186269,1.06447,-0.00588396,2.06704,-0.00160703,1.07145,-0.00629447,2.0696
12.026,-0.00186269,1.06447,-0.00588396,2.06704,-0.00160703,1.07145,-0.00629447,2.0696
12.028,-0.00186269,1.0645,-0.00592957,2.06704,-0.0015705,1.07145,-0.00629447,2.0696
12.03,-0.00186269,1.06447,-0.00597519,2.06704,-0.00160703,1.07145,-0.00629447,2.06951
12.032,-0.00186269,1.06447,-0.00588396,2.06695,-0.00160703,1.07142,-0.00624886,2.06951
12.034,-0.00186269,1.0645,-0.00592957,2.06704,-0.00160703,1.07142,-0.00634008,2.0696
12.036,-0.00189921,1.06447,-0.00588396,2.06704,-0.00160703,1.07145,-0.00629447,2.06951
12.038,-0.00186269,1.0645,-0.00592957,2.06695,-0.00164355,1.07145,-0.00629447,2.06951
12.04,-0.00186269,1.0645,-0.00592957,2.06704,-0.0015705,1.07145,-0.00629447,2.06951
12.042,-0.00186269,1.0645,-0.00592957,2.06704,-0.00160703,1.07145,-0.00629447,2.0696
12.044,-0.00186269,1.06447,-0.00588396,2.06704,-0.00160703,1.07145,-0.00629447,2.0696
12.046,-0.00186269,1.06447,-0.00588396,2.06704,-0.00160703,1.07145,-0.00629447,2.06951
12.048,-0.00186269,1.0645,-0.00592957,2.06704,-0.00164355,1.07142,-0.00634008,2.06951
12.05,-0.00186269,1.06447,-0.00588396,2.06704,-0.0015705,1.07145,-0.00629447,2.06951
12.052,-0.00186269,1.06447,-0.00588396,2.06704,-0.00160703,1.07145,-0.00629447,2.06951
12.054,-0.00186269,1.0645,-0.00592957,2.06704,-0.00164355,1.07142,-0.00624886,2.06951
12.056,-0.00189921,1.06447,-0.00588396,2.06704,-0.00160703,1.07142,-0.00624886,2.0696
12.058,-0.00186269,1.06447,-0.00588396,2.06704,-0.00160703,1.07145,-0.00629447,2.0696
12.06,-0.00186269,1.0645,-0.00592957,2.06704,-0.00164355,1.07142,-0.00634008,2.0696
12.062,-0.00186269,1.0645,-0.00592957,2.06704,-0.0015705,1.07142,-0.00634008,2.0696
12.064,-0.00186269,1.0645,-0.00592957,2.06712,-0.00160703,1.07145,-0.00629447,2.06951
12.066,-0.00186269,1.0645,-0.00592957,2.06704,-0.00160703,1.07145,-0.00629447,2.0696
12.068,-0.00189921,1.06447,-0.00588396,2.06704,-0.00160703,1.07145,-0.00629447,2.06951
12.07,-0.00186269,1.0645,-0.00592957,2.06704,-0.00160703,1.07142,-0.00624886,2.0696
12.072,-0.00186269,1.06447,-0.00588396,2.06704,-0.00164355,1.07145,-0.00629447,2.06951
12.074,-0.00186269,1.06447,-0.00588396,2.06704,-0.00164355,1.07145,-0.00629447,2.0696
12.076,-0.00186269,1.0645,-0.00592957,2.06704,-0.00164355,1.07142,-0.00624886,2.06951
12.078,-0.00186269,1.06447,-0.00588396,2.06704,-0.00160703,1.07142,-0.00624886,2.06951
12.08,-0.00186269,1.0645,-0.00592957,2.06704,-0.0015705,1.07145,-0.00629447,2.06951
12.082,-0.00189921,1.0645,-0.00592957,2.06704,-0.0015705,1.0714,-0.00629447,2.0696
12.084,-0.00189921,1.0645,-0.00592957,2.06704,-0.00164355,1.07145,-0.00629447,2.0696
12.086,-0.00186269,1.06447,-0.00588396,2.06695,-0.00160703,1.07145,-0.00629447,2.0696
12.088,-0.00186269,1.0645,-0.00592957,2.06695,-0.00160703,1.07142,-0.00634008,2.06951
12.09,-0.00186269,1.0645,-0.00592957,2.06704,-0.00164355,1.07145,-0.00629447,2.06951
12.092,-0.00186269,1.0645,-0.00592957,2.06704,-0.00160703,1.0714,-0.00629447,2.06951
12.094,-0.00189921,1.0645,-0.00592957,2.06704,-0.0015705,1.07142,-0.00634008,2.06951
12.096,-0.00186269,1.06447,-0.00588396,2.06704,-0.00160703,1.07145,-0.00629447,2.0696
12.098,-0.00189921,1.0645,-0.00592957,2.06704,-0.0015705,1.07145,-0.00629447,2.06951
12.1,-0.00186269,1.0645,-0.00592957,2.06704,-0.00160703,1.07145,-0.00629447,2.0696
12.102,-0.00189921,1.0645,-0.00592957,2.06695,-0.00164355,1.07145,-0.00629447,2.0696
12.104,-0.00186269,1.0645,-0.00592957,2.06695,-0.00160703,1.07145,-0.00629447,2.06951
12.106,-0.00189921,1.0645,-0.00592957,2.06704,-0.0015705,1.07145,-0.00629447,2.06951
12.108,-0.00186269,1.06447,-0.00588396,2.06704,-0.00164355,1.07142,-0.00634008,2.06951
12.11,-0.00186269,1.06447,-0.00588396,2.06704,-0.00160703,1.07142,-0.00634008,2.06951
12.112,-0.00186269,1.0645,-0.00592957,2.06704,-0.0015705,1.0714,-0.00629447,2.06951
12.114,-0.00186269,1.0645,-0.00592957,2.06704,-0.00160703,1.07145,-0.00629447,2.06951
12.116,-0.00186269,1.0645,-0.00592957,2.06704,-0.00160703,1.07142,-0.00624886,2.0696
12.118,-0.00186269,1.0645,-0.00592957,2.06695,-0.00160703,1.07142,-0.00624886,2.0696
12.12,-0.00186269,1.06447,-0.00588396,2.06704,-0.00160703,1.07142,-0.00624886,2.06951
12.122,-0.00186269,1.06447,-0.00588396,2.06704,-0.0015705,1.07145,-0.00629447,2.06951
12.124,-0.00186269,1.06447,-0.00588396,2.06704,-0.00160703,1.07142,-0.00624886,2.06951
12.126,-0.00186269,1.0645,-0.00592957,2.06704,-0.00153398,1.07142,-0.00624886,2.06951
12.128,-0.00186269,1.06447,-0.00588396,2.06704,-0.00160703,1.07142,-0.00624886,2.0696
12.13,-0.00186269,1.06447,-0.00588396,2.06704,-0.0015705,1.0714,-0.00629447,2.06968
12.132,-0.00186269,1.06447,-0.00588396,2.06704,-0.00160703,1.0714,-0.00629447,2.0696
12.134,-0.00186269,1.06447,-0.00588396,2.06704,-0.0015705,1.07145,-0.00629447,2.06951
12.136,-0.00186269,1.06447,-0.00588396,2.06704,-0.0015705,1.07145,-0.00629447,2.0696
12.138,-0.00186269,1.0645,-0.00592957,2.06704,-0.00160703,1.07145,-0.00629447,2.06951
12.14,-0.00186269,1.0645,-0.00592957,2.06712,-0.00160703,1.07145,-0.00629447,2.0696
12.142,-0.00186269,1.06447,-0.00588396,2.06712,-0.0015705,1.07145,-0.00629447,2.06951
12.144,-0.00186269,1.06447,-0.00588396,2.06712,-0.00160703,1.07142,-0.00634008,2.0696
12.146,-0.00186269,1.06447,-0.00588396,2.06712,-0.00164355,1.07145,-0.00629447,2.0696
12.148,-0.00189921,1.06447,-0.00588396,2.06712,-0.00164355,1.07145,-0.00629447,2.0696
12.15,-0.00186269,1.06447,-0.00588396,2.06704,-0.00160703,1.07142,-0.00624886,2.06951
12.152,-0.00186269,1.06447,-0.00588396,2.06704,-0.0015705,1.07142,-0.00624886,2.06951
12.154,-0.00186269,1.06447,-0.00588396,2.06704,-0.00160703,1.07145,-0.00629447,2.0696
12.156,-0.00186269,1.06447,-0.00588396,2.06704,-0.00160703,1.07145,-0.00629447,2.06951
12.158,-0.00186269,1.06447,-0.00588396,2.06712,-0.00164355,1.07145,-0.00629447,2.0696
12.16,-0.00186269,1.06447,-0.00588396,2.06712,-0.00160703,1.07145,-0.00629447,2.0696
12.162,-0.00186269,1.0645,-0.00592957,2.06704,-0.00160703,1.07145,-0.00629447,2.0696
12.164,-0.00186269,1.0645,-0.00592957,2.06695,-0.00160703,1.07142,-0.00634008,2.06951
12.166,-0.00186269,1.0645,-0.00592957,2.06695,-0.0015705,1.07145,-0.00629447,2.06951
12.168,-0.00186269,1.0645,-0.00592957,2.06704,-0.0015705,1.07145,-0.00629447,2.06951
12.17,-0.00189921,1.06447,-0.00588396,2.06704,-0.00160703,1.07142,-0.00624886,2.06951
12.172,-0.00186269,1.06447,-0.00588396,2.06704,-0.00160703,1.07145,-0.00629447,2.06951
12.174,-0.00186269,1.0645,-0.00592957,2.06704,-0.00160703,1.07142,-0.00634008,2.0696
12.176,-0.00186269,1.0645,-0.00592957,2.06704,-0.00160703,1.07145,-0.00629447,2.0696
12.178,-0.00186269,1.0645,-0.00592957,2.06704,-0.0015705,1.07145,-0.00629447,2.0696
12.18,-0.00186269,1.06447,-0.00588396,2.06695,-0.00164355,1.07145,-0.00629447,2.06951
12.182,-0.00189921,1.06447,-0.00588396,2.06704,-0.0015705,1.07145,-0.00629447,2.06951
12.184,-0.00189921,1.0645,-0.00592957,2.06704,-0.00164355,1.07142,-0.00624886,2.06951
12.186,-0.00189921,1.0645,-0.00592957,2.06704,-0.00160703,1.07148,-0.00624886,2.0696
12.188,-0.00186269,1.0645,-0.00592957,2.06704,-0.00160703,1.07145,-0.00629447,2.0696
12.19,-0.00186269,1.0645,-0.00592957,2.06704,-0.00160703,1.07145,-0.00629447,2.0696
12.192,-0.00186269,1.06447,-0.00588396,2.06704,-0.00164355,1.07142,-0.00624886,2.0696
12.194,-0.00186269,1.06447,-0.00588396,2.06704,-0.00160703,1.07145,-0.00629447,2.06951
12.196,-0.00186269,1.0645,-0.00592957,2.06704,-0.00160703,1.07142,-0.00624886,2.0696
12.198,-0.00186269,1.06447,-0.00588396,2.06704,-0.0015705,1.07142,-0.00624886,2.06951
12.2,-0.00189921,1.0645,-0.00592957,2.06704,-0.00160703,1.07142,-0.00624886,2.06951
12.202,-0.00186269,1.0645,-0.00592957,2.06712,-0.00160703,1.07142,-0.00624886,2.0696
12.204,-0.00189921,1.0645,-0.00592957,2.06704,-0.0015705,1.07142,-0.00624886,2.0696
12.206,-0.00186269,1.06447,-0.00588396,2.06704,-0.00160703,1.07142,-0.00634008,2.0696
12.208,-0.00186269,1.0645,-0.00592957,2.06712,-0.00160703,1.07145,-0.00629447,2.06951
12.21,-0.00186269,1.06447,-0.00588396,2.06712,-0.0015705,1.07145,-0.00629447,2.0696
12.212,-0.00186269,1.0645,-0.00592957,2.06704,-0.00160703,1.07145,-0.00629447,2.06951
12.214,-0.00189921,1.0645,-0.00592957,2.06704,-0.0015705,1.07142,-0.00624886,2.0696
12.216,-0.00186269,1.0645,-0.00592957,2.06704,-0.0015705,1.07145,-0.00629447,2.06951
12.218,-0.00186269,1.06447,-0.00588396,2.06704,-0.00160703,1.07142,-0.00634008,2.06951
12.22,-0.00186269,1.0645,-0.00592957,2.06704,-0.00160703,1.07142,-0.00624886,2.0696
12.222,-0.00186269,1.06447,-0.00588396,2.06704,-0.0015705,1.07142,-0.00624886,2.0696
12.224,-0.00186269,1.06447,-0.00588396,2.06704,-0.00160703,1.07142,-0.00624886,2.0696
12.226,-0.00186269,1.06447,-0.00597519,2.06704,-0.00160703,1.0714,-0.00629447,2.06951
12.228,-0.00186269,1.06447,-0.00588396,2.06704,-0.00160703,1.07145,-0.00629447,2.06951
12.23,-0.00186269,1.06447,-0.00588396,2.06704,-0.0015705,1.07142,-0.00624886,2.0696
12.232,-0.00186269,1.06447,-0.00588396,2.06704,-0.0015705,1.07142,-0.00624886,2.06951
12.234,-0.00186269,1.06447,-0.00588396,2.06704,-0.00160703,1.07145,-0.00629447,2.06951
12.236,-0.00186269,1.06447,-0.00588396,2.06704,-0.00164355,1.0714,-0.00629447,2.06951
12.238,-0.00186269,1.06447,-0.00588396,2.06704,-0.00160703,1.0714,-0.00629447,2.06951
12.24,-0.00186269,1.06447,-0.00588396,2.06704,-0.00164355,1.07142,-0.00624886,2.06951
12.242,-0.00186269,1.06447,-0.00588396,2.06704,-0.00164355,1.0714,-0.00629447,2.0696
12.244,-0.00186269,1.0645,-0.00592957,2.06712,-0.00160703,1.07142,-0.00624886,2.06951
12.246,-0.00186269,1.0645,-0.00592957,2.06704,-0.00160703,1.07142,-0.00624886,2.0696
12.248,-0.00186269,1.0645,-0.00592957,2.06704,-0.0015705,1.07142,-0.00624886,2.0696
12.25,-0.00186269,1.06447,-0.00588396,2.06704,-0.00160703,1.07142,-0.00624886,2.06951
12.252,-0.00186269,1.0645,-0.00592957,2.06704,-0.00160703,1.07148,-0.00624886,2.06951
12.254,-0.00186269,1.0645,-0.00592957,2.06704,-0.00164355,1.07145,-0.00629447,2.06951
12.256,-0.00186269,1.0645,-0.00592957,2.06704,-0.00164355,1.07142,-0.00634008,2.0696
12.258,-0.00186269,1.0645,-0.00592957,2.06712,-0.00164355,1.07145,-0.00629447,2.0696
12.26,-0.00186269,1.0645,-0.00592957,2.06704,-0.0015705,1.07145,-0.00629447,2.06951
12.262,-0.00186269,1.0645,-0.00592957,2.06704,-0.0015705,1.07145,-0.00629447,2.0696
12.264,-0.00186269,1.0645,-0.00592957,2.06704,-0.00160703,1.07148,-0.00624886,2.0696
12.266,-0.00186269,1.06447,-0.00588396,2.06704,-0.0015705,1.07148,-0.00624886,2.06951
12.268,-0.00186269,1.0645,-0.00592957,2.06704,-0.00160703,1.07145,-0.00629447,2.06951
12.27,-0.00186269,1.0645,-0.00592957,2.06704,-0.00160703,1.07142,-0.00634008,2.0696
12.272,-0.00182617,1.0645,-0.00592957,2.06704,-0.00160703,1.07145,-0.00629447,2.06951
12.274,-0.00186269,1.0645,-0.00592957,2.06704,-0.0015705,1.07145,-0.00629447,2.06951
12.276,-0.00186269,1.06447,-0.00588396,2.06704,-0.00164355,1.07145,-0.00629447,2.0696
12.278,-0.00186269,1.06447,-0.00588396,2.06704,-0.0015705,1.07145,-0.00629447,2.0696
12.28,-0.00186269,1.0645,-0.00592957,2.06704,-0.00160703,1.07148,-0.00624886,2.0696
12.282,-0.00186269,1.0645,-0.00592957,2.06695,-0.00160703,1.07145,-0.00629447,2.0696
12.284,-0.00186269,1.06447,-0.00588396,2.06704,-0.00160703,1.0714,-0.00629447,2.0696
12.286,-0.00186269,1.0645,-0.00592957,2.06704,-0.00160703,1.07142,-0.00634008,2.06951
12.288,-0.00186269,1.06447,-0.00588396,2.06704,-0.00160703,1.07142,-0.00624886,2.06951
12.29,-0.00186269,1.0645,-0.00592957,2.06704,-0.00160703,1.07142,-0.00634008,2.06951
12.292,-0.00186269,1.0645,-0.00592957,2.06712,-0.00160703,1.07148,-0.00624886,2.06951
12.294,-0.00186269,1.0645,-0.00592957,2.06704,-0.00160703,1.07145,-0.00629447,2.06951
12.296,-0.00186269,1.06447,-0.00588396,2.06704,-0.0015705,1.07142,-0.00624886,2.06951
12.298,-0.00186269,1.0645,-0.00592957,2.06704,-0.00164355,1.07145,-0.00629447,2.0696
12.3,-0.00186269,1.0645,-0.00592957,2.06695,-0.0015705,1.07142,-0.00634008,2.06951
12.302,-0.00186269,1.0645,-0.00592957,2.06704,-0.00160703,1.07142,-0.00634008,2.0696
12.304,-0.00186269,1.06447,-0.00588396,2.06704,-0.0015705,1.07142,-0.00624886,2.06951
12.306,-0.00186269,1.0645,-0.00592957,2.06704,-0.00164355,1.07145,-0.00629447,2.06951
12.308,-0.00186269,1.0645,-0.00592957,2.06704,-0.0015705,1.07142,-0.00624886,2.06951
12.31,-0.00189921,1.06447,-0.00588396,2.06704,-0.00160703,1.07145,-0.00629447,2.06951
12.312,-0.00186269,1.0645,-0.00592957,2.06704,-0.00160703,1.07142,-0.00624886,2.0696
12.314,-0.00186269,1.0645,-0.00592957,2.06704,-0.00160703,1.0714,-0.00629447,2.0696
12.316,-0.00186269,1.06447,-0.00588396,2.06704,-0.0015705,1.07145,-0.00629447,2.06951
12.318,-0.00186269,1.0645,-0.00592957,2.06704,-0.0015705,1.07142,-0.00624886,2.0696
12.32,-0.00186269,1.0645,-0.00592957,2.06712,-0.00160703,1.07142,-0.00624886,2.06951
12.322,-0.00186269,1.0645,-0.00592957,2.06704,-0.00160703,1.07145,-0.00629447,2.0696
12.324,-0.00186269,1.06447,-0.00588396,2.06704,-0.00160703,1.0714,-0.00629447,2.0696
12.326,-0.00186269,1.06447,-0.00588396,2.06704,-0.0015705,1.07145,-0.00629447,2.0696
12.328,-0.00186269,1.06447,-0.00588396,2.06704,-0.0015705,1.07142,-0.00634008,2.0696
12.33,-0.00189921,1.0645,-0.00592957,2.06704,-0.00160703,1.0714,-0.00629447,2.06951
12.332,-0.00186269,1.06447,-0.00588396,2.06704,-0.00160703,1.07142,-0.00624886,2.06951
12.334,-0.00186269,1.0645,-0.00592957,2.06704,-0.00160703,1.07145,-0.00629447,2.06951
12.336,-0.00186269,1.06447,-0.00588396,2.06704,-0.00164355,1.07145,-0.00629447,2.06951
12.338,-0.00186269,1.06447,-0.00588396,2.06704,-0.00160703,1.07145,-0.00629447,2.0696
12.34,-0.00186269,1.06447,-0.00588396,2.06712,-0.00160703,1.07145,-0.00629447,2.0696
12.342,-0.00186269,1.0645,-0.00592957,2.06704,-0.00160703,1.07142,-0.00634008,2.06951
12.344,-0.00186269,1.0645,-0.00592957,2.06712,-0.00160703,1.07145,-0.00629447,2.0696
12.346,-0.00186269,1.0645,-0.00592957,2.06704,-0.0015705,1.07142,-0.00634008,2.06951
12.348,-0.00186269,1.0645,-0.00592957,2.06704,-0.00160703,1.07145,-0.00629447,2.06951
12.35,-0.00186269,1.06447,-0.00588396,2.06704,-0.0015705,1.07145,-0.00629447,2.06951
12.352,-0.00186269,1.06447,-0.00588396,2.06704,-0.0015705,1.07145,-0.00629447,2.06951
12.354,-0.00186269,1.0645,-0.00592957,2.06704,-0.0015705,1.07145,-0.00629447,2.0696
12.356,-0.00186269,1.0645,-0.00592957,2.06704,-0.00164355,1.0714,-0.00629447,2.0696
12.358,-0.00186269,1.0645,-0.00592957,2.06712,-0.00160703,1.07145,-0.00629447,2.0696
12.36,-0.00186269,1.06447,-0.00588396,2.06712,-0.00160703,1.07145,-0.00629447,2.0696
12.362,-0.00186269,1.06447,-0.00588396,2.06704,-0.00164355,1.07142,-0.00624886,2.06951
12.364,-0.00186269,1.06447,-0.00588396,2.06704,-0.0015705,1.07145,-0.00629447,2.0696
12.366,-0.00186269,1.06447,-0.00588396,2.06704,-0.0015705,1.07142,-0.00624886,2.0696
12.368,-0.00186269,1.0645,-0.00592957,2.06704,-0.00160703,1.07142,-0.00624886,2.0696
12.37,-0.00186269,1.0645,-0.00592957,2.06704,-0.00164355,1.07142,-0.00624886,2.0696
12.372,-0.00186269,1.0645,-0.00592957,2.06704,-0.0015705,1.07145,-0.00629447,2.0696
12.374,-0.00186269,1.06447,-0.00588396,2.06704,-0.00164355,1.07145,-0.00629447,2.06951
12.376,-0.00186269,1.06447,-0.00588396,2.06704,-0.00160703,1.07142,-0.00634008,2.06951
12.378,-0.00186269,1.06447,-0.00588396,2.06704,-0.0015705,1.07145,-0.00629447,2.0696
12.38,-0.00186269,1.0645,-0.00592957,2.06704,-0.00164355,1.07145,-0.00620325,2.0696
12.382,-0.00186269,1.0645,-0.00592957,2.06704,-0.00164355,1.07142,-0.00624886,2.0696
12.384,-0.00186269,1.0645,-0.00592957,2.06704,-0.00160703,1.07145,-0.00629447,2.06951
12.386,-0.00186269,1.0645,-0.00592957,2.06704,-0.00160703,1.07145,-0.00629447,2.0696
12.388,-0.00189921,1.06447,-0.00588396,2.06704,-0.00160703,1.07145,-0.00629447,2.06951
12.39,-0.00189921,1.06447,-0.00588396,2.06704,-0.00164355,1.07145,-0.00629447,2.06951
12.392,-0.00186269,1.06447,-0.00588396,2.06704,-0.0015705,1.07142,-0.00634008,2.06951
12.394,-0.00186269,1.0645,-0.00592957,2.06704,-0.00160703,1.07142,-0.00624886,2.0696
12.396,-0.00186269,1.06447,-0.00588396,2.06704,-0.00160703,1.07142,-0.00624886,2.0696
12.398,-0.00186269,1.06447,-0.00588396,2.06704,-0.0015705,1.0714,-0.00629447,2.0696
12.4,-0.00186269,1.0645,-0.00592957,2.06704,-0.00164355,1.07142,-0.00624886,2.06951
12.402,-0.00189921,1.06447,-0.00588396,2.06704,-0.0015705,1.07142,-0.00624886,2.0696
12.404,-0.00186269,1.06447,-0.00588396,2.06704,-0.00164355,1.07142,-0.00634008,2.06951
12.406,-0.00186269,1.0645,-0.00592957,2.06704,-0.00160703,1.07142,-0.00634008,2.0696
12.408,-0.00186269,1.06447,-0.00588396,2.06704,-0.0015705,1.07142,-0.00624886,2.0696
12.41,-0.00186269,1.0645,-0.00592957,2.06704,-0.00160703,1.07142,-0.00634008,2.0696
12.412,-0.00186269,1.06447,-0.00588396,2.06704,-0.0015705,1.07145,-0.00629447,2.0696
12.414,-0.00189921,1.0645,-0.00592957,2.06704,-0.00160703,1.07145,-0.00629447,2.0696
12.416,-0.00186269,1.0645,-0.00592957,2.06704,-0.00160703,1.07142,-0.00624886,2.06951
12.418,-0.00186269,1.0645,-0.00592957,2.06704,-0.00164355,1.07145,-0.00629447,2.06951
12.42,-0.00186269,1.06447,-0.00588396,2.06704,-0.0015705,1.07142,-0.00634008,2.06951
12.422,-0.00186269,1.0645,-0.00592957,2.06704,-0.00160703,1.07145,-0.00629447,2.0696
12.424,-0.00186269,1.0645,-0.00592957,2.06704,-0.00160703,1.07145,-0.00629447,2.06951
12.426,-0.00186269,1.06447,-0.00588396,2.06704,-0.0015705,1.07145,-0.00629447,2.0696
12.428,-0.00186269,1.0645,-0.00592957,2.06704,-0.00160703,1.07145,-0.00629447,2.0696
12.43,-0.00186269,1.0645,-0.00592957,2.06704,-0.00160703,1.07145,-0.00629447,2.06951
12.432,-0.00186269,1.06447,-0.00588396,2.06704,-0.00160703,1.07145,-0.00629447,2.06951
12.434,-0.00186269,1.06447,-0.00588396,2.06704,-0.00160703,1.07148,-0.00624886,2.0696
12.436,-0.00186269,1.0645,-0.00592957,2.06704,-0.00160703,1.07142,-0.00624886,2.0696
12.438,-0.00186269,1.0645,-0.00592957,2.06712,-0.00164355,1.07145,-0.00629447,2.0696
12.44,-0.00186269,1.0645,-0.00592957,2.06704,-0.00164355,1.07142,-0.00634008,2.06951
12.442,-0.00186269,1.0645,-0.00592957,2.06704,-0.00160703,1.07142,-0.00634008,2.06951
12.444,-0.00186269,1.06447,-0.00588396,2.06704,-0.00160703,1.07142,-0.00624886,2.06951
12.446,-0.00186269,1.06447,-0.00588396,2.06704,-0.00160703,1.07148,-0.00624886,2.06951
12.448,-0.00186269,1.0645,-0.00592957,2.06704,-0.00160703,1.07142,-0.00624886,2.06951
12.45,-0.00186269,1.0645,-0.00592957,2.06695,-0.00160703,1.07142,-0.00634008,2.06951
12.452,-0.00186269,1.0645,-0.00592957,2.06695,-0.00160703,1.07145,-0.00629447,2.06951
12.454,-0.00186269,1.0645,-0.00592957,2.06704,-0.00160703,1.07142,-0.00634008,2.06951
12.456,-0.00186269,1.0645,-0.00592957,2.06704,-0.00160703,1.07145,-0.00629447,2.06951
12.458,-0.00186269,1.0645,-0.00592957,2.06704,-0.00160703,1.07145,-0.00629447,2.06951
12.46,-0.00186269,1.0645,-0.00592957,2.06704,-0.0015705,1.07145,-0.00629447,2.06951
12.462,-0.00186269,1.0645,-0.00592957,2.06704,-0.00160703,1.07142,-0.00634008,2.06951
12.464,-0.00186269,1.06447,-0.00588396,2.06704,-0.00164355,1.07142,-0.00624886,2.0696
12.466,-0.00189921,1.0645,-0.00592957,2.06704,-0.00160703,1.07142,-0.00624886,2.06951
12.468,-0.00186269,1.0645,-0.00592957,2.06704,-0.00160703,1.07145,-0.00629447,2.0696
12.47,-0.00186269,1.0645,-0.00592957,2.06704,-0.0015705,1.07145,-0.00629447,2.06951
12.472,-0.00186269,1.06447,-0.00588396,2.06704,-0.00160703,1.07145,-0.00629447,2.06951
12.474,-0.00186269,1.06447,-0.00588396,2.06712,-0.0015705,1.0714,-0.00629447,2.0696
12.476,-0.00186269,1.06447,-0.00588396,2.06704,-0.00160703,1.07145,-0.00629447,2.06951
12.478,-0.00186269,1.0645,-0.00592957,2.06704,-0.00160703,1.07142,-0.00624886,2.0696
12.48,-0.00186269,1.0645,-0.00592957,2.06704,-0.00160703,1.07142,-0.00624886,2.0696
12.482,-0.00186269,1.06447,-0.00588396,2.06704,-0.00160703,1.07142,-0.00624886,2.0696
12.484,-0.00186269,1.06447,-0.00588396,2.06712,-0.00160703,1.07145,-0.00629447,2.06951
12.486,-0.00186269,1.06447,-0.00588396,2.06704,-0.0015705,1.07145,-0.00629447,2.06951
12.488,-0.00186269,1.0645,-0.00592957,2.06704,-0.0015705,1.07145,-0.00629447,2.06951
12.49,-0.00186269,1.06447,-0.00588396,2.06704,-0.00168007,1.07142,-0.00634008,2.06951
12.492,-0.00186269,1.06447,-0.00588396,2.06704,-0.00160703,1.07145,-0.00629447,2.06951
12.494,-0.00189921,1.06447,-0.00588396,2.06704,-0.00160703,1.07142,-0.00634008,2.0696
12.496,-0.00186269,1.0645,-0.00592957,2.06704,-0.00164355,1.07142,-0.00624886,2.0696
12.498,-0.00186269,1.06447,-0.00588396,2.06695,-0.0015705,1.07142,-0.00624886,2.06951
12.5,-0.00186269,1.06447,-0.00588396,2.06704,-0.00160703,1.07145,-0.00629447,2.06951
12.502,-0.00186269,1.06447,-0.00588396,2.06704,-0.0015705,1.07142,-0.00624886,2.06951
12.504,-0.00186269,1.06447,-0.00588396,2.06704,-0.00160703,1.07145,-0.00629447,2.06951
12.506,-0.00186269,1.06447,-0.00588396,2.06704,-0.00160703,1.07145,-0.00629447,2.0696
12.508,-0.00186269,1.0645,-0.00592957,2.06704,-0.00164355,1.07145,-0.00629447,2.0696
12.51,-0.00186269,1.0645,-0.00592957,2.06704,-0.00164355,1.07142,-0.00634008,2.0696
12.512,-0.00189921,1.06447,-0.00588396,2.06695,-0.00164355,1.07142,-0.00634008,2.06951
12.514,-0.00186269,1.0645,-0.00592957,2.06704,-0.00160703,1.07145,-0.00629447,2.06951
12.516,-0.00186269,1.0645,-0.00592957,2.06704,-0.0015705,1.07145,-0.00629447,2.06951
12.518,-0.00186269,1.0645,-0.00592957,2.06704,-0.00160703,1.07145,-0.00629447,2.06951
12.52,-0.00186269,1.06447,-0.00588396,2.06704,-0.0015705,1.07142,-0.00634008,2.06951
12.522,-0.00186269,1.06447,-0.00588396,2.06712,-0.00160703,1.07145,-0.00629447,2.0696
12.524,-0.00186269,1.0645,-0.00592957,2.06712,-0.00160703,1.07145,-0.00629447,2.0696
12.526,-0.00186269,1.06447,-0.00588396,2.06704,-0.00160703,1.07145,-0.00629447,2.0696
12.528,-0.00186269,1.06447,-0.00588396,2.06712,-0.0015705,1.07145,-0.00629447,2.06951
12.53,-0.00186269,1.0645,-0.00592957,2.06704,-0.00164355,1.07142,-0.00624886,2.06951
12.532,-0.00189921,1.0645,-0.00592957,2.06704,-0.0015705,1.07145,-0.00629447,2.06951
12.534,-0.00186269,1.06447,-0.00588396,2.06704,-0.0015705,1.07145,-0.00629447,2.0696
12.536,-0.00186269,1.0645,-0.00592957,2.06712,-0.00160703,1.07145,-0.00629447,2.06951
12.538,-0.00189921,1.06447,-0.00588396,2.06704,-0.00160703,1.07145,-0.00629447,2.06951
12.54,-0.00186269,1.06447,-0.00588396,2.06704,-0.00160703,1.07142,-0.00634008,2.0696
12.542,-0.00186269,1.06447,-0.00588396,2.06704,-0.00160703,1.07142,-0.00624886,2.0696
12.544,-0.00186269,1.0645,-0.00592957,2.06704,-0.00160703,1.0714,-0.00629447,2.06951
12.546,-0.00186269,1.0645,-0.00592957,2.06704,-0.00160703,1.0714,-0.00629447,2.06951
12.548,-0.00186269,1.0645,-0.00592957,2.06704,-0.00160703,1.07142,-0.00624886,2.0696
12.55,-0.00186269,1.0645,-0.00592957,2.06704,-0.00160703,1.07145,-0.00629447,2.06951
12.552,-0.00186269,1.0645,-0.00592957,2.06704,-0.0015705,1.07145,-0.00629447,2.0696
12.554,-0.00186269,1.0645,-0.00592957,2.06695,-0.00160703,1.07145,-0.00629447,2.0696
12.556,-0.00186269,1.06447,-0.00588396,2.06704,-0.00160703,1.07145,-0.00629447,2.0696
12.558,-0.00186269,1.0645,-0.00592957,2.06704,-0.00160703,1.07142,-0.00624886,2.06951
12.56,-0.00186269,1.0645,-0.00592957,2.06704,-0.00160703,1.07145,-0.00629447,2.06951
12.562,-0.00186269,1.0645,-0.00592957,2.06704,-0.00164355,1.07142,-0.00624886,2.06951
12.564,-0.00186269,1.0645,-0.00592957,2.06704,-0.00160703,1.07142,-0.00624886,2.06951
12.566,-0.00186269,1.06447,-0.00588396,2.06704,-0.00160703,1.07142,-0.00624886,2.06951
12.568,-0.00186269,1.0645,-0.00592957,2.06704,-0.0015705,1.07145,-0.00629447,2.06951
12.57,-0.00189921,1.0645,-0.00592957,2.06704,-0.00160703,1.07142,-0.00624886,2.06951
12.572,-0.00186269,1.0645,-0.00592957,2.06704,-0.00164355,1.07142,-0.00634008,2.0696
12.574,-0.00186269,1.06447,-0.00588396,2.06704,-0.0015705,1.07142,-0.00624886,2.0696
12.576,-0.00186269,1.06447,-0.00588396,2.06704,-0.00160703,1.0714,-0.00629447,2.0696
12.578,-0.00186269,1.0645,-0.00592957,2.06712,-0.00160703,1.07145,-0.00629447,2.0696
12.58,-0.00186269,1.0645,-0.00592957,2.06712,-0.00160703,1.07145,-0.00629447,2.0696
12.582,-0.00186269,1.0645,-0.00592957,2.06704,-0.00160703,1.07145,-0.00620325,2.06951
12.584,-0.00186269,1.0645,-0.00592957,2.06704,-0.0015705,1.07142,-0.00624886,2.0696
12.586,-0.00186269,1.0645,-0.00592957,2.06704,-0.0015705,1.07145,-0.00629447,2.0696
12.588,-0.00189921,1.06447,-0.00588396,2.06704,-0.00160703,1.07145,-0.00629447,2.06951
12.59,-0.00189921,1.06447,-0.00588396,2.06704,-0.00160703,1.07142,-0.00634008,2.06951
12.592,-0.00186269,1.06447,-0.00588396,2.06704,-0.00160703,1.07142,-0.00624886,2.06951
12.594,-0.00189921,1.0645,-0.00592957,2.06704,-0.00160703,1.0714,-0.00629447,2.06951
12.596,-0.00186269,1.0645,-0.00592957,2.06704,-0.0015705,1.07142,-0.00624886,2.0696
12.598,-0.00186269,1.0645,-0.00592957,2.06704,-0.00160703,1.07145,-0.00629447,2.0696
12.6,-0.00186269,1.06447,-0.00588396,2.06704,-0.00160703,1.07145,-0.00629447,2.06951
12.602,-0.00186269,1.06447,-0.00588396,2.06704,-0.00164355,1.07142,-0.00624886,2.0696
12.604,-0.00186269,1.06447,-0.00588396,2.06704,-0.00164355,1.07145,-0.00629447,2.0696
12.606,-0.00189921,1.0645,-0.00592957,2.06704,-0.0015705,1.07142,-0.00624886,2.0696
12.608,-0.00189921,1.0645,-0.00592957,2.06712,-0.00160703,1.07145,-0.00629447,2.06951
12.61,-0.00189921,1.0645,-0.00592957,2.06704,-0.00160703,1.07145,-0.00629447,2.0696
12.612,-0.00186269,1.06447,-0.00588396,2.06712,-0.00160703,1.07145,-0.00629447,2.06951
12.614,-0.00186269,1.06447,-0.00588396,2.06704,-0.00160703,1.07145,-0.00629447,2.06951
12.616,-0.00186269,1.0645,-0.00592957,2.06704,-0.0015705,1.07145,-0.00629447,2.0696
12.618,-0.00189921,1.06447,-0.00588396,2.06704,-0.00160703,1.07145,-0.00629447,2.06951
12.62,-0.00186269,1.0645,-0.00592957,2.06704,-0.00160703,1.07145,-0.00629447,2.06951
12.622,-0.00186269,1.06447,-0.00588396,2.06704,-0.00160703,1.07145,-0.00629447,2.06951
12.624,-0.00186269,1.0645,-0.00592957,2.06704,-0.00160703,1.07145,-0.00629447,2.06951
12.626,-0.00186269,1.0645,-0.00592957,2.06704,-0.00160703,1.07145,-0.00620325,2.0696
12.628,-0.00186269,1.06447,-0.00588396,2.06704,-0.0015705,1.07142,-0.00624886,2.0696
12.63,-0.00186269,1.06447,-0.00588396,2.06704,-0.00160703,1.07142,-0.00634008,2.06951
12.632,-0.00186269,1.0645,-0.00592957,2.06695,-0.0015705,1.07142,-0.00634008,2.0696
12.634,-0.00186269,1.0645,-0.00592957,2.06704,-0.00160703,1.07145,-0.00629447,2.06951
12.636,-0.00186269,1.06447,-0.00588396,2.06704,-0.00160703,1.07145,-0.00629447,2.06951
12.638,-0.00186269,1.06447,-0.00588396,2.06695,-0.00160703,1.07142,-0.00624886,2.06951
12.64,-0.00186269,1.0645,-0.00592957,2.06695,-0.00160703,1.07148,-0.00624886,2.06951
12.642,-0.00186269,1.0645,-0.00592957,2.06704,-0.00160703,1.0714,-0.00629447,2.06951
12.644,-0.00186269,1.06453,-0.00588396,2.06704,-0.0015705,1.0714,-0.00629447,2.06951
12.646,-0.00189921,1.06447,-0.00588396,2.06704,-0.00160703,1.07145,-0.00629447,2.06951
12.648,-0.00186269,1.06447,-0.00588396,2.06704,-0.00164355,1.07142,-0.00624886,2.0696
12.65,-0.00186269,1.06447,-0.00588396,2.06704,-0.00160703,1.07145,-0.00629447,2.0696
12.652,-0.00186269,1.0645,-0.00592957,2.06704,-0.00168007,1.07145,-0.00629447,2.06951
12.654,-0.00189921,1.06447,-0.00588396,2.06704,-0.00168007,1.07145,-0.00629447,2.06951
12.656,-0.00186269,1.0645,-0.00592957,2.06704,-0.00160703,1.07142,-0.00624886,2.0696
12.658,-0.00186269,1.0645,-0.00592957,2.06704,-0.00160703,1.07145,-0.00629447,2.06951
12.66,-0.00186269,1.0645,-0.00592957,2.06704,-0.00160703,1.07145,-0.00629447,2.06951
12.662,-0.00186269,1.06447,-0.00588396,2.06704,-0.00160703,1.07145,-0.00629447,2.06951
12.664,-0.00186269,1.06447,-0.00588396,2.06704,-0.00164355,1.07145,-0.00629447,2.06951
12.666,-0.00186269,1.0645,-0.00592957,2.06704,-0.00160703,1.07145,-0.00629447,2.06951
12.668,-0.00186269,1.0645,-0.00592957,2.06704,-0.00160703,1.07145,-0.00629447,2.0696
12.67,-0.00186269,1.0645,-0.00592957,2.06704,-0.0015705,1.07142,-0.00624886,2.06951
12.672,-0.00189921,1.06447,-0.00588396,2.06704,-0.00160703,1.07145,-0.00629447,2.06951
12.674,-0.00189921,1.0645,-0.00592957,2.06704,-0.00164355,1.07142,-0.00624886,2.0696
12.676,-0.00189921,1.0645,-0.00592957,2.06704,-0.00160703,1.07142,-0.00634008,2.06951
12.678,-0.00186269,1.06447,-0.00588396,2.06704,-0.00160703,1.07145,-0.00629447,2.0696
12.68,-0.00186269,1.0645,-0.00592957,2.06695,-0.00160703,1.07142,-0.00634008,2.06951
12.682,-0.00186269,1.0645,-0.00592957,2.06704,-0.00160703,1.07142,-0.00634008,2.0696
12.684,-0.00186269,1.06447,-0.00588396,2.06704,-0.0015705,1.07142,-0.00634008,2.06951
12.686,-0.00186269,1.06447,-0.00588396,2.06704,-0.00160703,1.07142,-0.00624886,2.0696
12.688,-0.00186269,1.06447,-0.00588396,2.06704,-0.00160703,1.07145,-0.00629447,2.06951
12.69,-0.00189921,1.0645,-0.00592957,2.06704,-0.00160703,1.0714,-0.00629447,2.0696
12.692,-0.00186269,1.0645,-0.00592957,2.06704,-0.00164355,1.07142,-0.00624886,2.0696
12.694,-0.00186269,1.06447,-0.00588396,2.06704,-0.0015705,1.07145,-0.00629447,2.0696
12.696,-0.00186269,1.06447,-0.00588396,2.06704,-0.00164355,1.07145,-0.00629447,2.06951
12.698,-0.00186269,1.06447,-0.00588396,2.06712,-0.00160703,1.07145,-0.00629447,2.0696
12.7,-0.00186269,1.06447,-0.00588396,2.06704,-0.00160703,1.07142,-0.00624886,2.06951
12.702,-0.00186269,1.0645,-0.00592957,2.06704,-0.0015705,1.07142,-0.00624886,2.06943
12.704,-0.00189921,1.0645,-0.00592957,2.06704,-0.00160703,1.07142,-0.00624886,2.06951
12.706,-0.00186269,1.06447,-0.00588396,2.06704,-0.0015705,1.0714,-0.00629447,2.0696
12.708,-0.00189921,1.06447,-0.00588396,2.06704,-0.00160703,1.07145,-0.00629447,2.06951
12.71,-0.00186269,1.06447,-0.00588396,2.06704,-0.00160703,1.07145,-0.00620325,2.0696
12.712,-0.00186269,1.0645,-0.00592957,2.06704,-0.00160703,1.07142,-0.00624886,2.06951
12.714,-0.00186269,1.06447,-0.00588396,2.06704,-0.0015705,1.07145,-0.00629447,2.06951
12.716,-0.00186269,1.06447,-0.00588396,2.06704,-0.0015705,1.07145,-0.00629447,2.06951
12.718,-0.00186269,1.06447,-0.00588396,2.06704,-0.00164355,1.07145,-0.00629447,2.06951
12.72,-0.00186269,1.06447,-0.00588396,2.06704,-0.00160703,1.07142,-0.00624886,2.0696
12.722,-0.00186269,1.0645,-0.00592957,2.06704,-0.00160703,1.07142,-0.00624886,2.06951
12.724,-0.00186269,1.0645,-0.00592957,2.06704,-0.00160703,1.07142,-0.00624886,2.0696
12.726,-0.00186269,1.0645,-0.00592957,2.06704,-0.00160703,1.07145,-0.00620325,2.06951
12.728,-0.00189921,1.06447,-0.00588396,2.06704,-0.00164355,1.07145,-0.00629447,2.06951
12.73,-0.00186269,1.06447,-0.00588396,2.06704,-0.00160703,1.07145,-0.00629447,2.06951
12.732,-0.00186269,1.0645,-0.00592957,2.06704,-0.0015705,1.07145,-0.00629447,2.0696
12.734,-0.00189921,1.0645,-0.00592957,2.06704,-0.00160703,1.0714,-0.00629447,2.0696
12.736,-0.00186269,1.06447,-0.00588396,2.06704,-0.00160703,1.07145,-0.00629447,2.0696
12.738,-0.00186269,1.0645,-0.00592957,2.06704,-0.00160703,1.07142,-0.00624886,2.06951
12.74,-0.00186269,1.0645,-0.00592957,2.06704,-0.00160703,1.07142,-0.00624886,2.06951
12.742,-0.00186269,1.0645,-0.00592957,2.06704,-0.00160703,1.07145,-0.00629447,2.06951
12.744,-0.00186269,1.0645,-0.00592957,2.06704,-0.00164355,1.07142,-0.00624886,2.06951
12.746,-0.00189921,1.0645,-0.00592957,2.06704,-0.00160703,1.07145,-0.00629447,2.06951
12.748,-0.00186269,1.0645,-0.00592957,2.06704,-0.00160703,1.07145,-0.00629447,2.0696
12.75,-0.00186269,1.06447,-0.00588396,2.06704,-0.00160703,1.07142,-0.00634008,2.06951
12.752,-0.00186269,1.06447,-0.00588396,2.06704,-0.00160703,1.07142,-0.00634008,2.06951
12.754,-0.00186269,1.06447,-0.00588396,2.06704,-0.00160703,1.07142,-0.00624886,2.0696
12.756,-0.00186269,1.0645,-0.00592957,2.06704,-0.00164355,1.07142,-0.00624886,2.0696
12.758,-0.00186269,1.0645,-0.00592957,2.06704,-0.00164355,1.07142,-0.00624886,2.06951
12.76,-0.00186269,1.0645,-0.00592957,2.06704,-0.0015705,1.07148,-0.00624886,2.06951
12.762,-0.00189921,1.06447,-0.00588396,2.06704,-0.00160703,1.07142,-0.00634008,2.0696
12.764,-0.00186269,1.06447,-0.00588396,2.06704,-0.0015705,1.07145,-0.00629447,2.0696
12.766,-0.00186269,1.06447,-0.00588396,2.06704,-0.00160703,1.07142,-0.00634008,2.0696
12.768,-0.00186269,1.0645,-0.00592957,2.06704,-0.00160703,1.0714,-0.00629447,2.06951
12.77,-0.00186269,1.06447,-0.00588396,2.06704,-0.0015705,1.07142,-0.00624886,2.0696
12.772,-0.00186269,1.06447,-0.00588396,2.06704,-0.00160703,1.07145,-0.00620325,2.06951
12.774,-0.00186269,1.0645,-0.00592957,2.06704,-0.0015705,1.07142,-0.00624886,2.06951
12.776,-0.00186269,1.0645,-0.00592957,2.06704,-0.00160703,1.07145,-0.00629447,2.06951
12.778,-0.00186269,1.06447,-0.00588396,2.06704,-0.00160703,1.07145,-0.00629447,2.0696
12.78,-0.00186269,1.0645,-0.00592957,2.06704,-0.00164355,1.07145,-0.00620325,2.06951
12.782,-0.00186269,1.06447,-0.00588396,2.06704,-0.00160703,1.07142,-0.00634008,2.06951
12.784,-0.00186269,1.06447,-0.00588396,2.06704,-0.00160703,1.07145,-0.00629447,2.06951
12.786,-0.00189921,1.0645,-0.00592957,2.06704,-0.00160703,1.07142,-0.00624886,2.06951
12.788,-0.00186269,1.06447,-0.00588396,2.06704,-0.0015705,1.07145,-0.00629447,2.06951
12.79,-0.00189921,1.06447,-0.00588396,2.06704,-0.00160703,1.07145,-0.00629447,2.06951
12.792,-0.00186269,1.0645,-0.00592957,2.06712,-0.00160703,1.07145,-0.00620325,2.06951
12.794,-0.00186269,1.0645,-0.00592957,2.06704,-0.00160703,1.07145,-0.00629447,2.06951
12.796,-0.00186269,1.06447,-0.00588396,2.06704,-0.00160703,1.07145,-0.00629447,2.06951
12.798,-0.00186269,1.06447,-0.00588396,2.06704,-0.00164355,1.07145,-0.00629447,2.06951
12.8,-0.00186269,1.06447,-0.00588396,2.06704,-0.00160703,1.07145,-0.00629447,2.0696
12.802,-0.00186269,1.06447,-0.00588396,2.06704,-0.0015705,1.07145,-0.00629447,2.06951
12.804,-0.00189921,1.06447,-0.00588396,2.06704,-0.00164355,1.07145,-0.00629447,2.0696
12.806,-0.00186269,1.0645,-0.00592957,2.06704,-0.00160703,1.07145,-0.00629447,2.06951
12.808,-0.00186269,1.06447,-0.00588396,2.06704,-0.00160703,1.07142,-0.00624886,2.06951
12.81,-0.00186269,1.06447,-0.00588396,2.06704,-0.0015705,1.07145,-0.00629447,2.06951
12.812,-0.00186269,1.0645,-0.00592957,2.06704,-0.00164355,1.07145,-0.00629447,2.06951
12.814,-0.00186269,1.0645,-0.00592957,2.06704,-0.00160703,1.07145,-0.00629447,2.0696
12.816,-0.00186269,1.06447,-0.00588396,2.06695,-0.00160703,1.07145,-0.00629447,2.06951
12.818,-0.00186269,1.06447,-0.00588396,2.06704,-0.0015705,1.07142,-0.00624886,2.06951
12.82,-0.00186269,1.0645,-0.00592957,2.06704,-0.00160703,1.0714,-0.00629447,2.0696
12.822,-0.00186269,1.06447,-0.00588396,2.06704,-0.00160703,1.07145,-0.00629447,2.0696
12.824,-0.00186269,1.06447,-0.00588396,2.06704,-0.00160703,1.07145,-0.00629447,2.06951
12.826,-0.00186269,1.0645,-0.00592957,2.06704,-0.00160703,1.07145,-0.00629447,2.0696
12.828,-0.00186269,1.06447,-0.00588396,2.06704,-0.00160703,1.07145,-0.00629447,2.06951
12.83,-0.00186269,1.06447,-0.00588396,2.06704,-0.00160703,1.07145,-0.00629447,2.06951
12.832,-0.00186269,1.06447,-0.00588396,2.06704,-0.00160703,1.07142,-0.00634008,2.0696
12.834,-0.00186269,1.0645,-0.00592957,2.06704,-0.00160703,1.07142,-0.00624886,2.06951
12.836,-0.00186269,1.06447,-0.00588396,2.06704,-0.00160703,1.07145,-0.00629447,2.06951
12.838,-0.00186269,1.06447,-0.00588396,2.06704,-0.00160703,1.07142,-0.00634008,2.0696
12.84,-0.00186269,1.06447,-0.00588396,2.06704,-0.00160703,1.07142,-0.00634008,2.06951
12.842,-0.00186269,1.0645,-0.00592957,2.06704,-0.0015705,1.0714,-0.00629447,2.06951
12.844,-0.00186269,1.0645,-0.00592957,2.06704,-0.00160703,1.07142,-0.00624886,2.06951
12.846,-0.00186269,1.0645,-0.00592957,2.06704,-0.00164355,1.07145,-0.00629447,2.06951
12.848,-0.00186269,1.06447,-0.00588396,2.06695,-0.00160703,1.07142,-0.00624886,2.06951
12.85,-0.00186269,1.06447,-0.00588396,2.06704,-0.0015705,1.07145,-0.00629447,2.06951
12.852,-0.00186269,1.06447,-0.00588396,2.06704,-0.0015705,1.07142,-0.00634008,2.06951
12.854,-0.00186269,1.06447,-0.00588396,2.06704,-0.00160703,1.07145,-0.00629447,2.0696
12.856,-0.00186269,1.0645,-0.00592957,2.06704,-0.00160703,1.07142,-0.00634008,2.06943
12.858,-0.00186269,1.0645,-0.00592957,2.06704,-0.00160703,1.07142,-0.00624886,2.0696
12.86,-0.00186269,1.0645,-0.00592957,2.06695,-0.00160703,1.07145,-0.00629447,2.06951
12.862,-0.00186269,1.06447,-0.00588396,2.06704,-0.00164355,1.07145,-0.00629447,2.06951
12.864,-0.00189921,1.06447,-0.00588396,2.06704,-0.00160703,1.07145,-0.00629447,2.0696
12.866,-0.00186269,1.06447,-0.00588396,2.06704,-0.00160703,1.07142,-0.00634008,2.06951
12.868,-0.00189921,1.0645,-0.00592957,2.06704,-0.00160703,1.07142,-0.00634008,2.06951
12.87,-0.00186269,1.0645,-0.00592957,2.06695,-0.00160703,1.07142,-0.00624886,2.06951
12.872,-0.00186269,1.0645,-0.00592957,2.06704,-0.0015705,1.0714,-0.00629447,2.06951
12.874,-0.00186269,1.06447,-0.00588396,2.06704,-0.00164355,1.07142,-0.00624886,2.06951
12.876,-0.00186269,1.0645,-0.00592957,2.06704,-0.00160703,1.07142,-0.00624886,2.0696
12.878,-0.00186269,1.06447,-0.00588396,2.06704,-0.00164355,1.07145,-0.00629447,2.06951
12.88,-0.00186269,1.0645,-0.00592957,2.06704,-0.0015705,1.07145,-0.00629447,2.06951
12.882,-0.00186269,1.0645,-0.00592957,2.06704,-0.00160703,1.07142,-0.00634008,2.06951
12.884,-0.00186269,1.0645,-0.00592957,2.06704,-0.00160703,1.07142,-0.00624886,2.0696
12.886,-0.00186269,1.0645,-0.00592957,2.06704,-0.00160703,1.07142,-0.00624886,2.0696
12.888,-0.00186269,1.0645,-0.00592957,2.06704,-0.00160703,1.07145,-0.00629447,2.0696
12.89,-0.00186269,1.06447,-0.00588396,2.06704,-0.00160703,1.07142,-0.00634008,2.06951
12.892,-0.00186269,1.0645,-0.00592957,2.06704,-0.00160703,1.07142,-0.00624886,2.06951
12.894,-0.00189921,1.06447,-0.00588396,2.06704,-0.00160703,1.07142,-0.00624886,2.06951
12.896,-0.00189921,1.06447,-0.00588396,2.06704,-0.00164355,1.07145,-0.00629447,2.06951
12.898,-0.00186269,1.0645,-0.00592957,2.06704,-0.0015705,1.07145,-0.00629447,2.0696
12.9,-0.00189921,1.0645,-0.00592957,2.06704,-0.00160703,1.07145,-0.00629447,2.06951
12.902,-0.00186269,1.06447,-0.00588396,2.06704,-0.00164355,1.07145,-0.00629447,2.06951
12.904,-0.00186269,1.06447,-0.00588396,2.06704,-0.0015705,1.07142,-0.00634008,2.06951
12.906,-0.00186269,1.06447,-0.00588396,2.06704,-0.00160703,1.07145,-0.00629447,2.06951
12.908,-0.00186269,1.06447,-0.00588396,2.06704,-0.00160703,1.07148,-0.00624886,2.0696
12.91,-0.00189921,1.0645,-0.00592957,2.06695,-0.0015705,1.07145,-0.00620325,2.0696
12.912,-0.00186269,1.06447,-0.00588396,2.06704,-0.0015705,1.07145,-0.00629447,2.0696
12.914,-0.00186269,1.0645,-0.00592957,2.06704,-0.00160703,1.07145,-0.00629447,2.06951
12.916,-0.00186269,1.0645,-0.00592957,2.06704,-0.00160703,1.07145,-0.00629447,2.0696
12.918,-0.00186269,1.06447,-0.00588396,2.06704,-0.00160703,1.07142,-0.00634008,2.06951
12.92,-0.00186269,1.06447,-0.00588396,2.06704,-0.00160703,1.07142,-0.00634008,2.06951
12.922,-0.00186269,1.0645,-0.00592957,2.06704,-0.00160703,1.07142,-0.00634008,2.0696
12.924,-0.00186269,1.0645,-0.00592957,2.06704,-0.00164355,1.07145,-0.00629447,2.06951
12.926,-0.00186269,1.06447,-0.00588396,2.06695,-0.00160703,1.07145,-0.00629447,2.0696
12.928,-0.00186269,1.06447,-0.00588396,2.06704,-0.00160703,1.07142,-0.00624886,2.0696
12.93,-0.00186269,1.0645,-0.00592957,2.06704,-0.0015705,1.07142,-0.00624886,2.06951
12.932,-0.00186269,1.0645,-0.00592957,2.06704,-0.00160703,1.07145,-0.00629447,2.06951
12.934,-0.00186269,1.0645,-0.00592957,2.06704,-0.00164355,1.07145,-0.00629447,2.06951
12.936,-0.00186269,1.06447,-0.00588396,2.06704,-0.00160703,1.07142,-0.00624886,2.0696
12.938,-0.00186269,1.06447,-0.00588396,2.06704,-0.00164355,1.07142,-0.00624886,2.0696
12.94,-0.00186269,1.06447,-0.00588396,2.06704,-0.00164355,1.07145,-0.00629447,2.06951
12.942,-0.00186269,1.0645,-0.00592957,2.06695,-0.00160703,1.07145,-0.00629447,2.0696
12.944,-0.00186269,1.0645,-0.00592957,2.06695,-0.00160703,1.07145,-0.00629447,2.06951
12.946,-0.00189921,1.06445,-0.00592957,2.06704,-0.0015705,1.07145,-0.00629447,2.06951
12.948,-0.00186269,1.0645,-0.00592957,2.06704,-0.00164355,1.07142,-0.00634008,2.0696
12.95,-0.00186269,1.0645,-0.00592957,2.06704,-0.00160703,1.07145,-0.00629447,2.06951
12.952,-0.00186269,1.0645,-0.00592957,2.06704,-0.00160703,1.07145,-0.00629447,2.06951
12.954,-0.00186269,1.0645,-0.00592957,2.06704,-0.00160703,1.0714,-0.00629447,2.0696
12.956,-0.00186269,1.06447,-0.00588396,2.06704,-0.00164355,1.07145,-0.00629447,2.06951
12.958,-0.00186269,1.0645,-0.00592957,2.06695,-0.00160703,1.07145,-0.00629447,2.0696
12.96,-0.00186269,1.06447,-0.00588396,2.06695,-0.00160703,1.07142,-0.00624886,2.06951
12.962,-0.00186269,1.0645,-0.00592957,2.06695,-0.0015705,1.07142,-0.00624886,2.06951
12.964,-0.00186269,1.0645,-0.00592957,2.06704,-0.00160703,1.07145,-0.00629447,2.06951
12.966,-0.00186269,1.06447,-0.00588396,2.06704,-0.0015705,1.07142,-0.00624886,2.06951
12.968,-0.00189921,1.06447,-0.00588396,2.06704,-0.00164355,1.07145,-0.00629447,2.06951
12.97,-0.00186269,1.0645,-0.00592957,2.06704,-0.0015705,1.07145,-0.00629447,2.06951
12.972,-0.00186269,1.0645,-0.00592957,2.06704,-0.0015705,1.07145,-0.00629447,2.0696
12.974,-0.00186269,1.0645,-0.00592957,2.06704,-0.0015705,1.07148,-0.00624886,2.0696
12.976,-0.00186269,1.0645,-0.00592957,2.06695,-0.00160703,1.07145,-0.00629447,2.06943
12.978,-0.00186269,1.0645,-0.00592957,2.06704,-0.0015705,1.07145,-0.00629447,2.06951
12.98,-0.00186269,1.0645,-0.00592957,2.06704,-0.00160703,1.07142,-0.00624886,2.0696
12.982,-0.00189921,1.06447,-0.00588396,2.06704,-0.00160703,1.07142,-0.00624886,2.06951
12.984,-0.00186269,1.06447,-0.00588396,2.06712,-0.0015705,1.07142,-0.00634008,2.06951
12.986,-0.00186269,1.0645,-0.00592957,2.06704,-0.0015705,1.07145,-0.00629447,2.0696
12.988,-0.00186269,1.0645,-0.00592957,2.06704,-0.00164355,1.07142,-0.00634008,2.0696
12.99,-0.00186269,1.06447,-0.00588396,2.06704,-0.00160703,1.07145,-0.00629447,2.0696
12.992,-0.00189921,1.06447,-0.00588396,2.06704,-0.00160703,1.07145,-0.00629447,2.06951
12.994,-0.00186269,1.0645,-0.00592957,2.06695,-0.00160703,1.07145,-0.00629447,2.06951
12.996,-0.00186269,1.0645,-0.00592957,2.06704,-0.00160703,1.07142,-0.00634008,2.06951
12.998,-0.00186269,1.0645,-0.00592957,2.06704,-0.00164355,1.0714,-0.00629447,2.0696
13,-0.00189921,1.06447,-0.00588396,2.06704,-0.0015705,1.07142,-0.00634008,2.06951
13.002,-0.00189921,1.0645,-0.00592957,2.06712,-0.00160703,1.07145,-0.00629447,2.06951
13.004,-0.00186269,1.0645,-0.00592957,2.06704,-0.00160703,1.07142,-0.00634008,2.06951
13.006,-0.00186269,1.06447,-0.00588396,2.06695,-0.00160703,1.07142,-0.00634008,2.06951
13.008,-0.00186269,1.06447,-0.00588396,2.06695,-0.00160703,1.07145,-0.00629447,2.06951
13.01,-0.00186269,1.0645,-0.00592957,2.06695,-0.00164355,1.07145,-0.00629447,2.06951
13.012,-0.00186269,1.0645,-0.00592957,2.06695,-0.00160703,1.07142,-0.00634008,2.06951
13.014,-0.00186269,1.0645,-0.00592957,2.06704,-0.00160703,1.07145,-0.00629447,2.06951
13.016,-0.00189921,1.0645,-0.00592957,2.06704,-0.00160703,1.07145,-0.00629447,2.0696
13.018,-0.00186269,1.0645,-0.00592957,2.06712,-0.00164355,1.07145,-0.00629447,2.06951
13.02,-0.00189921,1.0645,-0.00592957,2.06704,-0.00160703,1.07145,-0.00629447,2.0696
13.022,-0.00186269,1.0645,-0.00592957,2.06704,-0.00160703,1.07145,-0.00629447,2.06951
13.024,-0.00186269,1.0645,-0.00592957,2.06704,-0.00160703,1.07145,-0.00629447,2.0696
13.026,-0.00186269,1.0645,-0.00592957,2.06695,-0.00160703,1.07145,-0.00629447,2.0696
13.028,-0.00186269,1.0645,-0.00592957,2.06704,-0.0015705,1.07142,-0.00624886,2.0696
13.03,-0.00186269,1.06447,-0.00588396,2.06704,-0.00160703,1.07142,-0.00624886,2.06951
13.032,-0.00186269,1.0645,-0.00592957,2.06704,-0.0015705,1.07142,-0.00624886,2.0696
13.034,-0.00186269,1.0645,-0.00592957,2.06712,-0.00160703,1.07145,-0.00629447,2.06951
13.036,-0.00186269,1.0645,-0.00592957,2.06712,-0.00160703,1.0714,-0.00629447,2.06951
13.038,-0.00186269,1.06447,-0.00588396,2.06704,-0.00160703,1.07145,-0.00629447,2.0696
13.04,-0.00189921,1.06447,-0.00588396,2.06704,-0.00160703,1.07145,-0.00629447,2.0696
13.042,-0.00186269,1.0645,-0.00592957,2.06695,-0.00160703,1.07145,-0.00629447,2.06951
13.044,-0.00186269,1.06447,-0.00588396,2.06704,-0.00160703,1.07142,-0.00624886,2.06951
13.046,-0.00186269,1.06447,-0.00588396,2.06704,-0.00160703,1.07142,-0.00624886,2.06951
13.048,-0.00186269,1.0645,-0.00592957,2.06712,-0.00160703,1.07142,-0.00624886,2.06951
13.05,-0.00186269,1.0645,-0.00592957,2.06704,-0.00160703,1.07145,-0.00629447,2.06951
13.052,-0.00189921,1.0645,-0.00592957,2.06704,-0.00164355,1.07145,-0.00629447,2.0696
13.054,-0.00186269,1.06447,-0.00588396,2.06695,-0.00164355,1.07142,-0.00634008,2.0696
13.056,-0.00186269,1.06447,-0.00588396,2.06695,-0.00160703,1.07142,-0.00624886,2.06951
13.058,-0.00186269,1.0645,-0.00592957,2.06695,-0.00160703,1.07145,-0.00629447,2.0696
13.06,-0.00186269,1.0645,-0.00592957,2.06695,-0.0015705,1.07142,-0.00624886,2.06951
13.062,-0.00186269,1.0645,-0.00592957,2.06704,-0.00160703,1.07142,-0.00624886,2.06951
13.064,-0.00186269,1.0645,-0.00592957,2.06704,-0.00160703,1.07145,-0.00629447,2.06951
13.066,-0.00186269,1.06447,-0.00588396,2.06704,-0.0015705,1.07145,-0.00629447,2.06951
13.068,-0.00189921,1.06447,-0.00588396,2.06704,-0.0015705,1.07145,-0.00629447,2.0696
13.07,-0.00186269,1.0645,-0.00592957,2.06695,-0.0015705,1.07145,-0.00629447,2.0696
13.072,-0.00186269,1.0645,-0.00592957,2.06695,-0.00160703,1.07145,-0.00629447,2.06951
13.074,-0.00186269,1.0645,-0.00592957,2.06695,-0.00160703,1.07142,-0.00624886,2.06951
13.076,-0.00186269,1.0645,-0.00592957,2.06695,-0.00160703,1.07142,-0.00624886,2.06951
13.078,-0.00189921,1.0645,-0.00592957,2.06704,-0.0015705,1.07142,-0.00624886,2.06951
13.08,-0.00186269,1.06447,-0.00588396,2.06704,-0.00160703,1.07145,-0.00629447,2.06951
13.082,-0.00186269,1.06447,-0.00588396,2.06704,-0.0015705,1.07145,-0.00629447,2.06951
13.084,-0.00186269,1.0645,-0.00592957,2.06704,-0.00160703,1.07142,-0.00624886,2.06951
13.086,-0.00186269,1.06447,-0.00588396,2.06704,-0.00160703,1.07148,-0.00624886,2.0696
13.088,-0.00189921,1.0645,-0.00592957,2.06704,-0.00153398,1.07145,-0.00629447,2.0696
13.09,-0.00186269,1.06447,-0.00588396,2.06704,-0.00160703,1.07142,-0.00624886,2.0696
13.092,-0.00186269,1.0645,-0.00592957,2.06704,-0.00160703,1.07145,-0.00629447,2.06951
13.094,-0.00189921,1.0645,-0.00592957,2.06704,-0.00164355,1.07145,-0.00629447,2.0696
13.096,-0.00186269,1.0645,-0.00592957,2.06704,-0.00160703,1.07145,-0.00629447,2.06951
13.098,-0.00186269,1.06447,-0.00588396,2.06704,-0.00160703,1.07142,-0.00634008,2.06951
13.1,-0.00186269,1.06447,-0.00588396,2.06704,-0.0015705,1.07145,-0.00629447,2.06951
13.102,-0.00186269,1.0645,-0.00592957,2.06704,-0.0015705,1.07145,-0.00629447,2.06951
13.104,-0.00186269,1.06447,-0.00588396,2.06704,-0.00160703,1.07145,-0.00629447,2.0696
13.106,-0.00186269,1.06447,-0.00588396,2.06695,-0.00160703,1.07145,-0.00629447,2.06951
13.108,-0.00186269,1.0645,-0.00592957,2.06695,-0.00160703,1.07142,-0.00624886,2.06951
13.11,-0.00186269,1.0645,-0.00592957,2.06704,-0.00164355,1.07145,-0.00629447,2.06951
13.112,-0.00186269,1.0645,-0.00592957,2.06704,-0.00160703,1.07145,-0.00620325,2.0696
13.114,-0.00189921,1.0645,-0.00592957,2.06704,-0.00168007,1.07145,-0.00629447,2.06951
13.116,-0.00189921,1.0645,-0.00592957,2.06704,-0.00160703,1.07145,-0.00629447,2.06951
13.118,-0.00189921,1.06447,-0.00588396,2.06704,-0.00160703,1.07145,-0.00629447,2.06951
13.12,-0.00189921,1.0645,-0.00592957,2.06695,-0.0015705,1.07145,-0.00629447,2.0696
13.122,-0.00186269,1.0645,-0.00592957,2.06704,-0.00160703,1.0714,-0.00629447,2.0696
13.124,-0.00186269,1.0645,-0.00592957,2.06704,-0.00160703,1.07142,-0.00624886,2.06951
13.126,-0.00186269,1.0645,-0.00592957,2.06695,-0.00160703,1.07145,-0.00629447,2.06943
13.128,-0.00186269,1.06447,-0.00588396,2.06704,-0.00164355,1.07148,-0.00624886,2.06951
13.13,-0.00186269,1.0645,-0.00592957,2.06704,-0.00160703,1.07148,-0.00624886,2.06951
13.132,-0.00186269,1.0645,-0.00592957,2.06704,-0.0015705,1.07145,-0.00629447,2.0696
13.134,-0.00189921,1.0645,-0.00592957,2.06704,-0.00160703,1.07145,-0.00629447,2.0696
13.136,-0.00189921,1.06447,-0.00588396,2.06704,-0.0015705,1.07148,-0.00624886,2.06951
13.138,-0.00186269,1.0645,-0.00592957,2.06704,-0.0015705,1.07145,-0.00629447,2.06951
13.14,-0.00186269,1.0645,-0.00592957,2.06704,-0.00160703,1.07142,-0.00624886,2.06951
13.142,-0.00186269,1.0645,-0.00592957,2.06704,-0.00160703,1.07145,-0.00629447,2.06951
13.144,-0.00186269,1.06447,-0.00588396,2.06704,-0.00160703,1.07145,-0.00629447,2.0696
13.146,-0.00186269,1.06447,-0.00588396,2.06704,-0.0015705,1.07148,-0.00624886,2.0696
13.148,-0.00186269,1.0645,-0.00592957,2.06704,-0.0015705,1.07145,-0.00629447,2.0696
13.15,-0.00186269,1.0645,-0.00592957,2.06704,-0.00160703,1.07145,-0.00629447,2.06951
13.152,-0.00186269,1.0645,-0.00592957,2.06704,-0.00160703,1.07142,-0.00624886,2.06951
13.154,-0.00189921,1.06447,-0.00588396,2.06704,-0.0015705,1.07145,-0.00629447,2.06951
13.156,-0.00186269,1.06447,-0.00588396,2.06704,-0.00160703,1.07145,-0.00629447,2.06951
13.158,-0.00186269,1.0645,-0.00592957,2.06704,-0.0015705,1.07142,-0.00624886,2.06951
13.16,-0.00186269,1.0645,-0.00592957,2.06704,-0.00160703,1.07145,-0.00629447,2.06951
13.162,-0.00186269,1.0645,-0.00592957,2.06704,-0.00164355,1.07145,-0.00629447,2.0696
13.164,-0.00186269,1.06447,-0.00588396,2.06704,-0.0015705,1.0714,-0.00629447,2.06951
13.166,-0.00186269,1.06447,-0.00588396,2.06704,-0.00160703,1.07145,-0.00629447,2.06951
13.168,-0.00186269,1.06447,-0.00588396,2.06704,-0.00160703,1.0714,-0.00629447,2.06951
13.17,-0.00186269,1.0645,-0.00592957,2.06704,-0.00160703,1.0714,-0.00629447,2.06951
13.172,-0.00186269,1.0645,-0.00592957,2.06704,-0.00160703,1.07142,-0.00624886,2.06951
13.174,-0.00186269,1.0645,-0.00592957,2.06704,-0.00160703,1.07145,-0.00629447,2.06951
13.176,-0.00186269,1.06447,-0.00588396,2.06704,-0.0015705,1.07142,-0.00634008,2.0696
13.178,-0.00186269,1.06445,-0.00592957,2.06704,-0.00160703,1.07145,-0.00629447,2.0696
13.18,-0.00186269,1.0645,-0.00592957,2.06704,-0.00160703,1.07145,-0.00629447,2.06951
13.182,-0.00186269,1.0645,-0.00592957,2.06704,-0.00160703,1.07145,-0.00629447,2.06951
13.184,-0.00186269,1.0645,-0.00592957,2.06712,-0.00160703,1.07142,-0.00624886,2.06951
13.186,-0.00186269,1.06447,-0.00588396,2.06704,-0.00160703,1.07142,-0.00634008,2.06951
13.188,-0.00186269,1.06447,-0.00588396,2.06704,-0.00164355,1.07142,-0.00634008,2.0696
13.19,-0.00186269,1.0645,-0.00592957,2.06695,-0.00160703,1.07145,-0.00629447,2.06951
13.192,-0.00186269,1.0645,-0.00592957,2.06704,-0.00164355,1.07142,-0.00624886,2.06951
13.194,-0.00186269,1.06447,-0.00588396,2.06695,-0.00160703,1.07142,-0.00634008,2.06951
13.196,-0.00186269,1.0645,-0.00592957,2.06704,-0.00160703,1.07142,-0.00634008,2.06951
13.198,-0.00186269,1.0645,-0.00592957,2.06704,-0.00160703,1.07145,-0.00629447,2.06951
13.2,-0.00186269,1.06447,-0.00588396,2.06704,-0.00160703,1.07145,-0.00629447,2.0696
13.202,-0.00186269,1.0645,-0.00592957,2.06704,-0.00160703,1.07145,-0.00629447,2.0696
13.204,-0.00186269,1.0645,-0.00592957,2.06704,-0.00160703,1.07145,-0.00629447,2.06951
13.206,-0.00186269,1.0645,-0.00592957,2.06704,-0.00160703,1.07145,-0.00629447,2.06951
13.208,-0.00186269,1.0645,-0.00592957,2.06704,-0.00164355,1.07142,-0.00624886,2.06951
13.21,-0.00186269,1.0645,-0.00592957,2.06704,-0.00160703,1.07145,-0.00629447,2.0696
13.212,-0.00186269,1.06447,-0.00588396,2.06704,-0.00164355,1.07145,-0.00629447,2.06951
13.214,-0.00186269,1.0645,-0.00592957,2.06695,-0.00164355,1.07145,-0.00629447,2.0696
13.216,-0.00186269,1.0645,-0.00592957,2.06704,-0.0015705,1.07142,-0.00634008,2.0696
13.218,-0.00186269,1.06447,-0.00588396,2.06704,-0.00160703,1.07142,-0.00624886,2.0696
13.22,-0.00186269,1.06447,-0.00588396,2.06704,-0.00160703,1.07145,-0.00629447,2.06951
13.222,-0.00186269,1.0645,-0.00592957,2.06704,-0.00160703,1.0714,-0.00629447,2.06951
13.224,-0.00189921,1.0645,-0.00592957,2.06704,-0.00160703,1.07145,-0.00629447,2.0696
13.226,-0.00186269,1.06447,-0.00588396,2.06704,-0.00160703,1.07145,-0.00629447,2.0696
13.228,-0.00186269,1.06447,-0.00588396,2.06704,-0.0015705,1.07145,-0.00629447,2.06951
13.23,-0.00186269,1.06447,-0.00588396,2.06704,-0.0015705,1.07142,-0.00634008,2.0696
13.232,-0.00189921,1.06447,-0.00588396,2.06704,-0.00160703,1.07142,-0.00624886,2.06951
13.234,-0.00186269,1.0645,-0.00592957,2.06704,-0.00160703,1.07145,-0.00629447,2.06951
13.236,-0.00186269,1.0645,-0.00592957,2.06704,-0.00164355,1.07142,-0.00624886,2.06951
13.238,-0.00186269,1.06447,-0.00588396,2.06704,-0.0015705,1.07142,-0.00624886,2.0696
13.24,-0.00186269,1.06447,-0.00588396,2.06695,-0.00160703,1.07145,-0.00629447,2.06951
13.242,-0.00189921,1.06447,-0.00588396,2.06704,-0.00164355,1.07145,-0.00629447,2.0696
13.244,-0.00186269,1.06447,-0.00588396,2.06704,-0.0015705,1.07145,-0.00629447,2.06951
13.246,-0.00186269,1.0645,-0.00592957,2.06704,-0.00160703,1.0714,-0.00629447,2.06943
13.248,-0.00186269,1.0645,-0.00592957,2.06704,-0.00160703,1.07145,-0.00629447,2.0696
13.25,-0.00186269,1.0645,-0.00592957,2.06704,-0.00164355,1.07142,-0.00624886,2.06951
13.252,-0.00189921,1.0645,-0.00592957,2.06704,-0.00160703,1.07142,-0.00624886,2.0696
13.254,-0.00186269,1.06447,-0.00588396,2.06704,-0.00160703,1.07142,-0.00624886,2.06951
13.256,-0.00186269,1.06447,-0.00588396,2.06704,-0.00160703,1.07145,-0.00629447,2.06951
13.258,-0.00186269,1.0645,-0.00592957,2.06704,-0.00160703,1.07142,-0.00624886,2.06951
13.26,-0.00186269,1.0645,-0.00592957,2.06704,-0.00164355,1.07145,-0.00629447,2.06951
13.262,-0.00186269,1.0645,-0.00592957,2.06704,-0.00160703,1.07142,-0.00624886,2.0696
13.264,-0.00186269,1.0645,-0.00592957,2.06704,-0.0015705,1.0714,-0.00629447,2.0696
13.266,-0.00189921,1.06447,-0.00588396,2.06704,-0.0015705,1.07145,-0.00629447,2.0696
13.268,-0.00186269,1.06447,-0.00588396,2.06704,-0.00160703,1.07145,-0.00629447,2.06951
13.27,-0.00189921,1.0645,-0.00592957,2.06704,-0.00160703,1.07145,-0.00629447,2.0696
13.272,-0.00186269,1.0645,-0.00592957,2.06704,-0.00160703,1.07142,-0.00624886,2.06951
13.274,-0.00186269,1.06447,-0.00588396,2.06704,-0.00160703,1.07145,-0.00629447,2.06951
13.276,-0.00186269,1.06447,-0.00588396,2.06695,-0.00160703,1.07145,-0.00629447,2.06951
13.278,-0.00186269,1.0645,-0.00592957,2.06704,-0.00160703,1.07145,-0.00629447,2.06951
13.28,-0.00186269,1.06447,-0.00588396,2.06695,-0.00160703,1.07145,-0.00629447,2.0696
13.282,-0.00186269,1.0645,-0.00592957,2.06704,-0.00164355,1.07145,-0.00629447,2.0696
13.284,-0.00186269,1.0645,-0.00592957,2.06704,-0.00160703,1.07145,-0.00629447,2.0696
13.286,-0.00189921,1.06447,-0.00588396,2.06704,-0.0015705,1.07142,-0.00624886,2.06951
13.288,-0.00186269,1.06447,-0.00588396,2.06704,-0.00160703,1.0714,-0.00629447,2.06951
13.29,-0.00189921,1.06447,-0.00588396,2.06704,-0.0015705,1.07145,-0.00629447,2.06951
13.292,-0.00186269,1.0645,-0.00592957,2.06704,-0.0015705,1.07145,-0.00629447,2.0696
13.294,-0.00186269,1.0645,-0.00592957,2.06704,-0.00160703,1.07142,-0.00624886,2.0696
13.296,-0.00186269,1.06447,-0.00588396,2.06695,-0.00164355,1.07142,-0.00624886,2.0696
13.298,-0.00189921,1.06447,-0.00588396,2.06704,-0.00160703,1.07142,-0.00624886,2.06951
13.3,-0.00186269,1.0645,-0.00592957,2.06704,-0.00160703,1.07142,-0.00634008,2.06951
13.302,-0.00186269,1.0645,-0.00592957,2.06704,-0.0015705,1.07145,-0.00629447,2.06951
13.304,-0.00186269,1.0645,-0.00592957,2.06712,-0.00164355,1.07142,-0.00624886,2.06951
13.306,-0.00189921,1.06447,-0.00588396,2.06712,-0.00160703,1.07142,-0.00634008,2.0696
13.308,-0.00186269,1.06447,-0.00588396,2.06704,-0.00160703,1.07145,-0.00629447,2.0696
13.31,-0.00186269,1.06447,-0.00588396,2.06704,-0.00164355,1.07142,-0.00624886,2.06951
13.312,-0.00186269,1.0645,-0.00592957,2.06704,-0.00160703,1.0714,-0.00629447,2.06951
13.314,-0.00186269,1.0645,-0.00592957,2.06704,-0.0015705,1.07142,-0.00634008,2.06951
13.316,-0.00186269,1.0645,-0.00592957,2.06704,-0.00160703,1.07142,-0.00624886,2.06951
13.318,-0.00186269,1.06447,-0.00588396,2.06704,-0.00160703,1.07142,-0.00634008,2.06951
13.32,-0.00186269,1.06447,-0.00588396,2.06704,-0.00164355,1.07145,-0.00629447,2.06951
13.322,-0.00186269,1.0645,-0.00592957,2.06704,-0.00160703,1.07142,-0.00624886,2.06951
13.324,-0.00186269,1.06447,-0.00588396,2.06704,-0.00160703,1.07142,-0.00624886,2.06951
13.326,-0.00186269,1.06447,-0.00588396,2.06704,-0.00160703,1.07145,-0.00629447,2.0696
13.328,-0.00186269,1.0645,-0.00592957,2.06695,-0.00160703,1.0714,-0.00629447,2.06951
13.33,-0.00186269,1.0645,-0.00592957,2.06704,-0.00160703,1.07145,-0.00629447,2.0696
13.332,-0.00186269,1.06447,-0.00588396,2.06704,-0.00160703,1.07145,-0.00629447,2.06951
13.334,-0.00186269,1.06447,-0.00588396,2.06695,-0.0015705,1.07142,-0.00624886,2.06943
13.336,-0.00186269,1.0645,-0.00592957,2.06704,-0.00160703,1.07142,-0.00624886,2.06951
13.338,-0.00186269,1.0645,-0.00592957,2.06704,-0.00164355,1.07145,-0.00629447,2.06951
13.34,-0.00186269,1.06447,-0.00588396,2.06704,-0.00160703,1.07145,-0.00629447,2.0696
13.342,-0.00189921,1.0645,-0.00592957,2.06704,-0.0015705,1.07145,-0.00629447,2.0696
13.344,-0.00186269,1.06447,-0.00588396,2.06695,-0.00160703,1.07145,-0.00629447,2.06951
13.346,-0.00186269,1.0645,-0.00592957,2.06704,-0.00160703,1.07148,-0.00624886,2.06951
13.348,-0.00189921,1.0645,-0.00592957,2.06704,-0.0015705,1.07145,-0.00629447,2.0696
13.35,-0.00186269,1.0645,-0.00592957,2.06704,-0.00160703,1.07142,-0.00634008,2.06951
13.352,-0.00186269,1.0645,-0.00592957,2.06704,-0.00160703,1.07145,-0.00629447,2.06951
13.354,-0.00186269,1.0645,-0.00592957,2.06704,-0.00160703,1.07142,-0.00624886,2.0696
13.356,-0.00186269,1.0645,-0.00592957,2.06704,-0.00160703,1.07142,-0.00624886,2.06951
13.358,-0.00186269,1.06447,-0.00588396,2.06704,-0.0015705,1.07142,-0.00624886,2.0696
13.36,-0.00189921,1.0645,-0.00592957,2.06704,-0.00160703,1.07142,-0.00624886,2.06951
13.362,-0.00189921,1.0645,-0.00592957,2.06704,-0.00160703,1.07142,-0.00634008,2.06951
13.364,-0.00189921,1.06447,-0.00588396,2.06712,-0.00160703,1.07145,-0.00629447,2.06951
13.366,-0.00186269,1.0645,-0.00592957,2.06704,-0.00160703,1.07145,-0.00629447,2.06951
13.368,-0.00186269,1.06447,-0.00588396,2.06704,-0.00160703,1.07142,-0.00634008,2.06951
13.37,-0.00186269,1.06447,-0.00588396,2.06704,-0.00164355,1.07142,-0.00624886,2.06951
13.372,-0.00186269,1.0645,-0.00592957,2.06695,-0.00160703,1.07145,-0.00629447,2.06951
13.374,-0.00186269,1.0645,-0.00592957,2.06704,-0.00160703,1.07142,-0.00624886,2.0696
13.376,-0.00189921,1.0645,-0.00592957,2.06704,-0.00160703,1.07142,-0.00624886,2.06951
13.378,-0.00186269,1.0645,-0.00592957,2.06704,-0.00160703,1.07145,-0.00629447,2.0696
13.38,-0.00186269,1.0645,-0.00592957,2.06704,-0.00160703,1.07142,-0.00634008,2.06951
13.382,-0.00186269,1.06447,-0.00588396,2.06704,-0.0015705,1.07145,-0.00629447,2.0696
13.384,-0.00186269,1.06447,-0.00588396,2.06704,-0.00160703,1.07145,-0.00629447,2.06951
13.386,-0.00186269,1.0645,-0.00592957,2.06695,-0.00160703,1.07142,-0.00624886,2.06951
13.388,-0.00186269,1.0645,-0.00592957,2.06695,-0.0015705,1.0714,-0.00629447,2.06951
13.39,-0.00186269,1.0645,-0.00592957,2.06695,-0.00160703,1.07142,-0.00624886,2.0696
13.392,-0.00189921,1.0645,-0.00592957,2.06704,-0.00160703,1.0714,-0.00629447,2.06951
13.394,-0.00186269,1.0645,-0.00592957,2.06704,-0.00164355,1.07145,-0.00629447,2.06951
13.396,-0.00186269,1.06447,-0.00588396,2.06704,-0.00164355,1.0714,-0.00629447,2.06951
13.398,-0.00186269,1.06447,-0.00588396,2.06704,-0.00160703,1.07145,-0.00629447,2.06951
13.4,-0.00186269,1.0645,-0.00592957,2.06704,-0.00160703,1.07142,-0.00624886,2.0696
13.402,-0.00186269,1.0645,-0.00592957,2.06695,-0.00164355,1.0714,-0.00629447,2.06951
13.404,-0.00186269,1.0645,-0.00592957,2.06695,-0.00164355,1.07142,-0.00634008,2.06951
13.406,-0.00186269,1.0645,-0.00592957,2.06704,-0.0015705,1.0714,-0.00629447,2.06951
13.408,-0.00186269,1.06447,-0.00588396,2.06704,-0.00160703,1.07145,-0.00629447,2.06951
13.41,-0.00186269,1.06447,-0.00588396,2.06704,-0.00160703,1.07145,-0.00629447,2.0696
13.412,-0.00186269,1.06447,-0.00588396,2.06704,-0.00160703,1.07145,-0.00629447,2.0696
13.414,-0.00186269,1.0645,-0.00592957,2.06704,-0.00160703,1.07145,-0.00629447,2.06951
13.416,-0.00186269,1.0645,-0.00592957,2.06704,-0.00160703,1.07142,-0.00634008,2.06951
13.418,-0.00186269,1.0645,-0.00592957,2.06704,-0.00160703,1.07142,-0.00624886,2.06951
13.42,-0.00186269,1.06447,-0.00588396,2.06704,-0.00160703,1.07145,-0.00629447,2.06951
13.422,-0.00186269,1.0645,-0.00592957,2.06704,-0.0015705,1.07145,-0.00629447,2.06951
13.424,-0.00189921,1.0645,-0.00592957,2.06704,-0.00160703,1.07142,-0.00634008,2.0696
13.426,-0.00189921,1.06447,-0.00588396,2.06704,-0.00160703,1.07145,-0.00629447,2.06951
13.428,-0.00186269,1.0645,-0.00592957,2.06695,-0.0015705,1.07142,-0.00634008,2.0696
13.43,-0.00186269,1.0645,-0.00592957,2.06704,-0.00160703,1.07142,-0.00634008,2.06951
13.432,-0.00186269,1.06447,-0.00588396,2.06704,-0.00160703,1.07145,-0.00629447,2.06951
13.434,-0.00186269,1.06447,-0.00588396,2.06695,-0.00160703,1.07145,-0.00629447,2.06951
13.436,-0.00186269,1.0645,-0.00592957,2.06704,-0.00164355,1.07142,-0.00634008,2.06951
13.438,-0.00186269,1.0645,-0.00592957,2.06704,-0.00160703,1.07145,-0.00629447,2.06951
13.44,-0.00186269,1.0645,-0.00592957,2.06695,-0.00160703,1.07145,-0.00629447,2.06951
13.442,-0.00186269,1.0645,-0.00592957,2.06704,-0.00160703,1.07145,-0.00629447,2.0696
13.444,-0.00189921,1.06447,-0.00588396,2.06695,-0.00160703,1.07145,-0.00629447,2.06951
13.446,-0.00189921,1.06447,-0.00588396,2.06704,-0.00160703,1.07145,-0.00629447,2.06951
13.448,-0.00186269,1.0645,-0.00592957,2.06704,-0.0015705,1.07145,-0.00629447,2.06951
13.45,-0.00186269,1.0645,-0.00592957,2.06704,-0.00160703,1.07142,-0.00624886,2.06951
13.452,-0.00186269,1.0645,-0.00592957,2.06704,-0.00160703,1.07142,-0.00624886,2.06951
13.454,-0.00186269,1.06447,-0.00588396,2.06704,-0.00164355,1.07142,-0.00624886,2.06951
13.456,-0.00186269,1.06447,-0.00588396,2.06704,-0.0015705,1.07142,-0.00634008,2.0696
13.458,-0.00186269,1.06447,-0.00588396,2.06704,-0.00160703,1.07145,-0.00629447,2.06951
13.46,-0.00186269,1.0645,-0.00592957,2.06704,-0.00160703,1.07142,-0.00624886,2.0696
13.462,-0.00189921,1.0645,-0.00592957,2.06695,-0.00160703,1.07142,-0.00624886,2.0696
13.464,-0.00189921,1.06447,-0.00588396,2.06704,-0.00160703,1.07142,-0.00624886,2.06951
13.466,-0.00186269,1.0645,-0.00592957,2.06704,-0.00160703,1.07142,-0.00624886,2.06951
13.468,-0.00186269,1.06447,-0.00588396,2.06704,-0.00160703,1.07142,-0.00624886,2.06951
13.47,-0.00186269,1.06447,-0.00588396,2.06704,-0.0015705,1.07145,-0.00629447,2.06951
13.472,-0.00186269,1.0645,-0.00592957,2.06704,-0.00164355,1.07142,-0.00624886,2.0696
13.474,-0.00186269,1.0645,-0.00592957,2.06695,-0.0015705,1.07142,-0.00624886,2.06951
13.476,-0.00186269,1.06447,-0.00588396,2.06695,-0.00160703,1.07142,-0.00624886,2.0696
13.478,-0.00186269,1.06447,-0.00588396,2.06704,-0.00164355,1.07142,-0.00634008,2.06951
13.48,-0.00186269,1.06447,-0.00588396,2.06704,-0.00160703,1.07142,-0.00624886,2.06951
13.482,-0.00186269,1.0645,-0.00592957,2.06704,-0.00160703,1.07145,-0.00629447,2.0696
13.484,-0.00186269,1.0645,-0.00592957,2.06704,-0.0015705,1.0714,-0.00629447,2.06951
13.486,-0.00186269,1.06447,-0.00588396,2.06704,-0.00160703,1.0714,-0.00629447,2.0696
13.488,-0.00186269,1.0645,-0.00592957,2.06704,-0.00164355,1.07142,-0.00624886,2.06951
13.49,-0.00186269,1.0645,-0.00592957,2.06704,-0.00160703,1.0714,-0.00629447,2.06951
13.492,-0.00186269,1.06447,-0.00588396,2.06704,-0.0015705,1.07145,-0.00629447,2.06951
13.494,-0.00186269,1.06447,-0.00588396,2.06704,-0.00160703,1.07145,-0.00629447,2.06951
13.496,-0.00186269,1.06447,-0.00588396,2.06704,-0.0015705,1.07142,-0.00634008,2.06951
13.498,-0.00186269,1.0645,-0.00592957,2.06695,-0.00160703,1.07142,-0.00634008,2.0696
13.5,-0.00186269,1.06447,-0.00588396,2.06704,-0.00164355,1.0714,-0.00629447,2.06951
13.502,-0.00186269,1.0645,-0.00592957,2.06704,-0.00160703,1.0714,-0.00629447,2.06951
13.504,-0.00186269,1.06447,-0.00588396,2.06704,-0.00160703,1.07142,-0.00624886,2.06951
13.506,-0.00186269,1.06447,-0.00588396,2.06704,-0.00160703,1.07142,-0.00624886,2.0696
13.508,-0.00186269,1.0645,-0.00592957,2.06704,-0.00164355,1.07145,-0.00629447,2.06951
13.51,-0.00186269,1.06447,-0.00588396,2.06704,-0.00164355,1.07142,-0.00634008,2.0696
13.512,-0.00186269,1.06447,-0.00588396,2.06695,-0.0015705,1.0714,-0.00629447,2.06951
13.514,-0.00189921,1.06447,-0.00588396,2.06695,-0.00160703,1.07142,-0.00634008,2.06951
13.516,-0.00186269,1.0645,-0.00592957,2.06695,-0.00160703,1.07145,-0.00629447,2.0696
13.518,-0.00186269,1.0645,-0.00592957,2.06695,-0.0015705,1.07142,-0.00624886,2.0696
13.52,-0.00186269,1.0645,-0.00592957,2.06704,-0.00160703,1.07145,-0.00629447,2.06951
13.522,-0.00186269,1.0645,-0.00592957,2.06695,-0.0015705,1.07145,-0.00629447,2.0696
13.524,-0.00186269,1.06447,-0.00588396,2.06704,-0.00164355,1.07148,-0.00624886,2.06951
13.526,-0.00186269,1.06447,-0.00588396,2.06695,-0.00160703,1.07145,-0.00629447,2.06951
13.528,-0.00186269,1.0645,-0.00592957,2.06695,-0.00160703,1.07145,-0.00629447,2.06951
13.53,-0.00189921,1.0645,-0.00592957,2.06695,-0.00160703,1.07145,-0.00629447,2.06951
13.532,-0.00189921,1.06453,-0.00588396,2.06704,-0.00160703,1.07145,-0.00620325,2.06951
13.534,-0.00189921,1.06447,-0.00588396,2.06704,-0.00160703,1.0714,-0.00629447,2.06951
13.536,-0.00186269,1.0645,-0.00592957,2.06704,-0.00160703,1.07145,-0.00629447,2.06951
13.538,-0.00186269,1.0645,-0.00592957,2.06704,-0.0015705,1.07145,-0.00629447,2.06951
13.54,-0.00186269,1.0645,-0.00592957,2.06704,-0.00160703,1.07145,-0.00629447,2.06951
13.542,-0.00186269,1.06447,-0.00588396,2.06695,-0.00164355,1.07145,-0.00629447,2.0696
13.544,-0.00186269,1.0645,-0.00592957,2.06704,-0.00160703,1.07145,-0.00629447,2.0696
13.546,-0.00186269,1.0645,-0.00592957,2.06704,-0.0015705,1.07145,-0.00629447,2.06951
13.548,-0.00189921,1.0645,-0.00592957,2.06704,-0.0015705,1.07142,-0.00624886,2.06951
13.55,-0.00189921,1.0645,-0.00592957,2.06704,-0.00160703,1.07142,-0.00624886,2.06951
13.552,-0.00186269,1.06447,-0.00588396,2.06704,-0.00164355,1.07142,-0.00624886,2.06951
13.554,-0.00186269,1.0645,-0.00592957,2.06704,-0.00164355,1.07145,-0.00629447,2.0696
13.556,-0.00186269,1.0645,-0.00592957,2.06704,-0.00160703,1.07145,-0.00629447,2.0696
13.558,-0.00186269,1.0645,-0.00592957,2.06704,-0.00160703,1.07142,-0.00634008,2.0696
13.56,-0.00186269,1.0645,-0.00592957,2.06704,-0.00160703,1.07142,-0.00634008,2.0696
13.562,-0.00186269,1.0645,-0.00592957,2.06704,-0.00160703,1.07142,-0.00624886,2.0696
13.564,-0.00189921,1.0645,-0.00592957,2.06704,-0.0015705,1.07142,-0.00634008,2.06951
13.566,-0.00189921,1.0645,-0.00592957,2.06704,-0.00160703,1.07142,-0.00624886,2.06951
13.568,-0.00189921,1.06447,-0.00588396,2.06704,-0.00160703,1.0714,-0.00629447,2.0696
13.57,-0.00186269,1.06447,-0.00588396,2.06704,-0.00160703,1.07145,-0.00629447,2.06951
13.572,-0.00186269,1.0645,-0.00592957,2.06704,-0.00160703,1.0714,-0.00629447,2.06951
13.574,-0.00186269,1.0645,-0.00592957,2.06695,-0.00160703,1.07142,-0.00634008,2.06951
13.576,-0.00186269,1.0645,-0.00592957,2.06704,-0.00164355,1.07145,-0.00629447,2.06951
13.578,-0.00186269,1.06447,-0.00588396,2.06704,-0.0015705,1.07145,-0.00629447,2.06951
13.58,-0.00186269,1.0645,-0.00592957,2.06704,-0.00160703,1.07145,-0.00629447,2.0696
13.582,-0.00186269,1.0645,-0.00592957,2.06704,-0.00160703,1.07148,-0.00624886,2.06951
13.584,-0.00186269,1.0645,-0.00592957,2.06704,-0.0015705,1.07145,-0.00629447,2.06951
13.586,-0.00189921,1.0645,-0.00592957,2.06695,-0.00164355,1.07145,-0.00629447,2.0696
13.588,-0.00186269,1.06447,-0.00588396,2.06704,-0.00160703,1.07145,-0.00629447,2.06951
13.59,-0.00186269,1.0645,-0.00592957,2.06695,-0.00164355,1.07145,-0.00629447,2.0696
13.592,-0.00189921,1.06447,-0.00588396,2.06695,-0.00164355,1.07142,-0.00624886,2.06951
13.594,-0.00186269,1.06447,-0.00588396,2.06704,-0.00160703,1.07142,-0.00624886,2.06951
13.596,-0.00186269,1.0645,-0.00592957,2.06704,-0.0015705,1.0714,-0.00629447,2.0696
13.598,-0.00186269,1.0645,-0.00592957,2.06704,-0.00160703,1.07142,-0.00624886,2.0696
13.6,-0.00186269,1.06447,-0.00588396,2.06704,-0.00160703,1.07145,-0.00629447,2.0696
13.602,-0.00186269,1.06447,-0.00588396,2.06704,-0.00160703,1.07142,-0.00624886,2.06951
13.604,-0.00186269,1.06447,-0.00588396,2.06704,-0.0015705,1.07145,-0.00629447,2.06951
13.606,-0.00186269,1.06445,-0.00592957,2.06704,-0.00160703,1.07142,-0.00634008,2.06951
13.608,-0.00186269,1.0645,-0.00592957,2.06704,-0.0015705,1.07142,-0.00624886,2.06951
13.61,-0.00189921,1.06447,-0.00588396,2.06704,-0.00160703,1.0714,-0.00629447,2.06951
13.612,-0.00189921,1.0645,-0.00592957,2.06704,-0.0015705,1.07142,-0.00624886,2.0696
13.614,-0.00186269,1.06447,-0.00588396,2.06704,-0.00160703,1.0714,-0.00629447,2.0696
13.616,-0.00186269,1.06447,-0.00588396,2.06704,-0.00160703,1.07142,-0.00634008,2.06951
13.618,-0.00186269,1.0645,-0.00592957,2.06704,-0.00160703,1.07145,-0.00629447,2.06951
13.62,-0.00186269,1.0645,-0.00592957,2.06704,-0.0015705,1.07145,-0.00629447,2.06951
13.622,-0.00186269,1.06447,-0.00588396,2.06704,-0.00160703,1.07142,-0.00624886,2.06951
13.624,-0.00189921,1.0645,-0.00592957,2.06704,-0.0015705,1.07142,-0.00624886,2.06951
13.626,-0.00186269,1.0645,-0.00592957,2.06704,-0.00160703,1.0714,-0.00629447,2.0696
13.628,-0.00189921,1.0645,-0.00592957,2.06695,-0.00160703,1.07142,-0.00634008,2.06951
13.63,-0.00186269,1.06447,-0.00588396,2.06704,-0.00160703,1.07142,-0.00624886,2.06951
13.632,-0.00186269,1.06447,-0.00588396,2.06695,-0.00160703,1.07145,-0.00629447,2.06951
13.634,-0.00186269,1.0645,-0.00592957,2.06695,-0.0015705,1.07145,-0.00629447,2.06951
13.636,-0.00186269,1.06447,-0.00588396,2.06704,-0.00160703,1.07145,-0.00629447,2.06951
13.638,-0.00186269,1.0645,-0.00592957,2.06704,-0.00160703,1.07145,-0.00629447,2.0696
13.64,-0.00186269,1.0645,-0.00592957,2.06704,-0.00160703,1.07142,-0.00624886,2.06951
13.642,-0.00186269,1.0645,-0.00592957,2.06695,-0.0015705,1.07142,-0.00624886,2.06951
13.644,-0.00186269,1.06447,-0.00588396,2.06704,-0.00160703,1.07145,-0.00629447,2.06951
13.646,-0.00186269,1.0645,-0.00592957,2.06704,-0.00160703,1.07142,-0.00634008,2.06951
13.648,-0.00186269,1.0645,-0.00592957,2.06704,-0.0015705,1.07145,-0.00629447,2.06951
13.65,-0.00186269,1.0645,-0.00592957,2.06704,-0.00160703,1.07145,-0.00629447,2.0696
13.652,-0.00186269,1.06447,-0.00588396,2.06704,-0.00160703,1.07145,-0.00629447,2.06951
13.654,-0.00186269,1.0645,-0.00592957,2.06704,-0.00160703,1.07142,-0.00624886,2.06951
13.656,-0.00186269,1.0645,-0.00592957,2.06704,-0.0015705,1.07142,-0.00624886,2.06951
13.658,-0.00186269,1.06447,-0.00588396,2.06704,-0.00160703,1.07142,-0.00624886,2.0696
13.66,-0.00186269,1.0645,-0.00592957,2.06704,-0.00160703,1.07145,-0.00629447,2.06951
13.662,-0.00186269,1.0645,-0.00592957,2.06704,-0.00160703,1.0714,-0.00629447,2.06951
13.664,-0.00186269,1.06447,-0.00588396,2.06704,-0.00164355,1.07145,-0.00629447,2.06951
13.666,-0.00186269,1.0645,-0.00592957,2.06704,-0.00160703,1.07145,-0.00629447,2.06951
13.668,-0.00186269,1.0645,-0.00592957,2.06704,-0.00160703,1.07145,-0.00629447,2.0696
13.67,-0.00186269,1.0645,-0.00592957,2.06695,-0.00160703,1.07142,-0.00624886,2.06951
13.672,-0.00189921,1.0645,-0.00592957,2.06704,-0.00164355,1.0714,-0.00629447,2.06951
13.674,-0.00186269,1.0645,-0.00592957,2.06704,-0.00160703,1.07142,-0.00624886,2.06951
13.676,-0.00189921,1.06447,-0.00588396,2.06704,-0.00160703,1.07142,-0.00624886,2.06951
13.678,-0.00186269,1.06447,-0.00588396,2.06704,-0.0015705,1.0714,-0.00629447,2.06951
13.68,-0.00186269,1.06447,-0.00588396,2.06704,-0.00160703,1.07142,-0.00624886,2.06951
13.682,-0.00186269,1.0645,-0.00592957,2.06704,-0.00164355,1.07142,-0.00634008,2.06951
13.684,-0.00186269,1.0645,-0.00592957,2.06695,-0.00164355,1.07142,-0.00634008,2.06951
13.686,-0.00186269,1.0645,-0.00592957,2.06704,-0.00164355,1.07145,-0.00629447,2.06951
13.688,-0.00186269,1.0645,-0.00592957,2.06704,-0.00160703,1.07145,-0.00629447,2.06951
13.69,-0.00186269,1.0645,-0.00592957,2.06704,-0.00160703,1.07145,-0.00629447,2.06951
13.692,-0.00189921,1.06447,-0.00588396,2.06704,-0.00160703,1.07142,-0.00634008,2.0696
13.694,-0.00189921,1.06447,-0.00588396,2.06704,-0.0015705,1.07142,-0.00624886,2.06951
13.696,-0.00186269,1.0645,-0.00592957,2.06704,-0.00164355,1.07142,-0.00634008,2.0696
13.698,-0.00186269,1.0645,-0.00592957,2.06704,-0.00160703,1.07142,-0.00624886,2.0696
13.7,-0.00186269,1.06447,-0.00588396,2.06704,-0.00160703,1.07142,-0.00624886,2.06951
13.702,-0.00186269,1.06447,-0.00588396,2.06704,-0.00160703,1.07145,-0.00629447,2.06951
13.704,-0.00186269,1.06447,-0.00588396,2.06704,-0.00160703,1.07145,-0.00629447,2.06951
13.706,-0.00186269,1.0645,-0.00592957,2.06704,-0.0015705,1.07145,-0.00629447,2.06951
13.708,-0.00186269,1.0645,-0.00592957,2.06704,-0.00160703,1.07142,-0.00624886,2.06951
13.71,-0.00189921,1.0645,-0.00592957,2.06704,-0.00160703,1.07145,-0.00629447,2.06951
13.712,-0.00186269,1.0645,-0.00592957,2.06704,-0.00160703,1.07145,-0.00629447,2.06951
13.714,-0.00186269,1.06447,-0.00588396,2.06704,-0.00160703,1.07145,-0.00629447,2.06951
13.716,-0.00186269,1.06447,-0.00588396,2.06704,-0.00160703,1.07145,-0.00629447,2.06951
13.718,-0.00186269,1.06447,-0.00588396,2.06695,-0.00160703,1.07142,-0.00624886,2.06951
13.72,-0.00186269,1.0645,-0.00592957,2.06704,-0.00160703,1.07145,-0.00629447,2.0696
13.722,-0.00186269,1.0645,-0.00592957,2.06704,-0.0015705,1.07142,-0.00624886,2.06951
13.724,-0.00186269,1.0645,-0.00592957,2.06695,-0.00160703,1.07142,-0.00634008,2.06951
13.726,-0.00186269,1.06447,-0.00588396,2.06704,-0.00164355,1.07145,-0.00629447,2.06951
13.728,-0.00186269,1.06447,-0.00588396,2.06704,-0.00160703,1.07142,-0.00634008,2.0696
13.73,-0.00186269,1.06447,-0.00588396,2.06704,-0.00160703,1.07142,-0.00634008,2.0696
13.732,-0.00186269,1.0645,-0.00592957,2.06695,-0.0015705,1.07142,-0.00624886,2.06951
13.734,-0.00186269,1.0645,-0.00592957,2.06704,-0.00160703,1.07142,-0.00624886,2.0696
13.736,-0.00189921,1.0645,-0.00592957,2.06695,-0.00160703,1.07142,-0.00624886,2.0696
13.738,-0.00186269,1.0645,-0.00592957,2.06704,-0.00164355,1.07145,-0.00629447,2.06951
13.74,-0.00189921,1.06447,-0.00588396,2.06712,-0.00160703,1.07145,-0.00629447,2.06951
13.742,-0.00186269,1.06447,-0.00588396,2.06704,-0.00164355,1.07145,-0.00629447,2.0696
13.744,-0.00186269,1.06447,-0.00588396,2.06704,-0.00164355,1.0714,-0.00629447,2.0696
13.746,-0.00186269,1.06447,-0.00588396,2.06704,-0.00160703,1.0714,-0.00629447,2.0696
13.748,-0.00186269,1.06447,-0.00588396,2.06704,-0.0015705,1.0714,-0.00629447,2.06951
13.75,-0.00186269,1.0645,-0.00592957,2.06704,-0.0015705,1.0714,-0.00629447,2.06951
13.752,-0.00189921,1.06447,-0.00588396,2.06695,-0.00164355,1.0714,-0.00629447,2.06951
13.754,-0.00186269,1.06447,-0.00588396,2.06704,-0.00160703,1.07142,-0.00624886,2.06951
13.756,-0.00186269,1.0645,-0.00583835,2.06704,-0.00160703,1.07145,-0.00629447,2.0696
13.758,-0.00186269,1.0645,-0.00592957,2.06712,-0.00164355,1.07145,-0.00629447,2.0696
13.76,-0.00186269,1.0645,-0.00592957,2.06704,-0.00160703,1.07145,-0.00629447,2.0696
13.762,-0.00186269,1.0645,-0.00592957,2.06704,-0.00164355,1.07142,-0.00624886,2.06951
13.764,-0.00189921,1.0645,-0.00592957,2.06704,-0.00164355,1.07145,-0.00629447,2.06951
13.766,-0.00186269,1.0645,-0.00592957,2.06704,-0.0015705,1.07145,-0.00629447,2.06951
13.768,-0.00186269,1.0645,-0.00592957,2.06704,-0.00164355,1.07145,-0.00629447,2.06951
13.77,-0.00186269,1.06447,-0.00588396,2.06704,-0.00164355,1.07142,-0.00634008,2.06951
13.772,-0.00186269,1.0645,-0.00592957,2.06704,-0.00160703,1.07145,-0.00629447,2.0696
13.774,-0.00186269,1.0645,-0.00592957,2.06704,-0.00160703,1.07142,-0.00634008,2.06951
13.776,-0.00186269,1.0645,-0.00592957,2.06704,-0.00160703,1.07142,-0.00624886,2.0696
13.778,-0.00186269,1.0645,-0.00592957,2.06704,-0.0015705,1.07142,-0.00624886,2.06951
13.78,-0.00186269,1.0645,-0.00592957,2.06704,-0.0015705,1.07145,-0.00629447,2.06951
13.782,-0.00186269,1.0645,-0.00592957,2.06704,-0.00160703,1.07145,-0.00629447,2.06951
13.784,-0.00189921,1.06447,-0.00588396,2.06704,-0.00160703,1.0714,-0.00629447,2.06951
13.786,-0.00186269,1.0645,-0.00592957,2.06704,-0.00160703,1.07145,-0.00629447,2.06951
13.788,-0.00186269,1.0645,-0.00592957,2.06704,-0.0015705,1.07145,-0.00629447,2.06951
13.79,-0.00186269,1.0645,-0.00592957,2.06704,-0.0015705,1.07145,-0.00629447,2.06951
13.792,-0.00186269,1.0645,-0.00592957,2.06704,-0.00160703,1.07145,-0.00629447,2.0696
13.794,-0.00186269,1.06447,-0.00588396,2.06704,-0.0015705,1.07145,-0.00629447,2.06951
13.796,-0.00186269,1.06447,-0.00588396,2.06704,-0.00160703,1.07142,-0.00634008,2.06951
13.798,-0.00186269,1.0645,-0.00592957,2.06704,-0.00160703,1.07142,-0.00634008,2.06951
13.8,-0.00186269,1.0645,-0.00592957,2.06704,-0.0015705,1.07142,-0.00634008,2.06951
13.802,-0.00189921,1.0645,-0.00592957,2.06704,-0.00160703,1.07142,-0.00624886,2.06951
13.804,-0.00189921,1.0645,-0.00592957,2.06704,-0.00160703,1.07142,-0.00624886,2.0696
13.806,-0.00189921,1.06447,-0.00588396,2.06704,-0.00160703,1.07142,-0.00624886,2.06951
13.808,-0.00186269,1.06447,-0.00588396,2.06704,-0.00164355,1.07145,-0.00629447,2.06951
13.81,-0.00186269,1.0645,-0.00592957,2.06704,-0.00160703,1.07142,-0.00634008,2.06951
13.812,-0.00186269,1.06447,-0.00588396,2.06704,-0.00160703,1.07142,-0.00624886,2.06951
13.814,-0.00189921,1.06447,-0.00588396,2.06704,-0.00160703,1.07142,-0.00624886,2.06951
13.816,-0.00186269,1.0645,-0.00592957,2.06704,-0.00160703,1.07142,-0.00624886,2.0696
13.818,-0.00186269,1.0645,-0.00592957,2.06704,-0.0015705,1.07142,-0.00634008,2.0696
13.82,-0.00189921,1.06447,-0.00588396,2.06704,-0.00160703,1.07145,-0.00629447,2.06951
13.822,-0.00186269,1.06447,-0.00588396,2.06704,-0.0015705,1.07142,-0.00624886,2.0696
13.824,-0.00186269,1.0645,-0.00592957,2.06704,-0.00164355,1.07145,-0.00629447,2.06951
13.826,-0.00186269,1.0645,-0.00592957,2.06695,-0.00160703,1.07142,-0.00624886,2.06951
13.828,-0.00186269,1.0645,-0.00592957,2.06695,-0.0015705,1.0714,-0.00629447,2.06951
13.83,-0.00186269,1.0645,-0.00592957,2.06704,-0.00160703,1.07145,-0.00629447,2.06951
13.832,-0.00189921,1.0645,-0.00592957,2.06695,-0.00160703,1.0714,-0.00629447,2.06951
13.834,-0.00186269,1.06447,-0.00588396,2.06704,-0.00160703,1.07145,-0.00629447,2.0696
13.836,-0.00186269,1.0645,-0.00592957,2.06695,-0.0015705,1.07145,-0.00629447,2.0696
13.838,-0.00186269,1.0645,-0.00592957,2.06704,-0.00160703,1.07145,-0.00629447,2.0696
13.84,-0.00186269,1.0645,-0.00592957,2.06704,-0.00164355,1.07145,-0.00629447,2.06951
13.842,-0.00186269,1.0645,-0.00592957,2.06704,-0.00164355,1.07145,-0.00629447,2.06951
13.844,-0.00186269,1.0645,-0.00592957,2.06704,-0.00160703,1.07142,-0.00634008,2.06951
13.846,-0.00186269,1.06447,-0.00588396,2.06695,-0.00160703,1.07142,-0.00624886,2.06951
13.848,-0.00186269,1.0645,-0.00583835,2.06704,-0.00160703,1.07145,-0.00629447,2.0696
13.85,-0.00189921,1.06447,-0.00588396,2.06704,-0.00160703,1.07148,-0.00624886,2.0696
13.852,-0.00186269,1.0645,-0.00592957,2.06704,-0.0015705,1.07145,-0.00620325,2.06951
13.854,-0.00186269,1.0645,-0.00592957,2.06704,-0.00160703,1.07145,-0.00629447,2.06951
13.856,-0.00186269,1.06447,-0.00588396,2.06704,-0.00160703,1.07145,-0.00629447,2.06951
13.858,-0.00186269,1.06447,-0.00588396,2.06704,-0.00160703,1.07142,-0.00634008,2.06951
13.86,-0.00186269,1.06447,-0.00588396,2.06704,-0.00160703,1.07145,-0.00629447,2.06951
13.862,-0.00186269,1.06447,-0.00588396,2.06704,-0.0015705,1.07142,-0.00624886,2.06951
13.864,-0.00186269,1.0645,-0.00592957,2.06704,-0.00160703,1.07142,-0.00624886,2.0696
13.866,-0.00186269,1.0645,-0.00592957,2.06704,-0.00160703,1.0714,-0.00629447,2.06951
13.868,-0.00189921,1.06447,-0.00588396,2.06704,-0.00160703,1.07142,-0.00624886,2.06951
13.87,-0.00186269,1.06447,-0.00588396,2.06704,-0.0015705,1.07145,-0.00629447,2.0696
13.872,-0.00186269,1.06447,-0.00588396,2.06704,-0.0015705,1.07145,-0.00629447,2.0696
13.874,-0.00186269,1.06447,-0.00588396,2.06704,-0.0015705,1.07145,-0.00629447,2.0696
13.876,-0.00186269,1.0645,-0.00592957,2.06704,-0.0015705,1.07142,-0.00634008,2.06951
13.878,-0.00186269,1.0645,-0.00592957,2.06704,-0.0015705,1.0714,-0.00629447,2.0696
13.88,-0.00186269,1.06447,-0.00588396,2.06704,-0.00160703,1.07142,-0.00624886,2.06951
13.882,-0.00186269,1.06447,-0.00588396,2.06704,-0.00160703,1.07145,-0.00629447,2.06951
13.884,-0.00186269,1.0645,-0.00592957,2.06704,-0.00164355,1.07145,-0.00629447,2.06951
13.886,-0.00186269,1.06447,-0.00588396,2.06704,-0.00160703,1.07145,-0.00629447,2.0696
13.888,-0.00186269,1.0645,-0.00592957,2.06704,-0.00160703,1.07142,-0.00634008,2.06951
13.89,-0.00186269,1.0645,-0.00592957,2.06704,-0.00164355,1.07142,-0.00634008,2.06951
13.892,-0.00189921,1.0645,-0.00592957,2.06704,-0.0015705,1.07145,-0.00629447,2.06951
13.894,-0.00189921,1.0645,-0.00592957,2.06704,-0.00160703,1.07145,-0.00629447,2.06951
13.896,-0.00189921,1.0645,-0.00592957,2.06704,-0.00160703,1.07145,-0.00629447,2.06951
13.898,-0.00186269,1.06447,-0.00588396,2.06695,-0.00164355,1.07142,-0.00624886,2.06951
13.9,-0.00186269,1.0645,-0.00592957,2.06704,-0.00160703,1.07145,-0.00629447,2.0696
13.902,-0.00186269,1.0645,-0.00592957,2.06704,-0.00160703,1.07145,-0.00629447,2.06951
13.904,-0.00186269,1.0645,-0.00592957,2.06704,-0.00160703,1.07142,-0.00624886,2.06951
13.906,-0.00189921,1.0645,-0.00592957,2.06704,-0.0015705,1.0714,-0.00629447,2.06951
13.908,-0.00189921,1.0645,-0.00592957,2.06704,-0.0015705,1.07145,-0.00629447,2.06951
13.91,-0.00186269,1.06447,-0.00588396,2.06704,-0.0015705,1.07142,-0.00624886,2.06951
13.912,-0.00186269,1.0645,-0.00592957,2.06704,-0.00160703,1.07145,-0.00629447,2.06951
13.914,-0.00186269,1.0645,-0.00592957,2.06704,-0.00160703,1.07145,-0.00629447,2.0696
13.916,-0.00186269,1.0645,-0.00592957,2.06695,-0.00160703,1.07142,-0.00624886,2.0696
13.918,-0.00186269,1.0645,-0.00592957,2.06695,-0.00160703,1.07142,-0.00634008,2.06951
13.92,-0.00186269,1.06447,-0.00588396,2.06695,-0.00160703,1.0714,-0.00629447,2.06951
13.922,-0.00186269,1.0645,-0.00592957,2.06704,-0.00160703,1.07142,-0.00624886,2.06951
13.924,-0.00189921,1.0645,-0.00592957,2.06704,-0.00160703,1.07145,-0.00629447,2.06951
13.926,-0.00186269,1.0645,-0.00592957,2.06704,-0.00160703,1.07142,-0.00624886,2.06951
13.928,-0.00186269,1.0645,-0.00592957,2.06704,-0.0015705,1.07145,-0.00629447,2.0696
13.93,-0.00186269,1.06447,-0.00588396,2.06695,-0.00160703,1.07145,-0.00629447,2.0696
13.932,-0.00186269,1.06447,-0.00588396,2.06695,-0.00160703,1.07145,-0.00629447,2.06951
13.934,-0.00186269,1.0645,-0.00592957,2.06695,-0.0015705,1.07142,-0.00624886,2.06951
13.936,-0.00186269,1.0645,-0.00592957,2.06695,-0.00160703,1.07142,-0.00624886,2.06951
13.938,-0.00186269,1.0645,-0.00592957,2.06704,-0.00160703,1.07145,-0.00629447,2.06951
13.94,-0.00186269,1.0645,-0.00592957,2.06704,-0.00160703,1.07145,-0.00629447,2.06951
13.942,-0.00186269,1.0645,-0.00592957,2.06704,-0.00160703,1.07145,-0.00629447,2.06968
13.944,-0.00186269,1.0645,-0.00592957,2.06704,-0.00164355,1.07145,-0.00629447,2.06951
13.946,-0.00189921,1.0645,-0.00592957,2.06704,-0.00160703,1.07145,-0.00629447,2.0696
13.948,-0.00189921,1.0645,-0.00592957,2.06695,-0.0015705,1.07145,-0.00629447,2.0696
13.95,-0.00186269,1.06447,-0.00588396,2.06704,-0.00160703,1.07145,-0.00629447,2.0696
13.952,-0.00186269,1.0645,-0.00592957,2.06704,-0.0015705,1.07142,-0.00634008,2.06951
13.954,-0.00186269,1.06447,-0.00588396,2.06704,-0.00164355,1.07142,-0.00624886,2.0696
13.956,-0.00186269,1.06447,-0.00588396,2.06704,-0.00160703,1.07145,-0.00629447,2.0696
13.958,-0.00182617,1.0645,-0.00592957,2.06704,-0.00160703,1.07142,-0.00624886,2.06951
13.96,-0.00186269,1.0645,-0.00592957,2.06695,-0.00160703,1.07145,-0.00629447,2.06951
13.962,-0.00189921,1.06447,-0.00588396,2.06695,-0.00160703,1.07145,-0.00629447,2.06951
13.964,-0.00189921,1.0645,-0.00592957,2.06695,-0.0015705,1.07145,-0.00629447,2.06951
13.966,-0.00189921,1.06447,-0.00588396,2.06704,-0.00160703,1.07145,-0.00629447,2.06951
13.968,-0.00189921,1.0645,-0.00592957,2.06704,-0.00160703,1.07142,-0.00634008,2.0696
13.97,-0.00186269,1.0645,-0.00592957,2.06704,-0.0015705,1.07145,-0.00629447,2.0696
13.972,-0.00186269,1.0645,-0.00592957,2.06704,-0.0015705,1.07145,-0.00629447,2.06951
13.974,-0.00186269,1.0645,-0.00592957,2.06704,-0.0015705,1.07145,-0.00629447,2.0696
13.976,-0.00186269,1.0645,-0.00592957,2.06704,-0.00160703,1.07145,-0.00629447,2.06951
13.978,-0.00189921,1.06447,-0.00588396,2.06704,-0.00164355,1.07145,-0.00629447,2.06951
13.98,-0.00186269,1.06447,-0.00588396,2.06704,-0.0015705,1.07145,-0.00629447,2.06951
13.982,-0.00189921,1.0645,-0.00592957,2.06704,-0.00164355,1.0714,-0.00629447,2.06951
13.984,-0.00186269,1.0645,-0.00592957,2.06704,-0.00160703,1.07145,-0.00629447,2.06951
13.986,-0.00186269,1.0645,-0.00592957,2.06704,-0.00160703,1.0714,-0.00629447,2.0696
13.988,-0.00189921,1.06447,-0.00588396,2.06704,-0.00164355,1.07142,-0.00634008,2.06951
13.99,-0.00186269,1.06447,-0.00588396,2.06704,-0.00160703,1.07142,-0.00624886,2.0696
13.992,-0.00189921,1.0645,-0.00592957,2.06704,-0.00160703,1.07142,-0.00634008,2.06951
13.994,-0.00186269,1.0645,-0.00592957,2.06695,-0.0015705,1.07142,-0.00634008,2.06951
13.996,-0.00186269,1.0645,-0.00592957,2.06695,-0.00160703,1.07142,-0.00634008,2.06951
13.998,-0.00186269,1.06447,-0.00588396,2.06704,-0.00164355,1.07145,-0.00629447,2.0696
14,-0.00186269,1.06447,-0.00588396,2.06704,-0.00164355,1.07145,-0.00629447,2.0696
14.002,-0.00186269,1.0645,-0.00592957,2.06704,-0.00160703,1.07145,-0.00620325,2.0696
14.004,-0.00186269,1.0645,-0.00592957,2.06704,-0.00160703,1.07145,-0.00629447,2.06951
14.006,-0.00189921,1.0645,-0.00592957,2.06704,-0.00160703,1.07145,-0.00629447,2.0696
14.008,-0.00186269,1.06447,-0.00588396,2.06704,-0.0015705,1.0714,-0.00629447,2.06951
14.01,-0.00186269,1.06447,-0.00588396,2.06704,-0.00160703,1.0714,-0.00629447,2.06951
14.012,-0.00186269,1.06447,-0.00588396,2.06704,-0.00164355,1.07142,-0.00624886,2.06951
14.014,-0.00186269,1.06447,-0.00588396,2.06695,-0.0015705,1.0714,-0.00629447,2.0696
14.016,-0.00186269,1.0645,-0.00592957,2.06695,-0.00160703,1.0714,-0.00629447,2.0696
14.018,-0.00186269,1.0645,-0.00592957,2.06704,-0.0015705,1.07145,-0.00629447,2.06951
14.02,-0.00186269,1.06447,-0.00588396,2.06704,-0.00160703,1.07145,-0.00629447,2.0696
14.022,-0.00186269,1.06447,-0.00588396,2.06704,-0.00164355,1.07145,-0.00629447,2.06951
14.024,-0.00186269,1.0645,-0.00592957,2.06712,-0.00160703,1.07145,-0.00629447,2.06951
14.026,-0.00186269,1.0645,-0.00592957,2.06704,-0.00160703,1.07145,-0.00629447,2.06951
14.028,-0.00186269,1.0645,-0.00592957,2.06704,-0.00164355,1.07145,-0.00629447,2.0696
14.03,-0.00189921,1.06447,-0.00588396,2.06695,-0.00160703,1.07145,-0.00629447,2.0696
14.032,-0.00186269,1.06447,-0.00588396,2.06695,-0.0015705,1.07142,-0.00634008,2.0696
14.034,-0.00186269,1.0645,-0.00592957,2.06695,-0.00160703,1.07142,-0.00624886,2.06951
14.036,-0.00186269,1.0645,-0.00592957,2.06704,-0.00160703,1.07145,-0.00629447,2.06951
14.038,-0.00186269,1.0645,-0.00592957,2.06704,-0.00160703,1.07145,-0.00629447,2.0696
14.04,-0.00186269,1.0645,-0.00592957,2.06704,-0.00160703,1.07142,-0.00624886,2.06951
14.042,-0.00186269,1.0645,-0.00592957,2.06704,-0.00160703,1.07145,-0.00629447,2.06951
14.044,-0.00186269,1.0645,-0.00592957,2.06704,-0.00160703,1.07142,-0.00634008,2.0696
14.046,-0.00186269,1.0645,-0.00592957,2.06695,-0.00160703,1.07145,-0.00629447,2.06951
14.048,-0.00186269,1.0645,-0.00592957,2.06695,-0.00164355,1.07145,-0.00629447,2.06951
14.05,-0.00189921,1.0645,-0.00592957,2.06695,-0.00160703,1.07145,-0.00629447,2.06951
14.052,-0.00189921,1.0645,-0.00592957,2.06704,-0.00160703,1.07142,-0.00634008,2.06951
14.054,-0.00189921,1.0645,-0.00592957,2.06704,-0.0015705,1.07145,-0.00629447,2.06951
14.056,-0.00186269,1.0645,-0.00592957,2.06704,-0.0015705,1.07145,-0.00629447,2.06951
14.058,-0.00186269,1.0645,-0.00592957,2.06704,-0.00160703,1.07142,-0.00634008,2.06951
14.06,-0.00186269,1.0645,-0.00592957,2.06704,-0.00160703,1.07142,-0.00624886,2.0696
14.062,-0.00186269,1.0645,-0.00592957,2.06704,-0.00160703,1.07145,-0.00629447,2.06951
14.064,-0.00186269,1.0645,-0.00592957,2.06704,-0.00160703,1.0714,-0.00629447,2.06951
14.066,-0.00189921,1.0645,-0.00592957,2.06704,-0.0015705,1.07148,-0.00624886,2.06951
14.068,-0.00189921,1.06447,-0.00588396,2.06704,-0.0015705,1.07145,-0.00629447,2.06951
14.07,-0.00189921,1.0645,-0.00592957,2.06704,-0.00160703,1.07142,-0.00624886,2.06951
14.072,-0.00186269,1.0645,-0.00592957,2.06704,-0.00168007,1.07142,-0.00624886,2.0696
14.074,-0.00189921,1.0645,-0.00592957,2.06704,-0.00164355,1.0714,-0.00629447,2.0696
14.076,-0.00186269,1.0645,-0.00592957,2.06704,-0.00160703,1.07142,-0.00634008,2.06951
14.078,-0.00186269,1.06447,-0.00588396,2.06704,-0.00160703,1.07142,-0.00634008,2.0696
14.08,-0.00189921,1.06447,-0.00588396,2.06704,-0.0015705,1.07142,-0.00634008,2.06951
14.082,-0.00186269,1.0645,-0.00592957,2.06704,-0.00160703,1.07145,-0.00629447,2.06951
14.084,-0.00186269,1.0645,-0.00592957,2.06695,-0.0015705,1.07145,-0.00629447,2.06951
14.086,-0.00186269,1.0645,-0.00592957,2.06695,-0.0015705,1.07142,-0.00634008,2.06951
14.088,-0.00186269,1.0645,-0.00592957,2.06704,-0.00164355,1.07145,-0.00629447,2.0696
14.09,-0.00186269,1.0645,-0.00592957,2.06704,-0.00160703,1.07145,-0.00629447,2.06951
14.092,-0.00186269,1.0645,-0.00592957,2.06695,-0.00160703,1.07142,-0.00634008,2.0696
14.094,-0.00186269,1.06447,-0.00588396,2.06695,-0.00160703,1.07145,-0.00629447,2.06951
14.096,-0.00186269,1.06447,-0.00588396,2.06704,-0.00160703,1.07145,-0.00629447,2.06951
14.098,-0.00186269,1.0645,-0.00592957,2.06704,-0.00160703,1.07142,-0.00624886,2.0696
14.1,-0.00189921,1.0645,-0.00592957,2.06704,-0.00164355,1.07142,-0.00624886,2.0696
14.102,-0.00186269,1.0645,-0.00592957,2.06704,-0.00160703,1.07142,-0.00624886,2.0696
14.104,-0.00186269,1.06447,-0.00588396,2.06704,-0.00160703,1.07142,-0.00624886,2.0696
14.106,-0.00186269,1.06447,-0.00588396,2.06704,-0.00164355,1.07145,-0.00629447,2.06951
14.108,-0.00186269,1.06447,-0.00588396,2.06704,-0.0015705,1.07145,-0.00629447,2.06951
14.11,-0.00186269,1.0645,-0.00592957,2.06704,-0.0015705,1.07142,-0.00634008,2.06951
14.112,-0.00186269,1.0645,-0.00592957,2.06704,-0.00164355,1.07145,-0.00629447,2.06951
14.114,-0.00189921,1.0645,-0.00592957,2.06704,-0.00160703,1.07142,-0.00624886,2.0696
14.116,-0.00189921,1.0645,-0.00592957,2.06704,-0.00164355,1.07145,-0.00629447,2.06951
14.118,-0.00189921,1.0645,-0.00592957,2.06704,-0.0015705,1.07145,-0.00629447,2.06951
14.12,-0.00189921,1.0645,-0.00592957,2.06704,-0.00164355,1.07145,-0.00629447,2.0696
14.122,-0.00186269,1.06447,-0.00588396,2.06704,-0.00160703,1.07145,-0.00629447,2.0696
14.124,-0.00186269,1.0645,-0.00592957,2.06704,-0.00160703,1.07145,-0.00629447,2.06951
14.126,-0.00186269,1.0645,-0.00592957,2.06695,-0.0015705,1.07142,-0.00624886,2.06951
14.128,-0.00186269,1.0645,-0.00592957,2.06704,-0.0015705,1.07142,-0.00624886,2.06951
14.13,-0.00186269,1.0645,-0.00592957,2.06704,-0.00160703,1.07142,-0.00634008,2.06951
14.132,-0.00186269,1.0645,-0.00592957,2.06704,-0.00160703,1.07145,-0.00629447,2.06951
14.134,-0.00186269,1.0645,-0.00592957,2.06704,-0.00160703,1.07145,-0.00629447,2.06951
14.136,-0.00186269,1.06447,-0.00588396,2.06704,-0.00160703,1.07142,-0.00634008,2.0696
14.138,-0.00186269,1.06447,-0.00588396,2.06695,-0.00160703,1.07145,-0.00629447,2.06951
14.14,-0.00186269,1.0645,-0.00592957,2.06695,-0.00164355,1.07142,-0.00624886,2.06951
14.142,-0.00186269,1.0645,-0.00592957,2.06704,-0.00160703,1.07142,-0.00624886,2.06951
14.144,-0.00186269,1.0645,-0.00592957,2.06704,-0.00160703,1.07142,-0.00634008,2.0696
14.146,-0.00186269,1.06447,-0.00588396,2.06704,-0.00160703,1.07145,-0.00629447,2.06951
14.148,-0.00186269,1.06447,-0.00588396,2.06704,-0.00160703,1.07142,-0.00634008,2.06951
14.15,-0.00186269,1.0645,-0.00592957,2.06704,-0.0015705,1.07145,-0.00629447,2.06951
14.152,-0.00186269,1.0645,-0.00592957,2.06704,-0.00160703,1.0714,-0.00629447,2.0696
14.154,-0.00186269,1.06447,-0.00588396,2.06704,-0.00160703,1.07145,-0.00629447,2.06951
14.156,-0.00186269,1.0645,-0.00592957,2.06704,-0.00164355,1.07142,-0.00624886,2.0696
14.158,-0.00186269,1.06447,-0.00588396,2.06704,-0.00160703,1.07142,-0.00624886,2.0696
14.16,-0.00186269,1.06447,-0.00588396,2.06704,-0.00160703,1.07142,-0.00624886,2.0696
14.162,-0.00186269,1.06447,-0.00588396,2.06704,-0.0015705,1.07145,-0.00629447,2.0696
14.164,-0.00186269,1.0645,-0.00592957,2.06704,-0.00160703,1.07142,-0.00634008,2.06951
14.166,-0.00186269,1.0645,-0.00592957,2.06704,-0.00160703,1.07145,-0.00629447,2.06951
14.168,-0.00186269,1.0645,-0.00592957,2.06704,-0.0015705,1.07145,-0.00629447,2.06951
14.17,-0.00186269,1.06447,-0.00588396,2.06704,-0.00160703,1.07145,-0.00629447,2.06951
14.172,-0.00186269,1.06445,-0.00592957,2.06704,-0.00160703,1.07145,-0.00629447,2.06951
14.174,-0.00189921,1.0645,-0.00592957,2.06695,-0.00160703,1.07145,-0.00629447,2.06951
14.176,-0.00186269,1.0645,-0.00592957,2.06695,-0.0015705,1.07142,-0.00624886,2.06951
14.178,-0.00186269,1.0645,-0.00592957,2.06695,-0.0015705,1.07142,-0.00634008,2.06951
14.18,-0.00189921,1.0645,-0.00592957,2.06704,-0.00160703,1.07145,-0.00629447,2.06951
14.182,-0.00186269,1.06447,-0.00588396,2.06704,-0.00164355,1.07142,-0.00634008,2.06951
14.184,-0.00186269,1.06447,-0.00588396,2.06704,-0.00160703,1.07145,-0.00629447,2.0696
14.186,-0.00186269,1.0645,-0.00592957,2.06704,-0.0015705,1.07145,-0.00629447,2.0696
14.188,-0.00186269,1.06447,-0.00588396,2.06704,-0.00160703,1.0714,-0.00629447,2.06951
14.19,-0.00186269,1.0645,-0.00592957,2.06704,-0.00160703,1.07145,-0.00629447,2.06951
14.192,-0.00189921,1.06447,-0.00588396,2.06704,-0.00160703,1.07145,-0.00629447,2.06951
14.194,-0.00189921,1.0645,-0.00592957,2.06704,-0.0015705,1.07142,-0.00634008,2.06951
14.196,-0.00186269,1.06447,-0.00588396,2.06704,-0.00164355,1.07142,-0.00634008,2.06951
14.198,-0.00186269,1.06447,-0.00588396,2.06704,-0.00160703,1.0714,-0.00629447,2.0696
14.2,-0.00186269,1.0645,-0.00592957,2.06704,-0.00164355,1.07145,-0.00629447,2.0696
14.202,-0.00186269,1.0645,-0.00592957,2.06704,-0.0015705,1.07145,-0.00629447,2.0696
14.204,-0.00186269,1.0645,-0.00592957,2.06704,-0.00160703,1.07145,-0.00629447,2.06951
14.206,-0.00186269,1.0645,-0.00592957,2.06704,-0.00160703,1.07142,-0.00624886,2.06951
14.208,-0.00189921,1.06447,-0.00588396,2.06704,-0.0015705,1.07148,-0.00624886,2.06951
14.21,-0.00189921,1.06447,-0.00588396,2.06704,-0.0015705,1.07145,-0.00629447,2.06951
14.212,-0.00186269,1.0645,-0.00592957,2.06695,-0.00160703,1.07142,-0.00634008,2.0696
14.214,-0.00186269,1.0645,-0.00592957,2.06704,-0.00164355,1.07142,-0.00634008,2.0696
14.216,-0.00186269,1.0645,-0.00592957,2.06704,-0.00160703,1.07145,-0.00629447,2.06951
14.218,-0.00186269,1.0645,-0.00592957,2.06704,-0.00160703,1.07145,-0.00629447,2.06951
14.22,-0.00186269,1.0645,-0.00592957,2.06704,-0.0015705,1.07145,-0.00629447,2.06951
14.222,-0.00186269,1.06447,-0.00588396,2.06704,-0.00160703,1.07148,-0.00624886,2.06951
14.224,-0.00189921,1.06447,-0.00588396,2.06704,-0.00164355,1.07145,-0.00629447,2.0696
14.226,-0.00186269,1.0645,-0.00592957,2.06704,-0.00164355,1.07142,-0.00634008,2.06951
14.228,-0.00186269,1.0645,-0.00592957,2.06704,-0.00160703,1.07145,-0.00629447,2.0696
14.23,-0.00186269,1.06447,-0.00588396,2.06695,-0.00160703,1.0714,-0.00629447,2.06951
14.232,-0.00186269,1.0645,-0.00592957,2.06704,-0.0015705,1.07145,-0.00629447,2.06951
14.234,-0.00186269,1.06447,-0.00588396,2.06704,-0.00160703,1.07142,-0.00624886,2.06951
14.236,-0.00186269,1.0645,-0.00592957,2.06704,-0.0015705,1.07145,-0.00629447,2.0696
14.238,-0.00186269,1.06447,-0.00588396,2.06704,-0.0015705,1.07142,-0.00624886,2.0696
14.24,-0.00186269,1.0645,-0.00592957,2.06704,-0.00160703,1.07142,-0.00624886,2.0696
14.242,-0.00186269,1.0645,-0.00592957,2.06704,-0.00164355,1.0714,-0.00629447,2.0696
14.244,-0.00186269,1.06447,-0.00588396,2.06704,-0.00160703,1.0714,-0.00629447,2.06951
14.246,-0.00186269,1.0645,-0.00592957,2.06704,-0.00160703,1.07145,-0.00629447,2.0696
14.248,-0.00186269,1.06447,-0.00588396,2.06704,-0.00164355,1.07145,-0.00629447,2.0696
14.25,-0.00186269,1.0645,-0.00592957,2.06704,-0.00160703,1.07145,-0.00629447,2.06951
14.252,-0.00186269,1.0645,-0.00592957,2.06695,-0.00160703,1.07142,-0.00624886,2.06951
14.254,-0.00186269,1.0645,-0.00592957,2.06695,-0.00160703,1.07145,-0.00629447,2.0696
14.256,-0.00186269,1.0645,-0.00592957,2.06704,-0.00164355,1.07142,-0.00624886,2.06951
14.258,-0.00186269,1.0645,-0.00592957,2.06704,-0.00160703,1.07145,-0.00629447,2.0696
14.26,-0.00186269,1.06447,-0.00588396,2.06695,-0.00160703,1.07145,-0.00629447,2.06951
14.262,-0.00186269,1.0645,-0.00592957,2.06704,-0.00160703,1.07142,-0.00634008,2.0696
14.264,-0.00186269,1.0645,-0.00592957,2.06704,-0.00160703,1.07145,-0.00629447,2.06951
14.266,-0.00189921,1.06447,-0.00588396,2.06704,-0.0015705,1.07142,-0.00634008,2.0696
14.268,-0.00186269,1.0645,-0.00592957,2.06695,-0.0015705,1.07142,-0.00624886,2.06951
14.27,-0.00186269,1.0645,-0.00592957,2.06704,-0.00160703,1.07142,-0.00624886,2.06951
14.272,-0.00189921,1.0645,-0.00592957,2.06704,-0.00164355,1.07142,-0.00624886,2.06951
14.274,-0.00186269,1.0645,-0.00592957,2.06704,-0.00164355,1.07145,-0.00629447,2.0696
14.276,-0.00186269,1.06447,-0.00588396,2.06704,-0.00164355,1.07145,-0.00629447,2.06951
14.278,-0.00186269,1.06447,-0.00588396,2.06704,-0.00160703,1.07145,-0.00629447,2.0696
14.28,-0.00189921,1.06447,-0.00588396,2.06704,-0.00160703,1.07142,-0.00624886,2.06951
14.282,-0.00186269,1.0645,-0.00592957,2.06695,-0.0015705,1.07142,-0.00624886,2.0696
14.284,-0.00189921,1.0645,-0.00592957,2.06695,-0.00160703,1.0714,-0.00629447,2.06951
14.286,-0.00186269,1.0645,-0.00592957,2.06704,-0.00160703,1.0714,-0.00629447,2.06951
14.288,-0.00186269,1.06447,-0.00588396,2.06704,-0.00160703,1.07142,-0.00624886,2.06951
14.29,-0.00186269,1.06447,-0.00588396,2.06704,-0.00160703,1.07142,-0.00634008,2.0696
14.292,-0.00186269,1.06447,-0.00588396,2.06704,-0.00164355,1.07145,-0.00629447,2.0696
14.294,-0.00186269,1.0645,-0.00592957,2.06704,-0.00164355,1.07142,-0.00624886,2.06951
14.296,-0.00186269,1.06447,-0.00588396,2.06704,-0.0015705,1.07142,-0.00624886,2.06951
14.298,-0.00189921,1.06447,-0.00588396,2.06695,-0.00160703,1.07145,-0.00629447,2.0696
14.3,-0.00189921,1.0645,-0.00592957,2.06695,-0.00160703,1.07145,-0.00629447,2.06951
14.302,-0.00186269,1.0645,-0.00592957,2.06695,-0.00164355,1.07145,-0.00629447,2.06951
14.304,-0.00189921,1.06447,-0.00588396,2.06704,-0.00164355,1.07142,-0.00624886,2.0696
14.306,-0.00186269,1.06447,-0.00588396,2.06704,-0.00160703,1.07142,-0.00634008,2.06951
14.308,-0.00186269,1.06447,-0.00588396,2.06704,-0.00160703,1.07145,-0.00629447,2.06951
14.31,-0.00186269,1.0645,-0.00592957,2.06704,-0.00160703,1.0714,-0.00629447,2.06951
14.312,-0.00186269,1.06447,-0.00588396,2.06704,-0.00160703,1.07142,-0.00624886,2.0696
14.314,-0.00186269,1.06447,-0.00588396,2.06704,-0.0015705,1.0714,-0.00629447,2.0696
14.316,-0.00189921,1.06447,-0.00588396,2.06695,-0.00160703,1.07142,-0.00624886,2.06951
14.318,-0.00189921,1.06447,-0.00588396,2.06695,-0.0015705,1.07142,-0.00624886,2.06951
14.32,-0.00186269,1.0645,-0.00592957,2.06695,-0.00160703,1.07145,-0.00629447,2.06951
14.322,-0.00186269,1.0645,-0.00592957,2.06695,-0.00164355,1.07145,-0.00629447,2.06951
14.324,-0.00186269,1.0645,-0.00592957,2.06704,-0.0015705,1.07145,-0.00629447,2.06951
14.326,-0.00186269,1.0645,-0.00592957,2.06704,-0.00160703,1.07145,-0.00629447,2.06951
14.328,-0.00186269,1.0645,-0.00592957,2.06704,-0.0015705,1.07145,-0.00629447,2.06951
14.33,-0.00189921,1.0645,-0.00592957,2.06695,-0.00160703,1.07145,-0.00629447,2.06951
14.332,-0.00186269,1.06447,-0.00588396,2.06704,-0.0015705,1.07145,-0.00629447,2.0696
14.334,-0.00186269,1.0645,-0.00592957,2.06695,-0.00164355,1.07142,-0.00634008,2.0696
14.336,-0.00186269,1.0645,-0.00592957,2.06695,-0.00164355,1.07145,-0.00629447,2.0696
14.338,-0.00186269,1.06447,-0.00588396,2.06704,-0.00164355,1.07145,-0.00629447,2.0696
14.34,-0.00186269,1.06447,-0.00588396,2.06704,-0.00160703,1.07142,-0.00624886,2.06951
14.342,-0.00186269,1.06447,-0.00588396,2.06712,-0.0015705,1.07145,-0.00629447,2.0696
14.344,-0.00186269,1.0645,-0.00592957,2.06704,-0.00160703,1.0714,-0.00629447,2.0696
14.346,-0.00186269,1.0645,-0.00592957,2.06704,-0.00160703,1.07145,-0.00629447,2.0696
14.348,-0.00186269,1.0645,-0.00592957,2.06704,-0.0015705,1.07142,-0.00624886,2.0696
14.35,-0.00189921,1.06447,-0.00588396,2.06704,-0.00160703,1.07148,-0.00624886,2.06951
14.352,-0.00186269,1.0645,-0.00592957,2.06704,-0.00160703,1.07145,-0.00629447,2.0696
14.354,-0.00186269,1.06447,-0.00588396,2.06704,-0.00160703,1.0714,-0.00629447,2.06951
14.356,-0.00186269,1.0645,-0.00592957,2.06704,-0.00160703,1.07145,-0.00629447,2.06951
14.358,-0.00186269,1.06447,-0.00588396,2.06704,-0.00160703,1.0714,-0.00629447,2.06951
14.36,-0.00186269,1.0645,-0.00592957,2.06704,-0.00160703,1.0714,-0.00629447,2.0696
14.362,-0.00186269,1.06447,-0.00588396,2.06704,-0.0015705,1.07145,-0.00629447,2.06951
14.364,-0.00189921,1.06447,-0.00588396,2.06704,-0.00160703,1.07142,-0.00634008,2.0696
14.366,-0.00189921,1.06447,-0.00588396,2.06704,-0.0015705,1.07145,-0.00629447,2.06951
14.368,-0.00186269,1.06447,-0.00588396,2.06695,-0.00160703,1.07145,-0.00629447,2.06951
14.37,-0.00186269,1.0645,-0.00592957,2.06704,-0.00164355,1.07142,-0.00624886,2.06951
14.372,-0.00186269,1.0645,-0.00592957,2.06704,-0.00160703,1.07145,-0.00629447,2.06951
14.374,-0.00186269,1.0645,-0.00592957,2.06704,-0.00160703,1.07142,-0.00624886,2.06951
14.376,-0.00186269,1.0645,-0.00592957,2.06704,-0.00160703,1.07145,-0.00629447,2.06951
14.378,-0.00189921,1.06447,-0.00588396,2.06704,-0.00160703,1.07145,-0.00629447,2.0696
14.38,-0.00186269,1.0645,-0.00592957,2.06704,-0.00164355,1.07145,-0.00629447,2.06951
14.382,-0.00189921,1.0645,-0.00592957,2.06695,-0.00164355,1.0714,-0.00629447,2.06951
14.384,-0.00186269,1.0645,-0.00592957,2.06704,-0.00164355,1.07145,-0.00629447,2.06951
14.386,-0.00186269,1.06447,-0.00588396,2.06704,-0.00164355,1.07142,-0.00624886,2.0696
14.388,-0.00189921,1.06447,-0.00588396,2.06704,-0.00160703,1.07142,-0.00624886,2.06951
14.39,-0.00186269,1.0645,-0.00592957,2.06704,-0.00160703,1.07145,-0.00629447,2.06951
14.392,-0.00186269,1.0645,-0.00592957,2.06695,-0.00160703,1.07142,-0.00624886,2.0696
14.394,-0.00186269,1.0645,-0.00592957,2.06695,-0.00160703,1.07145,-0.00629447,2.06951
14.396,-0.00186269,1.06447,-0.00588396,2.06704,-0.00160703,1.07145,-0.00629447,2.0696
14.398,-0.00186269,1.0645,-0.00592957,2.06704,-0.00160703,1.07145,-0.00629447,2.06951
14.4,-0.00186269,1.0645,-0.00592957,2.06704,-0.00160703,1.07145,-0.00629447,2.0696
14.402,-0.00186269,1.0645,-0.00592957,2.06704,-0.00160703,1.07145,-0.00629447,2.06951
14.404,-0.00186269,1.0645,-0.00592957,2.06704,-0.00160703,1.07145,-0.00629447,2.0696
14.406,-0.00186269,1.06447,-0.00588396,2.06704,-0.0015705,1.07142,-0.00624886,2.06951
14.408,-0.00186269,1.06447,-0.00588396,2.06704,-0.00160703,1.07142,-0.00634008,2.06951
14.41,-0.00186269,1.0645,-0.00592957,2.06695,-0.00160703,1.07145,-0.00629447,2.06951
14.412,-0.00186269,1.0645,-0.00592957,2.06704,-0.00160703,1.07145,-0.00629447,2.0696
14.414,-0.00186269,1.0645,-0.00592957,2.06704,-0.00160703,1.07145,-0.00629447,2.06951
14.416,-0.00186269,1.06447,-0.00588396,2.06704,-0.00160703,1.07148,-0.00624886,2.06951
14.418,-0.00186269,1.06447,-0.00588396,2.06704,-0.00160703,1.07145,-0.00629447,2.06951
14.42,-0.00186269,1.0645,-0.00592957,2.06704,-0.00160703,1.07145,-0.00629447,2.0696
14.422,-0.00186269,1.0645,-0.00592957,2.06704,-0.00164355,1.07145,-0.00629447,2.0696
14.424,-0.00186269,1.0645,-0.00592957,2.06704,-0.00160703,1.07142,-0.00624886,2.06951
14.426,-0.00189921,1.0645,-0.00592957,2.06704,-0.00160703,1.07142,-0.00634008,2.0696
14.428,-0.00186269,1.0645,-0.00592957,2.06704,-0.00160703,1.07142,-0.00624886,2.06951
14.43,-0.00186269,1.06447,-0.00588396,2.06695,-0.0015705,1.07145,-0.00629447,2.06951
14.432,-0.00186269,1.0645,-0.00592957,2.06704,-0.0015705,1.07145,-0.00629447,2.06951
14.434,-0.00186269,1.0645,-0.00592957,2.06704,-0.00160703,1.07145,-0.00629447,2.06951
14.436,-0.00186269,1.0645,-0.00592957,2.06704,-0.00164355,1.07145,-0.00629447,2.0696
14.438,-0.00186269,1.0645,-0.00592957,2.06704,-0.00160703,1.07142,-0.00634008,2.0696
14.44,-0.00186269,1.0645,-0.00592957,2.06695,-0.00160703,1.07142,-0.00634008,2.0696
14.442,-0.00186269,1.0645,-0.00592957,2.06695,-0.00160703,1.07145,-0.00629447,2.06951
14.444,-0.00186269,1.0645,-0.00592957,2.06704,-0.00160703,1.07145,-0.00629447,2.06951
14.446,-0.00186269,1.06447,-0.00597519,2.06704,-0.00164355,1.07142,-0.00624886,2.06951
14.448,-0.00189921,1.0645,-0.00592957,2.06704,-0.00160703,1.07145,-0.00629447,2.06951
14.45,-0.00186269,1.0645,-0.00592957,2.06704,-0.00160703,1.07142,-0.00634008,2.06951
14.452,-0.00186269,1.06447,-0.00588396,2.06704,-0.00164355,1.07145,-0.00629447,2.06951
14.454,-0.00186269,1.0645,-0.00592957,2.06704,-0.00160703,1.07142,-0.00634008,2.0696
14.456,-0.00189921,1.06447,-0.00588396,2.06695,-0.0015705,1.07145,-0.00629447,2.06951
14.458,-0.00189921,1.0645,-0.00592957,2.06704,-0.00160703,1.07142,-0.00624886,2.06951
14.46,-0.00186269,1.0645,-0.00592957,2.06695,-0.0015705,1.07142,-0.00624886,2.06951
14.462,-0.00189921,1.0645,-0.00592957,2.06704,-0.00160703,1.07145,-0.00629447,2.0696
14.464,-0.00186269,1.0645,-0.00592957,2.06704,-0.00168007,1.07142,-0.00624886,2.06951
14.466,-0.00186269,1.06447,-0.00588396,2.06704,-0.00164355,1.07145,-0.00629447,2.0696
14.468,-0.00186269,1.06447,-0.00588396,2.06704,-0.00160703,1.07148,-0.00624886,2.0696
14.47,-0.00186269,1.06447,-0.00588396,2.06704,-0.00160703,1.07145,-0.00629447,2.06951
14.472,-0.00186269,1.06445,-0.00592957,2.06695,-0.00160703,1.07145,-0.00629447,2.06951
14.474,-0.00189921,1.0645,-0.00592957,2.06704,-0.0015705,1.07142,-0.00624886,2.06951
14.476,-0.00189921,1.0645,-0.00592957,2.06704,-0.00164355,1.0714,-0.00629447,2.06951
14.478,-0.00186269,1.06447,-0.00588396,2.06704,-0.00160703,1.07142,-0.00624886,2.0696
14.48,-0.00186269,1.0645,-0.00592957,2.06695,-0.00160703,1.07145,-0.00629447,2.06951
14.482,-0.00186269,1.06447,-0.00588396,2.06695,-0.00160703,1.07145,-0.00629447,2.0696
14.484,-0.00186269,1.0645,-0.00592957,2.06695,-0.00160703,1.07145,-0.00629447,2.0696
14.486,-0.00186269,1.06447,-0.00588396,2.06704,-0.0015705,1.07145,-0.00629447,2.0696
14.488,-0.00186269,1.0645,-0.00592957,2.06704,-0.0015705,1.07145,-0.00629447,2.06951
14.49,-0.00186269,1.0645,-0.00592957,2.06704,-0.0015705,1.07142,-0.00624886,2.06951
14.492,-0.00186269,1.0645,-0.00592957,2.06704,-0.00160703,1.07145,-0.00629447,2.06951
14.494,-0.00186269,1.0645,-0.00592957,2.06704,-0.00160703,1.07142,-0.00624886,2.0696
14.496,-0.00186269,1.06447,-0.00588396,2.06704,-0.00160703,1.07145,-0.00629447,2.0696
14.498,-0.00186269,1.06447,-0.00588396,2.06704,-0.00164355,1.07145,-0.00629447,2.0696
14.5,-0.00186269,1.0645,-0.00592957,2.06704,-0.00160703,1.0714,-0.00629447,2.0696
14.502,-0.00186269,1.0645,-0.00592957,2.06704,-0.0015705,1.07145,-0.00629447,2.0696
14.504,-0.00186269,1.0645,-0.00592957,2.06704,-0.00160703,1.07145,-0.00629447,2.06951
14.506,-0.00186269,1.06447,-0.00588396,2.06712,-0.0015705,1.07142,-0.00624886,2.06951
14.508,-0.00189921,1.06447,-0.00588396,2.06712,-0.00160703,1.07145,-0.00629447,2.06951
14.51,-0.00186269,1.06447,-0.00588396,2.06712,-0.0015705,1.07145,-0.00629447,2.06951
14.512,-0.00186269,1.0645,-0.00592957,2.06712,-0.00160703,1.07145,-0.00629447,2.06951
14.514,-0.00186269,1.06447,-0.00588396,2.06704,-0.00160703,1.07145,-0.00629447,2.06951
14.516,-0.00186269,1.0645,-0.00592957,2.06704,-0.00160703,1.07142,-0.00634008,2.0696
14.518,-0.00186269,1.0645,-0.00592957,2.06704,-0.00160703,1.07142,-0.00634008,2.0696
14.52,-0.00186269,1.0645,-0.00592957,2.06704,-0.00160703,1.07145,-0.00629447,2.06951
14.522,-0.00186269,1.0645,-0.00592957,2.06704,-0.0015705,1.07145,-0.00629447,2.06951
14.524,-0.00186269,1.06447,-0.00588396,2.06704,-0.00160703,1.07142,-0.00624886,2.06951
14.526,-0.00189921,1.06447,-0.00588396,2.06704,-0.00160703,1.07142,-0.00624886,2.06951
14.528,-0.00189921,1.0645,-0.00592957,2.06704,-0.00164355,1.07145,-0.00629447,2.06951
14.53,-0.00186269,1.0645,-0.00592957,2.06704,-0.00160703,1.0714,-0.00629447,2.0696
14.532,-0.00186269,1.0645,-0.00592957,2.06695,-0.00164355,1.07142,-0.00634008,2.06951
14.534,-0.00186269,1.0645,-0.00592957,2.06704,-0.00160703,1.07145,-0.00629447,2.06951
14.536,-0.00186269,1.06447,-0.00588396,2.06704,-0.00160703,1.07142,-0.00624886,2.06951
14.538,-0.00189921,1.0645,-0.00592957,2.06704,-0.00160703,1.07145,-0.00629447,2.0696
14.54,-0.00189921,1.0645,-0.00592957,2.06704,-0.00164355,1.07142,-0.00624886,2.06951
14.542,-0.00189921,1.0645,-0.00592957,2.06704,-0.0015705,1.07142,-0.00624886,2.06951
14.544,-0.00186269,1.06447,-0.00588396,2.06704,-0.0015705,1.07145,-0.00629447,2.0696
14.546,-0.00186269,1.06447,-0.00588396,2.06704,-0.00160703,1.07142,-0.00634008,2.06951
14.548,-0.00186269,1.06447,-0.00588396,2.06704,-0.00160703,1.07145,-0.00629447,2.06951
14.55,-0.00186269,1.06447,-0.00588396,2.06695,-0.00160703,1.07145,-0.00629447,2.06951
14.552,-0.00186269,1.0645,-0.00592957,2.06704,-0.00160703,1.07142,-0.00634008,2.06951
14.554,-0.00186269,1.0645,-0.00592957,2.06704,-0.00160703,1.07142,-0.00634008,2.06951
14.556,-0.00186269,1.0645,-0.00592957,2.06712,-0.00160703,1.07142,-0.00624886,2.06951
14.558,-0.00189921,1.06447,-0.00588396,2.06712,-0.00160703,1.07142,-0.00624886,2.0696
14.56,-0.00189921,1.06447,-0.00588396,2.06704,-0.0015705,1.07142,-0.00624886,2.06951
14.562,-0.00189921,1.06447,-0.00588396,2.06704,-0.00160703,1.07145,-0.00629447,2.0696
14.564,-0.00189921,1.06447,-0.00588396,2.06704,-0.0015705,1.07142,-0.00634008,2.0696
14.566,-0.00186269,1.06447,-0.00588396,2.06704,-0.00160703,1.07145,-0.00629447,2.06951
14.568,-0.00186269,1.06447,-0.00588396,2.06704,-0.00160703,1.0714,-0.00629447,2.06951
14.57,-0.00186269,1.0645,-0.00592957,2.06704,-0.00160703,1.07142,-0.00624886,2.06951
14.572,-0.00186269,1.0645,-0.00592957,2.06704,-0.0015705,1.07142,-0.00624886,2.06951
14.574,-0.00186269,1.0645,-0.00592957,2.06712,-0.0015705,1.07142,-0.00624886,2.0696
14.576,-0.00189921,1.06447,-0.00588396,2.06704,-0.00160703,1.07142,-0.00634008,2.06951
14.578,-0.00189921,1.0645,-0.00592957,2.06704,-0.00160703,1.07142,-0.00634008,2.06951
14.58,-0.00186269,1.0645,-0.00592957,2.06704,-0.00160703,1.07142,-0.00634008,2.06951
14.582,-0.00186269,1.0645,-0.00592957,2.06704,-0.00160703,1.07145,-0.00629447,2.0696
14.584,-0.00186269,1.0645,-0.00592957,2.06704,-0.00160703,1.07142,-0.00634008,2.06951
14.586,-0.00186269,1.0645,-0.00592957,2.06704,-0.00164355,1.07145,-0.00629447,2.0696
14.588,-0.00186269,1.0645,-0.00592957,2.06704,-0.0015705,1.07145,-0.00629447,2.06951
14.59,-0.00189921,1.0645,-0.00592957,2.06704,-0.0015705,1.07148,-0.00624886,2.0696
14.592,-0.00186269,1.0645,-0.00592957,2.06704,-0.00160703,1.0714,-0.00629447,2.06951
14.594,-0.00186269,1.0645,-0.00592957,2.06704,-0.00160703,1.07142,-0.00624886,2.0696
14.596,-0.00186269,1.0645,-0.00592957,2.06704,-0.0015705,1.07145,-0.00629447,2.0696
14.598,-0.00186269,1.0645,-0.00592957,2.06704,-0.00164355,1.07142,-0.00624886,2.06951
14.6,-0.00186269,1.0645,-0.00592957,2.06704,-0.00164355,1.07145,-0.00629447,2.06951
14.602,-0.00186269,1.0645,-0.00592957,2.06704,-0.0015705,1.07142,-0.00634008,2.06951
14.604,-0.00186269,1.0645,-0.00592957,2.06704,-0.00160703,1.07145,-0.00629447,2.06951
14.606,-0.00186269,1.0645,-0.00592957,2.06704,-0.00160703,1.07145,-0.00629447,2.0696
14.608,-0.00186269,1.06447,-0.00588396,2.06704,-0.0015705,1.07145,-0.00629447,2.06951
14.61,-0.00189921,1.0645,-0.00592957,2.06704,-0.00160703,1.07145,-0.00629447,2.0696
14.612,-0.00189921,1.0645,-0.00592957,2.06704,-0.00160703,1.07145,-0.00629447,2.0696
14.614,-0.00186269,1.0645,-0.00592957,2.06695,-0.00160703,1.07142,-0.00634008,2.06951
14.616,-0.00186269,1.0645,-0.00592957,2.06704,-0.00164355,1.07145,-0.00629447,2.06951
14.618,-0.00186269,1.0645,-0.00592957,2.06704,-0.00160703,1.07145,-0.00629447,2.06951
14.62,-0.00186269,1.0645,-0.00592957,2.06704,-0.0015705,1.07145,-0.00629447,2.06951
14.622,-0.00186269,1.0645,-0.00592957,2.06704,-0.00160703,1.0714,-0.00629447,2.06951
14.624,-0.00189921,1.0645,-0.00592957,2.06695,-0.00160703,1.07142,-0.00624886,2.06951
14.626,-0.00189921,1.06447,-0.00588396,2.06704,-0.00160703,1.07145,-0.00629447,2.06951
14.628,-0.00186269,1.0645,-0.00592957,2.06695,-0.00164355,1.07145,-0.00629447,2.06951
14.63,-0.00186269,1.0645,-0.00592957,2.06704,-0.00160703,1.07142,-0.00624886,2.0696
14.632,-0.00186269,1.06447,-0.00588396,2.06704,-0.00160703,1.07142,-0.00634008,2.06951
14.634,-0.00186269,1.0645,-0.00592957,2.06704,-0.00160703,1.07142,-0.00624886,2.0696
14.636,-0.00186269,1.0645,-0.00592957,2.06704,-0.00160703,1.0714,-0.00629447,2.06951
14.638,-0.00186269,1.0645,-0.00592957,2.06704,-0.00160703,1.07142,-0.00624886,2.06951
14.64,-0.00186269,1.0645,-0.00592957,2.06704,-0.00160703,1.07142,-0.00624886,2.0696
14.642,-0.00186269,1.0645,-0.00592957,2.06704,-0.00160703,1.07145,-0.00629447,2.06951
14.644,-0.00186269,1.06447,-0.00588396,2.06704,-0.00160703,1.07145,-0.00629447,2.0696
14.646,-0.00186269,1.06447,-0.00588396,2.06704,-0.00164355,1.07145,-0.00629447,2.06951
14.648,-0.00186269,1.06447,-0.00588396,2.06704,-0.00160703,1.07142,-0.00634008,2.0696
14.65,-0.00186269,1.0645,-0.00592957,2.06704,-0.00160703,1.07145,-0.00629447,2.0696
14.652,-0.00189921,1.0645,-0.00592957,2.06704,-0.00160703,1.07142,-0.00624886,2.0696
14.654,-0.00186269,1.0645,-0.00592957,2.06704,-0.0015705,1.07142,-0.00624886,2.06951
14.656,-0.00186269,1.06447,-0.00588396,2.06704,-0.00160703,1.07142,-0.00624886,2.06951
14.658,-0.00186269,1.06447,-0.00588396,2.06704,-0.00160703,1.07148,-0.00624886,2.06951
14.66,-0.00186269,1.0645,-0.00592957,2.06704,-0.00164355,1.07145,-0.00629447,2.0696
14.662,-0.00186269,1.06447,-0.00588396,2.06704,-0.00160703,1.07145,-0.00629447,2.0696
14.664,-0.00186269,1.0645,-0.00592957,2.06704,-0.00164355,1.07145,-0.00629447,2.06951
14.666,-0.00186269,1.06447,-0.00588396,2.06704,-0.0015705,1.07145,-0.00629447,2.0696
14.668,-0.00189921,1.0645,-0.00592957,2.06704,-0.00160703,1.07145,-0.00629447,2.06951
14.67,-0.00186269,1.06447,-0.00588396,2.06695,-0.0015705,1.07145,-0.00629447,2.06951
14.672,-0.00189921,1.06447,-0.00588396,2.06695,-0.00160703,1.07145,-0.00629447,2.0696
14.674,-0.00186269,1.0645,-0.00592957,2.06704,-0.00164355,1.07142,-0.00624886,2.0696
14.676,-0.00186269,1.0645,-0.00592957,2.06704,-0.00160703,1.0714,-0.00629447,2.06951
14.678,-0.00186269,1.0645,-0.00592957,2.06704,-0.00164355,1.07142,-0.00624886,2.06951
14.68,-0.00186269,1.06447,-0.00588396,2.06704,-0.00160703,1.07142,-0.00634008,2.06951
14.682,-0.00189921,1.06447,-0.00588396,2.06704,-0.00164355,1.07145,-0.00629447,2.06951
14.684,-0.00186269,1.06447,-0.00588396,2.06704,-0.00160703,1.07145,-0.00620325,2.0696
14.686,-0.00186269,1.06447,-0.00588396,2.06704,-0.00160703,1.07145,-0.00629447,2.0696
14.688,-0.00189921,1.0645,-0.00592957,2.06704,-0.00160703,1.07142,-0.00624886,2.0696
14.69,-0.00186269,1.0645,-0.00592957,2.06704,-0.0015705,1.07148,-0.00624886,2.06951
14.692,-0.00186269,1.06447,-0.00588396,2.06704,-0.00160703,1.07145,-0.00629447,2.06951
14.694,-0.00189921,1.06447,-0.00588396,2.06704,-0.00160703,1.07145,-0.00629447,2.06951
14.696,-0.00186269,1.0645,-0.00592957,2.06704,-0.00164355,1.07142,-0.00624886,2.06951
14.698,-0.00189921,1.0645,-0.00592957,2.06704,-0.0015705,1.07142,-0.00624886,2.06951
14.7,-0.00186269,1.0645,-0.00592957,2.06704,-0.00160703,1.0714,-0.00629447,2.0696
14.702,-0.00186269,1.0645,-0.00592957,2.06704,-0.0015705,1.07145,-0.00629447,2.0696
14.704,-0.00186269,1.06447,-0.00588396,2.06704,-0.00160703,1.07142,-0.00634008,2.0696
14.706,-0.00186269,1.06447,-0.00588396,2.06704,-0.00164355,1.07145,-0.00629447,2.0696
14.708,-0.00186269,1.0645,-0.00592957,2.06704,-0.00160703,1.07145,-0.00629447,2.06951
14.71,-0.00189921,1.0645,-0.00592957,2.06704,-0.00160703,1.0714,-0.00629447,2.06951
14.712,-0.00186269,1.0645,-0.00592957,2.06704,-0.0015705,1.0714,-0.00629447,2.06951
14.714,-0.00186269,1.0645,-0.00592957,2.06704,-0.0015705,1.07142,-0.00634008,2.0696
14.716,-0.00186269,1.06447,-0.00588396,2.06695,-0.00160703,1.07145,-0.00629447,2.0696
14.718,-0.00186269,1.06447,-0.00588396,2.06704,-0.00160703,1.07145,-0.00629447,2.06951
14.72,-0.00186269,1.06447,-0.00588396,2.06704,-0.00164355,1.07145,-0.00629447,2.06951
14.722,-0.00186269,1.0645,-0.00592957,2.06704,-0.0015705,1.0714,-0.00629447,2.0696
14.724,-0.00186269,1.0645,-0.00592957,2.06704,-0.00160703,1.0714,-0.00629447,2.06951
14.726,-0.00186269,1.0645,-0.00592957,2.06704,-0.00160703,1.07142,-0.00624886,2.06951
14.728,-0.00186269,1.0645,-0.00592957,2.06704,-0.00160703,1.07142,-0.00624886,2.0696
14.73,-0.00186269,1.06447,-0.00588396,2.06704,-0.00164355,1.07145,-0.00629447,2.06951
14.732,-0.00186269,1.06447,-0.00588396,2.06704,-0.00164355,1.07145,-0.00629447,2.06951
14.734,-0.00186269,1.06447,-0.00588396,2.06704,-0.00160703,1.07145,-0.00629447,2.0696
14.736,-0.00186269,1.06447,-0.00588396,2.06704,-0.0015705,1.07145,-0.00629447,2.06951
14.738,-0.00189921,1.0645,-0.00592957,2.06704,-0.00160703,1.07142,-0.00624886,2.06951
14.74,-0.00189921,1.0645,-0.00592957,2.06704,-0.00160703,1.07145,-0.00629447,2.06951
14.742,-0.00189921,1.0645,-0.00592957,2.06712,-0.00164355,1.07142,-0.00624886,2.06951
14.744,-0.00186269,1.0645,-0.00592957,2.06704,-0.00164355,1.0714,-0.00629447,2.0696
14.746,-0.00186269,1.06447,-0.00588396,2.06704,-0.00160703,1.07145,-0.00629447,2.0696
14.748,-0.00186269,1.0645,-0.00592957,2.06695,-0.00160703,1.07145,-0.00629447,2.06951
14.75,-0.00186269,1.0645,-0.00592957,2.06695,-0.00164355,1.07142,-0.00624886,2.06951
14.752,-0.00189921,1.0645,-0.00592957,2.06704,-0.00160703,1.07142,-0.00624886,2.06951
14.754,-0.00186269,1.0645,-0.00592957,2.06704,-0.00164355,1.07142,-0.00624886,2.06951
14.756,-0.00189921,1.0645,-0.00592957,2.06704,-0.00160703,1.07142,-0.00634008,2.06951
14.758,-0.00189921,1.06447,-0.00588396,2.06704,-0.0015705,1.07145,-0.00629447,2.0696
14.76,-0.00186269,1.06447,-0.00588396,2.06704,-0.00164355,1.07145,-0.00629447,2.06951
14.762,-0.00186269,1.0645,-0.00592957,2.06704,-0.00164355,1.07145,-0.00629447,2.06951
14.764,-0.00186269,1.0645,-0.00592957,2.06704,-0.00160703,1.07142,-0.00624886,2.06951
14.766,-0.00186269,1.0645,-0.00592957,2.06704,-0.00160703,1.07142,-0.00624886,2.06951
14.768,-0.00186269,1.06447,-0.00588396,2.06704,-0.00160703,1.07142,-0.00624886,2.06951
14.77,-0.00186269,1.0645,-0.00592957,2.06704,-0.00160703,1.07142,-0.00634008,2.06951
14.772,-0.00186269,1.06447,-0.00588396,2.06704,-0.0015705,1.07142,-0.00634008,2.0696
14.774,-0.00189921,1.06447,-0.00588396,2.06704,-0.00160703,1.07145,-0.00629447,2.0696
14.776,-0.00189921,1.0645,-0.00592957,2.06704,-0.00160703,1.07145,-0.00629447,2.06951
14.778,-0.00186269,1.0645,-0.00592957,2.06704,-0.00160703,1.07142,-0.00634008,2.06951
14.78,-0.00186269,1.0645,-0.00592957,2.06704,-0.00164355,1.07145,-0.00629447,2.06951
14.782,-0.00186269,1.0645,-0.00592957,2.06704,-0.00164355,1.07142,-0.00634008,2.06951
14.784,-0.00186269,1.0645,-0.00592957,2.06704,-0.0015705,1.0714,-0.00629447,2.06951
14.786,-0.00186269,1.0645,-0.00592957,2.06704,-0.0015705,1.07142,-0.00634008,2.06951
14.788,-0.00186269,1.06447,-0.00588396,2.06704,-0.0015705,1.07142,-0.00624886,2.06951
14.79,-0.00186269,1.06447,-0.00588396,2.06704,-0.00160703,1.07142,-0.00624886,2.0696
14.792,-0.00186269,1.06447,-0.00588396,2.06704,-0.00160703,1.07142,-0.00624886,2.06951
14.794,-0.00186269,1.06445,-0.00592957,2.06704,-0.00160703,1.07142,-0.00624886,2.06951
14.796,-0.00186269,1.06447,-0.00588396,2.06704,-0.0015705,1.0714,-0.00629447,2.06951
14.798,-0.00186269,1.0645,-0.00592957,2.06704,-0.00164355,1.0714,-0.00629447,2.0696
14.8,-0.00186269,1.06447,-0.00588396,2.06704,-0.00160703,1.07145,-0.00629447,2.06951
14.802,-0.00186269,1.06447,-0.00588396,2.06704,-0.00164355,1.07145,-0.00629447,2.0696
14.804,-0.00189921,1.0645,-0.00592957,2.06704,-0.00160703,1.07145,-0.00629447,2.0696
14.806,-0.00186269,1.06447,-0.00588396,2.06704,-0.00160703,1.07145,-0.00629447,2.06951
14.808,-0.00186269,1.06447,-0.00588396,2.06704,-0.00160703,1.07145,-0.00629447,2.0696
14.81,-0.00186269,1.06447,-0.00588396,2.06704,-0.00160703,1.07142,-0.00624886,2.0696
14.812,-0.00186269,1.0645,-0.00592957,2.06704,-0.00164355,1.0714,-0.00629447,2.06951
14.814,-0.00186269,1.0645,-0.00592957,2.06704,-0.00160703,1.07145,-0.00629447,2.06951
14.816,-0.00186269,1.06447,-0.00588396,2.06704,-0.00160703,1.07145,-0.00629447,2.0696
14.818,-0.00186269,1.06447,-0.00588396,2.06704,-0.0015705,1.07145,-0.00629447,2.0696
14.82,-0.00186269,1.0645,-0.00592957,2.06704,-0.00160703,1.07145,-0.00629447,2.06951
14.822,-0.00189921,1.0645,-0.00592957,2.06704,-0.00160703,1.07142,-0.00624886,2.06951
14.824,-0.00186269,1.0645,-0.00592957,2.06704,-0.00160703,1.07145,-0.00629447,2.06951
14.826,-0.00189921,1.06447,-0.00588396,2.06704,-0.00160703,1.07142,-0.00624886,2.06951
14.828,-0.00186269,1.06447,-0.00588396,2.06704,-0.00160703,1.07145,-0.00629447,2.0696
14.83,-0.00186269,1.06447,-0.00588396,2.06704,-0.00164355,1.07142,-0.00634008,2.0696
14.832,-0.00186269,1.0645,-0.00592957,2.06704,-0.00160703,1.07145,-0.00629447,2.06951
14.834,-0.00186269,1.06447,-0.00588396,2.06704,-0.00164355,1.07145,-0.00620325,2.06951
14.836,-0.00186269,1.0645,-0.00592957,2.06704,-0.00160703,1.07142,-0.00634008,2.06951
14.838,-0.00189921,1.0645,-0.00592957,2.06704,-0.0015705,1.0714,-0.00629447,2.06951
14.84,-0.00186269,1.0645,-0.00592957,2.06704,-0.0015705,1.07145,-0.00629447,2.0696
14.842,-0.00189921,1.06447,-0.00588396,2.06704,-0.00164355,1.07145,-0.00629447,2.0696
14.844,-0.00186269,1.0645,-0.00592957,2.06704,-0.0015705,1.07145,-0.00629447,2.06951
14.846,-0.00186269,1.06447,-0.00588396,2.06704,-0.00160703,1.07145,-0.00629447,2.06951
14.848,-0.00186269,1.0645,-0.00592957,2.06712,-0.00160703,1.07145,-0.00629447,2.0696
14.85,-0.00186269,1.06447,-0.00588396,2.06704,-0.0015705,1.07142,-0.00624886,2.06951
14.852,-0.00186269,1.0645,-0.00592957,2.06704,-0.00160703,1.0714,-0.00629447,2.0696
14.854,-0.00186269,1.0645,-0.00592957,2.06704,-0.00160703,1.07142,-0.00624886,2.0696
14.856,-0.00186269,1.06447,-0.00588396,2.06704,-0.00164355,1.07142,-0.00634008,2.0696
14.858,-0.00186269,1.06447,-0.00588396,2.06704,-0.00160703,1.07142,-0.00624886,2.06951
14.86,-0.00186269,1.0645,-0.00592957,2.06704,-0.00160703,1.07145,-0.00629447,2.0696
14.862,-0.00186269,1.06447,-0.00588396,2.06704,-0.0015705,1.07142,-0.00634008,2.06951
14.864,-0.00186269,1.0645,-0.00592957,2.06704,-0.00164355,1.07145,-0.00629447,2.06951
14.866,-0.00186269,1.0645,-0.00592957,2.06704,-0.00160703,1.07145,-0.00629447,2.06951
14.868,-0.00186269,1.06447,-0.00588396,2.06704,-0.00160703,1.07142,-0.00624886,2.0696
14.87,-0.00186269,1.0645,-0.00592957,2.06704,-0.00164355,1.07142,-0.00624886,2.06951
14.872,-0.00186269,1.0645,-0.00592957,2.06704,-0.00160703,1.07145,-0.00629447,2.06951
14.874,-0.00186269,1.0645,-0.00592957,2.06704,-0.0015705,1.07142,-0.00634008,2.06951
14.876,-0.00186269,1.0645,-0.00592957,2.06704,-0.00160703,1.07145,-0.00629447,2.06951
14.878,-0.00186269,1.06447,-0.00588396,2.06704,-0.00164355,1.0714,-0.00629447,2.0696
14.88,-0.00186269,1.0645,-0.00592957,2.06704,-0.00160703,1.07145,-0.00629447,2.0696
14.882,-0.00186269,1.0645,-0.00592957,2.06704,-0.00164355,1.0714,-0.00629447,2.0696
14.884,-0.00186269,1.0645,-0.00592957,2.06704,-0.00160703,1.07142,-0.00624886,2.0696
14.886,-0.00189921,1.06447,-0.00588396,2.06704,-0.0015705,1.07142,-0.00634008,2.06951
14.888,-0.00186269,1.06447,-0.00588396,2.06704,-0.00164355,1.07145,-0.00629447,2.0696
14.89,-0.00186269,1.0645,-0.00592957,2.06704,-0.00160703,1.07142,-0.00634008,2.06951
14.892,-0.00189921,1.0645,-0.00592957,2.06704,-0.00160703,1.0714,-0.00629447,2.0696
14.894,-0.00189921,1.0645,-0.00592957,2.06704,-0.0015705,1.0714,-0.00629447,2.0696
14.896,-0.00186269,1.0645,-0.00592957,2.06704,-0.00160703,1.07145,-0.00620325,2.06951
14.898,-0.00186269,1.0645,-0.00592957,2.06704,-0.00160703,1.07145,-0.00620325,2.06951
14.9,-0.00186269,1.0645,-0.00592957,2.06704,-0.00160703,1.07145,-0.00629447,2.06951
14.902,-0.00186269,1.06447,-0.00588396,2.06704,-0.00160703,1.07145,-0.00620325,2.0696
14.904,-0.00186269,1.0645,-0.00592957,2.06704,-0.00164355,1.07142,-0.00634008,2.06951
14.906,-0.00186269,1.0645,-0.00592957,2.06704,-0.0015705,1.07142,-0.00624886,2.06951
14.908,-0.00186269,1.0645,-0.00592957,2.06704,-0.00160703,1.07142,-0.00634008,2.0696
14.91,-0.00186269,1.06447,-0.00588396,2.06704,-0.0015705,1.07142,-0.00634008,2.0696
14.912,-0.00186269,1.06447,-0.00588396,2.06704,-0.00160703,1.07145,-0.00629447,2.0696
14.914,-0.00186269,1.06445,-0.00592957,2.06704,-0.00160703,1.07145,-0.00629447,2.0696
14.916,-0.00186269,1.06447,-0.00588396,2.06704,-0.00160703,1.07142,-0.00624886,2.0696
14.918,-0.00186269,1.0645,-0.00592957,2.06704,-0.00160703,1.07145,-0.00629447,2.0696
14.92,-0.00186269,1.0645,-0.00592957,2.06704,-0.00160703,1.07142,-0.00634008,2.06951
14.922,-0.00186269,1.0645,-0.00592957,2.06704,-0.00164355,1.07142,-0.00634008,2.06951
14.924,-0.00186269,1.06447,-0.00588396,2.06704,-0.00160703,1.07145,-0.00629447,2.0696
14.926,-0.00186269,1.06447,-0.00588396,2.06704,-0.00160703,1.07145,-0.00629447,2.06951
14.928,-0.00189921,1.0645,-0.00592957,2.06704,-0.00164355,1.07142,-0.00624886,2.0696
14.93,-0.00186269,1.0645,-0.00592957,2.06704,-0.0015705,1.07142,-0.00624886,2.06951
14.932,-0.00186269,1.0645,-0.00592957,2.06704,-0.0015705,1.07145,-0.00629447,2.0696
14.934,-0.00186269,1.0645,-0.00592957,2.06704,-0.00160703,1.0714,-0.00629447,2.06951
14.936,-0.00186269,1.0645,-0.00592957,2.06704,-0.00164355,1.07145,-0.00629447,2.06951
14.938,-0.00186269,1.06447,-0.00588396,2.06704,-0.00160703,1.07145,-0.00629447,2.0696
14.94,-0.00186269,1.06447,-0.00588396,2.06704,-0.00160703,1.07145,-0.00629447,2.06951
14.942,-0.00186269,1.06447,-0.00588396,2.06704,-0.00164355,1.0714,-0.00629447,2.0696
14.944,-0.00186269,1.0645,-0.00592957,2.06695,-0.0015705,1.07142,-0.00624886,2.06951
14.946,-0.00186269,1.0645,-0.00592957,2.06704,-0.0015705,1.07145,-0.00629447,2.0696
14.948,-0.00186269,1.0645,-0.00592957,2.06704,-0.00164355,1.07145,-0.00629447,2.06951
14.95,-0.00186269,1.0645,-0.00592957,2.06704,-0.00160703,1.07145,-0.00629447,2.0696
14.952,-0.00186269,1.06447,-0.00588396,2.06704,-0.00164355,1.07145,-0.00629447,2.06951
14.954,-0.00186269,1.0645,-0.00592957,2.06704,-0.00164355,1.07142,-0.00634008,2.0696
14.956,-0.00186269,1.0645,-0.00592957,2.06704,-0.00160703,1.07145,-0.00629447,2.0696
14.958,-0.00186269,1.0645,-0.00592957,2.06704,-0.00160703,1.07145,-0.00629447,2.06951
14.96,-0.00186269,1.0645,-0.00592957,2.06704,-0.00160703,1.07145,-0.00629447,2.0696
14.962,-0.00186269,1.06447,-0.00588396,2.06704,-0.00160703,1.0714,-0.00629447,2.0696
14.964,-0.00186269,1.0645,-0.00592957,2.06704,-0.00160703,1.0714,-0.00629447,2.06951
14.966,-0.00186269,1.0645,-0.00592957,2.06704,-0.0015705,1.07145,-0.00629447,2.06951
14.968,-0.00186269,1.0645,-0.00592957,2.06704,-0.00160703,1.07145,-0.00629447,2.0696
14.97,-0.00186269,1.06447,-0.00588396,2.06704,-0.00160703,1.07145,-0.00629447,2.06951
14.972,-0.00186269,1.0645,-0.00592957,2.06704,-0.00164355,1.07145,-0.00629447,2.06951
14.974,-0.00186269,1.06447,-0.00597519,2.06704,-0.00160703,1.07145,-0.00629447,2.0696
14.976,-0.00186269,1.0645,-0.00592957,2.06704,-0.00160703,1.07145,-0.00629447,2.06951
14.978,-0.00186269,1.0645,-0.00592957,2.06712,-0.0015705,1.07145,-0.00620325,2.06951
14.98,-0.00186269,1.06447,-0.00588396,2.06712,-0.00160703,1.07142,-0.00624886,2.06951
14.982,-0.00186269,1.0645,-0.00592957,2.06704,-0.0015705,1.07145,-0.00629447,2.06951
14.984,-0.00186269,1.06447,-0.00588396,2.06704,-0.0015705,1.07142,-0.00634008,2.06951
14.986,-0.00186269,1.06447,-0.00588396,2.06704,-0.00160703,1.07145,-0.00629447,2.0696
14.988,-0.00186269,1.06447,-0.00588396,2.06704,-0.00164355,1.07145,-0.00629447,2.0696
14.99,-0.00186269,1.0645,-0.00592957,2.06704,-0.0015705,1.07142,-0.00634008,2.06951
14.992,-0.00186269,1.0645,-0.00592957,2.06704,-0.00160703,1.0714,-0.00629447,2.06951
14.994,-0.00186269,1.0645,-0.00592957,2.06712,-0.0015705,1.07142,-0.00624886,2.06951
14.996,-0.00186269,1.06447,-0.00588396,2.06704,-0.00160703,1.07145,-0.00629447,2.0696
14.998,-0.00186269,1.06447,-0.00588396,2.06704,-0.00160703,1.07142,-0.00634008,2.06951
15,-0.00186269,1.0645,-0.00592957,2.06704,-0.00160703,1.07145,-0.00629447,2.0696
15.002,-0.00186269,1.0645,-0.00592957,2.06704,-0.00160703,1.07145,-0.00629447,2.0696
15.004,-0.00186269,1.0645,-0.00592957,2.06704,-0.00160703,1.07142,-0.00634008,2.0696
15.006,-0.00186269,1.0645,-0.00592957,2.06695,-0.00160703,1.07142,-0.00624886,2.06951
15.008,-0.00186269,1.06447,-0.00588396,2.06704,-0.00160703,1.07145,-0.00629447,2.06951
15.01,-0.00186269,1.0645,-0.00592957,2.06704,-0.00160703,1.07145,-0.00629447,2.0696
15.012,-0.00189921,1.0645,-0.00592957,2.06704,-0.00164355,1.07145,-0.00629447,2.0696
15.014,-0.00186269,1.06447,-0.00588396,2.06704,-0.00160703,1.07145,-0.00629447,2.06951
15.016,-0.00186269,1.0645,-0.00592957,2.06704,-0.0015705,1.07142,-0.00634008,2.06951
15.018,-0.00186269,1.0645,-0.00592957,2.06704,-0.00160703,1.07142,-0.00624886,2.0696
15.02,-0.00186269,1.0645,-0.00592957,2.06695,-0.0015705,1.07145,-0.00629447,2.06951
15.022,-0.00186269,1.0645,-0.00592957,2.06704,-0.00164355,1.07142,-0.00624886,2.06951
15.024,-0.00186269,1.06447,-0.00588396,2.06704,-0.00160703,1.07142,-0.00624886,2.0696
15.026,-0.00186269,1.0645,-0.00592957,2.06704,-0.00160703,1.07145,-0.00629447,2.0696
15.028,-0.00186269,1.06447,-0.00588396,2.06712,-0.00160703,1.07145,-0.00629447,2.06951
15.03,-0.00186269,1.0645,-0.00592957,2.06704,-0.00160703,1.07142,-0.00634008,2.0696
15.032,-0.00189921,1.0645,-0.00592957,2.06704,-0.00160703,1.07142,-0.00624886,2.0696
15.034,-0.00189921,1.0645,-0.00592957,2.06704,-0.00164355,1.07142,-0.00634008,2.0696
15.036,-0.00186269,1.06447,-0.00588396,2.06704,-0.00164355,1.07145,-0.00629447,2.0696
15.038,-0.00186269,1.0645,-0.00592957,2.06704,-0.00160703,1.07145,-0.00629447,2.06951
15.04,-0.00186269,1.0645,-0.00592957,2.06704,-0.0015705,1.07142,-0.00624886,2.06951
15.042,-0.00186269,1.0645,-0.00592957,2.06704,-0.0015705,1.07145,-0.00629447,2.0696
15.044,-0.00186269,1.0645,-0.00592957,2.06712,-0.00160703,1.07142,-0.00634008,2.06951
15.046,-0.00186269,1.0645,-0.00592957,2.06712,-0.0015705,1.07145,-0.00629447,2.0696
15.048,-0.00186269,1.0645,-0.00592957,2.06704,-0.00168007,1.07145,-0.00629447,2.0696
15.05,-0.00186269,1.0645,-0.00592957,2.06704,-0.0015705,1.07145,-0.00629447,2.06951
15.052,-0.00186269,1.0645,-0.00592957,2.06704,-0.00164355,1.07142,-0.00634008,2.06951
15.054,-0.00186269,1.0645,-0.00592957,2.06704,-0.00160703,1.07142,-0.00634008,2.06951
15.056,-0.00186269,1.0645,-0.00592957,2.06704,-0.00160703,1.07142,-0.00624886,2.06951
15.058,-0.00186269,1.0645,-0.00592957,2.06704,-0.00160703,1.07142,-0.00624886,2.0696
15.06,-0.00186269,1.0645,-0.00592957,2.06704,-0.00160703,1.07142,-0.00624886,2.0696
15.062,-0.00186269,1.0645,-0.00592957,2.06704,-0.00164355,1.07145,-0.00629447,2.06951
15.064,-0.00186269,1.06447,-0.00588396,2.06704,-0.00164355,1.07145,-0.00629447,2.0696
15.066,-0.00186269,1.06447,-0.00588396,2.06704,-0.00164355,1.07142,-0.00634008,2.06951
15.068,-0.00186269,1.0645,-0.00592957,2.06704,-0.0015705,1.07145,-0.00629447,2.06951
15.07,-0.00186269,1.06447,-0.00588396,2.06704,-0.00160703,1.07142,-0.00624886,2.06951
15.072,-0.00186269,1.06447,-0.00588396,2.06695,-0.00160703,1.07145,-0.00629447,2.06951
15.074,-0.00189921,1.0645,-0.00592957,2.06704,-0.00160703,1.07142,-0.00624886,2.06951
15.076,-0.00189921,1.0645,-0.00592957,2.06695,-0.00160703,1.07142,-0.00624886,2.06951
15.078,-0.00186269,1.06447,-0.00588396,2.06695,-0.00164355,1.07145,-0.00629447,2.0696
15.08,-0.00186269,1.06447,-0.00588396,2.06695,-0.00164355,1.07142,-0.00634008,2.0696
15.082,-0.00186269,1.06447,-0.00588396,2.06704,-0.00160703,1.07145,-0.00629447,2.0696
15.084,-0.00186269,1.06447,-0.00588396,2.06704,-0.00160703,1.07142,-0.00634008,2.06951
15.086,-0.00189921,1.0645,-0.00592957,2.06704,-0.00160703,1.07142,-0.00624886,2.0696
15.088,-0.00189921,1.0645,-0.00592957,2.06704,-0.00160703,1.07142,-0.00624886,2.06951
15.09,-0.00189921,1.06447,-0.00588396,2.06704,-0.00160703,1.07142,-0.00624886,2.06951
15.092,-0.00186269,1.06445,-0.00583835,2.06695,-0.00160703,1.07145,-0.00629447,2.0696
15.094,-0.00186269,1.06447,-0.00588396,2.06695,-0.00164355,1.07145,-0.00629447,2.0696
15.096,-0.00186269,1.06447,-0.00588396,2.06704,-0.00164355,1.07142,-0.00634008,2.06951
15.098,-0.00186269,1.06447,-0.00588396,2.06695,-0.00160703,1.07145,-0.00629447,2.06951
15.1,-0.00186269,1.0645,-0.00592957,2.06704,-0.00160703,1.07142,-0.00624886,2.06951
15.102,-0.00186269,1.0645,-0.00592957,2.06704,-0.00164355,1.0714,-0.00629447,2.0696
15.104,-0.00186269,1.0645,-0.00592957,2.06704,-0.00160703,1.07145,-0.00629447,2.0696
15.106,-0.00186269,1.0645,-0.00592957,2.06704,-0.00160703,1.07142,-0.00624886,2.0696
15.108,-0.00186269,1.0645,-0.00592957,2.06704,-0.00160703,1.07142,-0.00634008,2.0696
15.11,-0.00186269,1.06447,-0.00588396,2.06695,-0.00160703,1.07145,-0.00629447,2.06951
15.112,-0.00189921,1.0645,-0.00592957,2.06704,-0.00160703,1.07142,-0.00634008,2.06951
15.114,-0.00186269,1.0645,-0.00592957,2.06704,-0.00160703,1.0714,-0.00629447,2.06951
15.116,-0.00186269,1.0645,-0.00592957,2.06704,-0.00160703,1.07145,-0.00629447,2.06951
15.118,-0.00186269,1.06447,-0.00588396,2.06704,-0.00164355,1.07142,-0.00624886,2.0696
15.12,-0.00186269,1.0645,-0.00592957,2.06704,-0.00160703,1.0714,-0.00629447,2.0696
15.122,-0.00186269,1.0645,-0.00592957,2.06704,-0.0015705,1.0714,-0.00629447,2.0696
15.124,-0.00186269,1.0645,-0.00592957,2.06704,-0.0015705,1.07142,-0.00624886,2.06951
15.126,-0.00186269,1.0645,-0.00592957,2.06704,-0.00160703,1.07145,-0.00629447,2.06951
15.128,-0.00186269,1.06447,-0.00588396,2.06704,-0.00160703,1.0714,-0.00629447,2.06951
15.13,-0.00186269,1.06447,-0.00588396,2.06704,-0.00164355,1.07145,-0.00629447,2.06951
15.132,-0.00186269,1.0645,-0.00592957,2.06704,-0.00160703,1.07145,-0.00629447,2.0696
15.134,-0.00186269,1.0645,-0.00592957,2.06704,-0.00160703,1.07145,-0.00629447,2.06951
15.136,-0.00186269,1.0645,-0.00592957,2.06704,-0.0015705,1.07142,-0.00624886,2.06951
15.138,-0.00186269,1.06447,-0.00588396,2.06704,-0.00160703,1.07145,-0.00629447,2.06951
15.14,-0.00186269,1.0645,-0.00592957,2.06704,-0.00160703,1.07145,-0.00629447,2.06951
15.142,-0.00186269,1.06447,-0.00588396,2.06704,-0.00160703,1.07145,-0.00629447,2.06951
15.144,-0.00186269,1.0645,-0.00592957,2.06704,-0.0015705,1.07145,-0.00629447,2.06951
15.146,-0.00186269,1.0645,-0.00592957,2.06704,-0.00160703,1.07142,-0.00634008,2.06951
15.148,-0.00186269,1.06447,-0.00588396,2.06704,-0.00160703,1.07145,-0.00629447,2.06951
15.15,-0.00189921,1.0645,-0.00592957,2.06704,-0.00160703,1.07142,-0.00624886,2.06951
15.152,-0.00186269,1.06447,-0.00588396,2.06704,-0.00164355,1.07145,-0.00629447,2.06951
15.154,-0.00186269,1.0645,-0.00592957,2.06704,-0.0015705,1.07142,-0.00624886,2.06951
15.156,-0.00186269,1.0645,-0.00592957,2.06704,-0.00160703,1.07145,-0.00629447,2.06951
15.158,-0.00186269,1.0645,-0.00592957,2.06704,-0.00160703,1.07145,-0.00629447,2.06951
15.16,-0.00186269,1.06447,-0.00588396,2.06695,-0.00160703,1.07145,-0.00629447,2.06951
15.162,-0.00189921,1.06447,-0.00588396,2.06695,-0.00160703,1.07145,-0.00629447,2.06951
15.164,-0.00189921,1.0645,-0.00592957,2.06704,-0.00160703,1.07142,-0.00624886,2.06951
15.166,-0.00186269,1.0645,-0.00592957,2.06704,-0.00164355,1.07145,-0.00629447,2.06951
15.168,-0.00186269,1.06447,-0.00588396,2.06704,-0.00164355,1.0714,-0.00629447,2.06951
15.17,-0.00186269,1.0645,-0.00592957,2.06704,-0.0015705,1.07145,-0.00629447,2.06951
15.172,-0.00186269,1.0645,-0.00592957,2.06704,-0.0015705,1.07142,-0.00624886,2.06951
15.174,-0.00189921,1.0645,-0.00592957,2.06704,-0.00160703,1.07145,-0.00629447,2.06951
15.176,-0.00186269,1.0645,-0.00592957,2.06704,-0.00160703,1.07142,-0.00624886,2.06951
15.178,-0.00186269,1.06447,-0.00588396,2.06704,-0.00160703,1.07148,-0.00624886,2.0696
15.18,-0.00186269,1.0645,-0.00592957,2.06704,-0.00160703,1.07145,-0.00629447,2.0696
15.182,-0.00186269,1.0645,-0.00592957,2.06704,-0.00160703,1.07145,-0.00629447,2.0696
15.184,-0.00186269,1.0645,-0.00592957,2.06704,-0.00160703,1.0714,-0.00629447,2.06951
15.186,-0.00186269,1.0645,-0.00592957,2.06712,-0.00160703,1.07142,-0.00624886,2.06951
15.188,-0.00186269,1.0645,-0.00592957,2.06704,-0.00160703,1.07145,-0.00629447,2.06951
15.19,-0.00186269,1.0645,-0.00592957,2.06704,-0.00160703,1.07142,-0.00634008,2.06951
15.192,-0.00186269,1.0645,-0.00592957,2.06704,-0.00160703,1.07145,-0.00629447,2.06951
15.194,-0.00186269,1.06447,-0.00588396,2.06704,-0.0015705,1.07145,-0.00629447,2.06951
15.196,-0.00186269,1.06447,-0.00588396,2.06704,-0.0015705,1.07142,-0.00624886,2.0696
15.198,-0.00186269,1.0645,-0.00592957,2.06704,-0.00160703,1.07145,-0.00629447,2.06951
15.2,-0.00186269,1.0645,-0.00592957,2.06704,-0.00164355,1.07142,-0.00624886,2.06951
15.202,-0.00186269,1.0645,-0.00592957,2.06704,-0.00160703,1.07142,-0.00634008,2.06951
15.204,-0.00186269,1.0645,-0.00592957,2.06704,-0.00164355,1.07142,-0.00634008,2.06951
15.206,-0.00186269,1.0645,-0.00592957,2.06704,-0.00160703,1.07142,-0.00634008,2.06951
15.208,-0.00186269,1.0645,-0.00592957,2.06704,-0.0015705,1.07145,-0.00629447,2.06951
15.21,-0.00186269,1.0645,-0.00592957,2.06695,-0.0015705,1.07142,-0.00634008,2.0696
15.212,-0.00186269,1.0645,-0.00592957,2.06695,-0.00160703,1.07145,-0.00629447,2.06951
15.214,-0.00189921,1.0645,-0.00592957,2.06695,-0.0015705,1.07145,-0.00629447,2.06951
15.216,-0.00186269,1.0645,-0.00592957,2.06704,-0.00160703,1.07145,-0.00629447,2.06951
15.218,-0.00186269,1.0645,-0.00592957,2.06704,-0.00160703,1.07145,-0.00629447,2.06951
15.22,-0.00186269,1.0645,-0.00592957,2.06712,-0.00164355,1.07145,-0.00629447,2.06951
15.222,-0.00186269,1.06447,-0.00588396,2.06704,-0.00164355,1.07145,-0.00629447,2.06951
15.224,-0.00186269,1.06447,-0.00588396,2.06704,-0.00160703,1.07145,-0.00629447,2.0696
15.226,-0.00186269,1.0645,-0.00592957,2.06704,-0.00164355,1.07142,-0.00624886,2.06951
15.228,-0.00186269,1.0645,-0.00592957,2.06704,-0.0015705,1.07142,-0.00634008,2.0696
15.23,-0.00189921,1.0645,-0.00592957,2.06695,-0.00160703,1.07142,-0.00624886,2.06951
15.232,-0.00189921,1.06447,-0.00588396,2.06704,-0.00164355,1.0714,-0.00629447,2.06951
15.234,-0.00186269,1.06447,-0.00588396,2.06704,-0.00160703,1.07142,-0.00634008,2.06951
15.236,-0.00186269,1.0645,-0.00592957,2.06712,-0.00160703,1.07145,-0.00629447,2.06951
15.238,-0.00186269,1.0645,-0.00592957,2.06712,-0.00160703,1.07142,-0.00624886,2.0696
15.24,-0.00186269,1.0645,-0.00592957,2.06704,-0.00160703,1.07142,-0.00624886,2.0696
15.242,-0.00186269,1.06447,-0.00588396,2.06704,-0.00160703,1.07142,-0.00624886,2.0696
15.244,-0.00189921,1.0645,-0.00592957,2.06695,-0.00160703,1.07142,-0.00634008,2.06951
15.246,-0.00189921,1.0645,-0.00592957,2.06704,-0.00160703,1.07145,-0.00629447,2.0696
15.248,-0.00189921,1.0645,-0.00592957,2.06704,-0.00160703,1.07145,-0.00629447,2.0696
15.25,-0.00186269,1.06447,-0.00588396,2.06704,-0.00164355,1.07142,-0.00624886,2.06951
15.252,-0.00186269,1.0645,-0.00592957,2.06704,-0.00160703,1.07142,-0.00634008,2.0696
15.254,-0.00186269,1.0645,-0.00592957,2.06704,-0.00160703,1.07142,-0.00624886,2.0696
15.256,-0.00186269,1.06447,-0.00588396,2.06704,-0.00164355,1.07142,-0.00624886,2.0696
15.258,-0.00186269,1.06447,-0.00588396,2.06695,-0.00160703,1.07145,-0.00629447,2.0696
15.26,-0.00186269,1.06447,-0.00588396,2.06704,-0.00160703,1.07142,-0.00624886,2.0696
15.262,-0.00186269,1.0645,-0.00592957,2.06712,-0.00153398,1.07142,-0.00624886,2.06951
15.264,-0.00186269,1.0645,-0.00592957,2.06712,-0.00160703,1.07145,-0.00629447,2.06951
15.266,-0.00186269,1.0645,-0.00592957,2.06712,-0.00160703,1.07142,-0.00624886,2.06951
15.268,-0.00186269,1.0645,-0.00592957,2.06704,-0.00160703,1.07142,-0.00634008,2.06951
15.27,-0.00186269,1.06447,-0.00588396,2.06704,-0.00160703,1.07145,-0.00629447,2.06951
15.272,-0.00186269,1.0645,-0.00592957,2.06704,-0.00160703,1.07142,-0.00634008,2.06951
15.274,-0.00186269,1.0645,-0.00592957,2.06704,-0.00160703,1.07145,-0.00629447,2.06951
15.276,-0.00186269,1.0645,-0.00592957,2.06704,-0.00160703,1.07142,-0.00624886,2.06951
15.278,-0.00186269,1.0645,-0.00592957,2.06704,-0.00160703,1.07142,-0.00624886,2.06951
15.28,-0.00186269,1.0645,-0.00592957,2.06704,-0.00160703,1.07145,-0.00629447,2.06951
15.282,-0.00186269,1.06447,-0.00588396,2.06704,-0.00160703,1.07145,-0.00629447,2.06951
15.284,-0.00186269,1.06447,-0.00588396,2.06704,-0.00160703,1.07145,-0.00629447,2.06951
15.286,-0.00186269,1.0645,-0.00592957,2.06704,-0.00160703,1.07145,-0.00629447,2.0696
15.288,-0.00186269,1.0645,-0.00592957,2.06704,-0.00160703,1.07145,-0.00629447,2.06951
15.29,-0.00186269,1.0645,-0.00592957,2.06695,-0.00160703,1.07142,-0.00634008,2.0696
15.292,-0.00186269,1.0645,-0.00592957,2.06704,-0.00160703,1.07145,-0.00629447,2.06951
15.294,-0.00186269,1.06447,-0.00588396,2.06704,-0.00160703,1.07145,-0.00629447,2.06951
15.296,-0.00186269,1.0645,-0.00592957,2.06704,-0.00160703,1.07145,-0.00629447,2.06951
15.298,-0.00186269,1.0645,-0.00592957,2.06695,-0.00160703,1.07145,-0.00629447,2.06951
15.3,-0.00186269,1.0645,-0.00592957,2.06704,-0.00160703,1.07145,-0.00629447,2.06951
15.302,-0.00186269,1.06447,-0.00588396,2.06704,-0.00164355,1.07145,-0.00629447,2.0696
15.304,-0.00189921,1.0645,-0.00592957,2.06704,-0.00160703,1.07145,-0.00629447,2.0696
15.306,-0.00186269,1.0645,-0.00592957,2.06704,-0.00160703,1.0714,-0.00629447,2.06951
15.308,-0.00186269,1.06447,-0.00588396,2.06712,-0.0015705,1.07145,-0.00629447,2.0696
15.31,-0.00186269,1.0645,-0.00592957,2.06704,-0.0015705,1.07142,-0.00624886,2.0696
15.312,-0.00186269,1.0645,-0.00592957,2.06704,-0.00164355,1.07145,-0.00629447,2.06951
15.314,-0.00186269,1.06447,-0.00588396,2.06704,-0.00160703,1.07145,-0.00629447,2.06951
15.316,-0.00186269,1.0645,-0.00592957,2.06704,-0.00160703,1.07142,-0.00624886,2.06951
15.318,-0.00189921,1.0645,-0.00592957,2.06704,-0.00168007,1.0714,-0.00629447,2.0696
15.32,-0.00186269,1.06447,-0.00588396,2.06704,-0.00160703,1.07145,-0.00629447,2.06951
15.322,-0.00186269,1.0645,-0.00592957,2.06704,-0.0015705,1.07142,-0.00624886,2.06951
15.324,-0.00186269,1.06447,-0.00588396,2.06704,-0.00160703,1.07145,-0.00629447,2.0696
15.326,-0.00186269,1.06447,-0.00588396,2.06704,-0.00160703,1.07142,-0.00624886,2.0696
15.328,-0.00186269,1.0645,-0.00592957,2.06704,-0.00164355,1.07142,-0.00634008,2.06951
15.33,-0.00186269,1.0645,-0.00592957,2.06704,-0.00160703,1.07142,-0.00624886,2.06951
15.332,-0.00186269,1.0645,-0.00592957,2.06704,-0.00160703,1.07142,-0.00634008,2.06951
15.334,-0.00186269,1.0645,-0.00592957,2.06704,-0.00160703,1.07142,-0.00634008,2.06951
15.336,-0.00189921,1.0645,-0.00592957,2.06704,-0.00160703,1.07142,-0.00634008,2.06951
15.338,-0.00186269,1.0645,-0.00592957,2.06704,-0.00160703,1.07145,-0.00629447,2.06951
15.34,-0.00189921,1.0645,-0.00592957,2.06704,-0.00160703,1.07145,-0.00629447,2.06951
15.342,-0.00186269,1.06447,-0.00588396,2.06704,-0.00160703,1.07142,-0.00634008,2.06951
15.344,-0.00186269,1.0645,-0.00592957,2.06704,-0.00164355,1.07142,-0.00624886,2.0696
15.346,-0.00186269,1.0645,-0.00592957,2.06704,-0.00164355,1.07142,-0.00624886,2.06951
15.348,-0.00186269,1.06447,-0.00588396,2.06704,-0.0015705,1.07142,-0.00624886,2.0696
15.35,-0.00186269,1.0645,-0.00592957,2.06704,-0.0015705,1.0714,-0.00629447,2.06951
15.352,-0.00189921,1.0645,-0.00592957,2.06695,-0.00168007,1.07145,-0.00629447,2.06951
15.354,-0.00186269,1.0645,-0.00592957,2.06695,-0.00160703,1.07145,-0.00629447,2.06951
15.356,-0.00186269,1.06447,-0.00588396,2.06695,-0.00160703,1.0714,-0.00629447,2.06951
15.358,-0.00186269,1.0645,-0.00592957,2.06704,-0.00164355,1.07142,-0.00634008,2.06951
15.36,-0.00186269,1.0645,-0.00592957,2.06704,-0.00160703,1.07145,-0.00629447,2.06951
15.362,-0.00186269,1.0645,-0.00592957,2.06704,-0.00160703,1.07145,-0.00629447,2.0696
15.364,-0.00186269,1.06447,-0.00588396,2.06704,-0.00160703,1.07148,-0.00624886,2.06951
15.366,-0.00189921,1.0645,-0.00592957,2.06704,-0.00160703,1.07145,-0.00629447,2.0696
15.368,-0.00186269,1.0645,-0.00592957,2.06695,-0.00164355,1.07145,-0.00629447,2.0696
15.37,-0.00186269,1.0645,-0.00592957,2.06704,-0.00160703,1.07142,-0.00634008,2.0696
15.372,-0.00186269,1.0645,-0.00592957,2.06704,-0.00164355,1.07142,-0.00634008,2.06951
15.374,-0.00186269,1.0645,-0.00592957,2.06704,-0.0015705,1.07145,-0.00629447,2.06951
15.376,-0.00189921,1.06447,-0.00588396,2.06712,-0.00160703,1.07145,-0.00629447,2.06951
15.378,-0.00189921,1.06447,-0.00588396,2.06712,-0.0015705,1.07145,-0.00629447,2.0696
15.38,-0.00186269,1.0645,-0.00592957,2.06704,-0.00160703,1.07145,-0.00629447,2.0696
15.382,-0.00186269,1.0645,-0.00592957,2.06704,-0.0015705,1.07142,-0.00624886,2.0696
15.384,-0.00186269,1.0645,-0.00592957,2.06704,-0.00164355,1.07142,-0.00634008,2.0696
15.386,-0.00186269,1.0645,-0.00592957,2.06704,-0.00164355,1.07145,-0.00629447,2.06951
15.388,-0.00186269,1.0645,-0.00592957,2.06704,-0.00160703,1.07145,-0.00629447,2.0696
15.39,-0.00186269,1.0645,-0.00592957,2.06704,-0.00164355,1.07145,-0.00629447,2.06951
15.392,-0.00186269,1.0645,-0.00592957,2.06704,-0.00160703,1.07145,-0.00629447,2.06951
15.394,-0.00186269,1.0645,-0.00592957,2.06704,-0.00160703,1.07142,-0.00624886,2.06951
15.396,-0.00189921,1.0645,-0.00592957,2.06704,-0.00160703,1.07142,-0.00634008,2.06951
15.398,-0.00186269,1.0645,-0.00592957,2.06695,-0.00160703,1.0714,-0.00629447,2.0696
15.4,-0.00186269,1.06447,-0.00588396,2.06695,-0.0015705,1.0714,-0.00629447,2.06951
15.402,-0.00186269,1.06447,-0.00588396,2.06695,-0.0015705,1.07142,-0.00624886,2.06951
15.404,-0.00186269,1.06447,-0.00588396,2.06695,-0.00160703,1.07145,-0.00629447,2.06943
15.406,-0.00186269,1.0645,-0.00592957,2.06695,-0.00160703,1.07142,-0.00624886,2.06951
15.408,-0.00186269,1.0645,-0.00592957,2.06704,-0.00160703,1.07145,-0.00629447,2.06951
15.41,-0.00186269,1.0645,-0.00592957,2.06704,-0.00164355,1.07145,-0.00629447,2.0696
15.412,-0.00186269,1.0645,-0.00592957,2.06695,-0.00160703,1.07142,-0.00634008,2.06951
15.414,-0.00186269,1.0645,-0.00592957,2.06704,-0.00160703,1.07145,-0.00629447,2.06951
15.416,-0.00186269,1.0645,-0.00592957,2.06704,-0.00160703,1.07145,-0.00629447,2.06951
15.418,-0.00186269,1.0645,-0.00592957,2.06704,-0.00160703,1.07145,-0.00620325,2.06951
15.42,-0.00186269,1.0645,-0.00592957,2.06704,-0.00160703,1.07145,-0.00629447,2.06951
15.422,-0.00186269,1.0645,-0.00592957,2.06704,-0.00160703,1.07142,-0.00624886,2.06951
15.424,-0.00186269,1.0645,-0.00592957,2.06695,-0.0015705,1.07142,-0.00624886,2.0696
15.426,-0.00186269,1.0645,-0.00592957,2.06704,-0.00160703,1.07142,-0.00634008,2.0696
15.428,-0.00186269,1.0645,-0.00592957,2.06704,-0.00160703,1.07145,-0.00629447,2.0696
15.43,-0.00186269,1.0645,-0.00592957,2.06704,-0.00160703,1.07145,-0.00629447,2.06951
15.432,-0.00186269,1.06447,-0.00588396,2.06704,-0.00160703,1.0714,-0.00629447,2.06951
15.434,-0.00186269,1.0645,-0.00592957,2.06704,-0.00164355,1.0714,-0.00629447,2.06951
15.436,-0.00186269,1.06447,-0.00588396,2.06695,-0.00160703,1.07142,-0.00634008,2.0696
15.438,-0.00186269,1.0645,-0.00592957,2.06704,-0.0015705,1.07145,-0.00629447,2.0696
15.44,-0.00186269,1.0645,-0.00592957,2.06695,-0.00160703,1.0714,-0.00629447,2.0696
15.442,-0.00186269,1.0645,-0.00592957,2.06704,-0.00160703,1.07142,-0.00624886,2.0696
15.444,-0.00186269,1.0645,-0.00592957,2.06704,-0.00160703,1.07142,-0.00624886,2.0696
15.446,-0.00186269,1.0645,-0.00592957,2.06704,-0.00160703,1.07145,-0.00629447,2.06951
15.448,-0.00186269,1.0645,-0.00592957,2.06704,-0.00160703,1.07145,-0.00629447,2.06951
15.45,-0.00186269,1.0645,-0.00592957,2.06695,-0.0015705,1.07142,-0.00634008,2.06951
15.452,-0.00186269,1.06447,-0.00588396,2.06695,-0.0015705,1.07145,-0.00629447,2.06951
15.454,-0.00186269,1.0645,-0.00592957,2.06704,-0.00160703,1.07145,-0.00629447,2.06951
15.456,-0.00186269,1.0645,-0.00592957,2.06704,-0.0015705,1.07142,-0.00624886,2.06951
15.458,-0.00186269,1.0645,-0.00592957,2.06704,-0.00160703,1.07142,-0.00624886,2.06951
15.46,-0.00186269,1.0645,-0.00592957,2.06704,-0.0015705,1.07142,-0.00624886,2.0696
15.462,-0.00189921,1.0645,-0.00592957,2.06704,-0.00164355,1.07142,-0.00624886,2.06951
15.464,-0.00186269,1.06447,-0.00588396,2.06704,-0.00160703,1.07145,-0.00629447,2.0696
15.466,-0.00186269,1.0645,-0.00592957,2.06695,-0.00160703,1.07145,-0.00629447,2.06951
15.468,-0.00186269,1.0645,-0.00592957,2.06695,-0.00160703,1.07142,-0.00624886,2.06951
15.47,-0.00186269,1.06447,-0.00588396,2.06704,-0.00160703,1.07145,-0.00629447,2.06951
15.472,-0.00189921,1.06447,-0.00588396,2.06704,-0.0015705,1.07145,-0.00629447,2.0696
15.474,-0.00186269,1.06447,-0.00588396,2.06704,-0.0015705,1.07142,-0.00624886,2.0696
15.476,-0.00186269,1.0645,-0.00592957,2.06704,-0.00160703,1.07142,-0.00624886,2.0696
15.478,-0.00186269,1.06447,-0.00588396,2.06704,-0.00164355,1.0714,-0.00629447,2.0696
15.48,-0.00186269,1.0645,-0.00592957,2.06695,-0.00164355,1.07142,-0.00634008,2.06951
15.482,-0.00186269,1.0645,-0.00592957,2.06704,-0.0015705,1.07145,-0.00629447,2.0696
15.484,-0.00186269,1.06447,-0.00588396,2.06704,-0.0015705,1.07142,-0.00634008,2.0696
15.486,-0.00186269,1.06447,-0.00588396,2.06704,-0.00164355,1.07145,-0.00629447,2.0696
15.488,-0.00186269,1.0645,-0.00592957,2.06704,-0.00164355,1.07145,-0.00629447,2.06951
15.49,-0.00186269,1.0645,-0.00592957,2.06704,-0.00160703,1.07145,-0.00629447,2.06951
15.492,-0.00186269,1.0645,-0.00592957,2.06704,-0.00160703,1.07145,-0.00629447,2.06951
15.494,-0.00186269,1.06447,-0.00588396,2.06704,-0.00160703,1.07142,-0.00624886,2.06943
15.496,-0.00189921,1.06447,-0.00588396,2.06704,-0.00160703,1.07145,-0.00629447,2.0696
15.498,-0.00186269,1.0645,-0.00592957,2.06704,-0.00160703,1.07145,-0.00629447,2.06951
15.5,-0.00186269,1.0645,-0.00592957,2.06704,-0.00160703,1.07142,-0.00634008,2.0696
15.502,-0.00186269,1.0645,-0.00592957,2.06704,-0.00164355,1.07142,-0.00624886,2.0696
15.504,-0.00186269,1.06447,-0.00588396,2.06704,-0.0015705,1.07142,-0.00624886,2.0696
15.506,-0.00189921,1.0645,-0.00592957,2.06704,-0.0015705,1.07142,-0.00634008,2.06951
15.508,-0.00189921,1.0645,-0.00592957,2.06704,-0.00160703,1.07145,-0.00629447,2.06951
15.51,-0.00189921,1.0645,-0.00592957,2.06704,-0.00160703,1.07145,-0.00629447,2.0696
15.512,-0.00186269,1.06447,-0.00588396,2.06704,-0.00164355,1.07145,-0.00629447,2.0696
15.514,-0.00186269,1.06447,-0.00588396,2.06704,-0.0015705,1.07145,-0.00629447,2.0696
15.516,-0.00186269,1.0645,-0.00592957,2.06695,-0.0015705,1.07142,-0.00634008,2.0696
15.518,-0.00189921,1.0645,-0.00592957,2.06704,-0.0015705,1.0714,-0.00629447,2.06951
15.52,-0.00189921,1.0645,-0.00592957,2.06704,-0.00160703,1.07145,-0.00629447,2.06951
15.522,-0.00186269,1.0645,-0.00592957,2.06704,-0.00164355,1.0714,-0.00629447,2.0696
15.524,-0.00186269,1.0645,-0.00592957,2.06704,-0.0015705,1.07142,-0.00634008,2.0696
15.526,-0.00186269,1.06447,-0.00588396,2.06704,-0.00164355,1.07145,-0.00629447,2.06951
15.528,-0.00186269,1.06447,-0.00588396,2.06704,-0.00164355,1.07145,-0.00629447,2.0696
15.53,-0.00186269,1.0645,-0.00592957,2.06704,-0.00164355,1.07145,-0.00629447,2.06951
15.532,-0.00186269,1.0645,-0.00592957,2.06704,-0.0015705,1.07145,-0.00629447,2.06951
15.534,-0.00189921,1.0645,-0.00592957,2.06704,-0.00160703,1.07145,-0.00620325,2.06951
15.536,-0.00189921,1.0645,-0.00592957,2.06704,-0.00160703,1.07142,-0.00624886,2.06951
15.538,-0.00186269,1.0645,-0.00592957,2.06704,-0.00160703,1.07145,-0.00629447,2.06951
15.54,-0.00186269,1.06447,-0.00588396,2.06704,-0.00160703,1.07145,-0.00629447,2.06951
15.542,-0.00186269,1.0645,-0.00592957,2.06704,-0.00160703,1.07142,-0.00634008,2.0696
15.544,-0.00186269,1.06447,-0.00588396,2.06704,-0.00164355,1.07145,-0.00629447,2.06951
15.546,-0.00186269,1.0645,-0.00592957,2.06704,-0.00160703,1.07142,-0.00624886,2.0696
15.548,-0.00186269,1.0645,-0.00592957,2.06704,-0.0015705,1.0714,-0.00629447,2.06951
15.55,-0.00186269,1.0645,-0.00592957,2.06704,-0.00160703,1.07142,-0.00624886,2.0696
15.552,-0.00189921,1.0645,-0.00592957,2.06704,-0.00160703,1.07142,-0.00634008,2.06951
15.554,-0.00189921,1.06447,-0.00588396,2.06704,-0.00160703,1.07142,-0.00634008,2.0696
15.556,-0.00186269,1.06447,-0.00588396,2.06704,-0.00160703,1.07145,-0.00629447,2.06951
15.558,-0.00186269,1.0645,-0.00592957,2.06704,-0.00160703,1.07145,-0.00629447,2.0696
15.56,-0.00186269,1.0645,-0.00592957,2.06704,-0.00164355,1.07142,-0.00634008,2.06951
15.562,-0.00186269,1.0645,-0.00592957,2.06695,-0.0015705,1.07142,-0.00624886,2.0696
15.564,-0.00186269,1.0645,-0.00592957,2.06704,-0.0015705,1.07142,-0.00624886,2.06951
15.566,-0.00189921,1.0645,-0.00592957,2.06704,-0.00160703,1.07145,-0.00629447,2.06951
15.568,-0.00189921,1.0645,-0.00592957,2.06704,-0.00160703,1.07142,-0.00634008,2.0696
15.57,-0.00186269,1.06447,-0.00588396,2.06704,-0.00160703,1.07145,-0.00629447,2.06951
15.572,-0.00186269,1.0645,-0.00592957,2.06712,-0.00160703,1.07145,-0.00629447,2.06951
15.574,-0.00186269,1.0645,-0.00592957,2.06704,-0.0015705,1.07145,-0.00629447,2.0696
15.576,-0.00186269,1.0645,-0.00592957,2.06704,-0.00160703,1.07142,-0.00624886,2.0696
15.578,-0.00186269,1.0645,-0.00592957,2.06704,-0.00160703,1.07142,-0.00624886,2.0696
15.58,-0.00186269,1.0645,-0.00592957,2.06704,-0.00164355,1.07142,-0.00624886,2.0696
15.582,-0.00186269,1.06447,-0.00588396,2.06704,-0.0015705,1.07145,-0.00629447,2.0696
15.584,-0.00186269,1.0645,-0.00592957,2.06695,-0.00160703,1.07142,-0.00634008,2.06951
15.586,-0.00189921,1.0645,-0.00592957,2.06704,-0.0015705,1.07145,-0.00629447,2.0696
15.588,-0.00186269,1.0645,-0.00592957,2.06704,-0.0015705,1.07145,-0.00629447,2.0696
15.59,-0.00186269,1.0645,-0.00592957,2.06704,-0.00160703,1.07142,-0.00624886,2.06951
15.592,-0.00186269,1.0645,-0.00592957,2.06704,-0.00164355,1.07142,-0.00634008,2.0696
15.594,-0.00186269,1.06447,-0.00588396,2.06704,-0.00160703,1.07142,-0.00624886,2.06951
15.596,-0.00186269,1.0645,-0.00592957,2.06704,-0.00164355,1.07142,-0.00624886,2.0696
15.598,-0.00186269,1.06447,-0.00588396,2.06704,-0.00160703,1.07145,-0.00629447,2.0696
15.6,-0.00186269,1.0645,-0.00592957,2.06704,-0.00160703,1.07148,-0.00624886,2.06951
15.602,-0.00186269,1.0645,-0.00592957,2.06704,-0.0015705,1.07145,-0.00629447,2.0696
15.604,-0.00189921,1.0645,-0.00592957,2.06704,-0.0015705,1.07145,-0.00629447,2.0696
15.606,-0.00189921,1.06447,-0.00588396,2.06704,-0.00160703,1.07145,-0.00629447,2.06951
15.608,-0.00186269,1.0645,-0.00592957,2.06704,-0.00160703,1.07145,-0.00629447,2.06951
15.61,-0.00186269,1.0645,-0.00592957,2.06704,-0.0015705,1.07145,-0.00629447,2.06951
15.612,-0.00186269,1.0645,-0.00592957,2.06704,-0.00164355,1.07145,-0.00629447,2.0696
15.614,-0.00186269,1.0645,-0.00592957,2.06704,-0.00164355,1.07142,-0.00634008,2.0696
15.616,-0.00189921,1.0645,-0.00592957,2.06704,-0.00160703,1.07145,-0.00629447,2.06951
15.618,-0.00186269,1.06447,-0.00588396,2.06704,-0.00164355,1.07145,-0.00629447,2.06951
15.62,-0.00189921,1.0645,-0.00592957,2.06704,-0.00160703,1.07142,-0.00634008,2.06951
15.622,-0.00189921,1.0645,-0.00592957,2.06704,-0.00160703,1.07142,-0.00624886,2.06951
15.624,-0.00186269,1.0645,-0.00592957,2.06704,-0.00164355,1.07145,-0.00629447,2.0696
15.626,-0.00186269,1.0645,-0.00592957,2.06695,-0.0015705,1.07145,-0.00629447,2.06951
15.628,-0.00186269,1.0645,-0.00592957,2.06704,-0.00160703,1.07142,-0.00624886,2.0696
15.63,-0.00186269,1.0645,-0.00592957,2.06704,-0.00160703,1.07142,-0.00624886,2.0696
15.632,-0.00189921,1.0645,-0.00592957,2.06704,-0.00164355,1.07145,-0.00629447,2.0696
15.634,-0.00186269,1.0645,-0.00592957,2.06704,-0.00160703,1.07145,-0.00629447,2.06951
15.636,-0.00189921,1.0645,-0.00592957,2.06704,-0.00160703,1.07145,-0.00629447,2.06951
15.638,-0.00189921,1.0645,-0.00592957,2.06704,-0.0015705,1.07145,-0.00629447,2.06951
15.64,-0.00186269,1.0645,-0.00592957,2.06695,-0.00160703,1.07142,-0.00624886,2.06951
15.642,-0.00186269,1.06447,-0.00588396,2.06695,-0.00160703,1.07145,-0.00629447,2.06951
15.644,-0.00186269,1.0645,-0.00592957,2.06704,-0.0015705,1.0714,-0.00629447,2.06951
15.646,-0.00186269,1.0645,-0.00592957,2.06704,-0.00160703,1.07145,-0.00629447,2.06951
15.648,-0.00186269,1.0645,-0.00592957,2.06704,-0.00164355,1.07145,-0.00629447,2.06951
15.65,-0.00186269,1.0645,-0.00592957,2.06704,-0.00160703,1.07145,-0.00629447,2.06951
15.652,-0.00186269,1.0645,-0.00592957,2.06704,-0.0015705,1.07145,-0.00629447,2.0696
15.654,-0.00186269,1.0645,-0.00592957,2.06704,-0.00160703,1.07145,-0.00629447,2.0696
15.656,-0.00186269,1.0645,-0.00592957,2.06704,-0.0015705,1.07142,-0.00634008,2.0696
15.658,-0.00186269,1.0645,-0.00592957,2.06704,-0.00160703,1.07142,-0.00634008,2.06951
15.66,-0.00186269,1.0645,-0.00592957,2.06704,-0.00160703,1.07145,-0.00629447,2.06951
15.662,-0.00189921,1.0645,-0.00592957,2.06704,-0.00160703,1.07142,-0.00634008,2.06951
15.664,-0.00186269,1.0645,-0.00592957,2.06704,-0.00164355,1.07145,-0.00620325,2.0696
15.666,-0.00186269,1.0645,-0.00592957,2.06704,-0.00164355,1.0714,-0.00629447,2.0696
15.668,-0.00186269,1.0645,-0.00592957,2.06704,-0.00160703,1.07145,-0.00629447,2.0696
15.67,-0.00189921,1.0645,-0.00592957,2.06704,-0.00160703,1.07142,-0.00634008,2.0696
15.672,-0.00186269,1.0645,-0.00592957,2.06704,-0.00160703,1.07145,-0.00629447,2.0696
15.674,-0.00186269,1.0645,-0.00592957,2.06704,-0.0015705,1.07145,-0.00629447,2.06951
15.676,-0.00186269,1.0645,-0.00592957,2.06704,-0.00160703,1.0714,-0.00629447,2.06951
15.678,-0.00186269,1.0645,-0.00592957,2.06704,-0.0015705,1.07145,-0.00629447,2.06951
15.68,-0.00186269,1.06447,-0.00588396,2.06704,-0.0015705,1.0714,-0.00629447,2.06951
15.682,-0.00186269,1.06447,-0.00588396,2.06704,-0.00160703,1.07142,-0.00634008,2.0696
15.684,-0.00186269,1.0645,-0.00592957,2.06704,-0.00164355,1.07145,-0.00629447,2.0696
15.686,-0.00186269,1.0645,-0.00592957,2.06695,-0.00160703,1.07142,-0.00624886,2.06951
15.688,-0.00186269,1.0645,-0.00592957,2.06695,-0.0015705,1.07142,-0.00624886,2.06951
15.69,-0.00186269,1.0645,-0.00592957,2.06695,-0.00160703,1.07145,-0.00629447,2.06951
15.692,-0.00186269,1.0645,-0.00592957,2.06704,-0.0015705,1.07142,-0.00624886,2.06951
15.694,-0.00186269,1.06447,-0.00588396,2.06704,-0.0015705,1.07145,-0.00629447,2.06951
15.696,-0.00189921,1.06447,-0.00588396,2.06704,-0.00160703,1.07142,-0.00634008,2.06951
15.698,-0.00186269,1.0645,-0.00592957,2.06704,-0.00160703,1.0714,-0.00629447,2.06951
15.7,-0.00186269,1.0645,-0.00592957,2.06704,-0.00164355,1.07145,-0.00629447,2.06951
15.702,-0.00186269,1.0645,-0.00592957,2.06695,-0.00160703,1.07142,-0.00624886,2.0696
15.704,-0.00186269,1.0645,-0.00592957,2.06704,-0.00164355,1.07145,-0.00629447,2.06951
15.706,-0.00186269,1.0645,-0.00592957,2.06704,-0.00160703,1.07145,-0.00629447,2.06951
15.708,-0.00186269,1.0645,-0.00592957,2.06704,-0.00160703,1.07145,-0.00629447,2.0696
15.71,-0.00189921,1.0645,-0.00592957,2.06704,-0.00160703,1.07145,-0.00629447,2.06951
15.712,-0.00186269,1.0645,-0.00592957,2.06704,-0.00160703,1.07145,-0.00629447,2.06951
15.714,-0.00186269,1.0645,-0.00592957,2.06695,-0.00160703,1.0714,-0.00629447,2.06951
15.716,-0.00186269,1.06447,-0.00588396,2.06695,-0.00160703,1.07142,-0.00634008,2.06951
15.718,-0.00186269,1.0645,-0.00592957,2.06704,-0.00164355,1.07142,-0.00624886,2.06951
15.72,-0.00186269,1.0645,-0.00592957,2.06704,-0.00160703,1.07142,-0.00624886,2.0696
15.722,-0.00186269,1.0645,-0.00592957,2.06704,-0.00160703,1.07145,-0.00629447,2.0696
15.724,-0.00186269,1.0645,-0.00592957,2.06704,-0.00160703,1.07142,-0.00634008,2.06951
15.726,-0.00186269,1.0645,-0.00592957,2.06704,-0.0015705,1.07145,-0.00629447,2.0696
15.728,-0.00186269,1.0645,-0.00592957,2.06704,-0.00160703,1.07145,-0.00629447,2.06951
15.73,-0.00186269,1.0645,-0.00592957,2.06704,-0.00168007,1.07145,-0.00629447,2.0696
15.732,-0.00186269,1.0645,-0.00592957,2.06704,-0.00160703,1.07145,-0.00629447,2.0696
15.734,-0.00186269,1.0645,-0.00592957,2.06704,-0.00164355,1.07142,-0.00624886,2.0696
15.736,-0.00186269,1.0645,-0.00592957,2.06695,-0.0015705,1.07142,-0.00634008,2.0696
15.738,-0.00186269,1.0645,-0.00592957,2.06704,-0.0015705,1.07145,-0.00629447,2.06951
15.74,-0.00186269,1.0645,-0.00592957,2.06704,-0.0015705,1.07145,-0.00629447,2.06951
15.742,-0.00186269,1.0645,-0.00592957,2.06704,-0.00160703,1.07145,-0.00629447,2.06951
15.744,-0.00186269,1.0645,-0.00592957,2.06704,-0.00160703,1.07142,-0.00624886,2.06951
15.746,-0.00186269,1.0645,-0.00592957,2.06704,-0.00164355,1.07142,-0.00624886,2.0696
15.748,-0.00186269,1.0645,-0.00592957,2.06704,-0.00160703,1.07142,-0.00624886,2.0696
15.75,-0.00186269,1.0645,-0.00592957,2.06695,-0.00160703,1.07142,-0.00624886,2.06951
15.752,-0.00186269,1.0645,-0.00592957,2.06695,-0.00160703,1.07145,-0.00629447,2.06951
15.754,-0.00186269,1.0645,-0.00592957,2.06704,-0.00160703,1.07142,-0.00634008,2.06951
15.756,-0.00186269,1.0645,-0.00592957,2.06704,-0.00164355,1.07148,-0.00624886,2.06951
15.758,-0.00186269,1.06447,-0.00588396,2.06704,-0.00160703,1.0714,-0.00629447,2.0696
15.76,-0.00186269,1.0645,-0.00592957,2.06704,-0.0015705,1.07145,-0.00629447,2.06951
15.762,-0.00186269,1.0645,-0.00592957,2.06704,-0.00160703,1.07145,-0.00629447,2.06951
15.764,-0.00186269,1.0645,-0.00592957,2.06704,-0.00164355,1.07145,-0.00629447,2.06951
15.766,-0.00186269,1.0645,-0.00592957,2.06704,-0.00160703,1.07145,-0.00629447,2.0696
15.768,-0.00186269,1.0645,-0.00592957,2.06695,-0.00164355,1.0714,-0.00629447,2.06951
15.77,-0.00186269,1.0645,-0.00592957,2.06704,-0.00160703,1.07142,-0.00624886,2.0696
15.772,-0.00186269,1.0645,-0.00592957,2.06704,-0.00164355,1.07142,-0.00624886,2.06951
15.774,-0.00186269,1.0645,-0.00592957,2.06704,-0.00160703,1.07142,-0.00624886,2.0696
15.776,-0.00189921,1.0645,-0.00592957,2.06704,-0.00160703,1.07142,-0.00624886,2.0696
15.778,-0.00186269,1.06447,-0.00588396,2.06704,-0.00160703,1.0714,-0.00629447,2.06951
15.78,-0.00186269,1.0645,-0.00592957,2.06704,-0.00160703,1.07142,-0.00624886,2.06951
15.782,-0.00186269,1.06447,-0.00588396,2.06704,-0.0015705,1.07145,-0.00629447,2.06951
15.784,-0.00186269,1.0645,-0.00592957,2.06704,-0.00160703,1.0714,-0.00629447,2.06951
15.786,-0.00186269,1.0645,-0.00592957,2.06704,-0.0015705,1.07142,-0.00624886,2.06951
15.788,-0.00186269,1.0645,-0.00592957,2.06712,-0.0015705,1.07145,-0.00629447,2.06951
15.79,-0.00186269,1.0645,-0.00592957,2.06704,-0.00160703,1.07142,-0.00634008,2.0696
15.792,-0.00186269,1.0645,-0.00592957,2.06704,-0.00160703,1.07142,-0.00634008,2.0696
15.794,-0.00186269,1.0645,-0.00592957,2.06704,-0.0015705,1.07145,-0.00629447,2.06951
15.796,-0.00186269,1.0645,-0.00592957,2.06704,-0.00160703,1.0714,-0.00629447,2.06951
15.798,-0.00186269,1.06447,-0.00588396,2.06704,-0.00160703,1.07145,-0.00629447,2.06951
15.8,-0.00186269,1.06447,-0.00588396,2.06704,-0.00160703,1.07142,-0.00624886,2.06951
15.802,-0.00186269,1.0645,-0.00592957,2.06704,-0.0015705,1.07142,-0.00624886,2.06951
15.804,-0.00186269,1.0645,-0.00592957,2.06704,-0.00160703,1.07142,-0.00634008,2.0696
15.806,-0.00186269,1.0645,-0.00592957,2.06704,-0.00160703,1.07142,-0.00624886,2.06951
15.808,-0.00186269,1.0645,-0.00592957,2.06704,-0.00160703,1.07145,-0.00629447,2.06951
15.81,-0.00186269,1.0645,-0.00592957,2.06704,-0.00160703,1.07145,-0.00629447,2.06951
15.812,-0.00186269,1.0645,-0.00592957,2.06704,-0.00160703,1.07145,-0.00629447,2.06951
15.814,-0.00186269,1.0645,-0.00592957,2.06704,-0.00164355,1.07145,-0.00629447,2.0696
15.816,-0.00186269,1.0645,-0.00592957,2.06704,-0.0015705,1.07145,-0.00629447,2.0696
15.818,-0.00186269,1.0645,-0.00592957,2.06704,-0.0015705,1.07142,-0.00624886,2.0696
15.82,-0.00186269,1.0645,-0.00592957,2.06704,-0.00160703,1.07142,-0.00624886,2.06951
15.822,-0.00189921,1.0645,-0.00592957,2.06704,-0.0015705,1.07142,-0.00624886,2.06951
15.824,-0.00189921,1.0645,-0.00592957,2.06704,-0.00160703,1.07145,-0.00629447,2.06951
15.826,-0.00186269,1.0645,-0.00592957,2.06704,-0.00160703,1.07145,-0.00629447,2.06951
15.828,-0.00186269,1.0645,-0.00592957,2.06704,-0.00160703,1.07145,-0.00629447,2.0696
15.83,-0.00186269,1.06447,-0.00588396,2.06704,-0.00164355,1.07142,-0.00624886,2.0696
15.832,-0.00186269,1.0645,-0.00592957,2.06704,-0.00160703,1.07145,-0.00629447,2.06951
15.834,-0.00186269,1.0645,-0.00592957,2.06704,-0.00160703,1.0714,-0.00629447,2.0696
15.836,-0.00186269,1.0645,-0.00592957,2.06704,-0.00160703,1.07145,-0.00629447,2.06951
15.838,-0.00186269,1.06447,-0.00588396,2.06704,-0.0015705,1.07142,-0.00624886,2.06951
15.84,-0.00186269,1.06447,-0.00588396,2.06704,-0.00160703,1.07145,-0.00629447,2.06951
15.842,-0.00186269,1.0645,-0.00592957,2.06695,-0.00160703,1.07145,-0.00629447,2.06951
15.844,-0.00186269,1.0645,-0.00592957,2.06695,-0.00160703,1.07145,-0.00629447,2.06951
15.846,-0.00186269,1.0645,-0.00592957,2.06704,-0.00160703,1.07142,-0.00634008,2.0696
15.848,-0.00186269,1.06447,-0.00588396,2.06704,-0.00160703,1.07145,-0.00629447,2.06951
15.85,-0.00186269,1.0645,-0.00592957,2.06704,-0.0015705,1.07145,-0.00629447,2.06951
15.852,-0.00186269,1.0645,-0.00592957,2.06712,-0.00160703,1.07145,-0.00629447,2.0696
15.854,-0.00186269,1.0645,-0.00592957,2.06704,-0.0015705,1.07145,-0.00629447,2.0696
15.856,-0.00186269,1.0645,-0.00592957,2.06695,-0.0015705,1.07142,-0.00624886,2.0696
15.858,-0.00186269,1.0645,-0.00592957,2.06704,-0.00164355,1.07145,-0.00629447,2.0696
15.86,-0.00186269,1.0645,-0.00592957,2.06695,-0.00160703,1.07142,-0.00634008,2.06951
15.862,-0.00186269,1.0645,-0.00592957,2.06695,-0.0015705,1.07145,-0.00629447,2.0696
15.864,-0.00186269,1.0645,-0.00592957,2.06704,-0.00160703,1.07145,-0.00629447,2.06951
15.866,-0.00186269,1.0645,-0.00592957,2.06704,-0.00160703,1.07145,-0.00629447,2.06951
15.868,-0.00189921,1.0645,-0.00592957,2.06704,-0.00160703,1.07145,-0.00629447,2.0696
15.87,-0.00186269,1.0645,-0.00592957,2.06704,-0.00160703,1.0714,-0.00629447,2.0696
15.872,-0.00186269,1.0645,-0.00592957,2.06695,-0.0015705,1.07145,-0.00629447,2.0696
15.874,-0.00186269,1.06447,-0.00588396,2.06704,-0.00160703,1.07142,-0.00624886,2.0696
15.876,-0.00186269,1.0645,-0.00592957,2.06704,-0.0015705,1.07142,-0.00624886,2.06951
15.878,-0.00186269,1.0645,-0.00592957,2.06704,-0.00160703,1.07142,-0.00634008,2.06951
15.88,-0.00186269,1.0645,-0.00592957,2.06704,-0.0015705,1.07145,-0.00629447,2.06951
15.882,-0.00186269,1.0645,-0.00592957,2.06695,-0.00160703,1.07145,-0.00629447,2.0696
15.884,-0.00189921,1.0645,-0.00592957,2.06704,-0.00164355,1.07142,-0.00634008,2.0696
15.886,-0.00186269,1.0645,-0.00592957,2.06704,-0.0015705,1.07142,-0.00624886,2.06951
15.888,-0.00186269,1.0645,-0.00592957,2.06695,-0.00164355,1.07142,-0.00634008,2.06951
15.89,-0.00186269,1.0645,-0.00592957,2.06704,-0.00160703,1.07145,-0.00629447,2.0696
15.892,-0.00189921,1.0645,-0.00592957,2.06704,-0.00160703,1.07142,-0.00634008,2.0696
15.894,-0.00186269,1.0645,-0.00592957,2.06704,-0.00160703,1.07145,-0.00629447,2.06951
15.896,-0.00186269,1.06447,-0.00588396,2.06704,-0.00160703,1.07142,-0.00634008,2.0696
15.898,-0.00186269,1.0645,-0.00592957,2.06704,-0.00164355,1.07145,-0.00629447,2.06951
15.9,-0.00186269,1.0645,-0.00592957,2.06695,-0.00160703,1.07142,-0.00634008,2.0696
15.902,-0.00186269,1.0645,-0.00592957,2.06704,-0.00164355,1.07145,-0.00620325,2.0696
15.904,-0.00186269,1.0645,-0.00592957,2.06704,-0.00160703,1.07145,-0.00629447,2.06951
15.906,-0.00186269,1.06447,-0.00588396,2.06704,-0.00160703,1.07142,-0.00624886,2.0696
15.908,-0.00189921,1.0645,-0.00592957,2.06704,-0.00160703,1.07145,-0.00629447,2.06951
15.91,-0.00186269,1.0645,-0.00592957,2.06704,-0.00160703,1.07142,-0.00634008,2.06951
15.912,-0.00186269,1.0645,-0.00592957,2.06704,-0.00164355,1.07142,-0.00624886,2.0696
15.914,-0.00186269,1.0645,-0.00592957,2.06704,-0.00160703,1.07145,-0.00629447,2.0696
15.916,-0.00186269,1.0645,-0.00592957,2.06704,-0.00160703,1.07142,-0.00634008,2.0696
15.918,-0.00186269,1.0645,-0.00592957,2.06704,-0.00160703,1.07142,-0.00624886,2.0696
15.92,-0.00186269,1.0645,-0.00592957,2.06704,-0.0015705,1.07145,-0.00629447,2.0696
15.922,-0.00186269,1.06447,-0.00588396,2.06704,-0.00164355,1.07145,-0.00629447,2.06951
15.924,-0.00186269,1.0645,-0.00592957,2.06704,-0.0015705,1.07145,-0.00629447,2.06951
15.926,-0.00186269,1.0645,-0.00592957,2.06704,-0.00160703,1.07142,-0.00624886,2.06951
15.928,-0.00186269,1.0645,-0.00592957,2.06695,-0.00160703,1.0714,-0.00629447,2.06951
15.93,-0.00186269,1.0645,-0.00592957,2.06704,-0.0015705,1.0714,-0.00629447,2.06951
15.932,-0.00186269,1.06447,-0.00588396,2.06704,-0.00160703,1.07145,-0.00629447,2.06951
15.934,-0.00186269,1.0645,-0.00592957,2.06704,-0.00160703,1.07145,-0.00629447,2.06951
15.936,-0.00186269,1.0645,-0.00592957,2.06704,-0.00160703,1.07142,-0.00634008,2.06951
15.938,-0.00186269,1.0645,-0.00592957,2.06704,-0.0015705,1.07145,-0.00629447,2.0696
15.94,-0.00186269,1.0645,-0.00592957,2.06704,-0.00160703,1.07142,-0.00624886,2.0696
15.942,-0.00186269,1.0645,-0.00592957,2.06704,-0.00164355,1.07145,-0.00629447,2.06951
15.944,-0.00186269,1.0645,-0.00592957,2.06704,-0.00160703,1.0714,-0.00629447,2.06951
15.946,-0.00189921,1.0645,-0.00592957,2.06704,-0.00160703,1.07145,-0.00629447,2.0696
15.948,-0.00186269,1.0645,-0.00592957,2.06704,-0.00160703,1.07145,-0.00629447,2.0696
15.95,-0.00186269,1.0645,-0.00592957,2.06704,-0.00160703,1.07145,-0.00629447,2.0696
15.952,-0.00186269,1.0645,-0.00592957,2.06704,-0.0015705,1.0714,-0.00629447,2.06951
15.954,-0.00186269,1.0645,-0.00592957,2.06704,-0.0015705,1.07145,-0.00629447,2.06951
15.956,-0.00186269,1.0645,-0.00592957,2.06704,-0.00160703,1.07142,-0.00624886,2.0696
15.958,-0.00186269,1.0645,-0.00592957,2.06704,-0.00160703,1.0714,-0.00629447,2.0696
15.96,-0.00186269,1.0645,-0.00592957,2.06704,-0.00160703,1.07145,-0.00629447,2.06951
15.962,-0.00186269,1.06447,-0.00588396,2.06704,-0.00164355,1.07145,-0.00629447,2.0696
15.964,-0.00186269,1.0645,-0.00592957,2.06695,-0.00160703,1.07145,-0.00629447,2.06951
15.966,-0.00186269,1.0645,-0.00592957,2.06704,-0.00160703,1.07148,-0.00624886,2.0696
15.968,-0.00186269,1.0645,-0.00592957,2.06704,-0.00164355,1.07145,-0.00620325,2.06951
15.97,-0.00186269,1.0645,-0.00592957,2.06704,-0.00160703,1.07142,-0.00624886,2.06951
15.972,-0.00186269,1.0645,-0.00592957,2.06704,-0.00160703,1.07142,-0.00634008,2.0696
15.974,-0.00186269,1.0645,-0.00592957,2.06695,-0.0015705,1.07142,-0.00634008,2.0696
15.976,-0.00186269,1.0645,-0.00592957,2.06704,-0.00160703,1.0714,-0.00629447,2.0696
15.978,-0.00186269,1.0645,-0.00592957,2.06695,-0.00160703,1.07145,-0.00629447,2.06951
15.98,-0.00186269,1.0645,-0.00592957,2.06695,-0.00160703,1.07142,-0.00634008,2.06951
15.982,-0.00186269,1.0645,-0.00592957,2.06704,-0.00160703,1.07145,-0.00629447,2.0696
15.984,-0.00189921,1.0645,-0.00592957,2.06704,-0.00160703,1.07145,-0.00629447,2.06951
15.986,-0.00186269,1.06447,-0.00588396,2.06704,-0.0015705,1.07142,-0.00634008,2.06951
15.988,-0.00186269,1.0645,-0.00592957,2.06704,-0.00164355,1.07145,-0.00629447,2.0696
15.99,-0.00186269,1.0645,-0.00592957,2.06704,-0.0015705,1.07142,-0.00634008,2.0696
15.992,-0.00186269,1.0645,-0.00592957,2.06704,-0.00160703,1.07142,-0.00624886,2.0696
15.994,-0.00186269,1.0645,-0.00592957,2.06704,-0.00160703,1.0714,-0.00629447,2.0696
15.996,-0.00186269,1.0645,-0.00592957,2.06695,-0.00160703,1.07142,-0.00624886,2.06951
15.998,-0.00186269,1.0645,-0.00592957,2.06695,-0.00160703,1.07145,-0.00629447,2.06951
16,-0.00186269,1.0645,-0.00592957,2.06704,-0.00160703,1.0714,-0.00629447,2.06951
16.002,-0.00186269,1.06447,-0.00588396,2.06704,-0.0015705,1.07142,-0.00624886,2.0696
16.004,-0.00186269,1.0645,-0.00592957,2.06704,-0.00160703,1.07142,-0.00634008,2.0696
16.006,-0.00186269,1.0645,-0.00592957,2.06704,-0.00164355,1.07142,-0.00634008,2.06951
16.008,-0.00186269,1.0645,-0.00592957,2.06695,-0.00164355,1.07145,-0.00629447,2.0696
16.01,-0.00186269,1.0645,-0.00592957,2.06704,-0.00164355,1.07142,-0.00624886,2.06951
16.012,-0.00186269,1.0645,-0.00592957,2.06704,-0.00160703,1.07145,-0.00629447,2.06951
16.014,-0.00186269,1.0645,-0.00592957,2.06704,-0.00160703,1.07145,-0.00629447,2.06951
16.016,-0.00186269,1.0645,-0.00592957,2.06704,-0.00160703,1.07145,-0.00629447,2.06951
16.018,-0.00189921,1.0645,-0.00592957,2.06704,-0.00164355,1.07142,-0.00634008,2.06951
16.02,-0.00186269,1.06447,-0.00588396,2.06704,-0.00160703,1.07145,-0.00629447,2.06951
16.022,-0.00186269,1.06447,-0.00588396,2.06704,-0.00160703,1.07145,-0.00629447,2.0696
16.024,-0.00186269,1.06447,-0.00588396,2.06704,-0.00160703,1.0714,-0.00629447,2.0696
16.026,-0.00186269,1.0645,-0.00592957,2.06695,-0.00164355,1.07142,-0.00624886,2.06951
16.028,-0.00186269,1.0645,-0.00592957,2.06695,-0.00164355,1.07142,-0.00624886,2.06951
16.03,-0.00186269,1.0645,-0.00592957,2.06704,-0.00160703,1.07142,-0.00624886,2.06951
16.032,-0.00186269,1.0645,-0.00592957,2.06704,-0.00164355,1.07145,-0.00629447,2.06951
16.034,-0.00186269,1.0645,-0.00592957,2.06704,-0.00160703,1.07145,-0.00629447,2.0696
16.036,-0.00186269,1.0645,-0.00592957,2.06695,-0.00160703,1.07145,-0.00629447,2.0696
16.038,-0.00186269,1.0645,-0.00592957,2.06704,-0.00164355,1.07145,-0.00629447,2.06951
16.04,-0.00186269,1.06447,-0.00588396,2.06695,-0.00164355,1.07142,-0.00624886,2.06951
16.042,-0.00186269,1.0645,-0.00592957,2.06695,-0.0015705,1.07142,-0.00624886,2.06951
16.044,-0.00186269,1.0645,-0.00592957,2.06704,-0.0015705,1.07142,-0.00624886,2.06951
16.046,-0.00186269,1.0645,-0.00592957,2.06704,-0.00160703,1.0714,-0.00629447,2.0696
16.048,-0.00186269,1.0645,-0.00592957,2.06712,-0.0015705,1.07142,-0.00634008,2.06951
16.05,-0.00186269,1.06447,-0.00588396,2.06704,-0.0015705,1.07142,-0.00634008,2.0696
16.052,-0.00186269,1.0645,-0.00592957,2.06704,-0.00160703,1.07145,-0.00629447,2.06951
16.054,-0.00189921,1.0645,-0.00592957,2.06704,-0.00160703,1.07145,-0.00629447,2.06951
16.056,-0.00189921,1.0645,-0.00592957,2.06704,-0.0015705,1.07145,-0.00629447,2.06951
16.058,-0.00186269,1.0645,-0.00592957,2.06704,-0.00160703,1.07142,-0.00624886,2.06951
16.06,-0.00186269,1.0645,-0.00592957,2.06704,-0.00160703,1.07142,-0.00624886,2.06951
16.062,-0.00186269,1.0645,-0.00592957,2.06704,-0.00164355,1.0714,-0.00629447,2.06951
16.064,-0.00186269,1.0645,-0.00592957,2.06704,-0.00160703,1.07145,-0.00629447,2.0696
16.066,-0.00186269,1.06447,-0.00588396,2.06704,-0.00164355,1.07142,-0.00624886,2.06951
16.068,-0.00186269,1.0645,-0.00592957,2.06704,-0.00160703,1.07145,-0.00629447,2.06951
16.07,-0.00186269,1.0645,-0.00592957,2.06704,-0.00164355,1.07142,-0.00624886,2.06951
16.072,-0.00186269,1.0645,-0.00592957,2.06704,-0.00164355,1.07142,-0.00634008,2.06951
16.074,-0.00186269,1.0645,-0.00592957,2.06704,-0.00160703,1.07142,-0.00624886,2.06951
16.076,-0.00186269,1.06447,-0.00588396,2.06704,-0.00164355,1.07145,-0.00629447,2.06951
16.078,-0.00186269,1.0645,-0.00592957,2.06704,-0.00164355,1.07142,-0.00634008,2.06951
16.08,-0.00186269,1.0645,-0.00592957,2.06695,-0.00160703,1.07145,-0.00629447,2.0696
16.082,-0.00186269,1.0645,-0.00592957,2.06695,-0.0015705,1.0714,-0.00629447,2.06951
16.084,-0.00186269,1.0645,-0.00592957,2.06695,-0.00153398,1.07145,-0.00629447,2.0696
16.086,-0.00186269,1.0645,-0.00592957,2.06695,-0.00160703,1.07142,-0.00634008,2.06951
16.088,-0.00189921,1.0645,-0.00592957,2.06695,-0.00164355,1.07145,-0.00629447,2.0696
16.09,-0.00186269,1.0645,-0.00592957,2.06704,-0.00164355,1.07142,-0.00634008,2.06951
16.092,-0.00186269,1.0645,-0.00592957,2.06704,-0.00164355,1.07145,-0.00629447,2.06951
16.094,-0.00186269,1.0645,-0.00592957,2.06704,-0.00160703,1.07145,-0.00629447,2.06951
16.096,-0.00186269,1.0645,-0.00592957,2.06704,-0.00160703,1.07142,-0.00624886,2.0696
16.098,-0.00186269,1.0645,-0.00592957,2.06704,-0.00160703,1.0714,-0.00629447,2.06951
16.1,-0.00186269,1.06447,-0.00588396,2.06704,-0.00164355,1.07142,-0.00624886,2.06951
16.102,-0.00189921,1.0645,-0.00592957,2.06704,-0.0015705,1.07142,-0.00634008,2.0696
16.104,-0.00186269,1.0645,-0.00592957,2.06704,-0.00160703,1.07142,-0.00634008,2.06951
16.106,-0.00186269,1.0645,-0.00592957,2.06704,-0.00160703,1.07145,-0.00629447,2.06951
16.108,-0.00186269,1.0645,-0.00592957,2.06704,-0.00160703,1.07142,-0.00624886,2.06951
16.11,-0.00186269,1.0645,-0.00592957,2.06704,-0.00164355,1.07142,-0.00624886,2.06951
16.112,-0.00186269,1.0645,-0.00592957,2.06704,-0.0015705,1.07145,-0.00629447,2.0696
16.114,-0.00186269,1.0645,-0.00592957,2.06704,-0.00160703,1.0714,-0.00629447,2.0696
16.116,-0.00186269,1.0645,-0.00592957,2.06704,-0.00160703,1.0714,-0.00629447,2.0696
16.118,-0.00189921,1.06447,-0.00588396,2.06704,-0.0015705,1.0714,-0.00629447,2.06951
16.12,-0.00189921,1.0645,-0.00592957,2.06704,-0.0015705,1.07145,-0.00629447,2.06951
16.122,-0.00186269,1.0645,-0.00592957,2.06704,-0.00160703,1.07142,-0.00624886,2.06951
16.124,-0.00186269,1.0645,-0.00592957,2.06704,-0.0015705,1.07142,-0.00634008,2.06951
16.126,-0.00186269,1.0645,-0.00592957,2.06704,-0.00160703,1.07142,-0.00634008,2.0696
16.128,-0.00186269,1.0645,-0.00592957,2.06704,-0.00160703,1.07145,-0.00629447,2.0696
16.13,-0.00186269,1.0645,-0.00592957,2.06704,-0.0015705,1.07145,-0.00629447,2.0696
16.132,-0.00186269,1.0645,-0.00592957,2.06704,-0.00160703,1.07145,-0.00629447,2.06951
16.134,-0.00186269,1.0645,-0.00592957,2.06704,-0.00160703,1.07142,-0.00624886,2.0696
16.136,-0.00186269,1.0645,-0.00592957,2.06704,-0.00160703,1.07145,-0.00629447,2.0696
16.138,-0.00186269,1.0645,-0.00592957,2.06704,-0.00160703,1.07145,-0.00629447,2.06951
16.14,-0.00186269,1.0645,-0.00592957,2.06704,-0.00160703,1.07142,-0.00634008,2.06951
16.142,-0.00186269,1.0645,-0.00592957,2.06704,-0.00160703,1.07145,-0.00629447,2.06951
16.144,-0.00186269,1.0645,-0.00592957,2.06704,-0.00164355,1.07148,-0.00624886,2.0696
16.146,-0.00186269,1.0645,-0.00592957,2.06704,-0.00164355,1.07145,-0.00629447,2.0696
16.148,-0.00186269,1.0645,-0.00592957,2.06704,-0.0015705,1.07142,-0.00624886,2.06951
16.15,-0.00186269,1.0645,-0.00592957,2.06704,-0.00164355,1.07145,-0.00629447,2.06951
16.152,-0.00186269,1.0645,-0.00592957,2.06712,-0.00160703,1.0714,-0.00629447,2.0696
16.154,-0.00186269,1.06447,-0.00588396,2.06704,-0.0015705,1.07145,-0.00629447,2.06951
16.156,-0.00186269,1.0645,-0.00592957,2.06704,-0.00164355,1.07145,-0.00629447,2.0696
16.158,-0.00186269,1.0645,-0.00592957,2.06704,-0.0015705,1.07142,-0.00624886,2.0696
16.16,-0.00186269,1.0645,-0.00592957,2.06704,-0.0015705,1.07145,-0.00629447,2.06951
16.162,-0.00189921,1.0645,-0.00592957,2.06704,-0.0015705,1.07145,-0.00629447,2.0696
16.164,-0.00186269,1.0645,-0.00592957,2.06704,-0.00160703,1.07142,-0.00634008,2.0696
16.166,-0.00186269,1.06447,-0.00588396,2.06704,-0.00160703,1.07145,-0.00629447,2.0696
16.168,-0.00186269,1.0645,-0.00592957,2.06704,-0.00160703,1.07142,-0.00634008,2.06951
16.17,-0.00186269,1.0645,-0.00592957,2.06712,-0.0015705,1.07142,-0.00634008,2.06951
16.172,-0.00186269,1.0645,-0.00592957,2.06704,-0.00160703,1.07145,-0.00629447,2.0696
16.174,-0.00186269,1.0645,-0.00592957,2.06704,-0.00160703,1.07142,-0.00624886,2.0696
16.176,-0.00186269,1.06447,-0.00588396,2.06704,-0.00164355,1.07142,-0.00624886,2.06951
16.178,-0.00186269,1.06447,-0.00588396,2.06695,-0.00164355,1.07142,-0.00624886,2.0696
16.18,-0.00186269,1.0645,-0.00592957,2.06704,-0.0015705,1.07145,-0.00629447,2.0696
16.182,-0.00186269,1.0645,-0.00592957,2.06704,-0.00160703,1.07142,-0.00634008,2.06951
16.184,-0.00186269,1.0645,-0.00592957,2.06704,-0.00160703,1.07142,-0.00624886,2.0696
16.186,-0.00186269,1.0645,-0.00592957,2.06704,-0.00160703,1.07142,-0.00634008,2.0696
16.188,-0.00186269,1.0645,-0.00592957,2.06704,-0.00160703,1.07142,-0.00634008,2.06951
16.19,-0.00186269,1.0645,-0.00592957,2.06704,-0.00160703,1.07145,-0.00629447,2.06951
16.192,-0.00186269,1.06447,-0.00588396,2.06704,-0.00160703,1.07145,-0.00629447,2.0696
16.194,-0.00189921,1.0645,-0.00592957,2.06704,-0.0015705,1.07145,-0.00629447,2.0696
16.196,-0.00186269,1.0645,-0.00592957,2.06704,-0.00153398,1.07142,-0.00624886,2.0696
16.198,-0.00189921,1.0645,-0.00592957,2.06704,-0.00160703,1.07145,-0.00629447,2.0696
16.2,-0.00186269,1.0645,-0.00592957,2.06704,-0.00160703,1.07145,-0.00629447,2.0696
16.202,-0.00186269,1.06447,-0.00588396,2.06704,-0.00160703,1.07145,-0.00629447,2.0696
16.204,-0.00186269,1.06447,-0.00588396,2.06704,-0.00160703,1.07142,-0.00634008,2.06951
16.206,-0.00186269,1.0645,-0.00592957,2.06704,-0.00160703,1.07145,-0.00629447,2.06951
16.208,-0.00186269,1.0645,-0.00592957,2.06704,-0.0015705,1.07145,-0.00629447,2.06951
16.21,-0.00186269,1.0645,-0.00592957,2.06704,-0.0015705,1.0714,-0.00629447,2.0696
16.212,-0.00186269,1.0645,-0.00592957,2.06704,-0.00160703,1.07142,-0.00624886,2.0696
16.214,-0.00186269,1.06447,-0.00588396,2.06704,-0.0015705,1.07142,-0.00624886,2.06951
16.216,-0.00186269,1.06447,-0.00588396,2.06704,-0.00160703,1.07142,-0.00624886,2.06951
16.218,-0.00186269,1.0645,-0.00592957,2.06704,-0.00160703,1.07142,-0.00624886,2.0696
16.22,-0.00186269,1.0645,-0.00592957,2.06704,-0.00160703,1.0714,-0.00629447,2.06951
16.222,-0.00186269,1.06447,-0.00588396,2.06695,-0.00164355,1.07142,-0.00634008,2.06951
16.224,-0.00186269,1.0645,-0.00592957,2.06704,-0.00164355,1.07142,-0.00634008,2.0696
16.226,-0.00186269,1.0645,-0.00592957,2.06704,-0.0015705,1.07145,-0.00629447,2.0696
16.228,-0.00186269,1.0645,-0.00592957,2.06704,-0.00160703,1.07145,-0.00629447,2.0696
16.23,-0.00186269,1.0645,-0.00592957,2.06704,-0.00160703,1.07145,-0.00629447,2.06951
16.232,-0.00186269,1.0645,-0.00592957,2.06704,-0.00160703,1.07145,-0.00629447,2.0696
16.234,-0.00186269,1.0645,-0.00592957,2.06695,-0.0015705,1.07145,-0.00629447,2.06951
16.236,-0.00186269,1.0645,-0.00592957,2.06695,-0.00160703,1.0714,-0.00629447,2.0696
16.238,-0.00186269,1.0645,-0.00592957,2.06695,-0.00160703,1.07142,-0.00634008,2.06951
16.24,-0.00186269,1.0645,-0.00592957,2.06704,-0.00160703,1.07142,-0.00634008,2.06951
16.242,-0.00186269,1.0645,-0.00592957,2.06704,-0.00160703,1.07142,-0.00634008,2.0696
16.244,-0.00186269,1.0645,-0.00592957,2.06704,-0.00160703,1.07145,-0.00629447,2.06951
16.246,-0.00186269,1.0645,-0.00592957,2.06704,-0.00160703,1.07145,-0.00629447,2.0696
16.248,-0.00186269,1.0645,-0.00592957,2.06695,-0.00160703,1.07148,-0.00624886,2.06951
16.25,-0.00186269,1.0645,-0.00592957,2.06695,-0.00164355,1.07145,-0.00629447,2.0696
16.252,-0.00186269,1.06447,-0.00588396,2.06695,-0.0015705,1.07142,-0.00634008,2.0696
16.254,-0.00189921,1.0645,-0.00592957,2.06704,-0.00160703,1.0714,-0.00629447,2.0696
16.256,-0.00186269,1.0645,-0.00592957,2.06704,-0.0015705,1.07142,-0.00624886,2.06951
16.258,-0.00189921,1.0645,-0.00592957,2.06704,-0.0015705,1.07145,-0.00629447,2.06951
16.26,-0.00186269,1.0645,-0.00592957,2.06704,-0.00160703,1.07145,-0.00629447,2.0696
16.262,-0.00186269,1.06447,-0.00588396,2.06704,-0.00160703,1.0714,-0.00629447,2.0696
16.264,-0.00186269,1.06447,-0.00588396,2.06704,-0.00160703,1.07145,-0.00629447,2.06951
16.266,-0.00186269,1.0645,-0.00592957,2.06704,-0.00164355,1.07142,-0.00624886,2.06951
16.268,-0.00186269,1.0645,-0.00592957,2.06704,-0.0015705,1.0714,-0.00629447,2.06951
16.27,-0.00186269,1.0645,-0.00592957,2.06704,-0.0015705,1.0714,-0.00629447,2.06951
16.272,-0.00189921,1.0645,-0.00592957,2.06704,-0.0015705,1.07142,-0.00624886,2.06951
16.274,-0.00189921,1.06447,-0.00588396,2.06704,-0.00160703,1.07145,-0.00629447,2.0696
16.276,-0.00186269,1.0645,-0.00592957,2.06704,-0.00160703,1.07145,-0.00629447,2.06951
16.278,-0.00186269,1.0645,-0.00592957,2.06704,-0.0015705,1.07145,-0.00629447,2.0696
16.28,-0.00186269,1.06447,-0.00588396,2.06704,-0.00160703,1.07142,-0.00634008,2.0696
16.282,-0.00186269,1.0645,-0.00592957,2.06704,-0.0015705,1.07145,-0.00629447,2.06951
16.284,-0.00186269,1.0645,-0.00592957,2.06704,-0.0015705,1.07142,-0.00624886,2.06951
16.286,-0.00189921,1.0645,-0.00592957,2.06704,-0.0015705,1.07142,-0.00634008,2.06951
16.288,-0.00189921,1.0645,-0.00592957,2.06704,-0.00160703,1.07145,-0.00629447,2.06951
16.29,-0.00186269,1.0645,-0.00592957,2.06704,-0.00160703,1.07145,-0.00629447,2.06951
16.292,-0.00186269,1.0645,-0.00592957,2.06704,-0.00160703,1.07142,-0.00624886,2.06951
16.294,-0.00186269,1.0645,-0.00592957,2.06704,-0.00160703,1.07145,-0.00629447,2.06951
16.296,-0.00186269,1.0645,-0.00592957,2.06704,-0.00160703,1.07145,-0.00629447,2.06951
16.298,-0.00189921,1.0645,-0.00592957,2.06704,-0.00160703,1.07142,-0.00624886,2.06951
16.3,-0.00189921,1.06447,-0.00588396,2.06704,-0.00160703,1.07142,-0.00624886,2.0696
16.302,-0.00186269,1.0645,-0.00592957,2.06704,-0.00160703,1.0714,-0.00629447,2.06951
16.304,-0.00186269,1.0645,-0.00592957,2.06704,-0.00160703,1.0714,-0.00629447,2.06951
16.306,-0.00186269,1.0645,-0.00592957,2.06704,-0.0015705,1.07145,-0.00629447,2.06951
16.308,-0.00186269,1.0645,-0.00592957,2.06704,-0.00160703,1.07142,-0.00624886,2.0696
16.31,-0.00186269,1.06447,-0.00588396,2.06704,-0.00164355,1.07142,-0.00624886,2.0696
16.312,-0.00186269,1.0645,-0.00592957,2.06704,-0.00164355,1.07142,-0.00634008,2.0696
16.314,-0.00186269,1.0645,-0.00592957,2.06704,-0.00160703,1.07145,-0.00629447,2.06951
16.316,-0.00186269,1.0645,-0.00592957,2.06704,-0.0015705,1.07142,-0.00634008,2.06951
16.318,-0.00186269,1.0645,-0.00592957,2.06704,-0.00164355,1.07142,-0.00634008,2.06951
16.32,-0.00186269,1.0645,-0.00592957,2.06704,-0.00164355,1.07142,-0.00624886,2.06951
16.322,-0.00189921,1.0645,-0.00592957,2.06704,-0.00160703,1.07145,-0.00620325,2.0696
16.324,-0.00186269,1.06447,-0.00588396,2.06704,-0.00160703,1.07145,-0.00629447,2.0696
16.326,-0.00186269,1.06447,-0.00588396,2.06704,-0.00160703,1.07145,-0.00629447,2.06951
16.328,-0.00186269,1.0645,-0.00592957,2.06704,-0.0015705,1.0714,-0.00629447,2.0696
16.33,-0.00186269,1.06447,-0.00588396,2.06704,-0.00160703,1.07142,-0.00624886,2.06951
16.332,-0.00186269,1.0645,-0.00592957,2.06704,-0.00164355,1.07142,-0.00624886,2.06951
16.334,-0.00189921,1.0645,-0.00592957,2.06704,-0.00160703,1.07142,-0.00624886,2.06951
16.336,-0.00186269,1.06447,-0.00588396,2.06704,-0.0015705,1.07142,-0.00624886,2.06951
16.338,-0.00186269,1.0645,-0.00592957,2.06704,-0.00164355,1.07142,-0.00624886,2.06951
16.34,-0.00186269,1.0645,-0.00592957,2.06704,-0.00160703,1.07142,-0.00634008,2.06951
16.342,-0.00189921,1.0645,-0.00592957,2.06704,-0.00164355,1.0714,-0.00629447,2.0696
16.344,-0.00186269,1.0645,-0.00592957,2.06704,-0.00160703,1.07142,-0.00624886,2.0696
16.346,-0.00186269,1.0645,-0.00592957,2.06704,-0.00164355,1.0714,-0.00629447,2.06951
16.348,-0.00186269,1.06447,-0.00588396,2.06695,-0.0015705,1.07145,-0.00629447,2.06951
16.35,-0.00189921,1.0645,-0.00592957,2.06704,-0.0015705,1.07145,-0.00629447,2.0696
16.352,-0.00186269,1.0645,-0.00592957,2.06704,-0.00164355,1.07145,-0.00629447,2.0696
16.354,-0.00189921,1.06447,-0.00588396,2.06704,-0.0015705,1.07142,-0.00624886,2.0696
16.356,-0.00186269,1.0645,-0.00592957,2.06704,-0.00160703,1.07145,-0.00629447,2.06951
16.358,-0.00186269,1.0645,-0.00592957,2.06704,-0.00164355,1.07145,-0.00629447,2.0696
16.36,-0.00189921,1.06447,-0.00588396,2.06704,-0.00164355,1.07145,-0.00629447,2.06951
16.362,-0.00186269,1.06447,-0.00588396,2.06704,-0.0015705,1.07145,-0.00629447,2.0696
16.364,-0.00186269,1.0645,-0.00592957,2.06704,-0.00160703,1.07142,-0.00624886,2.06951
16.366,-0.00186269,1.0645,-0.00592957,2.06695,-0.00164355,1.07142,-0.00634008,2.06951
16.368,-0.00189921,1.0645,-0.00592957,2.06704,-0.00160703,1.07142,-0.00624886,2.06951
16.37,-0.00186269,1.06447,-0.00588396,2.06704,-0.00160703,1.07142,-0.00624886,2.0696
16.372,-0.00189921,1.0645,-0.00592957,2.06704,-0.00160703,1.07145,-0.00629447,2.0696
16.374,-0.00186269,1.06447,-0.00588396,2.06704,-0.00160703,1.07145,-0.00629447,2.06951
16.376,-0.00186269,1.0645,-0.00592957,2.06704,-0.00160703,1.07145,-0.00629447,2.0696
16.378,-0.00186269,1.06447,-0.00588396,2.06695,-0.00160703,1.07142,-0.00634008,2.06951
16.38,-0.00186269,1.0645,-0.00592957,2.06704,-0.00160703,1.07145,-0.00629447,2.06951
16.382,-0.00186269,1.0645,-0.00592957,2.06704,-0.0015705,1.07145,-0.00629447,2.06951
16.384,-0.00186269,1.0645,-0.00592957,2.06704,-0.0015705,1.07145,-0.00629447,2.0696
16.386,-0.00186269,1.0645,-0.00592957,2.06704,-0.00164355,1.07145,-0.00629447,2.06951
16.388,-0.00186269,1.0645,-0.00592957,2.06704,-0.00160703,1.07145,-0.00629447,2.06951
16.39,-0.00186269,1.0645,-0.00592957,2.06704,-0.00160703,1.07145,-0.00629447,2.06951
16.392,-0.00189921,1.0645,-0.00592957,2.06704,-0.0015705,1.07145,-0.00629447,2.06951
16.394,-0.00186269,1.0645,-0.00592957,2.06704,-0.00160703,1.07145,-0.00629447,2.06951
16.396,-0.00186269,1.0645,-0.00592957,2.06704,-0.00160703,1.07145,-0.00629447,2.06951
16.398,-0.00186269,1.0645,-0.00592957,2.06695,-0.00164355,1.07142,-0.00634008,2.06951
16.4,-0.00186269,1.0645,-0.00592957,2.06695,-0.00160703,1.07142,-0.00634008,2.06951
16.402,-0.00186269,1.0645,-0.00592957,2.06704,-0.0015705,1.07142,-0.00634008,2.06951
16.404,-0.00186269,1.0645,-0.00592957,2.06704,-0.00160703,1.07142,-0.00634008,2.06951
16.406,-0.00186269,1.0645,-0.00592957,2.06704,-0.00164355,1.07142,-0.00624886,2.06951
16.408,-0.00186269,1.0645,-0.00592957,2.06704,-0.0015705,1.07142,-0.00634008,2.06951
16.41,-0.00186269,1.0645,-0.00592957,2.06704,-0.00160703,1.07145,-0.00629447,2.06951
16.412,-0.00186269,1.0645,-0.00592957,2.06704,-0.00160703,1.07145,-0.00629447,2.06951
16.414,-0.00186269,1.06447,-0.00588396,2.06695,-0.00160703,1.07145,-0.00629447,2.06951
16.416,-0.00186269,1.0645,-0.00592957,2.06695,-0.00160703,1.07145,-0.00629447,2.06951
16.418,-0.00186269,1.0645,-0.00592957,2.06704,-0.00160703,1.07145,-0.00629447,2.06951
16.42,-0.00186269,1.0645,-0.00592957,2.06704,-0.00160703,1.07145,-0.00629447,2.06951
16.422,-0.00189921,1.0645,-0.00592957,2.06704,-0.00160703,1.07145,-0.00629447,2.06951
16.424,-0.00186269,1.0645,-0.00592957,2.06704,-0.0015705,1.07145,-0.00629447,2.0696
16.426,-0.00186269,1.06447,-0.00588396,2.06704,-0.00160703,1.07145,-0.00629447,2.0696
16.428,-0.00186269,1.0645,-0.00592957,2.06704,-0.00160703,1.07145,-0.00629447,2.06951
16.43,-0.00186269,1.0645,-0.00592957,2.06704,-0.00160703,1.07145,-0.00629447,2.06951
16.432,-0.00186269,1.06447,-0.00588396,2.06704,-0.00160703,1.07145,-0.00629447,2.06951
16.434,-0.00189921,1.0645,-0.00592957,2.06704,-0.0015705,1.07145,-0.00629447,2.06951
16.436,-0.00189921,1.0645,-0.00592957,2.06704,-0.00160703,1.07142,-0.00634008,2.06951
16.438,-0.00189921,1.0645,-0.00592957,2.06704,-0.0015705,1.0714,-0.00629447,2.0696
16.44,-0.00189921,1.0645,-0.00592957,2.06704,-0.00164355,1.07145,-0.00629447,2.0696
16.442,-0.00186269,1.0645,-0.00592957,2.06704,-0.0015705,1.07142,-0.00624886,2.0696
16.444,-0.00186269,1.0645,-0.00592957,2.06695,-0.00160703,1.07142,-0.00624886,2.06951
16.446,-0.00186269,1.0645,-0.00592957,2.06704,-0.00164355,1.07142,-0.00624886,2.06951
16.448,-0.00186269,1.0645,-0.00592957,2.06704,-0.00164355,1.07145,-0.00629447,2.06951
16.45,-0.00186269,1.06447,-0.00588396,2.06704,-0.00164355,1.07142,-0.00634008,2.06951
16.452,-0.00186269,1.0645,-0.00592957,2.06704,-0.00164355,1.07142,-0.00624886,2.0696
16.454,-0.00186269,1.0645,-0.00592957,2.06704,-0.00160703,1.07145,-0.00629447,2.0696
16.456,-0.00186269,1.0645,-0.00592957,2.06704,-0.00160703,1.07145,-0.00629447,2.06951
16.458,-0.00189921,1.0645,-0.00592957,2.06704,-0.0015705,1.07145,-0.00629447,2.06951
16.46,-0.00186269,1.06447,-0.00588396,2.06704,-0.00160703,1.07142,-0.00624886,2.0696
16.462,-0.00186269,1.06447,-0.00588396,2.06704,-0.00160703,1.07142,-0.00634008,2.06951
16.464,-0.00186269,1.0645,-0.00592957,2.06704,-0.00160703,1.07145,-0.00629447,2.06951
16.466,-0.00186269,1.06447,-0.00588396,2.06704,-0.00160703,1.07142,-0.00634008,2.06951
16.468,-0.00186269,1.0645,-0.00592957,2.06704,-0.0015705,1.07145,-0.00629447,2.0696
16.47,-0.00186269,1.0645,-0.00592957,2.06704,-0.00160703,1.07142,-0.00624886,2.0696
16.472,-0.00186269,1.06447,-0.00588396,2.06704,-0.00160703,1.07142,-0.00624886,2.06951
16.474,-0.00186269,1.06447,-0.00588396,2.06704,-0.00160703,1.07145,-0.00629447,2.06951
16.476,-0.00186269,1.0645,-0.00592957,2.06704,-0.00160703,1.07145,-0.00629447,2.06951
16.478,-0.00186269,1.06447,-0.00588396,2.06704,-0.00164355,1.07142,-0.00624886,2.06951
16.48,-0.00186269,1.0645,-0.00592957,2.06704,-0.00164355,1.07142,-0.00634008,2.06951
16.482,-0.00186269,1.06447,-0.00588396,2.06704,-0.00164355,1.07145,-0.00629447,2.06951
16.484,-0.00186269,1.0645,-0.00592957,2.06704,-0.0015705,1.07145,-0.00629447,2.06951
16.486,-0.00186269,1.0645,-0.00592957,2.06695,-0.00160703,1.07142,-0.00624886,2.06951
16.488,-0.00186269,1.0645,-0.00592957,2.06704,-0.00160703,1.07142,-0.00624886,2.06951
16.49,-0.00186269,1.0645,-0.00592957,2.06704,-0.00160703,1.07142,-0.00634008,2.0696
16.492,-0.00186269,1.06447,-0.00588396,2.06704,-0.00164355,1.07145,-0.00629447,2.06951
16.494,-0.00186269,1.06447,-0.00588396,2.06704,-0.00160703,1.07145,-0.00629447,2.06951
16.496,-0.00186269,1.06447,-0.00588396,2.06704,-0.0015705,1.07145,-0.00629447,2.0696
16.498,-0.00186269,1.0645,-0.00592957,2.06704,-0.00160703,1.07142,-0.00634008,2.06951
16.5,-0.00186269,1.0645,-0.00592957,2.06704,-0.00160703,1.07145,-0.00629447,2.0696
16.502,-0.00189921,1.0645,-0.00592957,2.06704,-0.0015705,1.07145,-0.00629447,2.06951
16.504,-0.00186269,1.06447,-0.00588396,2.06704,-0.0015705,1.07145,-0.00629447,2.0696
16.506,-0.00189921,1.0645,-0.00592957,2.06704,-0.00160703,1.07145,-0.00629447,2.0696
16.508,-0.00186269,1.0645,-0.00592957,2.06704,-0.00160703,1.07145,-0.00629447,2.06951
16.51,-0.00186269,1.0645,-0.00592957,2.06704,-0.00160703,1.07142,-0.00624886,2.06951
16.512,-0.00186269,1.06447,-0.00588396,2.06712,-0.00160703,1.07142,-0.00634008,2.06951
16.514,-0.00186269,1.0645,-0.00592957,2.06704,-0.0015705,1.07145,-0.00629447,2.0696
16.516,-0.00186269,1.0645,-0.00592957,2.06704,-0.00160703,1.07145,-0.00629447,2.06951
16.518,-0.00189921,1.0645,-0.00592957,2.06704,-0.00160703,1.07145,-0.00629447,2.06951
16.52,-0.00189921,1.0645,-0.00592957,2.06704,-0.0015705,1.07145,-0.00629447,2.06951
16.522,-0.00186269,1.0645,-0.00592957,2.06704,-0.0015705,1.07148,-0.00624886,2.06951
16.524,-0.00186269,1.0645,-0.00592957,2.06704,-0.00160703,1.07145,-0.00629447,2.06951
16.526,-0.00186269,1.0645,-0.00592957,2.06704,-0.00160703,1.07142,-0.00634008,2.06951
16.528,-0.00186269,1.0645,-0.00592957,2.06712,-0.00160703,1.07145,-0.00629447,2.06951
16.53,-0.00186269,1.0645,-0.00592957,2.06704,-0.00164355,1.07145,-0.00629447,2.0696
16.532,-0.00186269,1.0645,-0.00592957,2.06704,-0.00160703,1.07142,-0.00634008,2.06951
16.534,-0.00186269,1.0645,-0.00592957,2.06704,-0.00153398,1.07145,-0.00629447,2.06951
16.536,-0.00189921,1.0645,-0.00592957,2.06704,-0.00160703,1.07142,-0.00624886,2.0696
16.538,-0.00186269,1.0645,-0.00592957,2.06695,-0.00160703,1.07142,-0.00624886,2.06951
16.54,-0.00186269,1.0645,-0.00592957,2.06704,-0.00160703,1.07142,-0.00624886,2.06951
16.542,-0.00186269,1.0645,-0.00592957,2.06704,-0.00160703,1.07145,-0.00629447,2.06951
16.544,-0.00186269,1.0645,-0.00592957,2.06704,-0.00160703,1.07145,-0.00629447,2.06951
16.546,-0.00186269,1.06447,-0.00588396,2.06704,-0.00160703,1.07142,-0.00634008,2.06951
16.548,-0.00186269,1.0645,-0.00592957,2.06695,-0.00160703,1.07145,-0.00629447,2.06951
16.55,-0.00186269,1.06447,-0.00588396,2.06695,-0.00160703,1.07142,-0.00624886,2.0696
16.552,-0.00189921,1.0645,-0.00592957,2.06695,-0.0015705,1.07142,-0.00624886,2.06951
16.554,-0.00186269,1.0645,-0.00592957,2.06704,-0.00160703,1.07142,-0.00624886,2.0696
16.556,-0.00186269,1.0645,-0.00592957,2.06704,-0.0015705,1.07142,-0.00624886,2.0696
16.558,-0.00189921,1.06447,-0.00588396,2.06704,-0.00160703,1.07145,-0.00629447,2.06951
16.56,-0.00186269,1.06447,-0.00588396,2.06704,-0.00160703,1.07145,-0.00629447,2.06951
16.562,-0.00186269,1.06447,-0.00588396,2.06704,-0.0015705,1.07145,-0.00629447,2.0696
16.564,-0.00186269,1.0645,-0.00592957,2.06704,-0.0015705,1.07145,-0.00629447,2.06951
16.566,-0.00186269,1.0645,-0.00592957,2.06704,-0.00160703,1.07142,-0.00624886,2.0696
16.568,-0.00189921,1.0645,-0.00592957,2.06695,-0.00164355,1.07145,-0.00629447,2.06951
16.57,-0.00189921,1.0645,-0.00592957,2.06704,-0.0015705,1.07145,-0.00629447,2.06951
16.572,-0.00186269,1.0645,-0.00592957,2.06704,-0.00160703,1.07145,-0.00629447,2.06951
16.574,-0.00186269,1.0645,-0.00592957,2.06704,-0.00160703,1.07142,-0.00634008,2.0696
16.576,-0.00186269,1.06447,-0.00588396,2.06704,-0.00160703,1.07142,-0.00634008,2.06951
16.578,-0.00186269,1.06447,-0.00588396,2.06704,-0.00164355,1.07145,-0.00629447,2.0696
16.58,-0.00186269,1.0645,-0.00592957,2.06704,-0.00160703,1.0714,-0.00629447,2.06951
16.582,-0.00186269,1.0645,-0.00592957,2.06704,-0.00160703,1.07142,-0.00624886,2.0696
16.584,-0.00189921,1.0645,-0.00592957,2.06704,-0.00160703,1.07145,-0.00629447,2.0696
16.586,-0.00189921,1.0645,-0.00592957,2.06704,-0.00164355,1.07142,-0.00624886,2.06951
16.588,-0.00186269,1.0645,-0.00592957,2.06704,-0.0015705,1.0714,-0.00629447,2.06951
16.59,-0.00186269,1.0645,-0.00592957,2.06704,-0.00160703,1.07142,-0.00624886,2.0696
16.592,-0.00186269,1.0645,-0.00592957,2.06695,-0.00160703,1.07142,-0.00634008,2.0696
16.594,-0.00186269,1.0645,-0.00592957,2.06704,-0.00164355,1.07142,-0.00624886,2.06951
16.596,-0.00186269,1.0645,-0.00592957,2.06704,-0.00160703,1.07142,-0.00624886,2.06951
16.598,-0.00186269,1.0645,-0.00592957,2.06704,-0.00160703,1.07142,-0.00634008,2.06951
16.6,-0.00186269,1.06447,-0.00588396,2.06704,-0.00160703,1.07145,-0.00629447,2.06951
16.602,-0.00189921,1.0645,-0.00592957,2.06712,-0.00160703,1.07142,-0.00624886,2.0696
16.604,-0.00189921,1.0645,-0.00592957,2.06704,-0.00160703,1.07142,-0.00624886,2.06951
16.606,-0.00186269,1.06447,-0.00588396,2.06704,-0.00160703,1.07142,-0.00624886,2.0696
16.608,-0.00186269,1.06447,-0.00588396,2.06704,-0.00160703,1.07142,-0.00624886,2.06951
16.61,-0.00186269,1.06447,-0.00588396,2.06704,-0.00164355,1.07145,-0.00629447,2.0696
16.612,-0.00186269,1.0645,-0.00592957,2.06704,-0.00160703,1.07142,-0.00634008,2.06951
16.614,-0.00186269,1.0645,-0.00592957,2.06712,-0.00160703,1.07142,-0.00624886,2.06951
16.616,-0.00186269,1.0645,-0.00592957,2.06712,-0.0015705,1.07142,-0.00624886,2.06951
16.618,-0.00186269,1.0645,-0.00592957,2.06712,-0.00160703,1.07142,-0.00624886,2.06951
16.62,-0.00186269,1.0645,-0.00592957,2.06704,-0.00160703,1.07145,-0.00629447,2.0696
16.622,-0.00186269,1.0645,-0.00592957,2.06704,-0.00160703,1.07145,-0.00629447,2.0696
16.624,-0.00186269,1.06447,-0.00588396,2.06695,-0.00160703,1.07145,-0.00629447,2.0696
16.626,-0.00186269,1.0645,-0.00592957,2.06704,-0.00160703,1.07142,-0.00624886,2.0696
16.628,-0.00186269,1.0645,-0.00592957,2.06704,-0.00160703,1.07142,-0.00624886,2.0696
16.63,-0.00186269,1.0645,-0.00592957,2.06704,-0.00160703,1.07145,-0.00629447,2.06951
16.632,-0.00186269,1.0645,-0.00592957,2.06704,-0.00160703,1.07142,-0.00624886,2.06951
16.634,-0.00186269,1.0645,-0.00592957,2.06704,-0.00160703,1.07145,-0.00629447,2.06951
16.636,-0.00186269,1.0645,-0.00592957,2.06695,-0.00160703,1.07142,-0.00634008,2.0696
16.638,-0.00186269,1.0645,-0.00592957,2.06695,-0.0015705,1.07142,-0.00624886,2.0696
16.64,-0.00186269,1.0645,-0.00592957,2.06695,-0.00160703,1.07145,-0.00629447,2.0696
16.642,-0.00186269,1.0645,-0.00592957,2.06695,-0.0015705,1.07142,-0.00624886,2.0696
16.644,-0.00186269,1.0645,-0.00592957,2.06704,-0.00160703,1.07142,-0.00624886,2.06951
16.646,-0.00186269,1.0645,-0.00592957,2.06704,-0.00160703,1.07142,-0.00634008,2.06951
16.648,-0.00186269,1.06447,-0.00588396,2.06704,-0.0015705,1.0714,-0.00629447,2.06951
16.65,-0.00186269,1.0645,-0.00592957,2.06704,-0.00164355,1.07145,-0.00629447,2.0696
16.652,-0.00186269,1.0645,-0.00592957,2.06704,-0.00160703,1.07145,-0.00629447,2.06951
16.654,-0.00186269,1.0645,-0.00592957,2.06704,-0.00160703,1.07145,-0.00629447,2.0696
16.656,-0.00186269,1.0645,-0.00592957,2.06704,-0.00164355,1.07145,-0.00629447,2.06951
16.658,-0.00186269,1.0645,-0.00592957,2.06704,-0.00160703,1.07145,-0.00629447,2.06951
16.66,-0.00186269,1.0645,-0.00592957,2.06704,-0.00164355,1.07145,-0.00629447,2.06951
16.662,-0.00186269,1.0645,-0.00592957,2.06704,-0.00160703,1.07145,-0.00629447,2.06951
16.664,-0.00186269,1.06447,-0.00588396,2.06712,-0.00160703,1.07142,-0.00624886,2.06951
16.666,-0.00186269,1.0645,-0.00592957,2.06704,-0.00160703,1.07142,-0.00634008,2.06951
16.668,-0.00189921,1.06447,-0.00588396,2.06704,-0.0015705,1.0714,-0.00629447,2.06951
16.67,-0.00189921,1.06447,-0.00588396,2.06704,-0.00160703,1.07142,-0.00624886,2.0696
16.672,-0.00186269,1.06447,-0.00588396,2.06704,-0.00160703,1.07145,-0.00629447,2.0696
16.674,-0.00186269,1.0645,-0.00592957,2.06704,-0.00160703,1.07145,-0.00629447,2.06951
16.676,-0.00186269,1.0645,-0.00592957,2.06704,-0.00160703,1.07142,-0.00634008,2.06951
16.678,-0.00186269,1.06447,-0.00588396,2.06704,-0.00160703,1.07142,-0.00624886,2.0696
16.68,-0.00186269,1.0645,-0.00592957,2.06704,-0.00160703,1.07145,-0.00629447,2.06951
16.682,-0.00189921,1.0645,-0.00592957,2.06704,-0.0015705,1.07142,-0.00624886,2.06951
16.684,-0.00189921,1.0645,-0.00592957,2.06704,-0.00160703,1.07142,-0.00624886,2.0696
16.686,-0.00189921,1.0645,-0.00592957,2.06704,-0.0015705,1.07145,-0.00629447,2.06951
16.688,-0.00186269,1.0645,-0.00592957,2.06704,-0.00160703,1.07145,-0.00629447,2.06951
16.69,-0.00186269,1.06447,-0.00588396,2.06695,-0.00164355,1.07145,-0.00629447,2.06951
16.692,-0.00186269,1.06447,-0.00588396,2.06704,-0.00160703,1.07145,-0.00629447,2.06951
16.694,-0.00186269,1.06447,-0.00588396,2.06704,-0.00160703,1.07142,-0.00634008,2.06951
16.696,-0.00186269,1.0645,-0.00592957,2.06704,-0.00160703,1.0714,-0.00629447,2.06951
16.698,-0.00189921,1.0645,-0.00592957,2.06704,-0.00160703,1.07142,-0.00624886,2.06951
16.7,-0.00189921,1.0645,-0.00592957,2.06712,-0.00160703,1.07142,-0.00624886,2.0696
16.702,-0.00186269,1.0645,-0.00592957,2.06712,-0.00160703,1.07145,-0.00620325,2.0696
16.704,-0.00186269,1.06445,-0.00592957,2.06704,-0.00168007,1.07145,-0.00629447,2.06951
16.706,-0.00189921,1.06447,-0.00588396,2.06704,-0.0015705,1.07145,-0.00629447,2.06951
16.708,-0.00186269,1.0645,-0.00592957,2.06704,-0.00160703,1.07142,-0.00634008,2.06951
16.71,-0.00186269,1.0645,-0.00592957,2.06704,-0.00160703,1.07145,-0.00629447,2.06951
16.712,-0.00186269,1.0645,-0.00592957,2.06712,-0.00160703,1.07142,-0.00624886,2.06951
16.714,-0.00186269,1.06447,-0.00588396,2.06712,-0.0015705,1.0714,-0.00629447,2.06951
16.716,-0.00186269,1.0645,-0.00592957,2.06704,-0.00160703,1.07142,-0.00624886,2.0696
16.718,-0.00186269,1.06447,-0.00588396,2.06704,-0.00160703,1.07142,-0.00624886,2.0696
16.72,-0.00186269,1.06447,-0.00588396,2.06704,-0.00164355,1.07145,-0.00629447,2.06951
16.722,-0.00186269,1.0645,-0.00592957,2.06704,-0.00160703,1.0714,-0.00629447,2.06951
16.724,-0.00186269,1.0645,-0.00592957,2.06704,-0.00160703,1.07145,-0.00629447,2.06951
16.726,-0.00186269,1.0645,-0.00592957,2.06704,-0.00160703,1.07142,-0.00624886,2.06951
16.728,-0.00186269,1.0645,-0.00592957,2.06704,-0.0015705,1.07145,-0.00629447,2.0696
16.73,-0.00186269,1.0645,-0.00592957,2.06704,-0.00164355,1.07145,-0.00629447,2.06951
16.732,-0.00186269,1.06447,-0.00588396,2.06704,-0.00164355,1.07145,-0.00629447,2.06951
16.734,-0.00186269,1.0645,-0.00592957,2.06704,-0.00160703,1.07145,-0.00629447,2.06951
16.736,-0.00186269,1.0645,-0.00592957,2.06704,-0.0015705,1.07145,-0.00629447,2.06951
16.738,-0.00186269,1.0645,-0.00592957,2.06704,-0.00160703,1.07145,-0.00629447,2.06951
16.74,-0.00186269,1.0645,-0.00592957,2.06704,-0.00160703,1.0714,-0.00629447,2.06951
16.742,-0.00186269,1.0645,-0.00592957,2.06704,-0.00160703,1.07145,-0.00629447,2.06951
16.744,-0.00186269,1.06447,-0.00588396,2.06704,-0.00160703,1.07142,-0.00634008,2.0696
16.746,-0.00186269,1.06447,-0.00588396,2.06704,-0.00160703,1.07145,-0.00629447,2.0696
16.748,-0.00186269,1.0645,-0.00592957,2.06704,-0.00160703,1.0714,-0.00629447,2.0696
16.75,-0.00186269,1.0645,-0.00592957,2.06704,-0.0015705,1.07142,-0.00624886,2.06951
16.752,-0.00189921,1.06447,-0.00588396,2.06704,-0.00160703,1.07142,-0.00624886,2.0696
16.754,-0.00189921,1.06447,-0.00588396,2.06704,-0.00160703,1.07142,-0.00624886,2.06951
16.756,-0.00186269,1.0645,-0.00592957,2.06704,-0.00164355,1.07145,-0.00629447,2.06951
16.758,-0.00186269,1.06447,-0.00588396,2.06704,-0.00164355,1.0714,-0.00629447,2.0696
16.76,-0.00186269,1.06447,-0.00588396,2.06695,-0.00160703,1.07142,-0.00634008,2.06951
16.762,-0.00186269,1.0645,-0.00592957,2.06695,-0.00160703,1.07142,-0.00624886,2.0696
16.764,-0.00186269,1.0645,-0.00592957,2.06704,-0.00160703,1.07142,-0.00634008,2.06951
16.766,-0.00189921,1.0645,-0.00592957,2.06704,-0.00160703,1.07142,-0.00624886,2.06951
16.768,-0.00189921,1.0645,-0.00592957,2.06704,-0.00160703,1.07142,-0.00634008,2.0696
16.77,-0.00186269,1.0645,-0.00592957,2.06704,-0.0015705,1.07142,-0.00634008,2.06951
16.772,-0.00186269,1.0645,-0.00592957,2.06704,-0.00164355,1.07145,-0.00629447,2.0696
16.774,-0.00186269,1.06447,-0.00588396,2.06695,-0.00160703,1.07145,-0.00629447,2.0696
16.776,-0.00186269,1.0645,-0.00592957,2.06704,-0.00160703,1.07142,-0.00634008,2.0696
16.778,-0.00186269,1.0645,-0.00592957,2.06704,-0.00160703,1.07142,-0.00634008,2.06951
16.78,-0.00189921,1.0645,-0.00592957,2.06704,-0.00160703,1.0714,-0.00629447,2.06951
16.782,-0.00189921,1.0645,-0.00592957,2.06704,-0.00153398,1.07142,-0.00624886,2.06951
16.784,-0.00186269,1.0645,-0.00592957,2.06704,-0.00164355,1.07145,-0.00629447,2.0696
16.786,-0.00189921,1.06447,-0.00588396,2.06704,-0.00164355,1.07145,-0.00629447,2.06951
16.788,-0.00186269,1.0645,-0.00592957,2.06704,-0.00160703,1.07142,-0.00634008,2.06951
16.79,-0.00186269,1.0645,-0.00592957,2.06704,-0.00160703,1.07142,-0.00624886,2.06951
16.792,-0.00186269,1.0645,-0.00592957,2.06704,-0.00164355,1.07145,-0.00629447,2.06951
16.794,-0.00186269,1.0645,-0.00592957,2.06704,-0.0015705,1.07145,-0.00629447,2.06951
16.796,-0.00186269,1.0645,-0.00592957,2.06704,-0.0015705,1.07142,-0.00634008,2.0696
16.798,-0.00186269,1.0645,-0.00592957,2.06704,-0.00160703,1.07145,-0.00629447,2.0696
16.8,-0.00189921,1.0645,-0.00592957,2.06704,-0.00160703,1.07145,-0.00629447,2.0696
16.802,-0.00186269,1.0645,-0.00592957,2.06704,-0.00160703,1.07148,-0.00624886,2.06951
16.804,-0.00186269,1.06447,-0.00588396,2.06704,-0.0015705,1.07145,-0.00629447,2.0696
16.806,-0.00186269,1.0645,-0.00592957,2.06704,-0.00160703,1.07145,-0.00629447,2.06951
16.808,-0.00186269,1.0645,-0.00592957,2.06704,-0.00160703,1.0714,-0.00629447,2.06951
16.81,-0.00186269,1.0645,-0.00592957,2.06704,-0.00160703,1.07142,-0.00624886,2.0696
16.812,-0.00189921,1.0645,-0.00592957,2.06704,-0.0015705,1.07142,-0.00624886,2.0696
16.814,-0.00189921,1.0645,-0.00592957,2.06704,-0.00160703,1.07142,-0.00624886,2.06951
16.816,-0.00186269,1.0645,-0.00592957,2.06704,-0.0015705,1.07145,-0.00629447,2.06951
16.818,-0.00186269,1.0645,-0.00592957,2.06704,-0.0015705,1.07145,-0.00629447,2.06951
16.82,-0.00186269,1.0645,-0.00592957,2.06704,-0.00160703,1.07145,-0.00629447,2.06951
16.822,-0.00186269,1.0645,-0.00592957,2.06704,-0.00160703,1.07145,-0.00629447,2.06951
16.824,-0.00186269,1.0645,-0.00592957,2.06704,-0.00160703,1.07145,-0.00629447,2.0696
16.826,-0.00186269,1.0645,-0.00592957,2.06704,-0.00160703,1.07145,-0.00629447,2.06951
16.828,-0.00186269,1.0645,-0.00592957,2.06704,-0.00160703,1.07145,-0.00629447,2.06951
16.83,-0.00186269,1.0645,-0.00592957,2.06704,-0.00160703,1.07145,-0.00629447,2.0696
16.832,-0.00186269,1.0645,-0.00592957,2.06704,-0.0015705,1.07145,-0.00629447,2.06951
16.834,-0.00186269,1.0645,-0.00592957,2.06704,-0.00160703,1.07145,-0.00629447,2.06951
16.836,-0.00186269,1.0645,-0.00592957,2.06704,-0.00160703,1.07142,-0.00624886,2.06951
16.838,-0.00189921,1.0645,-0.00592957,2.06704,-0.00160703,1.07145,-0.00629447,2.06951
16.84,-0.00186269,1.0645,-0.00592957,2.06704,-0.00160703,1.07142,-0.00624886,2.06951
16.842,-0.00186269,1.06447,-0.00588396,2.06704,-0.00160703,1.07145,-0.00629447,2.06951
16.844,-0.00186269,1.0645,-0.00592957,2.06704,-0.0015705,1.0714,-0.00629447,2.0696
16.846,-0.00186269,1.0645,-0.00592957,2.06704,-0.00160703,1.07142,-0.00624886,2.0696
16.848,-0.00186269,1.0645,-0.00592957,2.06704,-0.0015705,1.0714,-0.00629447,2.06951
16.85,-0.00186269,1.0645,-0.00592957,2.06704,-0.00164355,1.07145,-0.00629447,2.06951
16.852,-0.00186269,1.0645,-0.00592957,2.06704,-0.0015705,1.07142,-0.00634008,2.06951
16.854,-0.00186269,1.0645,-0.00592957,2.06704,-0.00160703,1.07145,-0.00629447,2.06951
16.856,-0.00186269,1.0645,-0.00592957,2.06704,-0.00160703,1.07145,-0.00629447,2.06951
16.858,-0.00186269,1.0645,-0.00592957,2.06704,-0.00160703,1.07142,-0.00624886,2.06951
16.86,-0.00186269,1.0645,-0.00592957,2.06704,-0.0015705,1.07145,-0.00629447,2.06951
16.862,-0.00186269,1.0645,-0.00592957,2.06704,-0.00160703,1.07142,-0.00624886,2.06951
16.864,-0.00186269,1.0645,-0.00592957,2.06695,-0.00160703,1.07145,-0.00629447,2.06951
16.866,-0.00186269,1.0645,-0.00592957,2.06695,-0.00160703,1.07142,-0.00634008,2.06951
16.868,-0.00186269,1.0645,-0.00592957,2.06695,-0.00160703,1.07145,-0.00629447,2.06951
16.87,-0.00186269,1.0645,-0.00592957,2.06704,-0.00160703,1.07145,-0.00629447,2.06951
16.872,-0.00182617,1.0645,-0.00592957,2.06704,-0.00160703,1.07145,-0.00629447,2.06951
16.874,-0.00186269,1.0645,-0.00592957,2.06704,-0.0015705,1.07145,-0.00629447,2.06951
16.876,-0.00186269,1.0645,-0.00592957,2.06704,-0.00160703,1.07142,-0.00624886,2.06951
16.878,-0.00186269,1.0645,-0.00592957,2.06704,-0.0015705,1.0714,-0.00629447,2.06951
16.88,-0.00186269,1.0645,-0.00592957,2.06704,-0.00160703,1.07142,-0.00634008,2.0696
16.882,-0.00186269,1.0645,-0.00592957,2.06704,-0.00160703,1.07145,-0.00629447,2.0696
16.884,-0.00186269,1.0645,-0.00592957,2.06704,-0.0015705,1.07145,-0.00629447,2.06951
16.886,-0.00186269,1.06447,-0.00588396,2.06704,-0.00164355,1.07145,-0.00629447,2.06951
16.888,-0.00186269,1.0645,-0.00592957,2.06704,-0.00164355,1.07145,-0.00629447,2.06951
16.89,-0.00186269,1.0645,-0.00592957,2.06704,-0.0015705,1.0714,-0.00629447,2.0696
16.892,-0.00186269,1.0645,-0.00592957,2.06704,-0.0015705,1.07145,-0.00620325,2.06951
16.894,-0.00186269,1.0645,-0.00592957,2.06704,-0.0015705,1.0714,-0.00629447,2.06951
16.896,-0.00186269,1.0645,-0.00592957,2.06704,-0.00160703,1.07142,-0.00634008,2.0696
16.898,-0.00186269,1.0645,-0.00592957,2.06704,-0.00160703,1.07142,-0.00624886,2.06951
16.9,-0.00186269,1.0645,-0.00592957,2.06704,-0.00160703,1.07145,-0.00629447,2.06951
16.902,-0.00186269,1.0645,-0.00592957,2.06704,-0.0015705,1.07145,-0.00629447,2.06951
16.904,-0.00186269,1.0645,-0.00592957,2.06704,-0.00160703,1.07142,-0.00624886,2.06951
16.906,-0.00186269,1.0645,-0.00592957,2.06704,-0.00160703,1.07142,-0.00624886,2.0696
16.908,-0.00186269,1.0645,-0.00592957,2.06704,-0.00164355,1.07142,-0.00634008,2.0696
16.91,-0.00186269,1.0645,-0.00592957,2.06704,-0.00160703,1.07145,-0.00629447,2.06951
16.912,-0.00186269,1.0645,-0.00592957,2.06704,-0.00160703,1.07145,-0.00629447,2.06951
16.914,-0.00186269,1.06447,-0.00588396,2.06704,-0.0015705,1.0714,-0.00629447,2.06951
16.916,-0.00186269,1.0645,-0.00592957,2.06704,-0.00164355,1.07142,-0.00624886,2.0696
16.918,-0.00186269,1.0645,-0.00592957,2.06704,-0.0015705,1.07145,-0.00629447,2.06951
16.92,-0.00186269,1.0645,-0.00592957,2.06704,-0.00160703,1.07145,-0.00629447,2.0696
16.922,-0.00186269,1.0645,-0.00592957,2.06704,-0.00160703,1.07142,-0.00624886,2.0696
16.924,-0.00186269,1.06447,-0.00588396,2.06704,-0.00164355,1.07145,-0.00629447,2.0696
16.926,-0.00186269,1.06447,-0.00588396,2.06704,-0.0015705,1.07145,-0.00629447,2.06951
16.928,-0.00186269,1.0645,-0.00592957,2.06704,-0.00160703,1.07145,-0.00629447,2.06951
16.93,-0.00186269,1.0645,-0.00592957,2.06704,-0.0015705,1.07142,-0.00624886,2.06951
16.932,-0.00186269,1.0645,-0.00592957,2.06704,-0.0015705,1.0714,-0.00629447,2.06951
16.934,-0.00189921,1.0645,-0.00592957,2.06704,-0.00160703,1.07145,-0.00629447,2.06951
16.936,-0.00189921,1.06447,-0.00588396,2.06704,-0.00160703,1.0714,-0.00629447,2.06951
16.938,-0.00186269,1.0645,-0.00592957,2.06704,-0.00160703,1.07148,-0.00624886,2.06951
16.94,-0.00186269,1.0645,-0.00592957,2.06695,-0.00160703,1.07142,-0.00624886,2.0696
16.942,-0.00186269,1.0645,-0.00592957,2.06695,-0.00160703,1.0714,-0.00629447,2.0696
16.944,-0.00186269,1.0645,-0.00592957,2.06704,-0.00160703,1.07145,-0.00629447,2.06951
16.946,-0.00186269,1.0645,-0.00592957,2.06704,-0.0015705,1.07142,-0.00634008,2.0696
16.948,-0.00186269,1.0645,-0.00592957,2.06704,-0.00164355,1.07145,-0.00629447,2.06951
16.95,-0.00186269,1.06447,-0.00588396,2.06704,-0.00160703,1.07148,-0.00624886,2.06951
16.952,-0.00186269,1.0645,-0.00592957,2.06704,-0.0015705,1.07145,-0.00629447,2.06951
16.954,-0.00189921,1.0645,-0.00592957,2.06704,-0.00160703,1.07145,-0.00629447,2.06951
16.956,-0.00186269,1.0645,-0.00592957,2.06704,-0.00160703,1.07145,-0.00629447,2.06951
16.958,-0.00186269,1.0645,-0.00592957,2.06704,-0.0015705,1.07142,-0.00634008,2.0696
16.96,-0.00186269,1.0645,-0.00592957,2.06704,-0.00164355,1.07142,-0.00634008,2.06951
16.962,-0.00186269,1.0645,-0.00592957,2.06704,-0.00160703,1.07142,-0.00634008,2.06951
16.964,-0.00186269,1.06447,-0.00588396,2.06704,-0.00160703,1.07142,-0.00634008,2.06951
16.966,-0.00186269,1.0645,-0.00592957,2.06704,-0.00160703,1.07145,-0.00629447,2.06951
16.968,-0.00189921,1.0645,-0.00592957,2.06704,-0.00164355,1.07145,-0.00629447,2.0696
16.97,-0.00186269,1.0645,-0.00592957,2.06704,-0.00160703,1.07145,-0.00620325,2.0696
16.972,-0.00189921,1.0645,-0.00592957,2.06704,-0.0015705,1.07142,-0.00634008,2.06951
16.974,-0.00186269,1.0645,-0.00592957,2.06704,-0.00160703,1.0714,-0.00629447,2.06951
16.976,-0.00186269,1.0645,-0.00592957,2.06704,-0.0015705,1.07142,-0.00624886,2.0696
16.978,-0.00186269,1.0645,-0.00592957,2.06704,-0.00160703,1.07145,-0.00629447,2.0696
16.98,-0.00186269,1.0645,-0.00592957,2.06712,-0.00160703,1.07142,-0.00624886,2.06951
16.982,-0.00186269,1.0645,-0.00592957,2.06712,-0.00160703,1.07145,-0.00629447,2.0696
16.984,-0.00186269,1.0645,-0.00592957,2.06704,-0.00160703,1.07142,-0.00624886,2.06951
16.986,-0.00186269,1.0645,-0.00592957,2.06704,-0.00160703,1.0714,-0.00629447,2.06951
16.988,-0.00186269,1.06447,-0.00588396,2.06704,-0.0015705,1.07145,-0.00629447,2.0696
16.99,-0.00186269,1.0645,-0.00592957,2.06704,-0.00160703,1.07142,-0.00624886,2.06951
16.992,-0.00186269,1.0645,-0.00592957,2.06704,-0.00160703,1.07145,-0.00629447,2.06951
16.994,-0.00186269,1.06447,-0.00588396,2.06704,-0.0015705,1.07142,-0.00624886,2.06951
16.996,-0.00186269,1.0645,-0.00592957,2.06704,-0.00160703,1.07145,-0.00629447,2.0696
16.998,-0.00186269,1.0645,-0.00592957,2.06704,-0.00160703,1.07142,-0.00634008,2.06951
17,-0.00186269,1.0645,-0.00592957,2.06704,-0.00160703,1.07142,-0.00634008,2.0696
17.002,-0.00186269,1.06447,-0.00588396,2.06704,-0.00160703,1.07145,-0.00629447,2.06951
17.004,-0.00186269,1.0645,-0.00592957,2.06704,-0.00160703,1.07145,-0.00629447,2.06951
17.006,-0.00186269,1.0645,-0.00592957,2.06704,-0.0015705,1.0714,-0.00629447,2.06951
17.008,-0.00186269,1.0645,-0.00592957,2.06704,-0.00160703,1.07145,-0.00629447,2.06951
17.01,-0.00186269,1.06447,-0.00588396,2.06704,-0.00160703,1.07142,-0.00634008,2.0696
17.012,-0.00186269,1.06447,-0.00588396,2.06704,-0.00164355,1.07145,-0.00629447,2.0696
17.014,-0.00186269,1.06447,-0.00588396,2.06704,-0.00160703,1.07145,-0.00629447,2.0696
17.016,-0.00186269,1.0645,-0.00592957,2.06704,-0.00160703,1.07145,-0.00629447,2.0696
17.018,-0.00186269,1.0645,-0.00592957,2.06704,-0.00160703,1.07145,-0.00629447,2.06951
17.02,-0.00186269,1.0645,-0.00592957,2.06704,-0.00164355,1.0714,-0.00629447,2.06951
17.022,-0.00186269,1.0645,-0.00592957,2.06704,-0.00160703,1.07145,-0.00629447,2.06951
17.024,-0.00186269,1.06447,-0.00588396,2.06704,-0.0015705,1.07142,-0.00624886,2.0696
17.026,-0.00186269,1.06447,-0.00588396,2.06704,-0.0015705,1.07145,-0.00629447,2.06951
17.028,-0.00186269,1.0645,-0.00592957,2.06704,-0.00160703,1.07145,-0.00629447,2.06951
17.03,-0.00186269,1.0645,-0.00592957,2.06704,-0.00160703,1.07142,-0.00634008,2.06951
17.032,-0.00189921,1.0645,-0.00592957,2.06704,-0.0015705,1.07145,-0.00629447,2.0696
17.034,-0.00186269,1.0645,-0.00592957,2.06704,-0.00164355,1.07145,-0.00629447,2.0696
17.036,-0.00186269,1.0645,-0.00592957,2.06704,-0.0015705,1.07142,-0.00634008,2.06951
17.038,-0.00186269,1.06447,-0.00588396,2.06704,-0.00160703,1.07145,-0.00629447,2.0696
17.04,-0.00186269,1.0645,-0.00592957,2.06704,-0.00160703,1.07145,-0.00629447,2.0696
17.042,-0.00186269,1.0645,-0.00592957,2.06704,-0.0015705,1.07142,-0.00624886,2.0696
17.044,-0.00186269,1.0645,-0.00592957,2.06704,-0.00164355,1.07142,-0.00624886,2.0696
17.046,-0.00186269,1.0645,-0.00592957,2.06704,-0.00164355,1.0714,-0.00629447,2.0696
17.048,-0.00186269,1.0645,-0.00592957,2.06704,-0.00160703,1.07142,-0.00624886,2.06951
17.05,-0.00186269,1.0645,-0.00592957,2.06704,-0.00160703,1.07145,-0.00629447,2.06951
17.052,-0.00186269,1.06447,-0.00588396,2.06704,-0.00164355,1.07145,-0.00629447,2.06951
17.054,-0.00186269,1.0645,-0.00592957,2.06704,-0.00160703,1.07145,-0.00629447,2.06951
17.056,-0.00186269,1.06447,-0.00588396,2.06704,-0.00160703,1.07145,-0.00629447,2.06951
17.058,-0.00186269,1.0645,-0.00592957,2.06704,-0.00164355,1.07145,-0.00629447,2.0696
17.06,-0.00186269,1.0645,-0.00592957,2.06712,-0.0015705,1.07142,-0.00624886,2.06951
17.062,-0.00189921,1.0645,-0.00592957,2.06712,-0.00160703,1.07142,-0.00624886,2.06951
17.064,-0.00186269,1.0645,-0.00592957,2.06704,-0.0015705,1.07142,-0.00624886,2.0696
