0.002,-0.000730467,1.07523,-0.00725233,2.05374,0,1.09952,-0.00757161,2.06193
0.004,-0.000730467,1.07523,-0.00725233,2.05374,7.30467e-05,1.09952,-0.00757161,2.06201
0.006,-0.00076699,1.07525,-0.00720671,2.05374,0,1.0995,-0.007526,2.06193
0.008,-0.000730467,1.07525,-0.00720671,2.05374,0,1.0995,-0.00761722,2.06193
0.01,-0.000730467,1.07525,-0.00720671,2.05374,0,1.0995,-0.00761722,2.06193
0.012,-0.00076699,1.07525,-0.00720671,2.05374,0,1.09952,-0.00757161,2.06201
0.014,-0.000730467,1.07525,-0.00720671,2.05374,0,1.09952,-0.00757161,2.06193
0.016,-0.000730467,1.07525,-0.00720671,2.05374,-3.65234e-05,1.0995,-0.007526,2.06201
0.018,-0.000730467,1.07525,-0.00720671,2.05374,0,1.09947,-0.00757161,2.06201
0.02,-0.000730467,1.07523,-0.00725233,2.05383,0,1.09952,-0.00757161,2.06201
0.022,-0.00076699,1.07523,-0.00725233,2.05383,3.65234e-05,1.09952,-0.00757161,2.06193
0.024,-0.00076699,1.07525,-0.00720671,2.05383,-3.65234e-05,1.0995,-0.007526,2.06193
0.026,-0.000730467,1.07525,-0.00720671,2.05383,0,1.09952,-0.00757161,2.06193
0.028,-0.000730467,1.07525,-0.00720671,2.05374,0,1.0995,-0.00761722,2.06193
0.03,-0.000730467,1.07525,-0.00720671,2.05374,-3.65234e-05,1.0995,-0.00761722,2.06201
0.032,-0.000730467,1.07525,-0.00720671,2.05374,0,1.09952,-0.00757161,2.06201
0.034,-0.000730467,1.07523,-0.00725233,2.05374,-3.65234e-05,1.09947,-0.00757161,2.06193
0.036,-0.00076699,1.07525,-0.00720671,2.05374,3.65234e-05,1.0995,-0.007526,2.06193
0.038,-0.00076699,1.07525,-0.00720671,2.05383,0,1.0995,-0.00761722,2.06201
0.04,-0.000730467,1.07525,-0.00720671,2.05383,0,1.09947,-0.00757161,2.06193
0.042,-0.00076699,1.07525,-0.00720671,2.05383,-3.65234e-05,1.0995,-0.00761722,2.06193
0.044,-0.000730467,1.07525,-0.00720671,2.05374,-3.65234e-05,1.09952,-0.00757161,2.06201
0.046,-0.00076699,1.07525,-0.00720671,2.05374,0,1.0995,-0.007526,2.06201
0.048,-0.00076699,1.07525,-0.00720671,2.05374,3.65234e-05,1.0995,-0.00761722,2.06193
0.05,-0.00076699,1.07525,-0.00720671,2.05374,0,1.0995,-0.00761722,2.06201
0.052,-0.000730467,1.07525,-0.00720671,2.05374,0,1.0995,-0.007526,2.06193
0.054,-0.000730467,1.07525,-0.00720671,2.05374,0,1.0995,-0.007526,2.06201
0.056,-0.000730467,1.07525,-0.00720671,2.05383,-3.65234e-05,1.0995,-0.00761722,2.06193
0.058,-0.000730467,1.07523,-0.00725233,2.05383,0,1.0995,-0.00761722,2.06193
0.06,-0.000730467,1.07525,-0.00720671,2.05374,0,1.0995,-0.00761722,2.06201
0.062,-0.000730467,1.07525,-0.00720671,2.05374,0,1.09952,-0.00757161,2.06193
0.064,-0.00076699,1.07525,-0.00720671,2.05374,3.65234e-05,1.09952,-0.00757161,2.06193
0.066,-0.000730467,1.07525,-0.00720671,2.05374,0,1.0995,-0.00761722,2.06201
0.068,-0.00076699,1.07523,-0.00725233,2.05374,0,1.0995,-0.00761722,2.06201
0.07,-0.000730467,1.07523,-0.00725233,2.05374,0,1.09952,-0.00757161,2.06201
0.072,-0.000730467,1.07525,-0.00720671,2.05383,0,1.0995,-0.00761722,2.06193
0.074,-0.000730467,1.07525,-0.00720671,2.05383,0,1.0995,-0.00761722,2.06193
0.076,-0.000730467,1.07523,-0.00725233,2.05383,0,1.09947,-0.00757161,2.06193
0.078,-0.000730467,1.07523,-0.00725233,2.05374,0,1.09952,-0.00757161,2.06193
0.08,-0.000730467,1.07523,-0.00725233,2.05374,0,1.09947,-0.00757161,2.06193
0.082,-0.00076699,1.07525,-0.00720671,2.05374,-3.65234e-05,1.09952,-0.00757161,2.06201
0.084,-0.00076699,1.07525,-0.00720671,2.05374,0,1.0995,-0.00761722,2.06201
0.086,-0.000730467,1.07525,-0.00720671,2.05383,0,1.09952,-0.00757161,2.06201
0.088,-0.000730467,1.07525,-0.00720671,2.05383,0,1.09952,-0.00757161,2.06201
0.09,-0.000730467,1.07525,-0.00720671,2.05374,0,1.09952,-0.00757161,2.06201
0.092,-0.000730467,1.07525,-0.00720671,2.05374,3.65234e-05,1.09952,-0.00757161,2.06201
0.094,-0.000730467,1.07525,-0.00720671,2.05374,3.65234e-05,1.0995,-0.00761722,2.06201
0.096,-0.000730467,1.07523,-0.00725233,2.05374,3.65234e-05,1.0995,-0.00761722,2.06201
0.098,-0.000730467,1.07525,-0.00720671,2.05374,-3.65234e-05,1.09952,-0.00757161,2.06201
0.1,-0.000730467,1.07525,-0.00720671,2.05374,-3.65234e-05,1.09952,-0.00757161,2.06201
0.102,-0.000730467,1.07525,-0.00720671,2.05374,0,1.0995,-0.00761722,2.06201
0.104,-0.000730467,1.07525,-0.00720671,2.05383,-3.65234e-05,1.09952,-0.00757161,2.06193
0.106,-0.000730467,1.07523,-0.00725233,2.05383,-3.65234e-05,1.09952,-0.00757161,2.06201
0.108,-0.000730467,1.07525,-0.00720671,2.05383,0,1.09947,-0.00757161,2.06201
0.11,-0.000730467,1.07523,-0.00725233,2.05374,0,1.09952,-0.00757161,2.06201
0.112,-0.000730467,1.07525,-0.00720671,2.05374,0,1.09947,-0.00757161,2.06193
0.114,-0.000730467,1.07525,-0.00720671,2.05374,0,1.09952,-0.00757161,2.06193
0.116,-0.000730467,1.07525,-0.00720671,2.05374,0,1.0995,-0.00761722,2.06193
0.118,-0.000730467,1.07525,-0.00720671,2.05383,3.65234e-05,1.09952,-0.00757161,2.06201
0.12,-0.000730467,1.07525,-0.00720671,2.05374,0,1.0995,-0.00761722,2.06193
0.122,-0.000730467,1.07525,-0.00720671,2.05374,0,1.0995,-0.00761722,2.06193
0.124,-0.000730467,1.07525,-0.00720671,2.05374,-3.65234e-05,1.0995,-0.00761722,2.06201
0.126,-0.000730467,1.07525,-0.00720671,2.05383,0,1.09952,-0.00757161,2.06193
0.128,-0.000730467,1.07523,-0.00725233,2.05374,0,1.09952,-0.00757161,2.06201
0.13,-0.000730467,1.07523,-0.00725233,2.05374,0,1.09952,-0.00757161,2.06201
0.132,-0.000730467,1.07523,-0.00725233,2.05374,0,1.0995,-0.00761722,2.06193
0.134,-0.000730467,1.07525,-0.00720671,2.05374,0,1.09952,-0.00757161,2.06201
0.136,-0.00076699,1.07525,-0.00720671,2.05374,-3.65234e-05,1.09952,-0.00757161,2.06201
0.138,-0.00076699,1.07525,-0.00720671,2.05374,0,1.0995,-0.00761722,2.06193
0.14,-0.000730467,1.07525,-0.00720671,2.05374,3.65234e-05,1.09952,-0.00757161,2.06201
0.142,-0.000730467,1.07525,-0.00720671,2.05374,0,1.0995,-0.007526,2.06193
0.144,-0.00076699,1.07523,-0.00725233,2.05374,0,1.0995,-0.00761722,2.06201
0.146,-0.000730467,1.07525,-0.00720671,2.05374,3.65234e-05,1.0995,-0.007526,2.06201
0.148,-0.000730467,1.07525,-0.00720671,2.05374,0,1.0995,-0.00761722,2.06193
0.15,-0.000730467,1.07525,-0.00720671,2.05374,0,1.09952,-0.00757161,2.06193
0.152,-0.000730467,1.07525,-0.00720671,2.05383,0,1.09947,-0.00757161,2.06193
0.154,-0.000730467,1.07525,-0.00720671,2.05374,0,1.0995,-0.007526,2.06201
0.156,-0.000730467,1.07523,-0.00725233,2.05374,0,1.09947,-0.00757161,2.06193
0.158,-0.000730467,1.07525,-0.00720671,2.05374,0,1.09952,-0.00757161,2.06201
0.16,-0.000730467,1.07525,-0.00720671,2.05374,0,1.0995,-0.00761722,2.06201
0.162,-0.00076699,1.07525,-0.00720671,2.05374,0,1.0995,-0.007526,2.06193
0.164,-0.000730467,1.07525,-0.00720671,2.05374,0,1.0995,-0.00761722,2.06201
0.166,-0.000730467,1.07523,-0.00725233,2.05374,0,1.0995,-0.007526,2.06193
0.168,-0.000730467,1.07525,-0.00720671,2.05374,-3.65234e-05,1.0995,-0.00761722,2.06201
0.17,-0.00076699,1.07525,-0.00720671,2.05383,-3.65234e-05,1.09952,-0.00757161,2.06201
0.172,-0.000730467,1.07525,-0.00720671,2.05383,0,1.0995,-0.00761722,2.06201
0.174,-0.00076699,1.07525,-0.00720671,2.05374,0,1.0995,-0.007526,2.06193
0.176,-0.000730467,1.07523,-0.00725233,2.05374,0,1.0995,-0.007526,2.06201
0.178,-0.000730467,1.07525,-0.00720671,2.05374,3.65234e-05,1.0995,-0.00761722,2.06201
0.18,-0.000730467,1.07525,-0.00720671,2.05374,3.65234e-05,1.09952,-0.00757161,2.06193
0.182,-0.000730467,1.07525,-0.00720671,2.05374,0,1.0995,-0.00761722,2.06201
0.184,-0.000730467,1.07525,-0.00720671,2.05374,-3.65234e-05,1.0995,-0.00761722,2.06193
0.186,-0.000730467,1.07523,-0.00725233,2.05374,0,1.09952,-0.00757161,2.06193
0.188,-0.000730467,1.07523,-0.00725233,2.05374,-3.65234e-05,1.09952,-0.00757161,2.06201
0.19,-0.000730467,1.07523,-0.00725233,2.05374,0,1.0995,-0.007526,2.06201
0.192,-0.000730467,1.07525,-0.00720671,2.05374,0,1.09952,-0.00757161,2.06201
0.194,-0.000730467,1.07525,-0.00720671,2.05374,-3.65234e-05,1.09952,-0.00757161,2.06193
0.196,-0.00076699,1.07525,-0.00720671,2.05374,-3.65234e-05,1.0995,-0.00761722,2.06193
0.198,-0.000730467,1.07525,-0.00720671,2.05374,0,1.09952,-0.00757161,2.06193
0.2,-0.000730467,1.07523,-0.00725233,2.05374,-3.65234e-05,1.09952,-0.00757161,2.06193
0.202,-0.000730467,1.07525,-0.00720671,2.05374,0,1.09952,-0.00757161,2.06193
0.204,-0.000730467,1.07523,-0.00725233,2.05374,3.65234e-05,1.09952,-0.00757161,2.06193
0.206,-0.000730467,1.07525,-0.00720671,2.05366,-3.65234e-05,1.09947,-0.00757161,2.06201
0.208,-0.000730467,1.07525,-0.00720671,2.05374,0,1.0995,-0.00761722,2.06201
0.21,-0.000730467,1.07525,-0.00720671,2.05374,0,1.09952,-0.00757161,2.06201
0.212,-0.00076699,1.07523,-0.00725233,2.05374,0,1.09952,-0.00757161,2.06193
0.214,-0.000730467,1.07523,-0.00725233,2.05374,0,1.09952,-0.00757161,2.06201
0.216,-0.000730467,1.07525,-0.00720671,2.05374,0,1.09952,-0.00757161,2.06193
0.218,-0.000730467,1.07525,-0.00720671,2.05374,0,1.09952,-0.00757161,2.06201
0.22,-0.000730467,1.07525,-0.00720671,2.05374,0,1.0995,-0.007526,2.06201
0.222,-0.00076699,1.07525,-0.00720671,2.05374,0,1.0995,-0.007526,2.06201
0.224,-0.000730467,1.07525,-0.00720671,2.05374,0,1.0995,-0.007526,2.06193
0.226,-0.000730467,1.07525,-0.00720671,2.05374,0,1.0995,-0.00761722,2.06193
0.228,-0.000730467,1.07523,-0.00725233,2.05374,0,1.09952,-0.00757161,2.06201
0.23,-0.00076699,1.07525,-0.00720671,2.05374,0,1.0995,-0.00761722,2.06193
0.232,-0.000730467,1.07525,-0.00720671,2.05374,0,1.09952,-0.00757161,2.06201
0.234,-0.000730467,1.07525,-0.00720671,2.05374,7.30467e-05,1.09952,-0.00757161,2.06201
0.236,-0.000730467,1.07525,-0.00720671,2.05374,0,1.0995,-0.00761722,2.06201
0.238,-0.000730467,1.07523,-0.00725233,2.05366,0,1.09947,-0.00757161,2.06201
0.24,-0.000730467,1.07525,-0.00720671,2.05374,-3.65234e-05,1.0995,-0.007526,2.06193
0.242,-0.000730467,1.07525,-0.00720671,2.05374,0,1.09952,-0.00757161,2.06193
0.244,-0.000730467,1.07525,-0.00720671,2.05383,3.65234e-05,1.0995,-0.00761722,2.06193
0.246,-0.000730467,1.07525,-0.00720671,2.05383,3.65234e-05,1.0995,-0.00761722,2.06201
0.248,-0.00076699,1.07523,-0.00725233,2.05374,3.65234e-05,1.0995,-0.00761722,2.06193
0.25,-0.000730467,1.07523,-0.00725233,2.05374,0,1.0995,-0.007526,2.06201
0.252,-0.00076699,1.07525,-0.00720671,2.05374,0,1.0995,-0.007526,2.06193
0.254,-0.000730467,1.07525,-0.00720671,2.05366,0,1.0995,-0.00761722,2.06193
0.256,-0.000730467,1.07525,-0.00720671,2.05374,0,1.0995,-0.007526,2.06201
0.258,-0.000730467,1.07523,-0.00725233,2.05383,0,1.0995,-0.007526,2.06193
0.26,-0.00076699,1.07525,-0.00720671,2.05383,0,1.09952,-0.00757161,2.06201
0.262,-0.00076699,1.07525,-0.00720671,2.05383,0,1.0995,-0.00761722,2.06193
0.264,-0.00076699,1.07525,-0.00720671,2.05383,0,1.0995,-0.00761722,2.06193
0.266,-0.000730467,1.07523,-0.00725233,2.05374,-3.65234e-05,1.09952,-0.00757161,2.06201
0.268,-0.000730467,1.07525,-0.00720671,2.05374,0,1.09952,-0.00757161,2.06201
0.27,-0.000730467,1.07525,-0.00720671,2.05374,-3.65234e-05,1.0995,-0.007526,2.06193
0.272,-0.000730467,1.07525,-0.00720671,2.05374,0,1.09952,-0.00757161,2.06201
0.274,-0.000730467,1.07523,-0.00725233,2.05374,0,1.09952,-0.00757161,2.06193
0.276,-0.00076699,1.07525,-0.00720671,2.05374,0,1.0995,-0.007526,2.06193
0.278,-0.000730467,1.07525,-0.00720671,2.05374,3.65234e-05,1.09952,-0.00757161,2.06193
0.28,-0.00076699,1.07525,-0.00720671,2.05374,-3.65234e-05,1.09952,-0.00757161,2.06201
0.282,-0.00076699,1.07525,-0.00720671,2.05374,3.65234e-05,1.0995,-0.00761722,2.06201
0.284,-0.000730467,1.07523,-0.00725233,2.05374,0,1.0995,-0.00761722,2.06193
0.286,-0.000730467,1.07525,-0.00720671,2.05374,-3.65234e-05,1.09947,-0.00757161,2.06201
0.288,-0.000730467,1.07523,-0.00725233,2.05374,-3.65234e-05,1.09952,-0.00757161,2.06193
0.29,-0.000730467,1.07523,-0.00725233,2.05383,0,1.0995,-0.00761722,2.06201
0.292,-0.000730467,1.07525,-0.00720671,2.05383,0,1.0995,-0.00761722,2.06193
0.294,-0.000730467,1.07525,-0.00720671,2.05374,0,1.09952,-0.00757161,2.06193
0.296,-0.000730467,1.07525,-0.00720671,2.05374,-3.65234e-05,1.09952,-0.00757161,2.06193
0.298,-0.000730467,1.07525,-0.00720671,2.05374,0,1.0995,-0.00761722,2.06201
0.3,-0.000730467,1.07525,-0.00720671,2.05374,3.65234e-05,1.09952,-0.00757161,2.06193
0.302,-0.000730467,1.07525,-0.00720671,2.05374,3.65234e-05,1.0995,-0.00761722,2.06193
0.304,-0.000730467,1.07525,-0.00720671,2.05383,0,1.0995,-0.00761722,2.06193
0.306,-0.000730467,1.07525,-0.00720671,2.05383,-3.65234e-05,1.09952,-0.00757161,2.06193
0.308,-0.000730467,1.07525,-0.00720671,2.05374,-3.65234e-05,1.0995,-0.007526,2.06201
0.31,-0.000730467,1.07523,-0.00725233,2.05374,-3.65234e-05,1.0995,-0.007526,2.06201
0.312,-0.000730467,1.07525,-0.00720671,2.05374,0,1.09952,-0.00757161,2.06201
0.314,-0.000730467,1.07525,-0.00720671,2.05374,0,1.09952,-0.00757161,2.06201
0.316,-0.000730467,1.07525,-0.00720671,2.05374,-3.65234e-05,1.0995,-0.00761722,2.06193
0.318,-0.000730467,1.07525,-0.00720671,2.05374,3.65234e-05,1.0995,-0.00761722,2.06201
0.32,-0.00076699,1.07525,-0.00720671,2.05374,3.65234e-05,1.09952,-0.00757161,2.06201
0.322,-0.00076699,1.07525,-0.00720671,2.05374,0,1.0995,-0.00761722,2.06193
0.324,-0.00076699,1.07523,-0.00725233,2.05374,0,1.0995,-0.00761722,2.06193
0.326,-0.000730467,1.07523,-0.00725233,2.05374,-3.65234e-05,1.09952,-0.00757161,2.06201
0.328,-0.000730467,1.07525,-0.00720671,2.05374,0,1.09952,-0.00757161,2.06193
0.33,-0.000730467,1.07525,-0.00720671,2.05374,-3.65234e-05,1.09952,-0.00757161,2.06201
0.332,-0.000730467,1.07523,-0.00725233,2.05374,0,1.09947,-0.00757161,2.06193
0.334,-0.000730467,1.07525,-0.00720671,2.05374,0,1.09947,-0.00757161,2.06201
0.336,-0.000730467,1.07525,-0.00720671,2.05374,0,1.09952,-0.00757161,2.06193
0.338,-0.000730467,1.07525,-0.00720671,2.05374,0,1.0995,-0.00761722,2.06193
0.34,-0.000730467,1.07525,-0.00720671,2.05374,0,1.09952,-0.00757161,2.06201
0.342,-0.00076699,1.07523,-0.00725233,2.05374,-7.30467e-05,1.0995,-0.00761722,2.06193
0.344,-0.000730467,1.07525,-0.00720671,2.05383,0,1.09952,-0.00757161,2.06193
0.346,-0.000730467,1.07525,-0.00720671,2.05374,0,1.09952,-0.00757161,2.06193
0.348,-0.000730467,1.07525,-0.00720671,2.05374,0,1.09952,-0.00757161,2.06201
0.35,-0.000730467,1.07525,-0.00720671,2.05374,3.65234e-05,1.0995,-0.007526,2.06201
0.352,-0.000730467,1.07525,-0.00720671,2.05374,3.65234e-05,1.09947,-0.00757161,2.06201
0.354,-0.000730467,1.07525,-0.00720671,2.05374,0,1.09947,-0.00757161,2.06193
0.356,-0.00076699,1.07525,-0.00720671,2.05374,0,1.09952,-0.00757161,2.06193
0.358,-0.000730467,1.07523,-0.00725233,2.05374,-3.65234e-05,1.0995,-0.00761722,2.06193
0.36,-0.000730467,1.07523,-0.00725233,2.05374,0,1.09952,-0.00757161,2.06201
0.362,-0.000730467,1.07525,-0.00720671,2.05374,0,1.0995,-0.007526,2.06201
0.364,-0.000730467,1.07525,-0.00720671,2.05374,0,1.09952,-0.00757161,2.06201
0.366,-0.000730467,1.07525,-0.00720671,2.05374,3.65234e-05,1.0995,-0.00761722,2.06193
0.368,-0.00076699,1.07523,-0.00725233,2.05374,3.65234e-05,1.0995,-0.007526,2.06201
0.37,-0.00076699,1.07525,-0.00720671,2.05374,-3.65234e-05,1.0995,-0.00761722,2.06201
0.372,-0.00076699,1.07525,-0.00720671,2.05374,3.65234e-05,1.0995,-0.00761722,2.06201
0.374,-0.000730467,1.07525,-0.00720671,2.05374,0,1.09947,-0.00757161,2.06201
0.376,-0.000730467,1.07525,-0.00720671,2.05374,3.65234e-05,1.09952,-0.00757161,2.06193
0.378,-0.000730467,1.07523,-0.00725233,2.05374,-3.65234e-05,1.0995,-0.007526,2.06201
0.38,-0.000730467,1.07523,-0.00725233,2.05374,-3.65234e-05,1.09944,-0.00761722,2.06193
0.382,-0.000730467,1.07523,-0.00725233,2.05374,0,1.0995,-0.007526,2.06201
0.384,-0.000730467,1.07525,-0.00720671,2.05374,3.65234e-05,1.0995,-0.007526,2.06193
0.386,-0.00076699,1.07525,-0.00720671,2.05374,0,1.09952,-0.00757161,2.06193
0.388,-0.000730467,1.07525,-0.00720671,2.05383,-3.65234e-05,1.0995,-0.00761722,2.06193
0.39,-0.00076699,1.07525,-0.00720671,2.05374,-3.65234e-05,1.0995,-0.00761722,2.06193
0.392,-0.000730467,1.07525,-0.00720671,2.05374,-3.65234e-05,1.0995,-0.00761722,2.06201
0.394,-0.000730467,1.07525,-0.00720671,2.05374,0,1.09952,-0.00757161,2.06193
0.396,-0.000730467,1.07525,-0.00720671,2.05383,0,1.09952,-0.00757161,2.06193
0.398,-0.000730467,1.07523,-0.00725233,2.05374,-3.65234e-05,1.09952,-0.00757161,2.06193
0.4,-0.000730467,1.07523,-0.00725233,2.05374,-3.65234e-05,1.0995,-0.00761722,2.06201
0.402,-0.000730467,1.07523,-0.00725233,2.05374,0,1.09952,-0.00757161,2.06193
0.404,-0.000730467,1.07525,-0.00720671,2.05374,0,1.0995,-0.00761722,2.06193
0.406,-0.000730467,1.07525,-0.00720671,2.05374,0,1.09952,-0.00757161,2.06201
0.408,-0.000730467,1.07525,-0.00720671,2.05374,0,1.09952,-0.00757161,2.06201
0.41,-0.000730467,1.07523,-0.00725233,2.05374,0,1.09947,-0.00757161,2.06193
0.412,-0.000730467,1.07525,-0.00720671,2.05374,0,1.09952,-0.00757161,2.06193
0.414,-0.000730467,1.07525,-0.00720671,2.05374,0,1.0995,-0.007526,2.06201
0.416,-0.000730467,1.07525,-0.00720671,2.05383,0,1.09952,-0.00757161,2.06201
0.418,-0.000730467,1.07525,-0.00720671,2.05374,0,1.09952,-0.00757161,2.06193
0.42,-0.00076699,1.07525,-0.00720671,2.05374,0,1.0995,-0.00761722,2.06193
0.422,-0.000730467,1.07523,-0.0071611,2.05374,0,1.09952,-0.00757161,2.06201
0.424,-0.000730467,1.07525,-0.00720671,2.05374,-3.65234e-05,1.09952,-0.00757161,2.06201
0.426,-0.00076699,1.07525,-0.00720671,2.05374,0,1.0995,-0.00761722,2.06201
0.428,-0.000730467,1.07525,-0.00720671,2.05374,3.65234e-05,1.0995,-0.00761722,2.06201
0.43,-0.000730467,1.07525,-0.00720671,2.05374,0,1.0995,-0.007526,2.06201
0.432,-0.000730467,1.07525,-0.00720671,2.05374,0,1.09947,-0.00757161,2.06201
0.434,-0.000730467,1.07525,-0.00720671,2.05374,0,1.09947,-0.00757161,2.06193
0.436,-0.00076699,1.07525,-0.00720671,2.05383,0,1.0995,-0.00761722,2.06201
0.438,-0.000730467,1.07525,-0.00720671,2.05374,-3.65234e-05,1.09952,-0.00757161,2.06201
0.44,-0.000730467,1.07525,-0.00720671,2.05374,0,1.0995,-0.00761722,2.06193
0.442,-0.000730467,1.07525,-0.00720671,2.05374,-3.65234e-05,1.09952,-0.00757161,2.06201
0.444,-0.000730467,1.07525,-0.00720671,2.05383,-3.65234e-05,1.0995,-0.007526,2.06201
0.446,-0.000730467,1.07525,-0.00720671,2.05374,0,1.0995,-0.00761722,2.06201
0.448,-0.000730467,1.07525,-0.00720671,2.05374,0,1.09952,-0.00757161,2.06201
0.45,-0.000730467,1.07525,-0.00720671,2.05383,3.65234e-05,1.09952,-0.00757161,2.06201
0.452,-0.000730467,1.07525,-0.00720671,2.05383,0,1.0995,-0.007526,2.06201
0.454,-0.00076699,1.07523,-0.00725233,2.05374,-3.65234e-05,1.0995,-0.00761722,2.06201
0.456,-0.000730467,1.07523,-0.00725233,2.05374,0,1.09952,-0.00757161,2.06201
0.458,-0.000730467,1.07523,-0.0071611,2.05374,-3.65234e-05,1.09952,-0.00757161,2.06201
0.46,-0.000730467,1.07525,-0.00720671,2.05374,0,1.09947,-0.00757161,2.06193
0.462,-0.000730467,1.07525,-0.00720671,2.05374,0,1.09952,-0.00757161,2.06201
0.464,-0.000730467,1.07525,-0.00720671,2.05383,0,1.09947,-0.00757161,2.06201
0.466,-0.000730467,1.07523,-0.00725233,2.05383,0,1.0995,-0.00761722,2.06201
0.468,-0.000730467,1.07525,-0.00720671,2.05383,0,1.09952,-0.00757161,2.06193
0.47,-0.000730467,1.07525,-0.00720671,2.05374,0,1.09952,-0.00757161,2.06201
0.472,-0.000730467,1.07525,-0.00720671,2.05374,0,1.09952,-0.00757161,2.06201
0.474,-0.000730467,1.07525,-0.00720671,2.05374,0,1.09952,-0.00757161,2.06201
0.476,-0.000730467,1.07525,-0.00720671,2.05374,0,1.09952,-0.00757161,2.06193
0.478,-0.000730467,1.07523,-0.00725233,2.05374,3.65234e-05,1.09952,-0.00757161,2.06201
0.48,-0.000730467,1.07525,-0.00720671,2.05383,0,1.0995,-0.00761722,2.06193
0.482,-0.000730467,1.07525,-0.00720671,2.05383,0,1.09952,-0.00757161,2.06193
0.484,-0.000730467,1.07525,-0.00720671,2.05383,0,1.09952,-0.00757161,2.06201
0.486,-0.000730467,1.07525,-0.00720671,2.05374,0,1.0995,-0.007526,2.06201
0.488,-0.000730467,1.07525,-0.00720671,2.05374,-3.65234e-05,1.09952,-0.00757161,2.06193
0.49,-0.000730467,1.07525,-0.00720671,2.05383,0,1.09947,-0.00757161,2.06201
0.492,-0.000730467,1.07525,-0.00720671,2.05374,-3.65234e-05,1.0995,-0.00761722,2.06201
0.494,-0.00076699,1.07525,-0.00720671,2.05374,0,1.0995,-0.00761722,2.06201
0.496,-0.000730467,1.07525,-0.00720671,2.05374,0,1.09955,-0.007526,2.06193
0.498,-0.00076699,1.07525,-0.00720671,2.05374,0,1.0995,-0.007526,2.06201
0.5,-0.00076699,1.07523,-0.00725233,2.05383,3.65234e-05,1.0995,-0.00761722,2.06193
0.502,-0.000730467,1.07523,-0.00725233,2.05374,0,1.09952,-0.00757161,2.06201
0.504,-0.000730467,1.07525,-0.00720671,2.05374,0,1.0995,-0.00761722,2.06193
0.506,-0.000730467,1.07525,-0.00720671,2.05374,0,1.09952,-0.00757161,2.06201
0.508,-0.000730467,1.07523,-0.00725233,2.05374,0,1.0995,-0.007526,2.06201
0.51,-0.000730467,1.07523,-0.00725233,2.05374,-3.65234e-05,1.09952,-0.00757161,2.06201
0.512,-0.000730467,1.07523,-0.00725233,2.05383,-3.65234e-05,1.09952,-0.00757161,2.06193
0.514,-0.000730467,1.07523,-0.00725233,2.05383,3.65234e-05,1.09952,-0.00757161,2.06193
0.516,-0.00076699,1.07525,-0.00720671,2.05374,3.65234e-05,1.09952,-0.00757161,2.06201
0.518,-0.000730467,1.07525,-0.00720671,2.05374,3.65234e-05,1.09952,-0.00757161,2.06201
0.52,-0.000730467,1.07525,-0.00720671,2.05374,-3.65234e-05,1.0995,-0.00761722,2.06193
0.522,-0.000730467,1.07525,-0.00720671,2.05374,0,1.09952,-0.00757161,2.06193
0.524,-0.000730467,1.07525,-0.00720671,2.05374,0,1.09947,-0.00757161,2.06193
0.526,-0.000730467,1.07525,-0.00720671,2.05374,0,1.09952,-0.00757161,2.06193
0.528,-0.000730467,1.07525,-0.00720671,2.05374,0,1.09952,-0.00757161,2.06201
0.53,-0.000730467,1.07525,-0.00720671,2.05383,0,1.09947,-0.00757161,2.06193
0.532,-0.000730467,1.07525,-0.00720671,2.05374,0,1.09952,-0.00757161,2.06201
0.534,-0.000730467,1.07525,-0.00720671,2.05374,-3.65234e-05,1.0995,-0.007526,2.06201
0.536,-0.000730467,1.07525,-0.00720671,2.05374,0,1.09947,-0.00757161,2.06193
0.538,-0.000730467,1.07525,-0.00720671,2.05383,0,1.0995,-0.007526,2.06201
0.54,-0.000730467,1.07525,-0.00720671,2.05383,3.65234e-05,1.0995,-0.007526,2.06193
0.542,-0.000730467,1.07525,-0.00720671,2.05383,0,1.09952,-0.00757161,2.06193
0.544,-0.000730467,1.07523,-0.00725233,2.05374,0,1.09952,-0.00757161,2.06193
0.546,-0.000730467,1.07525,-0.00720671,2.05374,0,1.09952,-0.00757161,2.06201
0.548,-0.000730467,1.07525,-0.00720671,2.05374,0,1.09947,-0.00757161,2.06193
0.55,-0.000730467,1.07525,-0.00720671,2.05374,0,1.09952,-0.00757161,2.06201
0.552,-0.000730467,1.07523,-0.00725233,2.05374,3.65234e-05,1.0995,-0.007526,2.06201
0.554,-0.00076699,1.07525,-0.00720671,2.05374,3.65234e-05,1.09952,-0.00757161,2.06193
0.556,-0.000730467,1.07525,-0.00720671,2.05374,0,1.0995,-0.007526,2.06201
0.558,-0.00076699,1.07525,-0.00720671,2.05374,0,1.09952,-0.00757161,2.06201
0.56,-0.000730467,1.07525,-0.00720671,2.05374,3.65234e-05,1.0995,-0.00761722,2.06193
0.562,-0.000730467,1.07523,-0.00725233,2.05374,-3.65234e-05,1.09952,-0.00757161,2.06201
0.564,-0.000730467,1.07525,-0.00720671,2.05374,0,1.09952,-0.00757161,2.06193
0.566,-0.000730467,1.07525,-0.00720671,2.05374,0,1.09952,-0.00757161,2.06193
0.568,-0.000730467,1.07525,-0.00720671,2.05374,0,1.09952,-0.00757161,2.06201
0.57,-0.00076699,1.07525,-0.00720671,2.05374,0,1.09952,-0.00757161,2.06201
0.572,-0.00076699,1.07525,-0.00720671,2.05374,-3.65234e-05,1.09947,-0.00757161,2.06193
0.574,-0.00076699,1.07525,-0.00720671,2.05374,0,1.0995,-0.00761722,2.06193
0.576,-0.000730467,1.07525,-0.00720671,2.05374,3.65234e-05,1.09952,-0.00757161,2.06193
0.578,-0.000730467,1.07525,-0.00720671,2.05374,0,1.09952,-0.00757161,2.06193
0.58,-0.000730467,1.07525,-0.00720671,2.05383,0,1.0995,-0.00761722,2.06201
0.582,-0.000730467,1.07523,-0.00725233,2.05374,0,1.0995,-0.00761722,2.06201
0.584,-0.000730467,1.07525,-0.00720671,2.05374,-3.65234e-05,1.0995,-0.00761722,2.06193
0.586,-0.000730467,1.07525,-0.00720671,2.05374,0,1.09947,-0.00757161,2.06193
0.588,-0.000730467,1.07525,-0.00720671,2.05374,3.65234e-05,1.09947,-0.00757161,2.06201
0.59,-0.000730467,1.07525,-0.00720671,2.05383,0,1.09952,-0.00757161,2.06201
0.592,-0.000730467,1.07525,-0.00720671,2.05374,3.65234e-05,1.09947,-0.00757161,2.06201
0.594,-0.000730467,1.07525,-0.00720671,2.05374,0,1.0995,-0.00761722,2.06193
0.596,-0.000730467,1.07525,-0.00720671,2.05374,0,1.0995,-0.00761722,2.06201
0.598,-0.000730467,1.07525,-0.00720671,2.05374,0,1.09952,-0.00757161,2.06193
0.6,-0.000730467,1.07523,-0.00725233,2.05374,3.65234e-05,1.09952,-0.00757161,2.06201
0.602,-0.000730467,1.07523,-0.00725233,2.05374,0,1.09952,-0.00757161,2.06201
0.604,-0.000730467,1.07523,-0.00725233,2.05383,0,1.0995,-0.00761722,2.06201
0.606,-0.00076699,1.07525,-0.00720671,2.05374,0,1.09947,-0.00757161,2.06201
0.608,-0.00076699,1.07525,-0.00720671,2.05374,0,1.0995,-0.00761722,2.06201
0.61,-0.000730467,1.07525,-0.00720671,2.05374,0,1.09947,-0.00757161,2.06193
0.612,-0.000730467,1.07525,-0.00720671,2.05366,0,1.09947,-0.00757161,2.06201
0.614,-0.000730467,1.07525,-0.00720671,2.05366,-3.65234e-05,1.0995,-0.007526,2.06193
0.616,-0.000730467,1.07525,-0.00720671,2.05366,0,1.0995,-0.00761722,2.06201
0.618,-0.000730467,1.07525,-0.00720671,2.05374,0,1.09952,-0.00757161,2.06201
0.62,-0.000730467,1.07525,-0.00720671,2.05383,0,1.09952,-0.00757161,2.06201
0.622,-0.000730467,1.07525,-0.00720671,2.05383,0,1.09947,-0.00757161,2.06193
0.624,-0.000730467,1.07525,-0.00720671,2.05383,0,1.0995,-0.007526,2.06201
0.626,-0.000730467,1.07525,-0.00720671,2.05374,3.65234e-05,1.09952,-0.00757161,2.06201
0.628,-0.000730467,1.07525,-0.00720671,2.05374,-3.65234e-05,1.0995,-0.00761722,2.06193
0.63,-0.000730467,1.07523,-0.00725233,2.05374,-3.65234e-05,1.0995,-0.00761722,2.06193
0.632,-0.000730467,1.07523,-0.00725233,2.05374,0,1.09952,-0.00757161,2.06193
0.634,-0.000730467,1.07525,-0.00720671,2.05374,0,1.0995,-0.007526,2.06193
0.636,-0.000730467,1.07525,-0.00720671,2.05374,0,1.09952,-0.00757161,2.06193
0.638,-0.000730467,1.07525,-0.00720671,2.05374,0,1.0995,-0.00761722,2.06201
0.64,-0.000730467,1.07525,-0.00720671,2.05374,0,1.0995,-0.00761722,2.06193
0.642,-0.000730467,1.07525,-0.00720671,2.05374,0,1.0995,-0.00761722,2.06201
0.644,-0.000730467,1.07523,-0.00725233,2.05374,3.65234e-05,1.0995,-0.00761722,2.06201
0.646,-0.000730467,1.07523,-0.00725233,2.05374,0,1.09952,-0.00757161,2.06201
0.648,-0.000730467,1.07525,-0.00720671,2.05374,0,1.09952,-0.00757161,2.06193
0.65,-0.000730467,1.07525,-0.00720671,2.05374,-3.65234e-05,1.09952,-0.00757161,2.06201
0.652,-0.000730467,1.07525,-0.00720671,2.05383,0,1.0995,-0.00761722,2.06201
0.654,-0.000730467,1.07525,-0.00720671,2.05374,0,1.09952,-0.00757161,2.06193
0.656,-0.000730467,1.07525,-0.00720671,2.05374,3.65234e-05,1.09952,-0.00757161,2.06193
0.658,-0.000730467,1.07525,-0.00720671,2.05374,-3.65234e-05,1.09952,-0.00757161,2.06201
0.66,-0.000730467,1.07525,-0.00720671,2.05374,0,1.09952,-0.00757161,2.06193
0.662,-0.00076699,1.07525,-0.00720671,2.05374,3.65234e-05,1.09952,-0.00757161,2.06201
0.664,-0.00076699,1.07525,-0.00720671,2.05374,0,1.0995,-0.00761722,2.06193
0.666,-0.000730467,1.0752,-0.00720671,2.05374,3.65234e-05,1.0995,-0.00761722,2.06201
0.668,-0.000730467,1.07525,-0.00720671,2.05383,0,1.0995,-0.00761722,2.06193
0.67,-0.000730467,1.07528,-0.00725233,2.05374,0,1.0995,-0.007526,2.06201
0.672,-0.000730467,1.07523,-0.00725233,2.05383,0,1.09947,-0.00757161,2.06201
0.674,-0.000730467,1.07525,-0.00720671,2.05383,0,1.0995,-0.00761722,2.06193
0.676,-0.000730467,1.07525,-0.00720671,2.05374,0,1.0995,-0.00761722,2.06193
0.678,-0.000730467,1.07525,-0.00720671,2.05374,3.65234e-05,1.0995,-0.00761722,2.06193
0.68,-0.00076699,1.07525,-0.00720671,2.05374,0,1.0995,-0.007526,2.06201
0.682,-0.000730467,1.07525,-0.00720671,2.05374,0,1.09952,-0.00757161,2.06201
0.684,-0.000730467,1.07523,-0.00725233,2.05374,0,1.09952,-0.00757161,2.06201
0.686,-0.000730467,1.07525,-0.00720671,2.05374,0,1.09952,-0.00757161,2.06201
0.688,-0.000730467,1.07523,-0.00725233,2.05374,0,1.09952,-0.00757161,2.06193
0.69,-0.000730467,1.07525,-0.00720671,2.05374,0,1.0995,-0.00761722,2.06193
0.692,-0.000730467,1.07525,-0.00720671,2.05374,0,1.0995,-0.00761722,2.06201
0.694,-0.000730467,1.07525,-0.00720671,2.05374,3.65234e-05,1.0995,-0.00761722,2.06201
0.696,-0.000730467,1.07525,-0.00720671,2.05374,3.65234e-05,1.0995,-0.00761722,2.06201
0.698,-0.000730467,1.07525,-0.00720671,2.05374,-3.65234e-05,1.09952,-0.00757161,2.06201
0.7,-0.000730467,1.07525,-0.00720671,2.05374,0,1.09952,-0.00757161,2.06201
0.702,-0.000730467,1.07525,-0.00720671,2.05374,0,1.0995,-0.00761722,2.06193
0.704,-0.000730467,1.07525,-0.00720671,2.05374,0,1.09952,-0.00757161,2.06193
0.706,-0.000730467,1.07525,-0.00720671,2.05383,0,1.09952,-0.00757161,2.06201
0.708,-0.000730467,1.07523,-0.00725233,2.05383,0,1.0995,-0.00761722,2.06193
0.71,-0.000730467,1.07523,-0.00725233,2.05374,0,1.09947,-0.00757161,2.06193
0.712,-0.00076699,1.07523,-0.00725233,2.05374,3.65234e-05,1.0995,-0.00761722,2.06193
0.714,-0.000730467,1.07523,-0.00725233,2.05374,0,1.0995,-0.007526,2.06193
0.716,-0.00076699,1.07523,-0.00725233,2.05374,0,1.0995,-0.00761722,2.06201
0.718,-0.000730467,1.07525,-0.00720671,2.05374,0,1.09947,-0.00757161,2.06201
0.72,-0.000730467,1.07525,-0.00720671,2.05374,0,1.09952,-0.00757161,2.06193
0.722,-0.000730467,1.07525,-0.00720671,2.05383,0,1.09947,-0.00757161,2.06201
0.724,-0.000730467,1.07523,-0.00725233,2.05383,3.65234e-05,1.0995,-0.00761722,2.06193
0.726,-0.000730467,1.07523,-0.00725233,2.05383,3.65234e-05,1.0995,-0.00761722,2.06193
0.728,-0.000730467,1.07525,-0.00720671,2.05374,3.65234e-05,1.0995,-0.00761722,2.06201
0.73,-0.000730467,1.07525,-0.00720671,2.05374,-3.65234e-05,1.09952,-0.00757161,2.06201
0.732,-0.000730467,1.07525,-0.00720671,2.05374,0,1.09952,-0.00757161,2.06201
0.734,-0.000730467,1.07523,-0.00725233,2.05374,0,1.0995,-0.00761722,2.06201
0.736,-0.000730467,1.07525,-0.00720671,2.05374,0,1.0995,-0.00761722,2.06193
0.738,-0.000730467,1.07525,-0.00720671,2.05383,0,1.0995,-0.00761722,2.06201
0.74,-0.000730467,1.07525,-0.00720671,2.05374,-3.65234e-05,1.0995,-0.00761722,2.06201
0.742,-0.000730467,1.07525,-0.00720671,2.05374,0,1.09952,-0.00757161,2.06193
0.744,-0.000730467,1.07525,-0.00720671,2.05374,0,1.09952,-0.00757161,2.06201
0.746,-0.000730467,1.07523,-0.00725233,2.05374,0,1.09952,-0.00757161,2.06193
0.748,-0.000730467,1.07523,-0.00725233,2.05374,3.65234e-05,1.09952,-0.00757161,2.06201
0.75,-0.000730467,1.07525,-0.00720671,2.05374,0,1.0995,-0.00761722,2.06201
0.752,-0.000730467,1.07525,-0.00720671,2.05374,0,1.0995,-0.00761722,2.06193
0.754,-0.000730467,1.07525,-0.00720671,2.05374,0,1.0995,-0.007526,2.06193
0.756,-0.00076699,1.07525,-0.00720671,2.05374,-3.65234e-05,1.0995,-0.007526,2.06201
0.758,-0.00076699,1.07525,-0.00720671,2.05374,0,1.0995,-0.007526,2.06201
0.76,-0.00076699,1.07523,-0.00725233,2.05374,0,1.0995,-0.00761722,2.06193
0.762,-0.000730467,1.07525,-0.00720671,2.05374,3.65234e-05,1.0995,-0.00761722,2.06193
0.764,-0.000730467,1.07523,-0.0071611,2.05374,0,1.09947,-0.00757161,2.06193
0.766,-0.000730467,1.07523,-0.0071611,2.05374,0,1.09952,-0.00757161,2.06201
0.768,-0.000730467,1.07523,-0.00725233,2.05374,0,1.0995,-0.00761722,2.06201
0.77,-0.00076699,1.07525,-0.00720671,2.05374,0,1.0995,-0.00761722,2.06201
0.772,-0.000730467,1.07525,-0.00720671,2.05374,3.65234e-05,1.0995,-0.007526,2.06201
0.774,-0.000730467,1.07525,-0.00720671,2.05374,0,1.0995,-0.00761722,2.06193
0.776,-0.000730467,1.07525,-0.00720671,2.05374,-3.65234e-05,1.0995,-0.00761722,2.06193
0.778,-0.000730467,1.07525,-0.00720671,2.05374,3.65234e-05,1.0995,-0.00761722,2.06201
0.78,-0.000730467,1.07525,-0.00720671,2.05383,0,1.09952,-0.00757161,2.06193
0.782,-0.000730467,1.07523,-0.00725233,2.05374,0,1.09952,-0.00757161,2.06201
0.784,-0.000730467,1.07525,-0.00720671,2.05374,0,1.09952,-0.00757161,2.06193
0.786,-0.000730467,1.07523,-0.00725233,2.05374,0,1.0995,-0.00761722,2.06193
0.788,-0.000730467,1.07525,-0.00720671,2.05374,0,1.09952,-0.00757161,2.06201
0.79,-0.000730467,1.07525,-0.00720671,2.05374,0,1.0995,-0.00761722,2.06201
0.792,-0.000730467,1.07525,-0.00720671,2.05374,-3.65234e-05,1.0995,-0.007526,2.06193
0.794,-0.000730467,1.07525,-0.00720671,2.05383,0,1.09947,-0.00766283,2.06193
0.796,-0.000730467,1.07523,-0.00725233,2.05374,-3.65234e-05,1.0995,-0.007526,2.06201
0.798,-0.000730467,1.07525,-0.00720671,2.05374,0,1.0995,-0.00761722,2.06193
0.8,-0.000730467,1.07525,-0.00720671,2.05374,0,1.0995,-0.00761722,2.06193
0.802,-0.000730467,1.07523,-0.00725233,2.05374,3.65234e-05,1.0995,-0.007526,2.06201
0.804,-0.000730467,1.07523,-0.00725233,2.05383,0,1.0995,-0.00761722,2.06193
0.806,-0.000730467,1.07523,-0.00725233,2.05374,3.65234e-05,1.0995,-0.007526,2.06201
0.808,-0.000730467,1.07525,-0.00720671,2.05383,0,1.09947,-0.00757161,2.06201
0.81,-0.000730467,1.07525,-0.00720671,2.05374,0,1.0995,-0.00761722,2.06193
0.812,-0.000730467,1.07525,-0.00720671,2.05374,0,1.0995,-0.00761722,2.06193
0.814,-0.000730467,1.07525,-0.00720671,2.05374,0,1.0995,-0.00761722,2.06193
0.816,-0.000730467,1.07525,-0.00720671,2.05374,0,1.0995,-0.007526,2.06201
0.818,-0.000730467,1.07525,-0.00720671,2.05374,-3.65234e-05,1.0995,-0.00761722,2.06201
0.82,-0.000730467,1.07525,-0.00720671,2.05374,0,1.09952,-0.00757161,2.06201
0.822,-0.000730467,1.07525,-0.00720671,2.05374,3.65234e-05,1.09952,-0.00757161,2.06201
0.824,-0.000730467,1.07525,-0.00720671,2.05374,3.65234e-05,1.09952,-0.00757161,2.06193
0.826,-0.000730467,1.07525,-0.00720671,2.05383,0,1.09952,-0.00757161,2.06193
0.828,-0.000730467,1.07525,-0.00720671,2.05383,0,1.09952,-0.00757161,2.06193
0.83,-0.000730467,1.07525,-0.00720671,2.05383,0,1.09952,-0.00757161,2.06201
0.832,-0.000730467,1.07525,-0.00720671,2.05374,0,1.0995,-0.007526,2.06201
0.834,-0.000730467,1.07525,-0.00720671,2.05374,0,1.09952,-0.00766283,2.06201
0.836,-0.000730467,1.07525,-0.00720671,2.05374,0,1.0995,-0.00761722,2.06201
0.838,-0.000730467,1.07525,-0.00720671,2.05374,7.30467e-05,1.0995,-0.00761722,2.06201
0.84,-0.000730467,1.07525,-0.00720671,2.05383,-3.65234e-05,1.09952,-0.00757161,2.06193
0.842,-0.000730467,1.07523,-0.00725233,2.05374,-3.65234e-05,1.09952,-0.00757161,2.06201
0.844,-0.000730467,1.07525,-0.00720671,2.05374,0,1.0995,-0.007526,2.06201
0.846,-0.000730467,1.07523,-0.00725233,2.05374,0,1.09952,-0.00757161,2.06201
0.848,-0.000730467,1.07525,-0.00720671,2.05374,-3.65234e-05,1.0995,-0.00761722,2.06201
0.85,-0.000730467,1.07525,-0.00720671,2.05374,-3.65234e-05,1.09952,-0.00757161,2.06201
0.852,-0.000730467,1.07525,-0.00720671,2.05374,0,1.0995,-0.00761722,2.06193
0.854,-0.000730467,1.07525,-0.00720671,2.05374,0,1.09952,-0.00757161,2.06201
0.856,-0.000730467,1.07525,-0.00720671,2.05374,0,1.0995,-0.00761722,2.06201
0.858,-0.000730467,1.07525,-0.00720671,2.05374,3.65234e-05,1.09947,-0.00757161,2.06193
0.86,-0.000730467,1.07525,-0.00720671,2.05374,3.65234e-05,1.09952,-0.00757161,2.06193
0.862,-0.000730467,1.07525,-0.00720671,2.05366,3.65234e-05,1.0995,-0.00761722,2.06201
0.864,-0.000730467,1.07525,-0.00720671,2.05374,0,1.0995,-0.00761722,2.06193
0.866,-0.000730467,1.07525,-0.00720671,2.05374,0,1.0995,-0.00761722,2.06193
0.868,-0.000730467,1.07525,-0.00720671,2.05383,0,1.0995,-0.00761722,2.06201
0.87,-0.000730467,1.07525,-0.00720671,2.05383,-3.65234e-05,1.0995,-0.00761722,2.06193
0.872,-0.000730467,1.07525,-0.00720671,2.05374,0,1.09952,-0.00757161,2.06201
0.874,-0.000730467,1.07525,-0.00720671,2.05374,0,1.09952,-0.00757161,2.06193
0.876,-0.000730467,1.07525,-0.00720671,2.05374,3.65234e-05,1.0995,-0.007526,2.06201
0.878,-0.000730467,1.07525,-0.00720671,2.05374,3.65234e-05,1.0995,-0.00761722,2.06193
0.88,-0.000730467,1.07525,-0.00720671,2.05374,0,1.0995,-0.00761722,2.06193
0.882,-0.000730467,1.07523,-0.00725233,2.05374,0,1.09952,-0.00757161,2.06201
0.884,-0.000730467,1.07525,-0.00720671,2.05374,-3.65234e-05,1.09952,-0.00757161,2.06193
0.886,-0.000730467,1.07525,-0.00720671,2.05374,0,1.0995,-0.00761722,2.06193
0.888,-0.000730467,1.07525,-0.00720671,2.05374,3.65234e-05,1.09947,-0.00757161,2.06193
0.89,-0.000730467,1.07525,-0.00720671,2.05374,0,1.0995,-0.00761722,2.06201
0.892,-0.000730467,1.07525,-0.00720671,2.05374,3.65234e-05,1.0995,-0.007526,2.06201
0.894,-0.00076699,1.07525,-0.00720671,2.05374,0,1.09947,-0.00757161,2.06193
0.896,-0.00076699,1.07525,-0.00720671,2.05374,0,1.09952,-0.00757161,2.06201
0.898,-0.000730467,1.07525,-0.00720671,2.05374,0,1.09952,-0.00757161,2.06201
0.9,-0.000730467,1.07525,-0.00720671,2.05374,0,1.0995,-0.00761722,2.06193
0.902,-0.000730467,1.07525,-0.00720671,2.05374,3.65234e-05,1.09952,-0.00757161,2.06193
0.904,-0.000730467,1.07525,-0.00720671,2.05383,0,1.09952,-0.00757161,2.06193
0.906,-0.000730467,1.07525,-0.00720671,2.05374,0,1.0995,-0.007526,2.06201
0.908,-0.000730467,1.07528,-0.00725233,2.05374,0,1.09952,-0.00757161,2.06201
0.91,-0.00076699,1.07525,-0.00720671,2.05374,-3.65234e-05,1.09952,-0.00757161,2.06201
0.912,-0.000730467,1.07525,-0.00720671,2.05374,3.65234e-05,1.0995,-0.00761722,2.06193
0.914,-0.000730467,1.07525,-0.00720671,2.05383,0,1.0995,-0.00761722,2.06193
0.916,-0.000730467,1.07525,-0.00720671,2.05374,3.65234e-05,1.0995,-0.00761722,2.06193
0.918,-0.000730467,1.07525,-0.00720671,2.05374,7.30467e-05,1.0995,-0.007526,2.06201
0.92,-0.000730467,1.07525,-0.00720671,2.05374,0,1.09952,-0.00757161,2.06193
0.922,-0.000730467,1.07525,-0.00720671,2.05374,-3.65234e-05,1.09947,-0.00757161,2.06201
0.924,-0.000730467,1.07525,-0.00720671,2.05374,0,1.09947,-0.00757161,2.06201
0.926,-0.000730467,1.07523,-0.00725233,2.05366,-3.65234e-05,1.09952,-0.00757161,2.06193
0.928,-0.000730467,1.07525,-0.00720671,2.05374,-3.65234e-05,1.09952,-0.00757161,2.06193
0.93,-0.00076699,1.07525,-0.00720671,2.05374,0,1.09952,-0.00757161,2.06201
0.932,-0.000730467,1.07523,-0.00725233,2.05383,3.65234e-05,1.0995,-0.00761722,2.06193
0.934,-0.000730467,1.07523,-0.00725233,2.05383,0,1.09952,-0.00757161,2.06201
0.936,-0.00076699,1.07525,-0.00720671,2.05374,0,1.0995,-0.00761722,2.06201
0.938,-0.000730467,1.07525,-0.00720671,2.05374,3.65234e-05,1.09947,-0.00757161,2.06201
0.94,-0.000730467,1.07525,-0.00720671,2.05374,0,1.09952,-0.00757161,2.06193
0.942,-0.000730467,1.07523,-0.00725233,2.05374,0,1.09952,-0.00757161,2.06193
0.944,-0.000730467,1.07525,-0.00720671,2.05383,-3.65234e-05,1.09952,-0.00757161,2.06193
0.946,-0.000730467,1.07525,-0.00720671,2.05383,0,1.09952,-0.00757161,2.06201
0.948,-0.000730467,1.07525,-0.00720671,2.05383,0,1.0995,-0.00761722,2.06201
0.95,-0.00076699,1.07525,-0.00720671,2.05374,0,1.0995,-0.00761722,2.06193
0.952,-0.00076699,1.07523,-0.00725233,2.05374,-3.65234e-05,1.0995,-0.007526,2.06201
0.954,-0.000730467,1.07525,-0.00720671,2.05374,3.65234e-05,1.09952,-0.00757161,2.06201
0.956,-0.000730467,1.07525,-0.00720671,2.05374,-3.65234e-05,1.09952,-0.00757161,2.06193
0.958,-0.000730467,1.07525,-0.00720671,2.05374,0,1.09952,-0.00757161,2.06193
0.96,-0.000730467,1.07525,-0.00720671,2.05374,0,1.09952,-0.00757161,2.06201
0.962,-0.00076699,1.07525,-0.00720671,2.05383,0,1.09952,-0.00757161,2.06201
0.964,-0.000730467,1.07525,-0.00720671,2.05374,0,1.09944,-0.00761722,2.06201
0.966,-0.000730467,1.07525,-0.00720671,2.05374,3.65234e-05,1.0995,-0.007526,2.06201
0.968,-0.000730467,1.07525,-0.00720671,2.05374,3.65234e-05,1.09952,-0.00757161,2.06193
0.97,-0.00076699,1.07525,-0.00720671,2.05366,-3.65234e-05,1.0995,-0.00761722,2.06201
0.972,-0.000730467,1.07525,-0.00720671,2.05374,0,1.0995,-0.00761722,2.06193
0.974,-0.000730467,1.07525,-0.00720671,2.05374,0,1.09952,-0.00757161,2.06201
0.976,-0.000730467,1.07525,-0.00720671,2.05383,0,1.09952,-0.00757161,2.06193
0.978,-0.000730467,1.07525,-0.00720671,2.05383,0,1.0995,-0.00761722,2.06193
0.98,-0.000730467,1.07525,-0.00720671,2.05374,0,1.0995,-0.00761722,2.06193
0.982,-0.000730467,1.07525,-0.00720671,2.05374,0,1.0995,-0.007526,2.06193
0.984,-0.000730467,1.07525,-0.00720671,2.05374,-3.65234e-05,1.09952,-0.00757161,2.06201
0.986,-0.000730467,1.07525,-0.00720671,2.05374,0,1.09952,-0.00757161,2.06201
0.988,-0.000730467,1.07525,-0.00720671,2.05374,-3.65234e-05,1.0995,-0.007526,2.06201
0.99,-0.000730467,1.07525,-0.00720671,2.05374,-3.65234e-05,1.09952,-0.00757161,2.06201
0.992,-0.000730467,1.07525,-0.00720671,2.05374,0,1.0995,-0.00761722,2.06193
0.994,-0.000730467,1.07525,-0.00720671,2.05374,0,1.09952,-0.00757161,2.06201
0.996,-0.000730467,1.07525,-0.00720671,2.05374,3.65234e-05,1.0995,-0.00761722,2.06193
0.998,-0.00076699,1.07525,-0.00720671,2.05374,0,1.09952,-0.00757161,2.06201
1,-0.000730467,1.07525,-0.00720671,2.05374,0,1.09952,-0.00757161,2.06193
1.002,-0.000730467,1.07525,-0.00720671,2.05374,0,1.09952,-0.00757161,2.06201
1.004,-0.000730467,1.07525,-0.00720671,2.05374,0,1.09952,-0.00757161,2.06201
1.006,-0.000730467,1.07525,-0.00720671,2.05383,0,1.0995,-0.00761722,2.06201
1.008,-0.000730467,1.07525,-0.00720671,2.05383,0,1.09952,-0.00757161,2.06193
1.01,-0.000730467,1.07525,-0.00720671,2.05383,0,1.0995,-0.00761722,2.06201
1.012,-0.00076699,1.07525,-0.00720671,2.05383,-3.65234e-05,1.09952,-0.00757161,2.06201
1.014,-0.000730467,1.07523,-0.00725233,2.05374,0,1.0995,-0.007526,2.06193
1.016,-0.00076699,1.07523,-0.00725233,2.05374,-3.65234e-05,1.09952,-0.00757161,2.06193
1.018,-0.000730467,1.07525,-0.00720671,2.05374,0,1.0995,-0.00761722,2.06201
1.02,-0.000730467,1.07525,-0.00720671,2.05374,3.65234e-05,1.0995,-0.00761722,2.06201
1.022,-0.000730467,1.07525,-0.00720671,2.05374,3.65234e-05,1.0995,-0.00761722,2.06201
1.024,-0.000730467,1.07523,-0.00725233,2.05374,0,1.09944,-0.00761722,2.06193
1.026,-0.000730467,1.07525,-0.00720671,2.05374,0,1.0995,-0.007526,2.06201
1.028,-0.000730467,1.07525,-0.00720671,2.05374,0,1.0995,-0.007526,2.06193
1.03,-0.000730467,1.07525,-0.00720671,2.05383,-3.65234e-05,1.09952,-0.00757161,2.06201
1.032,-0.000730467,1.07523,-0.00725233,2.05374,0,1.09952,-0.00757161,2.06193
1.034,-0.000730467,1.07523,-0.00725233,2.05374,3.65234e-05,1.09952,-0.00757161,2.06201
1.036,-0.00076699,1.07525,-0.00720671,2.05374,0,1.09952,-0.00757161,2.06193
1.038,-0.000730467,1.07525,-0.00720671,2.05374,3.65234e-05,1.0995,-0.007526,2.06201
1.04,-0.000730467,1.07525,-0.00720671,2.05374,3.65234e-05,1.09952,-0.00757161,2.06201
1.042,-0.00076699,1.07525,-0.00720671,2.05374,0,1.09947,-0.00757161,2.06201
1.044,-0.000730467,1.07525,-0.00720671,2.05374,-3.65234e-05,1.0995,-0.00761722,2.06201
1.046,-0.000730467,1.07525,-0.00720671,2.05374,-3.65234e-05,1.0995,-0.007526,2.06201
1.048,-0.000730467,1.07525,-0.00720671,2.05374,0,1.0995,-0.007526,2.06201
1.05,-0.00076699,1.07523,-0.00725233,2.05374,3.65234e-05,1.0995,-0.007526,2.06201
1.052,-0.00076699,1.07525,-0.00720671,2.05374,0,1.0995,-0.00761722,2.06193
1.054,-0.00076699,1.07525,-0.00720671,2.05374,0,1.09952,-0.00757161,2.06201
1.056,-0.00076699,1.07525,-0.00720671,2.05374,0,1.09952,-0.00757161,2.06201
1.058,-0.000730467,1.07525,-0.00720671,2.05374,0,1.09947,-0.00757161,2.06193
1.06,-0.000730467,1.07525,-0.00720671,2.05374,3.65234e-05,1.0995,-0.00761722,2.06201
1.062,-0.000730467,1.07525,-0.00720671,2.05383,0,1.0995,-0.00761722,2.06201
1.064,-0.000730467,1.07525,-0.00720671,2.05374,-3.65234e-05,1.0995,-0.00761722,2.06193
1.066,-0.000730467,1.07523,-0.00725233,2.05374,3.65234e-05,1.09952,-0.00757161,2.06201
1.068,-0.000730467,1.07525,-0.00720671,2.05374,0,1.09952,-0.00757161,2.06193
1.07,-0.00076699,1.07523,-0.00725233,2.05383,3.65234e-05,1.0995,-0.00761722,2.06201
1.072,-0.000730467,1.07525,-0.00720671,2.05383,0,1.09952,-0.00757161,2.06201
1.074,-0.00076699,1.07525,-0.00720671,2.05374,7.30467e-05,1.09952,-0.00757161,2.06201
1.076,-0.000730467,1.07525,-0.00720671,2.05374,-3.65234e-05,1.0995,-0.007526,2.06193
1.078,-0.000730467,1.07525,-0.00720671,2.05374,0,1.09952,-0.00757161,2.06201
1.08,-0.000730467,1.07525,-0.00720671,2.05374,0,1.09952,-0.00757161,2.06201
1.082,-0.000730467,1.07525,-0.00720671,2.05383,3.65234e-05,1.0995,-0.00761722,2.06201
1.084,-0.000730467,1.07525,-0.00720671,2.05374,0,1.09947,-0.00757161,2.06201
1.086,-0.000730467,1.07525,-0.00720671,2.05374,0,1.09947,-0.00757161,2.06201
1.088,-0.00076699,1.07525,-0.00720671,2.05374,0,1.0995,-0.007526,2.06201
1.09,-0.000730467,1.07525,-0.00720671,2.05374,0,1.09952,-0.00757161,2.06193
1.092,-0.000730467,1.07525,-0.00720671,2.05374,0,1.0995,-0.00761722,2.06193
1.094,-0.000730467,1.07525,-0.00720671,2.05374,-3.65234e-05,1.0995,-0.00761722,2.06201
1.096,-0.000730467,1.07525,-0.00720671,2.05374,0,1.09952,-0.00757161,2.06201
1.098,-0.000730467,1.07525,-0.00720671,2.05374,3.65234e-05,1.0995,-0.00761722,2.06193
1.1,-0.000730467,1.07525,-0.00720671,2.05374,0,1.0995,-0.00761722,2.06201
1.102,-0.000730467,1.07525,-0.00729794,2.05374,0,1.0995,-0.00761722,2.06201
1.104,-0.00076699,1.07523,-0.00725233,2.05374,3.65234e-05,1.0995,-0.007526,2.06201
1.106,-0.00076699,1.07525,-0.00720671,2.05374,0,1.09952,-0.00757161,2.06201
1.108,-0.000730467,1.07523,-0.00725233,2.05374,0,1.09952,-0.00757161,2.06193
1.11,-0.000730467,1.07525,-0.00720671,2.05374,3.65234e-05,1.09952,-0.00757161,2.06201
1.112,-0.000730467,1.07525,-0.00720671,2.05374,-3.65234e-05,1.09952,-0.00757161,2.06193
1.114,-0.000730467,1.07525,-0.00720671,2.05374,0,1.09952,-0.00757161,2.06201
1.116,-0.000730467,1.07523,-0.00725233,2.05383,0,1.09952,-0.00757161,2.06201
1.118,-0.000730467,1.07525,-0.00720671,2.05374,0,1.0995,-0.007526,2.06201
1.12,-0.000730467,1.07525,-0.00720671,2.05374,0,1.0995,-0.00761722,2.06201
1.122,-0.000730467,1.07525,-0.00720671,2.05374,0,1.09952,-0.00757161,2.06201
1.124,-0.000730467,1.07525,-0.00720671,2.05383,0,1.09952,-0.00757161,2.06201
1.126,-0.000730467,1.07525,-0.00720671,2.05374,3.65234e-05,1.09952,-0.00757161,2.06193
1.128,-0.000730467,1.07525,-0.00720671,2.05374,3.65234e-05,1.09952,-0.00757161,2.06201
1.13,-0.000730467,1.07525,-0.00720671,2.05374,0,1.0995,-0.00761722,2.06193
1.132,-0.000730467,1.07525,-0.00720671,2.05374,-3.65234e-05,1.09952,-0.00757161,2.06201
1.134,-0.000730467,1.07525,-0.00720671,2.05383,3.65234e-05,1.09952,-0.00757161,2.06201
1.136,-0.000730467,1.07525,-0.00720671,2.05383,0,1.09952,-0.00757161,2.06193
1.138,-0.000730467,1.07525,-0.00720671,2.05374,0,1.09947,-0.00757161,2.06201
1.14,-0.000730467,1.07525,-0.00720671,2.05383,0,1.0995,-0.007526,2.06193
1.142,-0.000730467,1.07525,-0.00720671,2.05374,0,1.0995,-0.00761722,2.06201
1.144,-0.000730467,1.07525,-0.00720671,2.05374,3.65234e-05,1.0995,-0.00761722,2.06201
1.146,-0.000730467,1.07525,-0.00720671,2.05374,3.65234e-05,1.0995,-0.00761722,2.06193
1.148,-0.000730467,1.07525,-0.00720671,2.05374,0,1.0995,-0.00761722,2.06201
1.15,-0.000730467,1.07525,-0.00720671,2.05383,0,1.0995,-0.00761722,2.06201
1.152,-0.000730467,1.07528,-0.00725233,2.05374,0,1.0995,-0.007526,2.06193
1.154,-0.000730467,1.07525,-0.00720671,2.05374,0,1.09955,-0.007526,2.06193
1.156,-0.000730467,1.07523,-0.00725233,2.05383,0,1.09952,-0.00757161,2.06201
1.158,-0.000730467,1.07523,-0.00725233,2.05383,7.30467e-05,1.09952,-0.00757161,2.06193
1.16,-0.000730467,1.07525,-0.00720671,2.05374,0,1.09952,-0.00757161,2.06201
1.162,-0.00076699,1.07525,-0.00720671,2.05374,0,1.09952,-0.00757161,2.06193
1.164,-0.000730467,1.07525,-0.00720671,2.05374,0,1.09947,-0.00757161,2.06201
1.166,-0.000730467,1.07525,-0.00720671,2.05374,0,1.0995,-0.00761722,2.06193
1.168,-0.000730467,1.07525,-0.00720671,2.05374,3.65234e-05,1.09947,-0.00757161,2.06201
1.17,-0.000730467,1.07525,-0.00720671,2.05374,-3.65234e-05,1.0995,-0.007526,2.06193
1.172,-0.000730467,1.07523,-0.00725233,2.05374,0,1.09952,-0.00757161,2.06193
1.174,-0.000730467,1.07525,-0.00720671,2.05374,0,1.0995,-0.00761722,2.06201
1.176,-0.000730467,1.07525,-0.00720671,2.05374,-3.65234e-05,1.0995,-0.00761722,2.06201
1.178,-0.000730467,1.07525,-0.00720671,2.05374,0,1.09952,-0.00757161,2.06201
1.18,-0.00076699,1.07525,-0.00720671,2.05374,0,1.0995,-0.00761722,2.06201
1.182,-0.000730467,1.07525,-0.00720671,2.05374,-3.65234e-05,1.0995,-0.00761722,2.06193
1.184,-0.000730467,1.07523,-0.00725233,2.05374,3.65234e-05,1.09952,-0.00757161,2.06193
1.186,-0.000730467,1.07525,-0.00720671,2.05374,-3.65234e-05,1.09952,-0.00757161,2.06201
1.188,-0.000730467,1.07525,-0.00720671,2.05374,3.65234e-05,1.0995,-0.007526,2.06201
1.19,-0.000730467,1.07525,-0.00720671,2.05374,0,1.09952,-0.00757161,2.06201
1.192,-0.000730467,1.07528,-0.00725233,2.05374,0,1.09952,-0.00757161,2.06201
1.194,-0.000730467,1.07525,-0.00720671,2.05374,3.65234e-05,1.09952,-0.00757161,2.06193
1.196,-0.000730467,1.07523,-0.00725233,2.05383,0,1.0995,-0.00761722,2.06193
1.198,-0.000730467,1.07525,-0.00720671,2.05374,-3.65234e-05,1.09952,-0.00757161,2.06193
1.2,-0.00076699,1.07525,-0.00720671,2.05374,0,1.0995,-0.00761722,2.06201
1.202,-0.000730467,1.07528,-0.00725233,2.05374,0,1.09952,-0.00757161,2.06201
1.204,-0.000730467,1.07523,-0.00725233,2.05374,-3.65234e-05,1.09952,-0.00757161,2.06201
1.206,-0.000730467,1.07523,-0.00725233,2.05374,0,1.09952,-0.00757161,2.06201
1.208,-0.000730467,1.07525,-0.00720671,2.05374,0,1.09952,-0.00757161,2.06193
1.21,-0.000730467,1.07525,-0.00720671,2.05374,-3.65234e-05,1.0995,-0.00761722,2.06201
1.212,-0.000730467,1.07525,-0.00720671,2.05374,0,1.09952,-0.00757161,2.06193
1.214,-0.000730467,1.07525,-0.00720671,2.05374,3.65234e-05,1.09952,-0.00757161,2.06201
1.216,-0.000730467,1.07525,-0.00720671,2.05374,-3.65234e-05,1.0995,-0.00761722,2.06201
1.218,-0.000730467,1.07525,-0.00720671,2.05374,0,1.09952,-0.00757161,2.06201
1.22,-0.000730467,1.07525,-0.00720671,2.05374,0,1.09952,-0.00757161,2.06193
1.222,-0.000730467,1.07525,-0.00720671,2.05374,-3.65234e-05,1.0995,-0.007526,2.06193
1.224,-0.000730467,1.07525,-0.00720671,2.05374,0,1.0995,-0.007526,2.06201
1.226,-0.000730467,1.07525,-0.00720671,2.05374,0,1.09952,-0.00757161,2.06193
1.228,-0.000730467,1.07525,-0.00720671,2.05374,0,1.0995,-0.00761722,2.06201
1.23,-0.00076699,1.07523,-0.00725233,2.05374,0,1.0995,-0.00761722,2.06201
1.232,-0.000730467,1.07525,-0.00720671,2.05374,0,1.0995,-0.00761722,2.06201
1.234,-0.000730467,1.07525,-0.00720671,2.05374,0,1.0995,-0.007526,2.06193
1.236,-0.000730467,1.07525,-0.00720671,2.05374,3.65234e-05,1.0995,-0.00761722,2.06201
1.238,-0.000730467,1.07525,-0.00720671,2.05374,0,1.09947,-0.00757161,2.06193
1.24,-0.000730467,1.07523,-0.00725233,2.05374,-3.65234e-05,1.09952,-0.00757161,2.06193
1.242,-0.000730467,1.07525,-0.00720671,2.05374,0,1.0995,-0.007526,2.06201
1.244,-0.000730467,1.07525,-0.00720671,2.05374,-3.65234e-05,1.09947,-0.00757161,2.06193
1.246,-0.000730467,1.07528,-0.00725233,2.05374,0,1.09947,-0.00757161,2.06193
1.248,-0.000730467,1.07525,-0.00720671,2.05374,0,1.0995,-0.00761722,2.06201
1.25,-0.00076699,1.07525,-0.00720671,2.05374,0,1.0995,-0.00761722,2.06193
1.252,-0.000730467,1.07525,-0.00720671,2.05374,0,1.09952,-0.00757161,2.06201
1.254,-0.000730467,1.07525,-0.00720671,2.05374,3.65234e-05,1.09952,-0.00757161,2.06201
1.256,-0.000730467,1.07525,-0.00720671,2.05374,-3.65234e-05,1.09952,-0.00757161,2.06193
1.258,-0.000730467,1.07525,-0.00720671,2.05374,0,1.09952,-0.00757161,2.06193
1.26,-0.000730467,1.07525,-0.00720671,2.05374,3.65234e-05,1.09952,-0.00757161,2.06193
1.262,-0.000730467,1.07525,-0.00720671,2.05383,3.65234e-05,1.0995,-0.007526,2.06201
1.264,-0.000730467,1.07525,-0.00720671,2.05383,0,1.09952,-0.00757161,2.06193
1.266,-0.000730467,1.07525,-0.00720671,2.05374,0,1.0995,-0.00761722,2.06201
1.268,-0.000730467,1.07525,-0.00720671,2.05374,0,1.09952,-0.00757161,2.06193
1.27,-0.00076699,1.07525,-0.00720671,2.05374,0,1.09952,-0.00757161,2.06193
1.272,-0.000730467,1.07525,-0.00720671,2.05374,3.65234e-05,1.0995,-0.00761722,2.06193
1.274,-0.00076699,1.07525,-0.00720671,2.05374,-3.65234e-05,1.09952,-0.00757161,2.06201
1.276,-0.000730467,1.07525,-0.00720671,2.05374,-3.65234e-05,1.09952,-0.00757161,2.06193
1.278,-0.00076699,1.07525,-0.00720671,2.05374,0,1.0995,-0.007526,2.06201
1.28,-0.000730467,1.07525,-0.00720671,2.05374,0,1.0995,-0.00761722,2.06193
1.282,-0.000730467,1.07525,-0.00720671,2.05374,0,1.0995,-0.00761722,2.06193
1.284,-0.000730467,1.07525,-0.00720671,2.05374,-3.65234e-05,1.09952,-0.00757161,2.06201
1.286,-0.000730467,1.07525,-0.00720671,2.05374,0,1.09952,-0.00757161,2.06201
1.288,-0.000730467,1.07525,-0.00720671,2.05374,3.65234e-05,1.0995,-0.00761722,2.06201
1.29,-0.000730467,1.07525,-0.00720671,2.05374,0,1.0995,-0.00761722,2.06201
1.292,-0.00076699,1.07523,-0.00725233,2.05374,0,1.09952,-0.00757161,2.06201
1.294,-0.000730467,1.07525,-0.00720671,2.05374,3.65234e-05,1.09952,-0.00757161,2.06201
1.296,-0.000730467,1.07525,-0.00720671,2.05374,0,1.0995,-0.007526,2.06201
1.298,-0.000730467,1.07525,-0.00720671,2.05374,-3.65234e-05,1.09952,-0.00757161,2.06201
1.3,-0.000730467,1.07525,-0.00720671,2.05374,-3.65234e-05,1.09947,-0.00757161,2.06201
1.302,-0.000730467,1.07525,-0.00720671,2.05374,0,1.0995,-0.00761722,2.06201
1.304,-0.000730467,1.07525,-0.00720671,2.05374,0,1.09952,-0.00757161,2.06201
1.306,-0.000730467,1.07525,-0.00720671,2.05374,3.65234e-05,1.0995,-0.00761722,2.06193
1.308,-0.000730467,1.07525,-0.00720671,2.05383,0,1.0995,-0.007526,2.06201
1.31,-0.000730467,1.07528,-0.00725233,2.05374,-3.65234e-05,1.09952,-0.00757161,2.06193
1.312,-0.000730467,1.07523,-0.00725233,2.05374,0,1.0995,-0.00761722,2.06201
1.314,-0.000730467,1.07525,-0.00720671,2.05374,0,1.09952,-0.00757161,2.06201
1.316,-0.000730467,1.07525,-0.00720671,2.05374,0,1.0995,-0.00761722,2.06193
1.318,-0.000730467,1.07525,-0.00720671,2.05374,-3.65234e-05,1.0995,-0.00761722,2.06193
1.32,-0.000730467,1.07525,-0.00720671,2.05374,0,1.0995,-0.00761722,2.06193
1.322,-0.00076699,1.07525,-0.00720671,2.05374,-3.65234e-05,1.0995,-0.007526,2.06201
1.324,-0.000730467,1.07528,-0.00725233,2.05383,0,1.09952,-0.00757161,2.06201
1.326,-0.000730467,1.07523,-0.00725233,2.05383,0,1.0995,-0.007526,2.06201
1.328,-0.000730467,1.07525,-0.00720671,2.05383,-3.65234e-05,1.09952,-0.00757161,2.06201
1.33,-0.000730467,1.07525,-0.00720671,2.05374,3.65234e-05,1.09947,-0.00757161,2.06201
1.332,-0.000730467,1.07525,-0.00720671,2.05374,0,1.0995,-0.00761722,2.06201
1.334,-0.000730467,1.07525,-0.00720671,2.05374,0,1.09947,-0.00757161,2.06193
1.336,-0.00076699,1.07525,-0.00720671,2.05374,-3.65234e-05,1.09952,-0.00757161,2.06193
1.338,-0.000730467,1.07525,-0.00720671,2.05383,-3.65234e-05,1.0995,-0.007526,2.06193
1.34,-0.000730467,1.07525,-0.00720671,2.05383,0,1.0995,-0.007526,2.06193
1.342,-0.000730467,1.07525,-0.00720671,2.05374,0,1.0995,-0.007526,2.06201
1.344,-0.000730467,1.07525,-0.00720671,2.05374,3.65234e-05,1.09952,-0.00757161,2.06193
1.346,-0.000730467,1.07525,-0.00720671,2.05374,0,1.0995,-0.00761722,2.06201
1.348,-0.000730467,1.07525,-0.00720671,2.05374,0,1.09947,-0.00757161,2.06193
1.35,-0.000730467,1.07525,-0.00720671,2.05374,-3.65234e-05,1.09947,-0.00757161,2.06193
1.352,-0.000730467,1.07523,-0.00725233,2.05374,3.65234e-05,1.0995,-0.007526,2.06201
1.354,-0.000730467,1.07525,-0.00720671,2.05383,0,1.0995,-0.00761722,2.06201
1.356,-0.000730467,1.07525,-0.00720671,2.05374,3.65234e-05,1.0995,-0.007526,2.06201
1.358,-0.000730467,1.07525,-0.00720671,2.05374,-3.65234e-05,1.09952,-0.00757161,2.06201
1.36,-0.000730467,1.07523,-0.00725233,2.05374,0,1.0995,-0.007526,2.06201
1.362,-0.000730467,1.07525,-0.00720671,2.05374,3.65234e-05,1.09947,-0.00757161,2.06201
1.364,-0.000730467,1.07525,-0.00720671,2.05374,0,1.09952,-0.00757161,2.06201
1.366,-0.000730467,1.07525,-0.00720671,2.05374,0,1.0995,-0.007526,2.06201
1.368,-0.000730467,1.07525,-0.00720671,2.05374,-3.65234e-05,1.0995,-0.00761722,2.06201
1.37,-0.000730467,1.07525,-0.00720671,2.05374,-3.65234e-05,1.0995,-0.00761722,2.06201
1.372,-0.000730467,1.07525,-0.00720671,2.05383,0,1.0995,-0.007526,2.06193
1.374,-0.000730467,1.07525,-0.00720671,2.05374,0,1.0995,-0.00761722,2.06201
1.376,-0.00076699,1.07525,-0.00720671,2.05374,0,1.0995,-0.00761722,2.06201
1.378,-0.000730467,1.07525,-0.00720671,2.05374,3.65234e-05,1.09952,-0.00757161,2.06201
1.38,-0.00076699,1.07525,-0.00720671,2.05374,3.65234e-05,1.09952,-0.00757161,2.06201
1.382,-0.000730467,1.07525,-0.00720671,2.05374,3.65234e-05,1.0995,-0.00761722,2.06201
1.384,-0.000730467,1.07525,-0.00720671,2.05374,0,1.0995,-0.00761722,2.06201
1.386,-0.000730467,1.07525,-0.00720671,2.05374,-3.65234e-05,1.09952,-0.00757161,2.06201
1.388,-0.000730467,1.07525,-0.00720671,2.05374,3.65234e-05,1.09952,-0.00757161,2.06193
1.39,-0.000730467,1.07525,-0.00720671,2.05374,3.65234e-05,1.09952,-0.00757161,2.06193
1.392,-0.00076699,1.07525,-0.00720671,2.05374,0,1.0995,-0.00761722,2.06201
1.394,-0.000730467,1.07525,-0.00720671,2.05374,-3.65234e-05,1.0995,-0.007526,2.06201
1.396,-0.00076699,1.07525,-0.00720671,2.05383,-3.65234e-05,1.0995,-0.00761722,2.06201
1.398,-0.000730467,1.07525,-0.00720671,2.05374,0,1.0995,-0.00761722,2.06193
1.4,-0.000730467,1.07525,-0.00720671,2.05374,0,1.09952,-0.00757161,2.06201
1.402,-0.000730467,1.07523,-0.00725233,2.05374,0,1.0995,-0.007526,2.06201
1.404,-0.000730467,1.07525,-0.00720671,2.05374,3.65234e-05,1.0995,-0.007526,2.06201
1.406,-0.000730467,1.07525,-0.00720671,2.05383,0,1.09952,-0.00757161,2.06201
1.408,-0.000730467,1.07525,-0.00720671,2.05374,0,1.0995,-0.007526,2.06201
1.41,-0.000730467,1.07525,-0.00720671,2.05374,0,1.0995,-0.007526,2.06201
1.412,-0.000730467,1.07525,-0.00720671,2.05374,0,1.0995,-0.00761722,2.06193
1.414,-0.000730467,1.07525,-0.00720671,2.05374,-3.65234e-05,1.09947,-0.00757161,2.06193
1.416,-0.000730467,1.07525,-0.00720671,2.05374,-3.65234e-05,1.09952,-0.00757161,2.06201
1.418,-0.000730467,1.07525,-0.00720671,2.05374,0,1.09952,-0.00757161,2.06193
1.42,-0.000730467,1.07525,-0.00720671,2.05374,3.65234e-05,1.09952,-0.00757161,2.06201
1.422,-0.00076699,1.07525,-0.00720671,2.05374,0,1.0995,-0.00761722,2.06201
1.424,-0.00076699,1.07525,-0.00720671,2.05374,0,1.0995,-0.007526,2.06201
1.426,-0.000730467,1.07525,-0.00720671,2.05374,0,1.09952,-0.00757161,2.06193
1.428,-0.000730467,1.07525,-0.00720671,2.05383,-3.65234e-05,1.09952,-0.00757161,2.06193
1.43,-0.000730467,1.07525,-0.00720671,2.05374,0,1.0995,-0.007526,2.06193
1.432,-0.000730467,1.07525,-0.00720671,2.05374,0,1.09952,-0.00757161,2.06201
1.434,-0.000730467,1.07525,-0.00720671,2.05374,3.65234e-05,1.0995,-0.00761722,2.06201
1.436,-0.000730467,1.07525,-0.00720671,2.05374,0,1.0995,-0.007526,2.06201
1.438,-0.000730467,1.07525,-0.00720671,2.05374,0,1.0995,-0.007526,2.06193
1.44,-0.000730467,1.07525,-0.00720671,2.05374,0,1.09947,-0.00757161,2.06201
1.442,-0.000730467,1.07525,-0.00720671,2.05374,0,1.09947,-0.00757161,2.06201
1.444,-0.000730467,1.07525,-0.00720671,2.05374,3.65234e-05,1.0995,-0.007526,2.06201
1.446,-0.000730467,1.07525,-0.00720671,2.05374,-3.65234e-05,1.0995,-0.00761722,2.06193
1.448,-0.000730467,1.07525,-0.00720671,2.05374,0,1.09947,-0.00757161,2.06201
1.45,-0.000730467,1.07525,-0.00720671,2.05374,0,1.09952,-0.00757161,2.06201
1.452,-0.000730467,1.07525,-0.00720671,2.05374,3.65234e-05,1.0995,-0.00761722,2.06201
1.454,-0.000730467,1.07523,-0.00725233,2.05374,0,1.09952,-0.00757161,2.06193
1.456,-0.00076699,1.07523,-0.00725233,2.05374,3.65234e-05,1.09952,-0.00757161,2.06201
1.458,-0.000730467,1.07525,-0.00720671,2.05374,0,1.0995,-0.00761722,2.06201
1.46,-0.000730467,1.07525,-0.00720671,2.05374,0,1.09947,-0.00757161,2.06201
1.462,-0.000730467,1.07525,-0.00720671,2.05374,0,1.0995,-0.00761722,2.06201
1.464,-0.000730467,1.07528,-0.00725233,2.05374,0,1.0995,-0.00761722,2.06193
1.466,-0.000730467,1.07525,-0.00720671,2.05374,0,1.0995,-0.00761722,2.06193
1.468,-0.000730467,1.07525,-0.00720671,2.05374,-3.65234e-05,1.09952,-0.00757161,2.06193
1.47,-0.00076699,1.07525,-0.00720671,2.05383,0,1.0995,-0.00761722,2.06193
1.472,-0.00076699,1.07525,-0.00720671,2.05374,3.65234e-05,1.0995,-0.007526,2.06201
1.474,-0.000730467,1.07525,-0.00720671,2.05374,-3.65234e-05,1.09952,-0.00757161,2.06201
1.476,-0.00076699,1.07525,-0.00720671,2.05374,0,1.0995,-0.007526,2.06193
1.478,-0.000730467,1.07525,-0.00720671,2.05374,0,1.0995,-0.00761722,2.06201
1.48,-0.000730467,1.07525,-0.00720671,2.05374,-3.65234e-05,1.0995,-0.00761722,2.06193
1.482,-0.00076699,1.07525,-0.00720671,2.05374,0,1.0995,-0.00761722,2.06201
1.484,-0.000730467,1.07525,-0.00720671,2.05374,0,1.0995,-0.00761722,2.06201
1.486,-0.00076699,1.07525,-0.00720671,2.05374,0,1.09952,-0.00757161,2.06201
1.488,-0.00076699,1.07525,-0.00720671,2.05374,0,1.09952,-0.00757161,2.06193
1.49,-0.000730467,1.07525,-0.00720671,2.05374,0,1.0995,-0.00761722,2.06193
1.492,-0.000730467,1.07525,-0.00720671,2.05374,-3.65234e-05,1.09952,-0.00757161,2.06193
1.494,-0.000730467,1.07523,-0.00725233,2.05374,0,1.09955,-0.007526,2.06201
1.496,-0.000730467,1.07525,-0.00720671,2.05374,0,1.0995,-0.00761722,2.06193
1.498,-0.000730467,1.07525,-0.00720671,2.05374,0,1.09947,-0.00757161,2.06201
1.5,-0.000730467,1.07525,-0.00720671,2.05374,0,1.09947,-0.00757161,2.06193
1.502,-0.000730467,1.07525,-0.00720671,2.05374,0,1.09952,-0.00757161,2.06201
1.504,-0.000730467,1.07525,-0.00720671,2.05374,0,1.0995,-0.007526,2.06201
1.506,-0.000730467,1.07525,-0.00720671,2.05374,3.65234e-05,1.0995,-0.00761722,2.06193
1.508,-0.00076699,1.07525,-0.00720671,2.05374,0,1.0995,-0.00761722,2.06201
1.51,-0.000730467,1.07525,-0.00720671,2.05374,-3.65234e-05,1.0995,-0.00761722,2.06201
1.512,-0.000730467,1.07525,-0.00720671,2.05374,0,1.0995,-0.00761722,2.06201
1.514,-0.000730467,1.07525,-0.00720671,2.05374,0,1.09947,-0.00757161,2.06193
1.516,-0.00076699,1.07525,-0.00720671,2.05374,3.65234e-05,1.09955,-0.007526,2.06201
1.518,-0.000730467,1.07525,-0.00720671,2.05374,-3.65234e-05,1.0995,-0.00761722,2.06201
1.52,-0.000730467,1.07525,-0.00720671,2.05374,0,1.0995,-0.00761722,2.06193
1.522,-0.000730467,1.07525,-0.00720671,2.05374,-3.65234e-05,1.09952,-0.00757161,2.06193
1.524,-0.000730467,1.07525,-0.00720671,2.05374,0,1.09952,-0.00757161,2.06201
1.526,-0.000730467,1.07525,-0.00720671,2.05383,0,1.09952,-0.00757161,2.06201
1.528,-0.00076699,1.07525,-0.00720671,2.05374,0,1.09952,-0.00757161,2.06193
1.53,-0.000730467,1.07525,-0.00720671,2.05374,0,1.09952,-0.00757161,2.06193
1.532,-0.000730467,1.07525,-0.00720671,2.05374,3.65234e-05,1.0995,-0.00761722,2.06193
1.534,-0.00076699,1.07525,-0.00720671,2.05374,0,1.09947,-0.00757161,2.06201
1.536,-0.000730467,1.07525,-0.00720671,2.05383,0,1.09952,-0.00757161,2.06201
1.538,-0.000730467,1.07525,-0.00720671,2.05383,-3.65234e-05,1.0995,-0.00761722,2.06193
1.54,-0.000730467,1.07525,-0.00720671,2.05383,3.65234e-05,1.09952,-0.00757161,2.06193
1.542,-0.000730467,1.07525,-0.00720671,2.05374,0,1.09952,-0.00757161,2.06201
1.544,-0.000730467,1.07525,-0.00720671,2.05374,0,1.0995,-0.007526,2.06201
1.546,-0.000730467,1.07525,-0.00720671,2.05374,0,1.09952,-0.00757161,2.06201
1.548,-0.000730467,1.07525,-0.00720671,2.05374,0,1.0995,-0.00761722,2.06201
1.55,-0.000730467,1.07525,-0.00720671,2.05374,-3.65234e-05,1.09952,-0.00757161,2.06201
1.552,-0.000730467,1.07525,-0.00720671,2.05374,0,1.0995,-0.007526,2.06193
1.554,-0.000730467,1.07525,-0.00720671,2.05374,0,1.0995,-0.007526,2.06201
1.556,-0.000730467,1.07525,-0.00720671,2.05374,3.65234e-05,1.09947,-0.00757161,2.06193
1.558,-0.000730467,1.07525,-0.00720671,2.05374,0,1.0995,-0.00761722,2.06201
1.56,-0.000730467,1.07525,-0.00720671,2.05374,0,1.0995,-0.00761722,2.06193
1.562,-0.000730467,1.07525,-0.00720671,2.05374,0,1.0995,-0.00761722,2.06193
1.564,-0.000730467,1.07525,-0.00720671,2.05374,0,1.0995,-0.007526,2.06193
1.566,-0.000730467,1.07525,-0.00720671,2.05374,0,1.0995,-0.007526,2.06201
1.568,-0.000730467,1.07525,-0.00720671,2.05374,0,1.09955,-0.007526,2.06193
1.57,-0.000730467,1.07525,-0.00720671,2.05383,0,1.0995,-0.00761722,2.06193
1.572,-0.000730467,1.07525,-0.00720671,2.05374,0,1.0995,-0.00761722,2.06201
1.574,-0.000730467,1.07525,-0.00720671,2.05374,3.65234e-05,1.0995,-0.00761722,2.06201
1.576,-0.000730467,1.07525,-0.00720671,2.05374,0,1.0995,-0.00761722,2.06201
1.578,-0.000730467,1.07525,-0.00720671,2.05374,0,1.09952,-0.00757161,2.06201
1.58,-0.000730467,1.07523,-0.00725233,2.05374,0,1.0995,-0.007526,2.06201
1.582,-0.000730467,1.07525,-0.00720671,2.05374,3.65234e-05,1.09952,-0.00757161,2.06193
1.584,-0.000730467,1.07525,-0.00720671,2.05383,0,1.09952,-0.00757161,2.06193
1.586,-0.00076699,1.07525,-0.00720671,2.05383,-3.65234e-05,1.09952,-0.00757161,2.06201
1.588,-0.000730467,1.07525,-0.00720671,2.05374,0,1.09952,-0.00757161,2.06201
1.59,-0.000730467,1.07525,-0.00720671,2.05374,3.65234e-05,1.0995,-0.007526,2.06201
1.592,-0.000730467,1.07525,-0.00720671,2.05374,0,1.09952,-0.00757161,2.06193
1.594,-0.000730467,1.07525,-0.00720671,2.05374,0,1.0995,-0.00761722,2.06193
1.596,-0.000730467,1.07525,-0.00720671,2.05374,0,1.0995,-0.00761722,2.06201
1.598,-0.000730467,1.07525,-0.00720671,2.05383,3.65234e-05,1.0995,-0.00761722,2.06193
1.6,-0.000730467,1.07525,-0.00720671,2.05374,0,1.09952,-0.00757161,2.06193
1.602,-0.000730467,1.07523,-0.00725233,2.05374,3.65234e-05,1.09947,-0.00757161,2.06193
1.604,-0.000730467,1.07523,-0.00725233,2.05374,0,1.0995,-0.007526,2.06201
1.606,-0.000730467,1.07525,-0.00720671,2.05374,0,1.0995,-0.00761722,2.06193
1.608,-0.000730467,1.07525,-0.00720671,2.05374,0,1.0995,-0.00761722,2.06201
1.61,-0.00076699,1.07525,-0.00720671,2.05374,3.65234e-05,1.0995,-0.00761722,2.06201
1.612,-0.000730467,1.07525,-0.00720671,2.05374,3.65234e-05,1.0995,-0.00761722,2.06201
1.614,-0.000730467,1.07525,-0.00720671,2.05374,0,1.0995,-0.00761722,2.06201
1.616,-0.000730467,1.07525,-0.00720671,2.05374,-3.65234e-05,1.09952,-0.00757161,2.06201
1.618,-0.000730467,1.07525,-0.00729794,2.05374,-3.65234e-05,1.09952,-0.00757161,2.06201
1.62,-0.000730467,1.07525,-0.00720671,2.05374,3.65234e-05,1.09952,-0.00757161,2.06201
1.622,-0.00076699,1.07525,-0.00720671,2.05374,0,1.0995,-0.00761722,2.06193
1.624,-0.000730467,1.07525,-0.00720671,2.05374,0,1.0995,-0.00761722,2.06201
1.626,-0.000730467,1.07525,-0.00720671,2.05374,0,1.0995,-0.00761722,2.06201
1.628,-0.000730467,1.07525,-0.00720671,2.05374,0,1.0995,-0.00761722,2.06201
1.63,-0.000730467,1.07525,-0.00720671,2.05374,0,1.0995,-0.00761722,2.06193
1.632,-0.000730467,1.07523,-0.00725233,2.05383,0,1.09952,-0.00757161,2.06193
1.634,-0.000730467,1.07525,-0.00720671,2.05383,-3.65234e-05,1.09952,-0.00757161,2.06193
1.636,-0.000730467,1.07525,-0.00720671,2.05383,0,1.09952,-0.00766283,2.06193
1.638,-0.000730467,1.07525,-0.00720671,2.05374,3.65234e-05,1.09952,-0.00757161,2.06193
1.64,-0.000730467,1.07525,-0.00720671,2.05374,0,1.0995,-0.00761722,2.06201
1.642,-0.000730467,1.07525,-0.00720671,2.05374,0,1.0995,-0.00761722,2.06201
1.644,-0.000730467,1.07523,-0.00725233,2.05374,3.65234e-05,1.09952,-0.00757161,2.06193
1.646,-0.000730467,1.07525,-0.00720671,2.05374,0,1.0995,-0.007526,2.06201
1.648,-0.00076699,1.07525,-0.00720671,2.05374,0,1.09952,-0.00757161,2.06201
1.65,-0.000730467,1.07525,-0.00720671,2.05383,-3.65234e-05,1.09947,-0.00757161,2.06193
1.652,-0.000730467,1.07525,-0.00720671,2.05374,-3.65234e-05,1.09952,-0.00757161,2.06201
1.654,-0.000730467,1.07525,-0.00720671,2.05374,0,1.0995,-0.00761722,2.06201
1.656,-0.000730467,1.07523,-0.00725233,2.05374,0,1.09947,-0.00757161,2.06201
1.658,-0.000730467,1.07525,-0.00720671,2.05374,3.65234e-05,1.09952,-0.00757161,2.06201
1.66,-0.00076699,1.07525,-0.00720671,2.05374,0,1.0995,-0.00761722,2.06193
1.662,-0.000730467,1.07525,-0.00720671,2.05374,0,1.0995,-0.00761722,2.06193
1.664,-0.000730467,1.07525,-0.00720671,2.05374,-3.65234e-05,1.09952,-0.00757161,2.06193
1.666,-0.000730467,1.07525,-0.00720671,2.05374,0,1.0995,-0.00761722,2.06201
1.668,-0.000730467,1.07525,-0.00720671,2.05383,0,1.0995,-0.00761722,2.06193
1.67,-0.000730467,1.07525,-0.00720671,2.05383,0,1.0995,-0.00761722,2.06193
1.672,-0.000730467,1.07525,-0.00720671,2.05383,0,1.09952,-0.00757161,2.06201
1.674,-0.00076699,1.07523,-0.00725233,2.05374,3.65234e-05,1.0995,-0.007526,2.06193
1.676,-0.000730467,1.07525,-0.00720671,2.05374,0,1.09947,-0.00757161,2.06201
1.678,-0.000730467,1.07523,-0.00725233,2.05374,3.65234e-05,1.0995,-0.00761722,2.06201
1.68,-0.000730467,1.07525,-0.00720671,2.05383,0,1.09952,-0.00757161,2.06201
1.682,-0.000730467,1.07525,-0.00720671,2.05383,0,1.0995,-0.007526,2.06201
1.684,-0.000730467,1.07525,-0.00720671,2.05374,0,1.09947,-0.00757161,2.06193
1.686,-0.00076699,1.07523,-0.00725233,2.05374,3.65234e-05,1.09952,-0.00757161,2.06193
1.688,-0.000730467,1.07523,-0.00725233,2.05374,0,1.09947,-0.00757161,2.06193
1.69,-0.000730467,1.07525,-0.00720671,2.05374,0,1.09952,-0.00757161,2.06201
1.692,-0.000730467,1.07525,-0.00720671,2.05374,3.65234e-05,1.0995,-0.00761722,2.06193
1.694,-0.000730467,1.07525,-0.00720671,2.05374,0,1.0995,-0.00761722,2.06201
1.696,-0.00076699,1.07525,-0.00720671,2.05374,0,1.0995,-0.00761722,2.06201
1.698,-0.00076699,1.07525,-0.00720671,2.05374,-3.65234e-05,1.09952,-0.00757161,2.06193
1.7,-0.000730467,1.07525,-0.00720671,2.05374,3.65234e-05,1.09952,-0.00757161,2.06193
1.702,-0.000730467,1.07523,-0.00725233,2.05374,0,1.09952,-0.00757161,2.06193
1.704,-0.000730467,1.07525,-0.00720671,2.05374,-3.65234e-05,1.09952,-0.00757161,2.06193
1.706,-0.00076699,1.07525,-0.00720671,2.05383,0,1.0995,-0.00761722,2.06193
1.708,-0.000730467,1.07525,-0.00720671,2.05374,0,1.0995,-0.007526,2.06201
1.71,-0.000730467,1.07525,-0.00720671,2.05383,0,1.09952,-0.00757161,2.06193
1.712,-0.00076699,1.07525,-0.00720671,2.05383,-3.65234e-05,1.0995,-0.007526,2.06193
1.714,-0.000730467,1.07525,-0.00720671,2.05383,0,1.09952,-0.00757161,2.06201
1.716,-0.000730467,1.07525,-0.00720671,2.05383,3.65234e-05,1.0995,-0.00761722,2.06201
1.718,-0.000730467,1.07525,-0.00720671,2.05383,3.65234e-05,1.09952,-0.00757161,2.06201
1.72,-0.000730467,1.07525,-0.00720671,2.05374,3.65234e-05,1.0995,-0.007526,2.06201
1.722,-0.000730467,1.07525,-0.00720671,2.05374,0,1.09947,-0.00757161,2.06201
1.724,-0.000730467,1.07525,-0.00720671,2.05374,0,1.09947,-0.00757161,2.06193
1.726,-0.000730467,1.07525,-0.00720671,2.05374,0,1.0995,-0.007526,2.06193
1.728,-0.00076699,1.07525,-0.00720671,2.05374,0,1.09952,-0.00757161,2.06193
1.73,-0.000730467,1.07525,-0.00720671,2.05374,0,1.09952,-0.00757161,2.06193
1.732,-0.000730467,1.07523,-0.00725233,2.05383,3.65234e-05,1.0995,-0.00761722,2.06201
1.734,-0.000730467,1.07523,-0.00725233,2.05374,0,1.09952,-0.00757161,2.06201
1.736,-0.000730467,1.07525,-0.00720671,2.05374,0,1.09952,-0.00757161,2.06201
1.738,-0.000730467,1.07525,-0.00720671,2.05374,0,1.09947,-0.00757161,2.06201
1.74,-0.000730467,1.07525,-0.00720671,2.05374,0,1.0995,-0.00761722,2.06201
1.742,-0.000730467,1.07525,-0.00720671,2.05374,0,1.09952,-0.00757161,2.06201
1.744,-0.000730467,1.07525,-0.00720671,2.05374,0,1.0995,-0.00761722,2.06193
1.746,-0.000730467,1.07525,-0.00720671,2.05383,0,1.09952,-0.00757161,2.06201
1.748,-0.000730467,1.07525,-0.00720671,2.05383,3.65234e-05,1.0995,-0.007526,2.06193
1.75,-0.000730467,1.07523,-0.00725233,2.05383,0,1.0995,-0.00761722,2.06201
1.752,-0.00076699,1.07523,-0.00725233,2.05383,0,1.0995,-0.00761722,2.06201
1.754,-0.000730467,1.07525,-0.00720671,2.05383,0,1.09947,-0.00757161,2.06201
1.756,-0.000730467,1.07523,-0.00725233,2.05374,0,1.09947,-0.00757161,2.06201
1.758,-0.000730467,1.07525,-0.00720671,2.05374,-3.65234e-05,1.09952,-0.00757161,2.06193
1.76,-0.000730467,1.07525,-0.00720671,2.05374,3.65234e-05,1.09947,-0.00757161,2.06201
1.762,-0.000730467,1.07525,-0.00720671,2.05374,3.65234e-05,1.0995,-0.00761722,2.06201
1.764,-0.000730467,1.07525,-0.00720671,2.05374,0,1.09952,-0.00757161,2.06193
1.766,-0.000730467,1.07525,-0.00720671,2.05374,-3.65234e-05,1.0995,-0.007526,2.06201
1.768,-0.000730467,1.07525,-0.00720671,2.05374,-3.65234e-05,1.0995,-0.00761722,2.06201
1.77,-0.00076699,1.07523,-0.00725233,2.05374,0,1.0995,-0.00761722,2.06193
1.772,-0.000730467,1.07525,-0.00720671,2.05374,7.30467e-05,1.0995,-0.00761722,2.06193
1.774,-0.000730467,1.07525,-0.00720671,2.05374,3.65234e-05,1.09952,-0.00757161,2.06201
1.776,-0.000730467,1.07525,-0.00720671,2.05383,0,1.0995,-0.007526,2.06193
1.778,-0.000730467,1.07528,-0.00725233,2.05374,3.65234e-05,1.09952,-0.00757161,2.06193
1.78,-0.000730467,1.07525,-0.00720671,2.05374,0,1.09952,-0.00757161,2.06201
1.782,-0.000730467,1.07525,-0.00720671,2.05374,0,1.0995,-0.00761722,2.06201
1.784,-0.000730467,1.07525,-0.00720671,2.05374,0,1.0995,-0.00761722,2.06193
1.786,-0.000730467,1.07525,-0.00720671,2.05374,3.65234e-05,1.09952,-0.00748039,2.06201
1.788,-0.000730467,1.07525,-0.00720671,2.05383,0,1.09952,-0.00757161,2.06193
1.79,-0.00076699,1.07525,-0.00720671,2.05383,-3.65234e-05,1.09947,-0.00757161,2.06201
1.792,-0.000730467,1.07523,-0.00725233,2.05383,3.65234e-05,1.0995,-0.00761722,2.06193
1.794,-0.000730467,1.07525,-0.00720671,2.05383,0,1.09952,-0.00757161,2.06201
1.796,-0.000730467,1.07525,-0.00720671,2.05374,3.65234e-05,1.09952,-0.00757161,2.06193
1.798,-0.000730467,1.07525,-0.00720671,2.05374,0,1.09952,-0.00757161,2.06201
1.8,-0.000730467,1.07525,-0.00720671,2.05374,0,1.0995,-0.007526,2.06193
1.802,-0.000730467,1.07525,-0.00720671,2.05374,0,1.09947,-0.00757161,2.06201
1.804,-0.000730467,1.07525,-0.00720671,2.05374,-3.65234e-05,1.09952,-0.00757161,2.06193
1.806,-0.000730467,1.07525,-0.00720671,2.05374,3.65234e-05,1.0995,-0.007526,2.06201
1.808,-0.00076699,1.07525,-0.00720671,2.05374,0,1.0995,-0.00761722,2.06201
1.81,-0.000730467,1.07525,-0.00720671,2.05383,0,1.09952,-0.00757161,2.06193
1.812,-0.00076699,1.07525,-0.00720671,2.05383,0,1.09952,-0.00757161,2.06201
1.814,-0.000730467,1.07525,-0.00720671,2.05374,0,1.0995,-0.007526,2.06201
1.816,-0.000730467,1.07525,-0.00720671,2.05374,0,1.0995,-0.00761722,2.06201
1.818,-0.000730467,1.07525,-0.00720671,2.05383,0,1.09952,-0.00757161,2.06201
1.82,-0.000730467,1.07525,-0.00720671,2.05383,3.65234e-05,1.0995,-0.00761722,2.06193
1.822,-0.000730467,1.07525,-0.00720671,2.05383,0,1.0995,-0.00761722,2.06193
1.824,-0.000730467,1.07525,-0.00720671,2.05383,-3.65234e-05,1.0995,-0.00761722,2.06193
1.826,-0.000730467,1.07525,-0.00720671,2.05383,3.65234e-05,1.0995,-0.00761722,2.06201
1.828,-0.000730467,1.07525,-0.00720671,2.05374,0,1.0995,-0.007526,2.06201
1.83,-0.000730467,1.07525,-0.00720671,2.05383,3.65234e-05,1.09952,-0.00757161,2.06193
1.832,-0.000730467,1.07525,-0.00720671,2.05374,0,1.09952,-0.00757161,2.06193
1.834,-0.000730467,1.07525,-0.00720671,2.05374,0,1.0995,-0.00761722,2.06193
1.836,-0.000730467,1.07525,-0.00720671,2.05383,3.65234e-05,1.0995,-0.00761722,2.06201
1.838,-0.000730467,1.07528,-0.00725233,2.05374,0,1.09952,-0.00757161,2.06201
1.84,-0.000730467,1.07528,-0.00725233,2.05374,0,1.0995,-0.007526,2.06201
1.842,-0.000730467,1.07525,-0.00720671,2.05374,-3.65234e-05,1.09952,-0.00757161,2.06193
1.844,-0.000730467,1.07525,-0.00720671,2.05374,0,1.0995,-0.00761722,2.06193
1.846,-0.00076699,1.07528,-0.00725233,2.05374,0,1.0995,-0.007526,2.06201
1.848,-0.000730467,1.07525,-0.00720671,2.05383,0,1.0995,-0.00761722,2.06193
1.85,-0.000730467,1.07523,-0.00725233,2.05383,3.65234e-05,1.09952,-0.00757161,2.06201
1.852,-0.000730467,1.07523,-0.00725233,2.05383,3.65234e-05,1.0995,-0.00761722,2.06193
1.854,-0.000730467,1.07525,-0.00720671,2.05374,0,1.09944,-0.00761722,2.06201
1.856,-0.000730467,1.07525,-0.00720671,2.05374,0,1.09952,-0.00757161,2.06201
1.858,-0.00076699,1.07525,-0.00720671,2.05374,3.65234e-05,1.09952,-0.00757161,2.06193
1.86,-0.000730467,1.07525,-0.00720671,2.05374,0,1.09947,-0.00757161,2.06193
1.862,-0.000730467,1.07525,-0.00720671,2.05374,0,1.09952,-0.00757161,2.06201
1.864,-0.000730467,1.07525,-0.00720671,2.05383,0,1.09952,-0.00757161,2.06193
1.866,-0.000730467,1.07525,-0.00720671,2.05383,0,1.0995,-0.00761722,2.06201
1.868,-0.000730467,1.07525,-0.00720671,2.05383,0,1.09952,-0.00757161,2.06201
1.87,-0.000730467,1.07525,-0.00720671,2.05383,3.65234e-05,1.0995,-0.00761722,2.06193
1.872,-0.000730467,1.07523,-0.00725233,2.05374,0,1.0995,-0.007526,2.06193
1.874,-0.000730467,1.07525,-0.00720671,2.05374,0,1.09952,-0.00757161,2.06193
1.876,-0.000730467,1.07528,-0.00725233,2.05374,0,1.0995,-0.007526,2.06201
1.878,-0.000730467,1.07525,-0.00720671,2.05374,0,1.09952,-0.00757161,2.06201
1.88,-0.000730467,1.07525,-0.00720671,2.05383,0,1.0995,-0.00761722,2.06201
1.882,-0.000730467,1.07525,-0.00720671,2.05383,3.65234e-05,1.0995,-0.00761722,2.06193
1.884,-0.000730467,1.07525,-0.00720671,2.05374,0,1.09952,-0.00757161,2.06193
1.886,-0.000730467,1.07525,-0.00720671,2.05374,3.65234e-05,1.09952,-0.00757161,2.06193
1.888,-0.000730467,1.07528,-0.00725233,2.05374,-3.65234e-05,1.09952,-0.00757161,2.06201
1.89,-0.000730467,1.07528,-0.00725233,2.05374,0,1.09952,-0.00757161,2.06201
1.892,-0.000730467,1.07525,-0.00720671,2.05374,3.65234e-05,1.09952,-0.00757161,2.06201
1.894,-0.000730467,1.07525,-0.00720671,2.05383,0,1.09947,-0.00757161,2.06193
1.896,-0.000730467,1.07525,-0.00720671,2.05383,0,1.0995,-0.00761722,2.06193
1.898,-0.000730467,1.07525,-0.00720671,2.05383,0,1.0995,-0.00761722,2.06193
1.9,-0.000730467,1.07523,-0.00725233,2.05374,-3.65234e-05,1.09952,-0.00757161,2.06201
1.902,-0.000730467,1.07525,-0.00720671,2.05374,-3.65234e-05,1.09952,-0.00757161,2.06193
1.904,-0.000730467,1.07525,-0.00720671,2.05374,3.65234e-05,1.0995,-0.007526,2.06201
1.906,-0.000730467,1.07525,-0.00720671,2.05374,0,1.09952,-0.00757161,2.06201
1.908,-0.00076699,1.07525,-0.00720671,2.05374,-3.65234e-05,1.0995,-0.00761722,2.06193
1.91,-0.000730467,1.07523,-0.00725233,2.05383,0,1.09952,-0.00757161,2.06193
1.912,-0.000730467,1.07525,-0.00720671,2.05374,0,1.0995,-0.00761722,2.06193
1.914,-0.000730467,1.07528,-0.00725233,2.05374,0,1.0995,-0.007526,2.06193
1.916,-0.000730467,1.07525,-0.00720671,2.05374,-3.65234e-05,1.09952,-0.00757161,2.06201
1.918,-0.000730467,1.07525,-0.00720671,2.05374,0,1.0995,-0.00761722,2.06201
1.92,-0.000730467,1.07525,-0.00720671,2.05374,0,1.0995,-0.00761722,2.06193
1.922,-0.000730467,1.07525,-0.00720671,2.05374,0,1.0995,-0.007526,2.06201
1.924,-0.00076699,1.07525,-0.00720671,2.05383,0,1.0995,-0.00761722,2.06201
1.926,-0.000730467,1.07525,-0.00720671,2.05383,0,1.09947,-0.00757161,2.06193
1.928,-0.000730467,1.07525,-0.00720671,2.05374,0,1.09947,-0.00757161,2.06201
1.93,-0.000730467,1.07525,-0.00720671,2.05374,0,1.09952,-0.00757161,2.06193
1.932,-0.000730467,1.07525,-0.00720671,2.05383,0,1.0995,-0.007526,2.06193
1.934,-0.000730467,1.07525,-0.00720671,2.05383,0,1.09952,-0.00757161,2.06201
1.936,-0.000730467,1.07525,-0.00720671,2.05374,0,1.09952,-0.00757161,2.06201
1.938,-0.000730467,1.07525,-0.00720671,2.05374,0,1.0995,-0.00761722,2.06193
1.94,-0.000730467,1.07525,-0.00720671,2.05374,0,1.0995,-0.00761722,2.06193
1.942,-0.000730467,1.07525,-0.00720671,2.05383,0,1.09952,-0.00757161,2.06201
1.944,-0.000730467,1.07525,-0.00720671,2.05383,-3.65234e-05,1.09947,-0.00757161,2.06193
1.946,-0.000730467,1.07525,-0.00720671,2.05374,0,1.09947,-0.00757161,2.06201
1.948,-0.000730467,1.07528,-0.00725233,2.05374,3.65234e-05,1.09952,-0.00757161,2.06193
1.95,-0.000730467,1.07525,-0.00720671,2.05374,3.65234e-05,1.0995,-0.007526,2.06201
1.952,-0.000730467,1.07525,-0.00720671,2.05374,0,1.0995,-0.00761722,2.06201
1.954,-0.000730467,1.07525,-0.00720671,2.05374,0,1.09952,-0.00757161,2.06201
1.956,-0.000730467,1.07525,-0.00720671,2.05374,3.65234e-05,1.09952,-0.00757161,2.06201
1.958,-0.000730467,1.07525,-0.00720671,2.05374,-3.65234e-05,1.09947,-0.00757161,2.06201
1.96,-0.000730467,1.07525,-0.00720671,2.05374,0,1.0995,-0.00761722,2.06201
1.962,-0.000730467,1.07525,-0.00720671,2.05383,-3.65234e-05,1.0995,-0.007526,2.06201
1.964,-0.000730467,1.07525,-0.00720671,2.05374,0,1.0995,-0.007526,2.06201
1.966,-0.000730467,1.07525,-0.00720671,2.05374,0,1.0995,-0.00761722,2.06201
1.968,-0.000730467,1.07525,-0.00720671,2.05374,0,1.09952,-0.00757161,2.06201
1.97,-0.000730467,1.07525,-0.00720671,2.05374,-3.65234e-05,1.09947,-0.00766283,2.06193
1.972,-0.000730467,1.07525,-0.00720671,2.05383,3.65234e-05,1.09947,-0.00757161,2.06193
1.974,-0.000730467,1.07525,-0.00720671,2.05383,0,1.09952,-0.00757161,2.06201
1.976,-0.000730467,1.07528,-0.00725233,2.05383,0,1.0995,-0.00761722,2.06201
1.978,-0.000730467,1.07525,-0.00720671,2.05383,0,1.09952,-0.00757161,2.06193
1.98,-0.000730467,1.07525,-0.00720671,2.05383,0,1.0995,-0.00761722,2.06201
1.982,-0.000730467,1.07525,-0.00720671,2.05383,0,1.09952,-0.00757161,2.06201
1.984,-0.000730467,1.07525,-0.00720671,2.05374,0,1.0995,-0.00761722,2.06201
1.986,-0.000730467,1.07525,-0.00720671,2.05374,0,1.0995,-0.00761722,2.06201
1.988,-0.000730467,1.07525,-0.00720671,2.05383,0,1.0995,-0.00761722,2.06201
1.99,-0.000730467,1.07525,-0.00720671,2.05374,0,1.09952,-0.00757161,2.06193
1.992,-0.000730467,1.07525,-0.00720671,2.05383,0,1.0995,-0.00761722,2.06193
1.994,-0.000730467,1.07525,-0.00720671,2.05374,-3.65234e-05,1.0995,-0.00761722,2.06201
1.996,-0.000730467,1.07525,-0.00720671,2.05374,0,1.0995,-0.00761722,2.06201
1.998,-0.000730467,1.07525,-0.00720671,2.05374,0,1.09947,-0.00757161,2.06193
2,-0.000730467,1.07525,-0.00720671,2.05374,0,1.09952,-0.00757161,2.06193
2.002,-0.000730467,1.07525,-0.00720671,2.05374,-3.65234e-05,1.09952,-0.00757161,2.06193
2.004,-0.000730467,1.07525,-0.00720671,2.05383,0,1.09952,-0.00757161,2.06201
2.006,-0.00076699,1.07525,-0.00720671,2.05374,0,1.0995,-0.00761722,2.06201
2.008,-0.000730467,1.07525,-0.00720671,2.05374,-3.65234e-05,1.09947,-0.00757161,2.06201
2.01,-0.00076699,1.07525,-0.00720671,2.05383,0,1.0995,-0.007526,2.06201
2.012,-0.000730467,1.07525,-0.00720671,2.05374,0,1.0995,-0.00761722,2.06193
2.014,-0.00076699,1.07525,-0.00720671,2.05374,0,1.0995,-0.00761722,2.06201
2.016,-0.000730467,1.07525,-0.00720671,2.05374,-3.65234e-05,1.0995,-0.00761722,2.06201
2.018,-0.000730467,1.07525,-0.00720671,2.05374,3.65234e-05,1.0995,-0.00761722,2.06201
2.02,-0.000730467,1.07525,-0.00720671,2.05374,-3.65234e-05,1.0995,-0.00761722,2.06193
2.022,-0.000730467,1.07528,-0.00725233,2.05374,3.65234e-05,1.0995,-0.00761722,2.06201
2.024,-0.000730467,1.07525,-0.00720671,2.05383,3.65234e-05,1.0995,-0.00761722,2.06193
2.026,-0.000730467,1.07523,-0.00725233,2.05374,-3.65234e-05,1.09947,-0.00757161,2.06201
2.028,-0.000730467,1.07523,-0.00725233,2.05374,-3.65234e-05,1.09947,-0.00757161,2.06201
2.03,-0.000730467,1.07525,-0.00720671,2.05374,0,1.0995,-0.00761722,2.06193
2.032,-0.000730467,1.07525,-0.00720671,2.05374,3.65234e-05,1.0995,-0.007526,2.06193
2.034,-0.000730467,1.07525,-0.00720671,2.05383,3.65234e-05,1.0995,-0.00761722,2.06201
2.036,-0.000730467,1.07525,-0.00720671,2.05374,3.65234e-05,1.09952,-0.00757161,2.06193
2.038,-0.000730467,1.07525,-0.00720671,2.05383,0,1.0995,-0.007526,2.06201
2.04,-0.000730467,1.07525,-0.00720671,2.05383,0,1.0995,-0.007526,2.06201
2.042,-0.000730467,1.07525,-0.00720671,2.05374,3.65234e-05,1.09952,-0.00757161,2.06201
2.044,-0.000730467,1.07525,-0.00720671,2.05374,3.65234e-05,1.09947,-0.00757161,2.06201
2.046,-0.000730467,1.07525,-0.00720671,2.05374,-3.65234e-05,1.09947,-0.00757161,2.06201
2.048,-0.000730467,1.07528,-0.00725233,2.05374,0,1.09952,-0.00757161,2.06193
2.05,-0.000730467,1.07525,-0.00720671,2.05374,0,1.09952,-0.00757161,2.06201
2.052,-0.000730467,1.07525,-0.00720671,2.05374,0,1.0995,-0.007526,2.06201
2.054,-0.000730467,1.07525,-0.00720671,2.05374,3.65234e-05,1.0995,-0.00761722,2.06193
2.056,-0.000730467,1.07528,-0.00725233,2.05374,3.65234e-05,1.09952,-0.00757161,2.06201
2.058,-0.000730467,1.07525,-0.00720671,2.05374,3.65234e-05,1.09952,-0.00757161,2.06201
2.06,-0.000730467,1.07525,-0.00720671,2.05374,0,1.0995,-0.00761722,2.06193
2.062,-0.000730467,1.07525,-0.00720671,2.05374,3.65234e-05,1.0995,-0.007526,2.06193
2.064,-0.00076699,1.07528,-0.00725233,2.05374,-3.65234e-05,1.09952,-0.00757161,2.06193
2.066,-0.000730467,1.07528,-0.00725233,2.05374,3.65234e-05,1.0995,-0.007526,2.06193
2.068,-0.000730467,1.07528,-0.00725233,2.05374,0,1.09952,-0.00757161,2.06193
2.07,-0.000730467,1.07525,-0.00720671,2.05374,0,1.09952,-0.00757161,2.06201
2.072,-0.000730467,1.07525,-0.00720671,2.05374,3.65234e-05,1.09952,-0.00757161,2.06193
2.074,-0.000730467,1.07525,-0.00720671,2.05374,0,1.09952,-0.00757161,2.06193
2.076,-0.000730467,1.07525,-0.00720671,2.05374,0,1.09947,-0.00757161,2.06201
2.078,-0.000730467,1.07525,-0.00720671,2.05374,0,1.0995,-0.007526,2.06193
2.08,-0.000730467,1.07525,-0.00720671,2.05374,3.65234e-05,1.0995,-0.007526,2.06201
2.082,-0.000730467,1.07525,-0.00720671,2.05374,0,1.09952,-0.00757161,2.06201
2.084,-0.000730467,1.07528,-0.00725233,2.05374,0,1.09947,-0.00757161,2.06193
2.086,-0.000730467,1.07523,-0.00725233,2.05374,3.65234e-05,1.09952,-0.00757161,2.06201
2.088,-0.000730467,1.07525,-0.00720671,2.05374,3.65234e-05,1.0995,-0.00761722,2.06193
2.09,-0.000730467,1.07525,-0.00720671,2.05374,0,1.09952,-0.00757161,2.06193
2.092,-0.000730467,1.07525,-0.00720671,2.05374,-3.65234e-05,1.09952,-0.00757161,2.06201
2.094,-0.000730467,1.07525,-0.00720671,2.05374,0,1.0995,-0.007526,2.06201
2.096,-0.000730467,1.07525,-0.00720671,2.05374,3.65234e-05,1.09952,-0.00757161,2.06201
2.098,-0.000730467,1.07525,-0.00720671,2.05374,3.65234e-05,1.09947,-0.00757161,2.06193
2.1,-0.000730467,1.07525,-0.00720671,2.05374,3.65234e-05,1.0995,-0.00761722,2.06201
2.102,-0.000730467,1.07525,-0.00720671,2.05374,0,1.0995,-0.00761722,2.06201
2.104,-0.00076699,1.07525,-0.00720671,2.05374,0,1.0995,-0.007526,2.06201
2.106,-0.000730467,1.07525,-0.00720671,2.05374,3.65234e-05,1.0995,-0.007526,2.06201
2.108,-0.000730467,1.07523,-0.00725233,2.05383,-3.65234e-05,1.0995,-0.00761722,2.06201
2.11,-0.000730467,1.07525,-0.00720671,2.05383,0,1.09947,-0.00757161,2.06193
2.112,-0.000730467,1.07525,-0.00720671,2.05383,0,1.0995,-0.007526,2.06201
2.114,-0.000730467,1.07525,-0.00720671,2.05383,0,1.0995,-0.00761722,2.06201
2.116,-0.000730467,1.07525,-0.00720671,2.05374,0,1.09947,-0.00757161,2.06201
2.118,-0.000730467,1.07525,-0.00720671,2.05374,0,1.0995,-0.00761722,2.06201
2.12,-0.000730467,1.07525,-0.00720671,2.05374,-3.65234e-05,1.09952,-0.00757161,2.06193
2.122,-0.000730467,1.07525,-0.00720671,2.05374,3.65234e-05,1.0995,-0.00761722,2.06201
2.124,-0.000730467,1.07525,-0.00720671,2.05374,-3.65234e-05,1.09952,-0.00757161,2.06193
2.126,-0.000730467,1.07525,-0.00720671,2.05374,3.65234e-05,1.09952,-0.00757161,2.06193
2.128,-0.000730467,1.07525,-0.00720671,2.05374,-3.65234e-05,1.0995,-0.00761722,2.06201
2.13,-0.000730467,1.07528,-0.00725233,2.05374,-3.65234e-05,1.0995,-0.00761722,2.06201
2.132,-0.000730467,1.07525,-0.00720671,2.05374,0,1.09947,-0.00757161,2.06201
2.134,-0.000730467,1.07525,-0.00720671,2.05374,0,1.0995,-0.00761722,2.06201
2.136,-0.000730467,1.07525,-0.00720671,2.05374,3.65234e-05,1.0995,-0.00761722,2.06193
2.138,-0.000730467,1.07525,-0.00720671,2.05374,0,1.0995,-0.00761722,2.06193
2.14,-0.000730467,1.07528,-0.00725233,2.05374,0,1.0995,-0.00761722,2.06201
2.142,-0.000730467,1.07525,-0.00720671,2.05374,-3.65234e-05,1.09947,-0.00757161,2.06201
2.144,-0.000730467,1.07525,-0.00720671,2.05374,0,1.0995,-0.007526,2.06201
2.146,-0.000730467,1.07525,-0.00720671,2.05374,-3.65234e-05,1.0995,-0.00761722,2.06201
2.148,-0.000730467,1.07525,-0.00720671,2.05374,3.65234e-05,1.09952,-0.00757161,2.06193
2.15,-0.000730467,1.07525,-0.00720671,2.05374,0,1.0995,-0.00761722,2.06201
2.152,-0.000730467,1.07525,-0.00720671,2.05374,0,1.09947,-0.00757161,2.06193
2.154,-0.000730467,1.07525,-0.00720671,2.05374,0,1.0995,-0.007526,2.06201
2.156,-0.000730467,1.07525,-0.00720671,2.05383,-3.65234e-05,1.0995,-0.00761722,2.06193
2.158,-0.000730467,1.07525,-0.00720671,2.05383,-3.65234e-05,1.0995,-0.00761722,2.06201
2.16,-0.000730467,1.07525,-0.00720671,2.05383,0,1.0995,-0.00761722,2.06201
2.162,-0.000730467,1.07523,-0.00725233,2.05374,0,1.09952,-0.00757161,2.06201
2.164,-0.000730467,1.07525,-0.00720671,2.05374,3.65234e-05,1.09952,-0.00757161,2.06193
2.166,-0.000730467,1.07525,-0.00720671,2.05374,3.65234e-05,1.09952,-0.00757161,2.06201
2.168,-0.000730467,1.07525,-0.00729794,2.05374,0,1.0995,-0.00761722,2.06201
2.17,-0.000730467,1.07525,-0.00720671,2.05383,0,1.09952,-0.00757161,2.06193
2.172,-0.000730467,1.07525,-0.00720671,2.05383,3.65234e-05,1.09947,-0.00757161,2.06201
2.174,-0.000730467,1.07525,-0.00720671,2.05383,0,1.09952,-0.00757161,2.06193
2.176,-0.000730467,1.07525,-0.00720671,2.05374,3.65234e-05,1.0995,-0.00761722,2.06193
2.178,-0.000730467,1.07523,-0.00725233,2.05383,0,1.09952,-0.00757161,2.06201
2.18,-0.000730467,1.07525,-0.00720671,2.05374,0,1.09952,-0.00757161,2.06201
2.182,-0.000730467,1.07525,-0.00720671,2.05374,0,1.09952,-0.00757161,2.06201
2.184,-0.000730467,1.07523,-0.00725233,2.05374,3.65234e-05,1.0995,-0.007526,2.06201
2.186,-0.00076699,1.07525,-0.00720671,2.05383,0,1.0995,-0.00761722,2.06193
2.188,-0.000730467,1.07525,-0.00720671,2.05383,3.65234e-05,1.09952,-0.00757161,2.06193
2.19,-0.000730467,1.07525,-0.00720671,2.05383,0,1.0995,-0.00761722,2.06193
2.192,-0.000730467,1.07525,-0.00720671,2.05374,-3.65234e-05,1.0995,-0.00761722,2.06201
2.194,-0.000730467,1.07525,-0.00720671,2.05374,0,1.09952,-0.00757161,2.06193
2.196,-0.000730467,1.07525,-0.00720671,2.05374,0,1.0995,-0.00761722,2.06201
2.198,-0.000730467,1.07523,-0.00725233,2.05374,0,1.09952,-0.00757161,2.06193
2.2,-0.000730467,1.07523,-0.00725233,2.05383,0,1.0995,-0.00761722,2.06193
2.202,-0.000730467,1.07525,-0.00720671,2.05383,0,1.09952,-0.00757161,2.06193
2.204,-0.000730467,1.07525,-0.00720671,2.05383,-3.65234e-05,1.0995,-0.00761722,2.06201
2.206,-0.000730467,1.07525,-0.00720671,2.05374,0,1.0995,-0.00761722,2.06201
2.208,-0.000730467,1.07525,-0.00720671,2.05374,0,1.0995,-0.00761722,2.06201
2.21,-0.000730467,1.07525,-0.00720671,2.05366,0,1.09952,-0.00757161,2.06201
2.212,-0.00076699,1.07525,-0.00720671,2.05374,0,1.09952,-0.00757161,2.06201
2.214,-0.000730467,1.07525,-0.00720671,2.05374,0,1.09947,-0.00757161,2.06201
2.216,-0.000730467,1.07525,-0.00720671,2.05374,-3.65234e-05,1.09952,-0.00757161,2.06193
2.218,-0.000730467,1.07525,-0.00720671,2.05374,0,1.09947,-0.00757161,2.06193
2.22,-0.000730467,1.07525,-0.00720671,2.05383,7.30467e-05,1.0995,-0.00761722,2.06193
2.222,-0.000730467,1.07525,-0.00720671,2.05383,0,1.09947,-0.00757161,2.06201
2.224,-0.000730467,1.07525,-0.00720671,2.05374,3.65234e-05,1.0995,-0.00761722,2.06201
2.226,-0.000730467,1.07525,-0.00720671,2.05374,0,1.09952,-0.00757161,2.06201
2.228,-0.000730467,1.07525,-0.00720671,2.05374,-3.65234e-05,1.09947,-0.00757161,2.06193
2.23,-0.000730467,1.07528,-0.00725233,2.05374,0,1.09952,-0.00757161,2.06193
2.232,-0.000730467,1.07525,-0.00720671,2.05383,3.65234e-05,1.09952,-0.00757161,2.06193
2.234,-0.000730467,1.07525,-0.00720671,2.05374,3.65234e-05,1.0995,-0.007526,2.06201
2.236,-0.000730467,1.07525,-0.00720671,2.05374,0,1.0995,-0.00761722,2.06193
2.238,-0.000730467,1.07525,-0.00720671,2.05374,0,1.09955,-0.00761722,2.06193
2.24,-0.000730467,1.07525,-0.00720671,2.05383,0,1.0995,-0.00761722,2.06201
2.242,-0.000730467,1.07525,-0.00720671,2.05374,0,1.09947,-0.00757161,2.06193
2.244,-0.000730467,1.07528,-0.00725233,2.05374,0,1.09952,-0.00757161,2.06193
2.246,-0.000730467,1.07525,-0.00720671,2.05374,0,1.09952,-0.00757161,2.06201
2.248,-0.000730467,1.07525,-0.00720671,2.05374,3.65234e-05,1.09952,-0.00757161,2.06201
2.25,-0.000730467,1.07525,-0.00720671,2.05374,0,1.0995,-0.00761722,2.06201
2.252,-0.000730467,1.07525,-0.00720671,2.05383,0,1.0995,-0.007526,2.06201
2.254,-0.000730467,1.07525,-0.00720671,2.05374,-3.65234e-05,1.09952,-0.00757161,2.06201
2.256,-0.000730467,1.07525,-0.00720671,2.05374,3.65234e-05,1.09952,-0.00757161,2.06193
2.258,-0.000730467,1.07525,-0.00720671,2.05374,0,1.0995,-0.00761722,2.06193
2.26,-0.000730467,1.07525,-0.00720671,2.05374,0,1.09952,-0.00757161,2.06193
2.262,-0.000730467,1.07525,-0.00720671,2.05374,0,1.09947,-0.00757161,2.06201
2.264,-0.000730467,1.07528,-0.00725233,2.05374,0,1.09952,-0.00757161,2.06193
2.266,-0.000730467,1.07528,-0.00725233,2.05374,0,1.09952,-0.00757161,2.06193
2.268,-0.000730467,1.07523,-0.00725233,2.05383,3.65234e-05,1.09952,-0.00757161,2.06193
2.27,-0.000730467,1.07525,-0.00720671,2.05374,0,1.09952,-0.00757161,2.06193
2.272,-0.000693944,1.07525,-0.00720671,2.05374,0,1.09952,-0.00757161,2.06193
2.274,-0.000730467,1.07525,-0.00720671,2.05374,0,1.0995,-0.007526,2.06201
2.276,-0.000730467,1.07525,-0.00720671,2.05374,3.65234e-05,1.0995,-0.00761722,2.06201
2.278,-0.000730467,1.07525,-0.00720671,2.05374,3.65234e-05,1.09952,-0.00757161,2.06201
2.28,-0.000730467,1.07525,-0.00720671,2.05374,3.65234e-05,1.0995,-0.00761722,2.06193
2.282,-0.000730467,1.07525,-0.00720671,2.05374,3.65234e-05,1.09947,-0.00757161,2.06193
2.284,-0.000730467,1.07525,-0.00720671,2.05383,0,1.0995,-0.007526,2.06201
2.286,-0.00076699,1.07525,-0.00720671,2.05374,3.65234e-05,1.09952,-0.00757161,2.06193
2.288,-0.000730467,1.07525,-0.00720671,2.05374,0,1.09952,-0.00757161,2.06201
2.29,-0.000730467,1.07525,-0.00720671,2.05374,0,1.0995,-0.00761722,2.06201
2.292,-0.000730467,1.07525,-0.00720671,2.05374,0,1.09947,-0.00757161,2.06201
2.294,-0.000730467,1.07525,-0.00720671,2.05374,3.65234e-05,1.0995,-0.007526,2.06193
2.296,-0.000730467,1.07525,-0.00720671,2.05374,3.65234e-05,1.09947,-0.00757161,2.06193
2.298,-0.000730467,1.07525,-0.00720671,2.05383,3.65234e-05,1.0995,-0.00761722,2.06193
2.3,-0.00076699,1.07528,-0.00725233,2.05383,0,1.0995,-0.00761722,2.06193
2.302,-0.000730467,1.07525,-0.00720671,2.05374,3.65234e-05,1.0995,-0.00761722,2.06201
2.304,-0.000730467,1.07525,-0.00720671,2.05374,-3.65234e-05,1.09952,-0.00757161,2.06201
2.306,-0.000730467,1.07525,-0.00720671,2.05374,0,1.0995,-0.00761722,2.06193
2.308,-0.000730467,1.07525,-0.00720671,2.05374,0,1.0995,-0.00761722,2.06193
2.31,-0.000730467,1.07525,-0.00720671,2.05374,0,1.0995,-0.00761722,2.06201
2.312,-0.000730467,1.07525,-0.00729794,2.05374,3.65234e-05,1.0995,-0.00761722,2.06193
2.314,-0.000730467,1.07525,-0.00720671,2.05374,3.65234e-05,1.0995,-0.007526,2.06193
2.316,-0.000730467,1.07528,-0.00725233,2.05374,0,1.09952,-0.00757161,2.06201
2.318,-0.000730467,1.07528,-0.00725233,2.05383,0,1.09952,-0.00757161,2.06193
2.32,-0.000730467,1.07525,-0.00720671,2.05383,3.65234e-05,1.09952,-0.00757161,2.06193
2.322,-0.000730467,1.07525,-0.00720671,2.05374,0,1.09952,-0.00757161,2.06201
2.324,-0.000730467,1.07525,-0.00720671,2.05374,0,1.09955,-0.007526,2.06201
2.326,-0.000730467,1.07525,-0.00720671,2.05374,0,1.0995,-0.00761722,2.06193
2.328,-0.000730467,1.07525,-0.00720671,2.05383,-3.65234e-05,1.09947,-0.00757161,2.06201
2.33,-0.000730467,1.07528,-0.00725233,2.05383,0,1.0995,-0.00761722,2.06193
2.332,-0.000730467,1.07525,-0.00720671,2.05383,0,1.09947,-0.00757161,2.06193
2.334,-0.00076699,1.07525,-0.00720671,2.05383,0,1.09952,-0.00757161,2.06201
2.336,-0.00076699,1.07523,-0.00725233,2.05374,0,1.09947,-0.00757161,2.06201
2.338,-0.000730467,1.07525,-0.00720671,2.05374,3.65234e-05,1.0995,-0.00761722,2.06201
2.34,-0.000730467,1.07525,-0.00720671,2.05374,0,1.0995,-0.007526,2.06201
2.342,-0.000730467,1.07525,-0.00720671,2.05374,0,1.09947,-0.00757161,2.06193
2.344,-0.000730467,1.07525,-0.00720671,2.05374,0,1.0995,-0.007526,2.06201
2.346,-0.000730467,1.07528,-0.00725233,2.05383,-3.65234e-05,1.09952,-0.00757161,2.06201
2.348,-0.000730467,1.07525,-0.00720671,2.05374,3.65234e-05,1.09952,-0.00757161,2.06193
2.35,-0.000730467,1.07525,-0.00720671,2.05374,0,1.0995,-0.00761722,2.06193
2.352,-0.000730467,1.07525,-0.00720671,2.05374,0,1.0995,-0.00761722,2.06193
2.354,-0.000730467,1.07525,-0.00720671,2.05374,-3.65234e-05,1.09947,-0.00757161,2.06193
2.356,-0.000730467,1.07525,-0.00720671,2.05374,0,1.0995,-0.00761722,2.06201
2.358,-0.000730467,1.07525,-0.00720671,2.05374,0,1.09952,-0.00757161,2.06193
2.36,-0.000730467,1.07525,-0.00720671,2.05374,0,1.09947,-0.00757161,2.06193
2.362,-0.000730467,1.07525,-0.00720671,2.05374,0,1.0995,-0.00761722,2.06201
2.364,-0.000730467,1.07528,-0.00725233,2.05374,-3.65234e-05,1.0995,-0.00761722,2.06201
2.366,-0.000730467,1.07523,-0.00725233,2.05374,0,1.09952,-0.00757161,2.06193
2.368,-0.000730467,1.07525,-0.00720671,2.05374,0,1.09952,-0.00757161,2.06201
2.37,-0.000730467,1.07525,-0.00720671,2.05374,3.65234e-05,1.0995,-0.00761722,2.06193
2.372,-0.000730467,1.07525,-0.00720671,2.05374,0,1.09952,-0.00757161,2.06201
2.374,-0.000730467,1.07525,-0.00720671,2.05374,-3.65234e-05,1.0995,-0.00761722,2.06193
2.376,-0.000730467,1.07528,-0.00725233,2.05374,0,1.09952,-0.00757161,2.06201
2.378,-0.000730467,1.07525,-0.00720671,2.05374,0,1.09952,-0.00757161,2.06193
2.38,-0.000730467,1.07525,-0.00720671,2.05383,3.65234e-05,1.09952,-0.00757161,2.06201
2.382,-0.000730467,1.07525,-0.00720671,2.05374,-3.65234e-05,1.09952,-0.00757161,2.06201
2.384,-0.000730467,1.07525,-0.00720671,2.05383,0,1.0995,-0.00761722,2.06201
2.386,-0.000730467,1.07525,-0.00720671,2.05374,0,1.09952,-0.00757161,2.06193
2.388,-0.000730467,1.07525,-0.00720671,2.05374,0,1.09952,-0.00757161,2.06193
2.39,-0.000730467,1.07525,-0.00729794,2.05383,0,1.09952,-0.00757161,2.06201
2.392,-0.000730467,1.07525,-0.00720671,2.05383,0,1.0995,-0.00761722,2.06193
2.394,-0.000730467,1.07528,-0.00725233,2.05383,0,1.09952,-0.00757161,2.06201
2.396,-0.000730467,1.07525,-0.00720671,2.05374,3.65234e-05,1.09947,-0.00757161,2.06201
2.398,-0.000730467,1.07525,-0.00720671,2.05374,0,1.0995,-0.007526,2.06193
2.4,-0.000730467,1.07523,-0.00725233,2.05374,3.65234e-05,1.0995,-0.00761722,2.06193
2.402,-0.000730467,1.07525,-0.00720671,2.05374,-3.65234e-05,1.0995,-0.00761722,2.06201
2.404,-0.000730467,1.07525,-0.00720671,2.05374,0,1.0995,-0.00761722,2.06201
2.406,-0.000730467,1.07525,-0.00720671,2.05383,0,1.09952,-0.00757161,2.06201
2.408,-0.000730467,1.07525,-0.00720671,2.05383,-3.65234e-05,1.09952,-0.00757161,2.06193
2.41,-0.000730467,1.07528,-0.00725233,2.05374,0,1.0995,-0.00761722,2.06193
2.412,-0.000730467,1.07528,-0.00725233,2.05374,3.65234e-05,1.09947,-0.00757161,2.06201
2.414,-0.000730467,1.07525,-0.00720671,2.05374,0,1.0995,-0.00761722,2.06193
2.416,-0.000730467,1.07525,-0.00720671,2.05374,0,1.09947,-0.00757161,2.06201
2.418,-0.000730467,1.07525,-0.00720671,2.05374,0,1.09952,-0.00757161,2.06193
2.42,-0.000730467,1.07525,-0.00720671,2.05383,0,1.09952,-0.00757161,2.06201
2.422,-0.000730467,1.07525,-0.00720671,2.05374,3.65234e-05,1.09952,-0.00757161,2.06201
2.424,-0.000730467,1.07523,-0.00725233,2.05383,0,1.0995,-0.00761722,2.06193
2.426,-0.000730467,1.07525,-0.00720671,2.05374,0,1.09952,-0.00757161,2.06201
2.428,-0.000730467,1.07528,-0.00725233,2.05374,0,1.09952,-0.00757161,2.06193
2.43,-0.000730467,1.07525,-0.00720671,2.05374,3.65234e-05,1.09952,-0.00757161,2.06193
2.432,-0.000730467,1.07528,-0.00725233,2.05374,3.65234e-05,1.09952,-0.00757161,2.06201
2.434,-0.000730467,1.07525,-0.00720671,2.05374,3.65234e-05,1.0995,-0.00761722,2.06193
2.436,-0.000730467,1.07523,-0.00725233,2.05383,3.65234e-05,1.09952,-0.00757161,2.06201
2.438,-0.000730467,1.07525,-0.00720671,2.05383,-3.65234e-05,1.0995,-0.00761722,2.06201
2.44,-0.000730467,1.07525,-0.00720671,2.05383,3.65234e-05,1.09952,-0.00757161,2.06201
2.442,-0.000730467,1.07528,-0.00725233,2.05374,0,1.0995,-0.00761722,2.06201
2.444,-0.000730467,1.07525,-0.00720671,2.05374,3.65234e-05,1.0995,-0.00761722,2.06193
2.446,-0.000730467,1.07525,-0.00720671,2.05374,0,1.0995,-0.00761722,2.06193
2.448,-0.000730467,1.07525,-0.00720671,2.05374,0,1.0995,-0.007526,2.06201
2.45,-0.000730467,1.07525,-0.00720671,2.05374,3.65234e-05,1.09947,-0.00757161,2.06193
2.452,-0.000730467,1.07528,-0.00725233,2.05374,0,1.0995,-0.00761722,2.06201
2.454,-0.000730467,1.07528,-0.00725233,2.05383,0,1.09952,-0.00757161,2.06201
2.456,-0.000730467,1.07525,-0.00720671,2.05374,0,1.0995,-0.00761722,2.06201
2.458,-0.000730467,1.07525,-0.00720671,2.05374,7.30467e-05,1.0995,-0.00761722,2.06201
2.46,-0.00076699,1.07523,-0.00725233,2.05374,3.65234e-05,1.09952,-0.00757161,2.06193
2.462,-0.000730467,1.07525,-0.00720671,2.05374,0,1.0995,-0.007526,2.06193
2.464,-0.000730467,1.07528,-0.00725233,2.05374,-3.65234e-05,1.0995,-0.00761722,2.06201
2.466,-0.000730467,1.07525,-0.00729794,2.05374,0,1.09952,-0.00757161,2.06193
2.468,-0.00076699,1.07525,-0.00720671,2.05383,0,1.0995,-0.00761722,2.06201
2.47,-0.000730467,1.07525,-0.00720671,2.05374,0,1.09952,-0.00757161,2.06201
2.472,-0.000730467,1.07523,-0.00725233,2.05374,0,1.0995,-0.00761722,2.06193
2.474,-0.000730467,1.07525,-0.00729794,2.05374,-3.65234e-05,1.09952,-0.00757161,2.06193
2.476,-0.000730467,1.07525,-0.00720671,2.05383,-3.65234e-05,1.0995,-0.00761722,2.06193
2.478,-0.00076699,1.07525,-0.00720671,2.05383,3.65234e-05,1.09947,-0.00757161,2.06201
2.48,-0.000730467,1.07525,-0.00720671,2.05383,-3.65234e-05,1.09947,-0.00757161,2.06201
2.482,-0.000730467,1.07523,-0.00725233,2.05374,0,1.0995,-0.007526,2.06201
2.484,-0.000730467,1.07525,-0.00729794,2.05374,0,1.0995,-0.00761722,2.06201
2.486,-0.000730467,1.07523,-0.00725233,2.05374,-3.65234e-05,1.09952,-0.00757161,2.06201
2.488,-0.000730467,1.07525,-0.00720671,2.05374,-3.65234e-05,1.0995,-0.007526,2.06201
2.49,-0.000730467,1.07525,-0.00720671,2.05374,-3.65234e-05,1.0995,-0.00761722,2.06201
2.492,-0.000730467,1.07525,-0.00720671,2.05374,0,1.0995,-0.00761722,2.06193
2.494,-0.000730467,1.07523,-0.00725233,2.05374,3.65234e-05,1.0995,-0.00761722,2.06193
2.496,-0.000730467,1.07525,-0.00720671,2.05374,0,1.09947,-0.00757161,2.06201
2.498,-0.00076699,1.07525,-0.00720671,2.05374,3.65234e-05,1.0995,-0.00761722,2.06201
2.5,-0.000730467,1.07525,-0.00720671,2.05374,0,1.0995,-0.00761722,2.06201
2.502,-0.000730467,1.07525,-0.00720671,2.05374,3.65234e-05,1.0995,-0.00761722,2.06193
2.504,-0.000730467,1.07523,-0.00725233,2.05374,-3.65234e-05,1.0995,-0.00761722,2.06193
2.506,-0.000730467,1.07528,-0.00725233,2.05383,3.65234e-05,1.09952,-0.00757161,2.06193
2.508,-0.000730467,1.07525,-0.00720671,2.05374,0,1.09952,-0.00757161,2.06193
2.51,-0.000730467,1.07528,-0.00725233,2.05383,0,1.0995,-0.00761722,2.06201
2.512,-0.00076699,1.07528,-0.00725233,2.05374,3.65234e-05,1.09947,-0.00757161,2.06201
2.514,-0.000730467,1.07525,-0.00720671,2.05374,0,1.09947,-0.00757161,2.06201
2.516,-0.000730467,1.07525,-0.00720671,2.05383,-3.65234e-05,1.09952,-0.00757161,2.06193
2.518,-0.000730467,1.07525,-0.00720671,2.05383,-3.65234e-05,1.0995,-0.007526,2.06201
2.52,-0.000730467,1.07525,-0.00720671,2.05383,0,1.09952,-0.00757161,2.06201
2.522,-0.000730467,1.07523,-0.00725233,2.05383,0,1.09952,-0.00757161,2.06201
2.524,-0.000730467,1.07525,-0.00720671,2.05383,0,1.0995,-0.00761722,2.06201
2.526,-0.000730467,1.07525,-0.00720671,2.05383,0,1.0995,-0.00761722,2.06201
2.528,-0.000730467,1.07525,-0.00720671,2.05374,0,1.09955,-0.007526,2.06193
2.53,-0.000730467,1.07525,-0.00720671,2.05374,0,1.0995,-0.00761722,2.06193
2.532,-0.000730467,1.07525,-0.00720671,2.05374,-3.65234e-05,1.09952,-0.00757161,2.06201
2.534,-0.000730467,1.07528,-0.00725233,2.05374,0,1.09952,-0.00757161,2.06193
2.536,-0.000730467,1.07528,-0.00725233,2.05374,3.65234e-05,1.0995,-0.00761722,2.06201
2.538,-0.000730467,1.07525,-0.00720671,2.05383,0,1.09952,-0.00757161,2.06201
2.54,-0.000730467,1.07523,-0.00725233,2.05374,0,1.09952,-0.00757161,2.06193
2.542,-0.000693944,1.07523,-0.00725233,2.05374,3.65234e-05,1.09952,-0.00757161,2.06193
2.544,-0.000730467,1.07523,-0.00725233,2.05374,0,1.0995,-0.00761722,2.06193
2.546,-0.000730467,1.07528,-0.00725233,2.05374,-3.65234e-05,1.09952,-0.00757161,2.06201
2.548,-0.000730467,1.07525,-0.00720671,2.05374,0,1.0995,-0.00761722,2.06201
2.55,-0.000730467,1.07525,-0.00720671,2.05374,0,1.0995,-0.00761722,2.06201
2.552,-0.000730467,1.07525,-0.00720671,2.05374,3.65234e-05,1.09952,-0.00757161,2.06201
2.554,-0.000730467,1.07528,-0.00725233,2.05374,0,1.09952,-0.00757161,2.06193
2.556,-0.000730467,1.07525,-0.00729794,2.05374,3.65234e-05,1.0995,-0.007526,2.06201
2.558,-0.000730467,1.07525,-0.00720671,2.05383,0,1.09952,-0.00757161,2.06193
2.56,-0.000730467,1.07523,-0.00725233,2.05374,0,1.0995,-0.00761722,2.06193
2.562,-0.000730467,1.07525,-0.00720671,2.05383,0,1.09947,-0.00766283,2.06193
2.564,-0.000730467,1.07525,-0.00720671,2.05383,0,1.0995,-0.00761722,2.06201
2.566,-0.000730467,1.07528,-0.00725233,2.05383,0,1.09952,-0.00757161,2.06193
2.568,-0.000730467,1.07528,-0.00725233,2.05383,-3.65234e-05,1.09952,-0.00757161,2.06193
2.57,-0.000730467,1.07525,-0.00720671,2.05383,0,1.0995,-0.007526,2.06193
2.572,-0.000730467,1.07523,-0.00725233,2.05374,0,1.09952,-0.00748039,2.06201
2.574,-0.000730467,1.07525,-0.00720671,2.05374,0,1.09952,-0.00757161,2.06201
2.576,-0.000730467,1.07525,-0.00720671,2.05374,-3.65234e-05,1.0995,-0.00761722,2.06201
2.578,-0.000730467,1.07528,-0.00725233,2.05374,0,1.0995,-0.007526,2.06201
2.58,-0.000730467,1.07525,-0.00720671,2.05374,0,1.0995,-0.00761722,2.06193
2.582,-0.000730467,1.07528,-0.00725233,2.05374,0,1.0995,-0.00761722,2.06193
2.584,-0.000730467,1.07528,-0.00725233,2.05374,0,1.0995,-0.007526,2.06193
2.586,-0.000730467,1.07528,-0.00725233,2.05374,0,1.0995,-0.00761722,2.06201
2.588,-0.000730467,1.07525,-0.00720671,2.05374,3.65234e-05,1.09952,-0.00757161,2.06201
2.59,-0.000730467,1.07528,-0.00725233,2.05383,3.65234e-05,1.0995,-0.00761722,2.06201
2.592,-0.000730467,1.07525,-0.00720671,2.05383,3.65234e-05,1.09952,-0.00757161,2.06201
2.594,-0.000730467,1.07525,-0.00720671,2.05374,0,1.09952,-0.00757161,2.06193
2.596,-0.000730467,1.07525,-0.00720671,2.05374,0,1.0995,-0.00761722,2.06193
2.598,-0.000730467,1.07525,-0.00720671,2.05374,3.65234e-05,1.0995,-0.00761722,2.06201
2.6,-0.000730467,1.07525,-0.00720671,2.05374,-7.30467e-05,1.0995,-0.00761722,2.06201
2.602,-0.000730467,1.07528,-0.00725233,2.05383,0,1.09947,-0.00757161,2.06193
2.604,-0.000730467,1.07528,-0.00725233,2.05383,-3.65234e-05,1.09952,-0.00757161,2.06201
2.606,-0.000730467,1.07525,-0.00720671,2.05374,0,1.0995,-0.00761722,2.06193
2.608,-0.000730467,1.07525,-0.00720671,2.05374,0,1.09947,-0.00757161,2.06201
2.61,-0.000730467,1.07525,-0.00720671,2.05374,0,1.0995,-0.007526,2.06201
2.612,-0.000730467,1.07525,-0.00720671,2.05383,0,1.0995,-0.00761722,2.06201
2.614,-0.000730467,1.07525,-0.00720671,2.05383,-3.65234e-05,1.09952,-0.00757161,2.06193
2.616,-0.000730467,1.07528,-0.00725233,2.05374,0,1.09952,-0.00757161,2.06201
2.618,-0.000730467,1.07525,-0.00720671,2.05374,3.65234e-05,1.0995,-0.007526,2.06201
2.62,-0.000730467,1.07525,-0.00720671,2.05374,-3.65234e-05,1.09952,-0.00757161,2.06201
2.622,-0.000730467,1.07528,-0.00725233,2.05374,3.65234e-05,1.09952,-0.00757161,2.06201
2.624,-0.000730467,1.07525,-0.00720671,2.05374,3.65234e-05,1.09952,-0.00757161,2.06193
2.626,-0.000730467,1.07528,-0.00725233,2.05374,-3.65234e-05,1.0995,-0.00761722,2.06193
2.628,-0.000730467,1.07525,-0.00720671,2.05374,-3.65234e-05,1.09947,-0.00757161,2.06201
2.63,-0.000730467,1.07528,-0.00725233,2.05374,0,1.09947,-0.00757161,2.06201
2.632,-0.000693944,1.07525,-0.00720671,2.05383,0,1.09952,-0.00757161,2.06193
2.634,-0.000730467,1.07528,-0.00725233,2.05374,3.65234e-05,1.09947,-0.00757161,2.06201
2.636,-0.000730467,1.07525,-0.00720671,2.05374,0,1.09947,-0.00757161,2.06201
2.638,-0.000730467,1.07525,-0.00720671,2.05374,0,1.0995,-0.00761722,2.06201
2.64,-0.000730467,1.07523,-0.00725233,2.05374,0,1.0995,-0.00761722,2.06201
2.642,-0.000730467,1.07528,-0.00725233,2.05374,0,1.09952,-0.00757161,2.06193
2.644,-0.000730467,1.07525,-0.00720671,2.05383,0,1.0995,-0.00761722,2.06201
2.646,-0.000730467,1.07525,-0.00720671,2.05383,3.65234e-05,1.09947,-0.00757161,2.06193
2.648,-0.000730467,1.07528,-0.00725233,2.05374,0,1.0995,-0.00761722,2.06201
2.65,-0.000730467,1.07525,-0.00720671,2.05374,0,1.0995,-0.00761722,2.06193
2.652,-0.00076699,1.07525,-0.00720671,2.05374,3.65234e-05,1.0995,-0.00761722,2.06201
2.654,-0.000730467,1.07523,-0.00725233,2.05374,3.65234e-05,1.09952,-0.00757161,2.06201
2.656,-0.000730467,1.07525,-0.00720671,2.05383,0,1.0995,-0.007526,2.06193
2.658,-0.000730467,1.07525,-0.00720671,2.05374,0,1.09952,-0.00757161,2.06193
2.66,-0.000730467,1.07525,-0.00720671,2.05383,0,1.0995,-0.007526,2.06201
2.662,-0.000730467,1.07528,-0.00725233,2.05383,0,1.0995,-0.00761722,2.06201
2.664,-0.000730467,1.07525,-0.00720671,2.05383,-3.65234e-05,1.09952,-0.00757161,2.06201
2.666,-0.000730467,1.07525,-0.00720671,2.05374,0,1.0995,-0.00761722,2.06201
2.668,-0.000730467,1.07525,-0.00720671,2.05374,0,1.09952,-0.00757161,2.06201
2.67,-0.000730467,1.07525,-0.00720671,2.05374,0,1.0995,-0.00761722,2.06193
2.672,-0.000730467,1.07528,-0.00725233,2.05374,0,1.09952,-0.00757161,2.06193
2.674,-0.000730467,1.07528,-0.00725233,2.05374,0,1.0995,-0.007526,2.06193
2.676,-0.000730467,1.07525,-0.00720671,2.05383,3.65234e-05,1.0995,-0.00761722,2.06201
2.678,-0.000730467,1.07525,-0.00720671,2.05374,0,1.0995,-0.00761722,2.06201
2.68,-0.000730467,1.07525,-0.00720671,2.05374,0,1.09944,-0.00761722,2.06201
2.682,-0.000730467,1.07528,-0.00725233,2.05374,0,1.0995,-0.00761722,2.06193
2.684,-0.000730467,1.07528,-0.00725233,2.05374,0,1.09952,-0.00757161,2.06193
2.686,-0.000730467,1.07528,-0.00725233,2.05374,0,1.0995,-0.00761722,2.06201
2.688,-0.000730467,1.07525,-0.00720671,2.05374,0,1.09952,-0.00757161,2.06193
2.69,-0.000730467,1.07525,-0.00720671,2.05374,0,1.0995,-0.007526,2.06201
2.692,-0.00076699,1.07525,-0.00720671,2.05374,-3.65234e-05,1.0995,-0.00761722,2.06201
2.694,-0.000730467,1.07525,-0.00720671,2.05374,-3.65234e-05,1.0995,-0.00761722,2.06201
2.696,-0.000730467,1.07528,-0.00725233,2.05383,3.65234e-05,1.0995,-0.00761722,2.06201
2.698,-0.000730467,1.07525,-0.00720671,2.05374,3.65234e-05,1.09952,-0.00757161,2.06193
2.7,-0.000730467,1.07525,-0.00720671,2.05374,0,1.0995,-0.00761722,2.06193
2.702,-0.000730467,1.07525,-0.00720671,2.05374,-3.65234e-05,1.0995,-0.00761722,2.06201
2.704,-0.000730467,1.07525,-0.00720671,2.05383,3.65234e-05,1.0995,-0.00761722,2.06201
2.706,-0.000730467,1.07525,-0.00729794,2.05374,0,1.09952,-0.00757161,2.06201
2.708,-0.000730467,1.07525,-0.00720671,2.05383,3.65234e-05,1.09947,-0.00757161,2.06193
2.71,-0.000730467,1.07528,-0.00725233,2.05383,3.65234e-05,1.0995,-0.00761722,2.06193
2.712,-0.000730467,1.07525,-0.00720671,2.05374,0,1.0995,-0.00761722,2.06193
2.714,-0.000730467,1.07525,-0.00720671,2.05374,0,1.09952,-0.00757161,2.06201
2.716,-0.000730467,1.07523,-0.00725233,2.05374,0,1.09952,-0.00757161,2.06201
2.718,-0.000730467,1.07525,-0.00720671,2.05374,0,1.09952,-0.00757161,2.06193
2.72,-0.00076699,1.07528,-0.00725233,2.05374,0,1.0995,-0.00761722,2.06193
2.722,-0.000730467,1.07525,-0.00720671,2.05374,0,1.0995,-0.00761722,2.06201
2.724,-0.000730467,1.07525,-0.00720671,2.05374,0,1.09947,-0.00757161,2.06201
2.726,-0.000730467,1.07525,-0.00720671,2.05374,3.65234e-05,1.0995,-0.00761722,2.06201
2.728,-0.000730467,1.07525,-0.00720671,2.05374,0,1.09947,-0.00757161,2.06201
2.73,-0.000730467,1.07525,-0.00720671,2.05374,3.65234e-05,1.0995,-0.00761722,2.06193
2.732,-0.000730467,1.07525,-0.00720671,2.05374,0,1.09947,-0.00757161,2.06193
2.734,-0.000730467,1.07528,-0.00725233,2.05374,-3.65234e-05,1.0995,-0.00761722,2.06193
2.736,-0.000730467,1.07525,-0.00720671,2.05374,3.65234e-05,1.09952,-0.00757161,2.06201
2.738,-0.000730467,1.07525,-0.00720671,2.05374,0,1.09947,-0.00757161,2.06201
2.74,-0.000730467,1.07525,-0.00720671,2.05374,0,1.09947,-0.00757161,2.06193
2.742,-0.000730467,1.07523,-0.00725233,2.05374,3.65234e-05,1.09952,-0.00757161,2.06193
2.744,-0.000730467,1.07525,-0.00720671,2.05383,0,1.0995,-0.007526,2.06201
2.746,-0.000730467,1.07528,-0.00725233,2.05383,3.65234e-05,1.09952,-0.00757161,2.06201
2.748,-0.000730467,1.07528,-0.00725233,2.05383,0,1.0995,-0.00761722,2.06201
2.75,-0.000730467,1.07525,-0.00720671,2.05383,3.65234e-05,1.09947,-0.00757161,2.06193
2.752,-0.000730467,1.07523,-0.00725233,2.05383,0,1.09952,-0.00757161,2.06201
2.754,-0.000730467,1.07525,-0.00720671,2.05374,-3.65234e-05,1.09952,-0.00757161,2.06193
2.756,-0.000730467,1.07525,-0.00720671,2.05374,0,1.09952,-0.00757161,2.06193
2.758,-0.000730467,1.07525,-0.00720671,2.05374,-3.65234e-05,1.09952,-0.00757161,2.06201
2.76,-0.000730467,1.07528,-0.00725233,2.05374,3.65234e-05,1.0995,-0.00761722,2.06193
2.762,-0.000730467,1.07528,-0.00725233,2.05374,0,1.0995,-0.00761722,2.06201
2.764,-0.000730467,1.07525,-0.00720671,2.05374,-3.65234e-05,1.09952,-0.00757161,2.06201
2.766,-0.000730467,1.07525,-0.00720671,2.05374,-3.65234e-05,1.09952,-0.00757161,2.06193
2.768,-0.000730467,1.07525,-0.00720671,2.05374,-3.65234e-05,1.0995,-0.00761722,2.06201
2.77,-0.000730467,1.07525,-0.00720671,2.05374,0,1.0995,-0.007526,2.06201
2.772,-0.000730467,1.07525,-0.00720671,2.05374,0,1.0995,-0.00761722,2.06193
2.774,-0.000730467,1.07525,-0.00720671,2.05374,3.65234e-05,1.0995,-0.00761722,2.06193
2.776,-0.000730467,1.07528,-0.00725233,2.05374,0,1.0995,-0.00761722,2.06193
2.778,-0.000730467,1.07525,-0.00720671,2.05374,0,1.09952,-0.00757161,2.06193
2.78,-0.000730467,1.07525,-0.00720671,2.05383,0,1.09947,-0.00757161,2.06201
2.782,-0.000730467,1.07528,-0.00725233,2.05383,0,1.0995,-0.00761722,2.06201
2.784,-0.000730467,1.07525,-0.00720671,2.05374,0,1.09947,-0.00757161,2.06201
2.786,-0.000730467,1.07525,-0.00720671,2.05383,-3.65234e-05,1.09952,-0.00757161,2.06201
2.788,-0.000730467,1.07528,-0.00725233,2.05383,3.65234e-05,1.09952,-0.00757161,2.06193
2.79,-0.000730467,1.07528,-0.00725233,2.05383,0,1.0995,-0.00761722,2.06193
2.792,-0.000730467,1.07525,-0.00720671,2.05374,3.65234e-05,1.0995,-0.00761722,2.06193
2.794,-0.000730467,1.07525,-0.00720671,2.05383,3.65234e-05,1.0995,-0.00761722,2.06201
2.796,-0.000730467,1.07525,-0.00720671,2.05374,-3.65234e-05,1.0995,-0.00761722,2.06193
2.798,-0.000730467,1.07525,-0.00720671,2.05374,0,1.0995,-0.00761722,2.06201
2.8,-0.000730467,1.07525,-0.00720671,2.05374,0,1.0995,-0.00761722,2.06193
2.802,-0.000730467,1.07525,-0.00720671,2.05383,0,1.09952,-0.00757161,2.06193
2.804,-0.000730467,1.07523,-0.00725233,2.05383,3.65234e-05,1.0995,-0.00761722,2.06201
2.806,-0.000730467,1.07525,-0.00720671,2.05383,3.65234e-05,1.09952,-0.00757161,2.06201
2.808,-0.000730467,1.07525,-0.00720671,2.05383,-3.65234e-05,1.09952,-0.00757161,2.06201
2.81,-0.000730467,1.07528,-0.00725233,2.05374,-3.65234e-05,1.09952,-0.00757161,2.06193
2.812,-0.000730467,1.07525,-0.00720671,2.05374,0,1.09952,-0.00757161,2.06193
2.814,-0.000730467,1.07525,-0.00720671,2.05374,3.65234e-05,1.09952,-0.00757161,2.06201
2.816,-0.000730467,1.07525,-0.00720671,2.05374,0,1.0995,-0.00761722,2.06201
2.818,-0.000730467,1.07525,-0.00720671,2.05374,-3.65234e-05,1.09952,-0.00757161,2.06201
2.82,-0.000730467,1.07525,-0.00720671,2.05374,0,1.09952,-0.00757161,2.06201
2.822,-0.000730467,1.07525,-0.00720671,2.05374,0,1.0995,-0.00761722,2.06201
2.824,-0.000730467,1.07523,-0.00725233,2.05374,0,1.09952,-0.00757161,2.06193
2.826,-0.000730467,1.07523,-0.00725233,2.05383,0,1.0995,-0.00761722,2.06193
2.828,-0.000730467,1.07525,-0.00720671,2.05374,0,1.09952,-0.00757161,2.06201
2.83,-0.000730467,1.07528,-0.00725233,2.05374,0,1.0995,-0.00761722,2.06201
2.832,-0.000730467,1.07528,-0.00725233,2.05374,3.65234e-05,1.0995,-0.00761722,2.06193
2.834,-0.000730467,1.07525,-0.00720671,2.05374,0,1.0995,-0.00761722,2.06201
2.836,-0.000730467,1.07525,-0.00720671,2.05374,0,1.09947,-0.00757161,2.06193
2.838,-0.000730467,1.07525,-0.00720671,2.05374,0,1.0995,-0.00761722,2.06193
2.84,-0.000730467,1.07525,-0.00720671,2.05383,0,1.09952,-0.00757161,2.06201
2.842,-0.000730467,1.07525,-0.00720671,2.05374,3.65234e-05,1.0995,-0.00761722,2.06201
2.844,-0.000730467,1.07525,-0.00720671,2.05374,3.65234e-05,1.09947,-0.00766283,2.06193
2.846,-0.000730467,1.07525,-0.00720671,2.05374,0,1.09952,-0.00757161,2.06201
2.848,-0.000730467,1.07525,-0.00720671,2.05383,0,1.0995,-0.007526,2.06193
2.85,-0.000730467,1.07528,-0.00725233,2.05374,0,1.0995,-0.00761722,2.06193
2.852,-0.000730467,1.07525,-0.00720671,2.05374,0,1.09952,-0.00757161,2.06201
2.854,-0.000730467,1.07525,-0.00720671,2.05374,0,1.0995,-0.00761722,2.06201
2.856,-0.000730467,1.07525,-0.00720671,2.05374,0,1.09952,-0.00757161,2.06193
2.858,-0.000730467,1.07525,-0.00720671,2.05374,-3.65234e-05,1.0995,-0.00761722,2.06201
2.86,-0.000730467,1.07525,-0.00720671,2.05374,3.65234e-05,1.0995,-0.00761722,2.06193
2.862,-0.000730467,1.07528,-0.00725233,2.05374,0,1.09947,-0.00757161,2.06201
2.864,-0.000730467,1.07528,-0.00725233,2.05374,0,1.09952,-0.00757161,2.06201
2.866,-0.000730467,1.07525,-0.00720671,2.05374,0,1.09952,-0.00757161,2.06201
2.868,-0.000730467,1.07525,-0.00720671,2.05374,0,1.09952,-0.00757161,2.06201
2.87,-0.000730467,1.07525,-0.00720671,2.05374,0,1.09952,-0.00757161,2.06201
2.872,-0.000730467,1.07528,-0.00725233,2.05383,0,1.0995,-0.00761722,2.06193
2.874,-0.000730467,1.07525,-0.00720671,2.05383,-3.65234e-05,1.0995,-0.00761722,2.06201
2.876,-0.000730467,1.07528,-0.00725233,2.05383,0,1.09952,-0.00757161,2.06201
2.878,-0.00076699,1.07525,-0.00720671,2.05374,0,1.09952,-0.00757161,2.06201
2.88,-0.000730467,1.07525,-0.00720671,2.05374,0,1.09952,-0.00757161,2.06201
2.882,-0.00076699,1.07523,-0.00725233,2.05374,3.65234e-05,1.09947,-0.00757161,2.06201
2.884,-0.00076699,1.07525,-0.00720671,2.05383,3.65234e-05,1.09952,-0.00757161,2.06193
2.886,-0.000730467,1.07525,-0.00720671,2.05374,-3.65234e-05,1.0995,-0.00761722,2.06193
2.888,-0.000730467,1.07525,-0.00720671,2.05374,3.65234e-05,1.09952,-0.00757161,2.06201
2.89,-0.000730467,1.07525,-0.00720671,2.05383,0,1.09952,-0.00757161,2.06201
2.892,-0.000730467,1.07525,-0.00720671,2.05374,0,1.09952,-0.00757161,2.06193
2.894,-0.000730467,1.07525,-0.00720671,2.05374,0,1.09952,-0.00757161,2.06193
2.896,-0.000730467,1.07523,-0.00725233,2.05374,0,1.0995,-0.007526,2.06193
2.898,-0.000730467,1.07525,-0.00720671,2.05374,0,1.09955,-0.007526,2.06193
2.9,-0.000730467,1.07528,-0.00725233,2.05374,0,1.0995,-0.00761722,2.06193
2.902,-0.000730467,1.07528,-0.00725233,2.05374,3.65234e-05,1.0995,-0.00761722,2.06193
2.904,-0.000730467,1.07525,-0.00729794,2.05374,-3.65234e-05,1.0995,-0.00761722,2.06193
2.906,-0.000730467,1.07525,-0.00720671,2.05374,0,1.09952,-0.00757161,2.06193
2.908,-0.00076699,1.07525,-0.00720671,2.05374,0,1.09952,-0.00757161,2.06193
2.91,-0.000730467,1.07523,-0.00725233,2.05374,-3.65234e-05,1.09952,-0.00757161,2.06201
2.912,-0.000730467,1.07525,-0.00720671,2.05374,0,1.0995,-0.00761722,2.06201
2.914,-0.00076699,1.07523,-0.00725233,2.05374,3.65234e-05,1.09947,-0.00757161,2.06193
2.916,-0.000730467,1.07525,-0.00720671,2.05374,3.65234e-05,1.09947,-0.00757161,2.06201
2.918,-0.000730467,1.07525,-0.00720671,2.05374,0,1.0995,-0.007526,2.06201
2.92,-0.000730467,1.07525,-0.00720671,2.05374,3.65234e-05,1.0995,-0.00761722,2.06201
2.922,-0.00076699,1.07525,-0.00720671,2.05374,-3.65234e-05,1.09947,-0.00757161,2.06193
2.924,-0.000730467,1.07525,-0.00720671,2.05374,0,1.0995,-0.007526,2.06193
2.926,-0.000730467,1.07525,-0.00720671,2.05374,0,1.09952,-0.00757161,2.06201
2.928,-0.000730467,1.07525,-0.00720671,2.05374,-3.65234e-05,1.0995,-0.00761722,2.06201
2.93,-0.000730467,1.07528,-0.00725233,2.05383,-3.65234e-05,1.0995,-0.00761722,2.06193
2.932,-0.000730467,1.07525,-0.00720671,2.05383,0,1.09952,-0.00757161,2.06201
2.934,-0.000730467,1.07525,-0.00720671,2.05374,-3.65234e-05,1.0995,-0.00761722,2.06193
2.936,-0.000730467,1.07525,-0.00720671,2.05383,-3.65234e-05,1.0995,-0.00761722,2.06201
2.938,-0.000730467,1.07525,-0.00720671,2.05374,0,1.0995,-0.00761722,2.06193
2.94,-0.000730467,1.07528,-0.00725233,2.05374,0,1.09952,-0.00757161,2.06201
2.942,-0.000730467,1.07528,-0.00725233,2.05374,0,1.09947,-0.00757161,2.06201
2.944,-0.000730467,1.07525,-0.00720671,2.05383,0,1.09952,-0.00757161,2.06201
2.946,-0.000730467,1.07525,-0.00720671,2.05374,0,1.0995,-0.00761722,2.06193
2.948,-0.000730467,1.07523,-0.00725233,2.05383,0,1.0995,-0.00761722,2.06201
2.95,-0.000730467,1.07523,-0.00725233,2.05383,0,1.0995,-0.00761722,2.06193
2.952,-0.000730467,1.07525,-0.00720671,2.05374,-3.65234e-05,1.09947,-0.00757161,2.06201
2.954,-0.000730467,1.07525,-0.00720671,2.05374,3.65234e-05,1.0995,-0.007526,2.06193
2.956,-0.000730467,1.07525,-0.00720671,2.05383,-3.65234e-05,1.0995,-0.007526,2.06193
2.958,-0.000730467,1.07523,-0.00725233,2.05374,3.65234e-05,1.09947,-0.00757161,2.06193
2.96,-0.000730467,1.07528,-0.00725233,2.05374,3.65234e-05,1.09952,-0.00757161,2.06201
2.962,-0.000730467,1.07525,-0.00720671,2.05374,-3.65234e-05,1.0995,-0.00761722,2.06201
2.964,-0.000730467,1.07525,-0.00720671,2.05374,-3.65234e-05,1.09952,-0.00757161,2.06193
2.966,-0.000730467,1.07525,-0.00720671,2.05374,0,1.0995,-0.00761722,2.06201
2.968,-0.000730467,1.07525,-0.00720671,2.05374,3.65234e-05,1.09947,-0.00757161,2.06201
2.97,-0.00076699,1.07528,-0.00725233,2.05383,0,1.0995,-0.007526,2.06201
2.972,-0.000730467,1.07528,-0.00725233,2.05374,0,1.09952,-0.00757161,2.06201
2.974,-0.000730467,1.07525,-0.00720671,2.05374,3.65234e-05,1.0995,-0.00761722,2.06201
2.976,-0.000730467,1.07523,-0.00725233,2.05374,0,1.09952,-0.00757161,2.06193
2.978,-0.000730467,1.07525,-0.00720671,2.05374,-3.65234e-05,1.0995,-0.00761722,2.06193
2.98,-0.000730467,1.07525,-0.00720671,2.05374,3.65234e-05,1.0995,-0.00761722,2.06201
2.982,-0.000730467,1.07525,-0.00720671,2.05374,0,1.0995,-0.00761722,2.06193
2.984,-0.000730467,1.07525,-0.00720671,2.05374,3.65234e-05,1.09952,-0.00757161,2.06193
2.986,-0.000730467,1.07525,-0.00720671,2.05383,3.65234e-05,1.0995,-0.007526,2.06201
2.988,-0.000730467,1.07525,-0.00720671,2.05374,0,1.09952,-0.00757161,2.06201
2.99,-0.000730467,1.07525,-0.00720671,2.05374,0,1.0995,-0.007526,2.06193
2.992,-0.000730467,1.07525,-0.00720671,2.05374,3.65234e-05,1.0995,-0.00761722,2.06193
2.994,-0.000730467,1.07525,-0.00720671,2.05374,0,1.0995,-0.00761722,2.06193
2.996,-0.000730467,1.07525,-0.00720671,2.05374,0,1.0995,-0.00761722,2.06193
2.998,-0.000730467,1.07525,-0.00720671,2.05374,0,1.0995,-0.00761722,2.06201
3,-0.000730467,1.07525,-0.00720671,2.05374,0,1.09952,-0.00757161,2.06201
3.002,-0.000730467,1.07525,-0.00720671,2.05383,0,1.09947,-0.00757161,2.06201
3.004,-0.000730467,1.07528,-0.00725233,2.05374,-3.65234e-05,1.09952,-0.00757161,2.06193
3.006,-0.000730467,1.07525,-0.00720671,2.05374,-3.65234e-05,1.0995,-0.00761722,2.06193
3.008,-0.000730467,1.07523,-0.00725233,2.05374,0,1.0995,-0.00761722,2.06201
3.01,-0.000730467,1.07525,-0.00720671,2.05374,0,1.09952,-0.00757161,2.06201
3.012,-0.000730467,1.07525,-0.00720671,2.05383,0,1.09952,-0.00757161,2.06201
3.014,-0.000730467,1.07528,-0.00725233,2.05383,0,1.09947,-0.00757161,2.06201
3.016,-0.000730467,1.07525,-0.00720671,2.05374,0,1.0995,-0.00761722,2.06193
3.018,-0.000730467,1.07525,-0.00720671,2.05374,-3.65234e-05,1.0995,-0.00761722,2.06193
3.02,-0.000730467,1.07525,-0.00720671,2.05374,0,1.0995,-0.00761722,2.06193
3.022,-0.000730467,1.07525,-0.00720671,2.05374,0,1.0995,-0.00761722,2.06201
3.024,-0.000730467,1.07525,-0.00720671,2.05374,-3.65234e-05,1.0995,-0.00761722,2.06201
3.026,-0.000730467,1.07528,-0.00725233,2.05374,0,1.09952,-0.00757161,2.06201
3.028,-0.000730467,1.07525,-0.00720671,2.05374,0,1.09952,-0.00757161,2.06193
3.03,-0.000730467,1.07525,-0.00720671,2.05374,-3.65234e-05,1.09947,-0.00757161,2.06201
3.032,-0.00076699,1.07528,-0.00725233,2.05374,0,1.0995,-0.00761722,2.06201
3.034,-0.000730467,1.07525,-0.00720671,2.05374,-3.65234e-05,1.09952,-0.00757161,2.06193
3.036,-0.000730467,1.07525,-0.00720671,2.05383,0,1.09952,-0.00757161,2.06201
3.038,-0.000730467,1.07525,-0.00720671,2.05374,0,1.0995,-0.00761722,2.06193
3.04,-0.000730467,1.07523,-0.00725233,2.05374,0,1.0995,-0.00761722,2.06193
3.042,-0.000730467,1.07528,-0.00725233,2.05374,3.65234e-05,1.09947,-0.00757161,2.06201
3.044,-0.000730467,1.07525,-0.00720671,2.05374,-3.65234e-05,1.0995,-0.007526,2.06201
3.046,-0.000730467,1.07525,-0.00720671,2.05374,0,1.09947,-0.00757161,2.06201
3.048,-0.000730467,1.07525,-0.00720671,2.05383,3.65234e-05,1.0995,-0.00761722,2.06201
3.05,-0.000730467,1.07525,-0.00720671,2.05374,-3.65234e-05,1.0995,-0.00761722,2.06193
3.052,-0.000730467,1.07525,-0.00720671,2.05374,0,1.09952,-0.00757161,2.06193
3.054,-0.000730467,1.07525,-0.00720671,2.05374,-3.65234e-05,1.0995,-0.00761722,2.06201
3.056,-0.00076699,1.07525,-0.00720671,2.05374,3.65234e-05,1.09947,-0.00757161,2.06201
3.058,-0.000730467,1.07525,-0.00720671,2.05374,0,1.09952,-0.00757161,2.06193
3.06,-0.000730467,1.07528,-0.00725233,2.05374,0,1.09947,-0.00757161,2.06201
3.062,-0.000730467,1.07523,-0.00725233,2.05374,0,1.09947,-0.00757161,2.06193
3.064,-0.000730467,1.07523,-0.00725233,2.05374,-3.65234e-05,1.0995,-0.007526,2.06193
3.066,-0.000730467,1.07525,-0.00720671,2.05374,0,1.0995,-0.00761722,2.06193
3.068,-0.000730467,1.07525,-0.00720671,2.05374,0,1.0995,-0.007526,2.06201
3.07,-0.000730467,1.07528,-0.00725233,2.05383,0,1.0995,-0.00761722,2.06201
3.072,-0.000730467,1.07523,-0.00725233,2.05374,0,1.0995,-0.007526,2.06193
3.074,-0.000730467,1.07525,-0.00720671,2.05374,-3.65234e-05,1.09952,-0.00757161,2.06201
3.076,-0.00076699,1.07525,-0.00720671,2.05374,3.65234e-05,1.09952,-0.00757161,2.06193
3.078,-0.000730467,1.07525,-0.00720671,2.05374,0,1.0995,-0.00761722,2.06201
3.08,-0.000730467,1.07525,-0.00720671,2.05374,3.65234e-05,1.09947,-0.00757161,2.06193
3.082,-0.000730467,1.07528,-0.00725233,2.05374,0,1.0995,-0.00761722,2.06193
3.084,-0.000730467,1.07528,-0.00725233,2.05374,-3.65234e-05,1.0995,-0.00761722,2.06201
3.086,-0.000730467,1.07525,-0.00720671,2.05383,0,1.09952,-0.00757161,2.06193
3.088,-0.000730467,1.07525,-0.00720671,2.05374,0,1.0995,-0.00761722,2.06193
3.09,-0.000730467,1.07525,-0.00720671,2.05374,0,1.0995,-0.007526,2.06193
3.092,-0.000730467,1.07525,-0.00720671,2.05374,-3.65234e-05,1.0995,-0.00761722,2.06193
3.094,-0.000730467,1.07528,-0.00725233,2.05374,0,1.0995,-0.00761722,2.06193
3.096,-0.000730467,1.07525,-0.00720671,2.05374,0,1.0995,-0.00761722,2.06201
3.098,-0.00076699,1.07525,-0.00720671,2.05374,3.65234e-05,1.0995,-0.00761722,2.06201
3.1,-0.000730467,1.07525,-0.00720671,2.05383,0,1.09952,-0.00757161,2.06193
3.102,-0.000730467,1.07528,-0.00725233,2.05383,-3.65234e-05,1.0995,-0.00761722,2.06193
3.104,-0.000730467,1.07525,-0.00720671,2.05374,7.30467e-05,1.0995,-0.00761722,2.06201
3.106,-0.000730467,1.07525,-0.00720671,2.05383,0,1.09952,-0.00757161,2.06201
3.108,-0.000730467,1.07525,-0.00720671,2.05374,0,1.0995,-0.00761722,2.06201
3.11,-0.000730467,1.07525,-0.00720671,2.05383,3.65234e-05,1.09952,-0.00757161,2.06201
3.112,-0.000730467,1.07525,-0.00720671,2.05374,0,1.0995,-0.00761722,2.06193
3.114,-0.000730467,1.07525,-0.00720671,2.05383,0,1.09952,-0.00757161,2.06201
3.116,-0.000730467,1.07525,-0.00720671,2.05383,3.65234e-05,1.0995,-0.00761722,2.06193
3.118,-0.000730467,1.07525,-0.00720671,2.05374,0,1.0995,-0.00761722,2.06193
3.12,-0.000730467,1.07525,-0.00720671,2.05374,0,1.0995,-0.00761722,2.06201
3.122,-0.000730467,1.07525,-0.00720671,2.05383,3.65234e-05,1.09952,-0.00757161,2.06201
3.124,-0.000730467,1.07525,-0.00720671,2.05374,0,1.09952,-0.00757161,2.06193
3.126,-0.000730467,1.07525,-0.00720671,2.05374,-3.65234e-05,1.09952,-0.00757161,2.06193
3.128,-0.000730467,1.07525,-0.00720671,2.05374,0,1.09952,-0.00757161,2.06201
3.13,-0.000730467,1.07525,-0.00720671,2.05383,0,1.0995,-0.00761722,2.06193
3.132,-0.000730467,1.07525,-0.00720671,2.05383,0,1.0995,-0.00761722,2.06193
3.134,-0.000730467,1.07525,-0.00720671,2.05383,-3.65234e-05,1.0995,-0.00761722,2.06201
3.136,-0.000730467,1.07525,-0.00720671,2.05374,0,1.09947,-0.00757161,2.06201
3.138,-0.000730467,1.07528,-0.00725233,2.05383,0,1.09952,-0.00757161,2.06201
3.14,-0.000730467,1.07525,-0.00720671,2.05374,0,1.09947,-0.00757161,2.06201
3.142,-0.000730467,1.07523,-0.00725233,2.05374,0,1.0995,-0.00761722,2.06193
3.144,-0.000730467,1.07525,-0.00720671,2.05374,0,1.0995,-0.00761722,2.06201
3.146,-0.000730467,1.07525,-0.00720671,2.05374,0,1.09947,-0.00757161,2.06201
3.148,-0.000730467,1.07525,-0.00720671,2.05374,3.65234e-05,1.0995,-0.00761722,2.06193
3.15,-0.000730467,1.07525,-0.00720671,2.05374,0,1.0995,-0.007526,2.06201
3.152,-0.000730467,1.07525,-0.00720671,2.05374,-3.65234e-05,1.0995,-0.007526,2.06201
3.154,-0.000730467,1.07528,-0.00725233,2.05374,0,1.0995,-0.007526,2.06193
3.156,-0.000730467,1.07525,-0.00720671,2.05374,0,1.0995,-0.007526,2.06193
3.158,-0.000730467,1.07523,-0.00725233,2.05374,0,1.0995,-0.00761722,2.06193
3.16,-0.000730467,1.07525,-0.00720671,2.05374,0,1.0995,-0.00761722,2.06201
3.162,-0.000730467,1.07525,-0.00720671,2.05383,0,1.0995,-0.00761722,2.06193
3.164,-0.000730467,1.07525,-0.00720671,2.05383,0,1.0995,-0.007526,2.06201
3.166,-0.000730467,1.07525,-0.00720671,2.05383,0,1.09952,-0.00757161,2.06193
3.168,-0.000730467,1.07525,-0.00720671,2.05374,0,1.09952,-0.00757161,2.06201
3.17,-0.000730467,1.07525,-0.00720671,2.05374,0,1.0995,-0.00761722,2.06201
3.172,-0.000730467,1.07523,-0.00725233,2.05374,3.65234e-05,1.09947,-0.00757161,2.06201
3.174,-0.000730467,1.07525,-0.00720671,2.05374,-3.65234e-05,1.09952,-0.00757161,2.06201
3.176,-0.000730467,1.07525,-0.00720671,2.05374,-3.65234e-05,1.09952,-0.00757161,2.06193
3.178,-0.000730467,1.07525,-0.00720671,2.05383,0,1.09952,-0.00757161,2.06193
3.18,-0.00076699,1.07528,-0.00725233,2.05383,-3.65234e-05,1.0995,-0.007526,2.06193
3.182,-0.000730467,1.07525,-0.00720671,2.05383,0,1.0995,-0.007526,2.06201
3.184,-0.000730467,1.07523,-0.00725233,2.05374,0,1.0995,-0.00761722,2.06201
3.186,-0.000730467,1.07525,-0.00720671,2.05374,0,1.0995,-0.00761722,2.06201
3.188,-0.000730467,1.07528,-0.00725233,2.05374,0,1.0995,-0.00761722,2.06201
3.19,-0.000730467,1.07525,-0.00720671,2.05374,0,1.0995,-0.00761722,2.06193
3.192,-0.000730467,1.07523,-0.00725233,2.05374,0,1.0995,-0.00761722,2.06193
3.194,-0.000730467,1.07523,-0.00725233,2.05383,0,1.09952,-0.00757161,2.06193
3.196,-0.000730467,1.07528,-0.00725233,2.05374,0,1.09947,-0.00757161,2.06201
3.198,-0.000730467,1.07525,-0.00720671,2.05374,3.65234e-05,1.09952,-0.00757161,2.06193
3.2,-0.000730467,1.07525,-0.00720671,2.05374,3.65234e-05,1.09947,-0.00757161,2.06193
3.202,-0.000730467,1.07525,-0.00720671,2.05374,3.65234e-05,1.09952,-0.00757161,2.06201
3.204,-0.000730467,1.07528,-0.00725233,2.05374,3.65234e-05,1.0995,-0.00761722,2.06201
3.206,-0.000730467,1.07528,-0.00725233,2.05383,-3.65234e-05,1.0995,-0.00761722,2.06201
3.208,-0.000730467,1.07525,-0.00720671,2.05374,0,1.0995,-0.00761722,2.06193
3.21,-0.000730467,1.07525,-0.00720671,2.05374,0,1.09952,-0.00757161,2.06201
3.212,-0.000730467,1.07528,-0.00725233,2.05374,-3.65234e-05,1.0995,-0.007526,2.06193
3.214,-0.000730467,1.07525,-0.00720671,2.05374,0,1.09952,-0.00757161,2.06193
3.216,-0.000730467,1.07525,-0.00720671,2.05374,-3.65234e-05,1.09947,-0.00757161,2.06201
3.218,-0.000730467,1.07528,-0.00725233,2.05374,0,1.09952,-0.00757161,2.06201
3.22,-0.000730467,1.07525,-0.00720671,2.05374,0,1.0995,-0.00761722,2.06193
3.222,-0.000730467,1.07525,-0.00720671,2.05383,0,1.09952,-0.00757161,2.06193
3.224,-0.000730467,1.07525,-0.00720671,2.05374,0,1.0995,-0.00761722,2.06193
3.226,-0.000730467,1.07525,-0.00720671,2.05383,0,1.09952,-0.00757161,2.06201
3.228,-0.000730467,1.07525,-0.00720671,2.05383,0,1.09952,-0.00757161,2.06201
3.23,-0.000730467,1.07528,-0.00725233,2.05374,0,1.0995,-0.00761722,2.06201
3.232,-0.000730467,1.07525,-0.00720671,2.05374,3.65234e-05,1.09952,-0.00757161,2.06193
3.234,-0.000730467,1.07525,-0.00720671,2.05374,0,1.0995,-0.00761722,2.06201
3.236,-0.000730467,1.07525,-0.00720671,2.05374,0,1.09952,-0.00757161,2.06201
3.238,-0.00076699,1.07525,-0.00720671,2.05383,0,1.09947,-0.00757161,2.06201
3.24,-0.000730467,1.07528,-0.00725233,2.05383,0,1.0995,-0.00761722,2.06193
3.242,-0.000730467,1.07525,-0.00720671,2.05374,0,1.0995,-0.00761722,2.06201
3.244,-0.000730467,1.07525,-0.00720671,2.05383,0,1.0995,-0.007526,2.06201
3.246,-0.000730467,1.07523,-0.00725233,2.05374,3.65234e-05,1.09952,-0.00757161,2.06201
3.248,-0.000730467,1.07523,-0.00725233,2.05383,3.65234e-05,1.09952,-0.00757161,2.06193
3.25,-0.000730467,1.07528,-0.00725233,2.05374,-3.65234e-05,1.09952,-0.00757161,2.06193
3.252,-0.000730467,1.07525,-0.00720671,2.05374,-3.65234e-05,1.09952,-0.00757161,2.06201
3.254,-0.000730467,1.07525,-0.00720671,2.05374,0,1.0995,-0.00761722,2.06193
3.256,-0.000730467,1.07525,-0.00720671,2.05374,0,1.0995,-0.00761722,2.06201
3.258,-0.000730467,1.07528,-0.00725233,2.05374,7.30467e-05,1.0995,-0.00761722,2.06201
3.26,-0.000730467,1.07528,-0.00725233,2.05383,0,1.09952,-0.00757161,2.06201
3.262,-0.000730467,1.07525,-0.00720671,2.05383,3.65234e-05,1.09952,-0.00757161,2.06193
3.264,-0.000730467,1.07525,-0.00720671,2.05374,3.65234e-05,1.09952,-0.00757161,2.06193
3.266,-0.000730467,1.07525,-0.00720671,2.05383,0,1.09952,-0.00757161,2.06193
3.268,-0.000730467,1.07528,-0.00725233,2.05374,0,1.09952,-0.00757161,2.06201
3.27,-0.000730467,1.07525,-0.00720671,2.05374,3.65234e-05,1.0995,-0.007526,2.06193
3.272,-0.000730467,1.07528,-0.00725233,2.05374,0,1.0995,-0.00761722,2.06201
3.274,-0.000730467,1.07528,-0.00725233,2.05374,0,1.09952,-0.00757161,2.06193
3.276,-0.000730467,1.07525,-0.00720671,2.05374,3.65234e-05,1.09944,-0.00761722,2.06193
3.278,-0.000730467,1.07528,-0.00725233,2.05383,0,1.09952,-0.00757161,2.06201
3.28,-0.000730467,1.07525,-0.00720671,2.05383,-3.65234e-05,1.0995,-0.00761722,2.06201
3.282,-0.000730467,1.07523,-0.00725233,2.05383,3.65234e-05,1.0995,-0.007526,2.06193
3.284,-0.000730467,1.07523,-0.00725233,2.05374,3.65234e-05,1.09952,-0.00757161,2.06193
3.286,-0.000730467,1.07525,-0.00720671,2.05374,0,1.09952,-0.00757161,2.06193
3.288,-0.000730467,1.07525,-0.00720671,2.05374,3.65234e-05,1.09947,-0.00757161,2.06201
3.29,-0.000730467,1.07525,-0.00720671,2.05374,7.30467e-05,1.09947,-0.00757161,2.06201
3.292,-0.000730467,1.07528,-0.00725233,2.05374,0,1.0995,-0.00761722,2.06193
3.294,-0.000730467,1.07525,-0.00720671,2.05383,0,1.09952,-0.00757161,2.06193
3.296,-0.000730467,1.07525,-0.00720671,2.05383,3.65234e-05,1.09952,-0.00757161,2.06201
3.298,-0.00076699,1.07525,-0.00720671,2.05374,0,1.0995,-0.00761722,2.06201
3.3,-0.000730467,1.07525,-0.00720671,2.05374,0,1.09952,-0.00757161,2.06201
3.302,-0.000730467,1.07525,-0.00720671,2.05374,0,1.0995,-0.00761722,2.06201
3.304,-0.000730467,1.07525,-0.00720671,2.05374,-3.65234e-05,1.0995,-0.007526,2.06193
3.306,-0.000730467,1.07525,-0.00720671,2.05374,0,1.0995,-0.00761722,2.06193
3.308,-0.00076699,1.07525,-0.00720671,2.05374,0,1.09952,-0.00757161,2.06193
3.31,-0.000730467,1.07525,-0.00720671,2.05374,0,1.0995,-0.007526,2.06193
3.312,-0.000730467,1.07528,-0.00725233,2.05374,3.65234e-05,1.0995,-0.00761722,2.06201
3.314,-0.000730467,1.07525,-0.00720671,2.05383,0,1.09952,-0.00757161,2.06201
3.316,-0.000730467,1.07528,-0.00725233,2.05374,0,1.09952,-0.00757161,2.06201
3.318,-0.000730467,1.07525,-0.00720671,2.05374,0,1.0995,-0.00761722,2.06201
3.32,-0.000730467,1.07523,-0.00725233,2.05374,-3.65234e-05,1.09947,-0.00757161,2.06193
3.322,-0.000730467,1.07523,-0.00725233,2.05374,0,1.0995,-0.00761722,2.06201
3.324,-0.000730467,1.07525,-0.00720671,2.05383,0,1.0995,-0.007526,2.06193
3.326,-0.000730467,1.07528,-0.00725233,2.05383,0,1.0995,-0.00761722,2.06201
3.328,-0.000730467,1.07525,-0.00720671,2.05374,0,1.09952,-0.00757161,2.06193
3.33,-0.000730467,1.07528,-0.00725233,2.05374,0,1.0995,-0.00761722,2.06193
3.332,-0.000730467,1.07525,-0.00720671,2.05374,0,1.09952,-0.00757161,2.06193
3.334,-0.000730467,1.07525,-0.00720671,2.05374,0,1.0995,-0.00761722,2.06193
3.336,-0.000730467,1.07525,-0.00720671,2.05374,0,1.0995,-0.007526,2.06193
3.338,-0.000730467,1.07525,-0.00720671,2.05374,0,1.09947,-0.00757161,2.06201
3.34,-0.000730467,1.07525,-0.00720671,2.05383,3.65234e-05,1.0995,-0.007526,2.06193
3.342,-0.00076699,1.07528,-0.00725233,2.05383,0,1.09952,-0.00757161,2.06193
3.344,-0.000730467,1.07525,-0.00720671,2.05374,0,1.0995,-0.007526,2.06193
3.346,-0.000730467,1.07525,-0.00720671,2.05374,0,1.09952,-0.00757161,2.06201
3.348,-0.000730467,1.07525,-0.00720671,2.05374,3.65234e-05,1.0995,-0.00761722,2.06201
3.35,-0.000730467,1.07525,-0.00720671,2.05374,-3.65234e-05,1.09952,-0.00757161,2.06193
3.352,-0.000730467,1.07525,-0.00720671,2.05374,-3.65234e-05,1.09952,-0.00757161,2.06193
3.354,-0.000730467,1.07525,-0.00720671,2.05374,3.65234e-05,1.09947,-0.00757161,2.06193
3.356,-0.000730467,1.07525,-0.00720671,2.05374,0,1.09952,-0.00757161,2.06193
3.358,-0.000730467,1.07525,-0.00720671,2.05383,3.65234e-05,1.09952,-0.00757161,2.06201
3.36,-0.000730467,1.07525,-0.00720671,2.05374,0,1.09952,-0.00757161,2.06201
3.362,-0.000730467,1.07525,-0.00720671,2.05374,3.65234e-05,1.09952,-0.00757161,2.06193
3.364,-0.000730467,1.07525,-0.00720671,2.05374,0,1.0995,-0.00761722,2.06201
3.366,-0.000730467,1.07525,-0.00720671,2.05374,-3.65234e-05,1.0995,-0.00761722,2.06193
3.368,-0.000730467,1.07525,-0.00720671,2.05374,3.65234e-05,1.0995,-0.00761722,2.06193
3.37,-0.000730467,1.07528,-0.00725233,2.05383,0,1.0995,-0.00761722,2.06201
3.372,-0.000730467,1.07525,-0.00720671,2.05374,0,1.0995,-0.007526,2.06201
3.374,-0.000730467,1.07523,-0.00725233,2.05374,-7.30467e-05,1.0995,-0.007526,2.06201
3.376,-0.000730467,1.07525,-0.00720671,2.05383,0,1.09952,-0.00757161,2.06201
3.378,-0.000730467,1.07525,-0.00720671,2.05374,0,1.0995,-0.00761722,2.06201
3.38,-0.000730467,1.07525,-0.00720671,2.05374,0,1.0995,-0.00761722,2.06201
3.382,-0.000730467,1.07525,-0.00720671,2.05374,0,1.0995,-0.00761722,2.06193
3.384,-0.000730467,1.07525,-0.00720671,2.05383,0,1.0995,-0.00761722,2.06193
3.386,-0.000730467,1.07528,-0.00725233,2.05383,-3.65234e-05,1.09947,-0.00757161,2.06193
3.388,-0.000730467,1.07525,-0.00720671,2.05383,3.65234e-05,1.09952,-0.00757161,2.06201
3.39,-0.000730467,1.07525,-0.00720671,2.05374,3.65234e-05,1.09952,-0.00757161,2.06193
3.392,-0.000730467,1.07525,-0.00720671,2.05374,-3.65234e-05,1.0995,-0.00761722,2.06193
3.394,-0.00076699,1.07525,-0.00720671,2.05374,-3.65234e-05,1.09952,-0.00757161,2.06193
3.396,-0.000730467,1.07525,-0.00720671,2.05374,3.65234e-05,1.09952,-0.00757161,2.06201
3.398,-0.000730467,1.07528,-0.00725233,2.05374,-3.65234e-05,1.0995,-0.00761722,2.06193
3.4,-0.000730467,1.07525,-0.00720671,2.05374,3.65234e-05,1.0995,-0.007526,2.06201
3.402,-0.000730467,1.07525,-0.00720671,2.05374,0,1.09952,-0.00757161,2.06193
3.404,-0.000730467,1.07525,-0.00720671,2.05374,3.65234e-05,1.09952,-0.00757161,2.06193
3.406,-0.000730467,1.07525,-0.00720671,2.05374,3.65234e-05,1.0995,-0.00761722,2.06201
3.408,-0.000730467,1.07525,-0.00720671,2.05374,3.65234e-05,1.09952,-0.00757161,2.06193
3.41,-0.000730467,1.07525,-0.00720671,2.05374,0,1.09947,-0.00757161,2.06201
3.412,-0.000730467,1.07525,-0.00720671,2.05374,0,1.09952,-0.00757161,2.06193
3.414,-0.000730467,1.07525,-0.00720671,2.05374,0,1.0995,-0.00761722,2.06193
3.416,-0.000730467,1.07525,-0.00720671,2.05374,3.65234e-05,1.0995,-0.00761722,2.06201
3.418,-0.000730467,1.07525,-0.00720671,2.05374,0,1.09947,-0.00757161,2.06201
3.42,-0.000730467,1.07528,-0.00725233,2.05374,0,1.09952,-0.00757161,2.06201
3.422,-0.000730467,1.07525,-0.00720671,2.05383,3.65234e-05,1.09947,-0.00757161,2.06201
3.424,-0.000730467,1.07528,-0.00725233,2.05383,-3.65234e-05,1.0995,-0.00761722,2.06193
3.426,-0.000730467,1.07528,-0.00725233,2.05374,-3.65234e-05,1.09947,-0.00757161,2.06193
3.428,-0.000730467,1.07525,-0.00720671,2.05374,0,1.09952,-0.00757161,2.06201
3.43,-0.000730467,1.07525,-0.00720671,2.05374,3.65234e-05,1.0995,-0.007526,2.06201
3.432,-0.000730467,1.07525,-0.00720671,2.05374,3.65234e-05,1.09952,-0.00757161,2.06193
3.434,-0.000730467,1.07525,-0.00720671,2.05374,0,1.09952,-0.00757161,2.06193
3.436,-0.000730467,1.07525,-0.00720671,2.05383,0,1.0995,-0.00761722,2.06201
3.438,-0.000730467,1.07525,-0.00720671,2.05374,0,1.09952,-0.00757161,2.06193
3.44,-0.000730467,1.07528,-0.00725233,2.05374,-3.65234e-05,1.0995,-0.007526,2.06193
3.442,-0.000730467,1.07528,-0.00725233,2.05374,0,1.0995,-0.007526,2.06201
3.444,-0.000730467,1.07528,-0.00725233,2.05374,0,1.09952,-0.00757161,2.06193
3.446,-0.000730467,1.07525,-0.00720671,2.05374,3.65234e-05,1.0995,-0.00761722,2.06193
3.448,-0.000730467,1.07525,-0.00720671,2.05374,0,1.0995,-0.00761722,2.06201
3.45,-0.000730467,1.07525,-0.00720671,2.05383,0,1.09952,-0.00757161,2.06201
3.452,-0.000730467,1.07528,-0.00725233,2.05374,0,1.0995,-0.007526,2.06193
3.454,-0.000730467,1.07528,-0.00725233,2.05383,0,1.0995,-0.007526,2.06193
3.456,-0.000730467,1.07525,-0.00720671,2.05374,3.65234e-05,1.09947,-0.00757161,2.06201
3.458,-0.000730467,1.07525,-0.00720671,2.05374,0,1.09947,-0.00757161,2.06201
3.46,-0.000730467,1.07525,-0.00720671,2.05374,0,1.0995,-0.00761722,2.06201
3.462,-0.000730467,1.07525,-0.00720671,2.05374,0,1.0995,-0.00761722,2.06201
3.464,-0.000730467,1.07525,-0.00720671,2.05374,0,1.0995,-0.00761722,2.06193
3.466,-0.000730467,1.07523,-0.00725233,2.05374,0,1.09952,-0.00757161,2.06201
3.468,-0.000730467,1.07523,-0.00725233,2.05374,0,1.09952,-0.00757161,2.06193
3.47,-0.000730467,1.07525,-0.00720671,2.05374,0,1.0995,-0.00761722,2.06193
3.472,-0.000730467,1.07525,-0.00720671,2.05374,0,1.0995,-0.00761722,2.06193
3.474,-0.000730467,1.07525,-0.00720671,2.05374,0,1.0995,-0.00761722,2.06201
3.476,-0.000730467,1.07525,-0.00720671,2.05374,0,1.09952,-0.00757161,2.06193
3.478,-0.000730467,1.07525,-0.00720671,2.05374,-3.65234e-05,1.0995,-0.007526,2.06193
3.48,-0.000730467,1.07528,-0.00725233,2.05374,0,1.09952,-0.00757161,2.06193
3.482,-0.000730467,1.07525,-0.00720671,2.05374,0,1.0995,-0.00761722,2.06193
3.484,-0.00076699,1.07525,-0.00720671,2.05383,0,1.0995,-0.007526,2.06201
3.486,-0.00076699,1.07525,-0.00720671,2.05374,0,1.09952,-0.00757161,2.06201
3.488,-0.00076699,1.07525,-0.00720671,2.05374,0,1.09947,-0.00757161,2.06201
3.49,-0.000730467,1.07525,-0.00720671,2.05374,-3.65234e-05,1.0995,-0.00761722,2.06193
3.492,-0.000730467,1.07528,-0.00725233,2.05374,-3.65234e-05,1.09947,-0.00757161,2.06193
3.494,-0.000730467,1.07528,-0.00725233,2.05383,0,1.09947,-0.00757161,2.06193
3.496,-0.000730467,1.07525,-0.00720671,2.05374,3.65234e-05,1.0995,-0.00761722,2.06201
3.498,-0.000730467,1.07525,-0.00720671,2.05383,3.65234e-05,1.0995,-0.00761722,2.06201
3.5,-0.000730467,1.07525,-0.00720671,2.05374,3.65234e-05,1.09952,-0.00757161,2.06193
3.502,-0.000730467,1.07525,-0.00720671,2.05374,-3.65234e-05,1.0995,-0.00761722,2.06193
3.504,-0.000730467,1.07525,-0.00720671,2.05374,0,1.09952,-0.00757161,2.06193
3.506,-0.000730467,1.07525,-0.00720671,2.05374,0,1.09952,-0.00757161,2.06201
3.508,-0.000730467,1.07523,-0.00725233,2.05374,0,1.09947,-0.00757161,2.06193
3.51,-0.000730467,1.07525,-0.00720671,2.05374,0,1.09947,-0.00757161,2.06193
3.512,-0.000730467,1.07528,-0.00725233,2.05374,3.65234e-05,1.0995,-0.00761722,2.06193
3.514,-0.000730467,1.07525,-0.00720671,2.05374,-3.65234e-05,1.0995,-0.00761722,2.06193
3.516,-0.000730467,1.07528,-0.00725233,2.05374,3.65234e-05,1.09947,-0.00757161,2.06193
3.518,-0.00076699,1.07525,-0.00720671,2.05374,0,1.09947,-0.00757161,2.06193
3.52,-0.000730467,1.07525,-0.00720671,2.05374,0,1.09947,-0.00757161,2.06193
3.522,-0.000730467,1.07523,-0.00725233,2.05374,0,1.0995,-0.00761722,2.06201
3.524,-0.000730467,1.07525,-0.00720671,2.05374,0,1.09947,-0.00766283,2.06193
3.526,-0.000730467,1.07525,-0.00720671,2.05374,0,1.0995,-0.007526,2.06193
3.528,-0.000730467,1.07525,-0.00720671,2.05374,0,1.0995,-0.00761722,2.06201
3.53,-0.000730467,1.07525,-0.00720671,2.05374,0,1.09947,-0.00757161,2.06193
3.532,-0.00076699,1.07528,-0.00725233,2.05374,3.65234e-05,1.09952,-0.00757161,2.06193
3.534,-0.000730467,1.07525,-0.00720671,2.05374,0,1.0995,-0.00761722,2.06193
3.536,-0.00076699,1.07525,-0.00720671,2.05374,3.65234e-05,1.0995,-0.007526,2.06201
3.538,-0.00076699,1.07525,-0.00720671,2.05374,-3.65234e-05,1.09952,-0.00757161,2.06193
3.54,-0.00076699,1.07525,-0.00720671,2.05374,0,1.0995,-0.00761722,2.06201
3.542,-0.000730467,1.07523,-0.00725233,2.05383,-3.65234e-05,1.09947,-0.00757161,2.06201
3.544,-0.000730467,1.07523,-0.00725233,2.05374,0,1.0995,-0.00761722,2.06193
3.546,-0.000730467,1.07525,-0.00720671,2.05374,0,1.09952,-0.00757161,2.06193
3.548,-0.000730467,1.07525,-0.00720671,2.05374,0,1.0995,-0.007526,2.06193
3.55,-0.000730467,1.07528,-0.00725233,2.05374,-3.65234e-05,1.0995,-0.007526,2.06193
3.552,-0.000730467,1.07525,-0.00720671,2.05374,0,1.09952,-0.00757161,2.06201
3.554,-0.000730467,1.07528,-0.00725233,2.05374,3.65234e-05,1.09947,-0.00757161,2.06193
3.556,-0.000730467,1.07525,-0.00720671,2.05374,0,1.09952,-0.00757161,2.06201
3.558,-0.000730467,1.07525,-0.00720671,2.05374,0,1.0995,-0.007526,2.06193
3.56,-0.000730467,1.07525,-0.00720671,2.05374,0,1.0995,-0.00761722,2.06193
3.562,-0.000730467,1.07525,-0.00720671,2.05374,0,1.0995,-0.007526,2.06201
3.564,-0.000730467,1.07525,-0.00720671,2.05374,0,1.0995,-0.007526,2.06201
3.566,-0.000730467,1.07525,-0.00720671,2.05374,0,1.0995,-0.007526,2.06201
3.568,-0.000730467,1.07525,-0.00720671,2.05374,-3.65234e-05,1.09947,-0.00757161,2.06201
3.57,-0.000730467,1.07525,-0.00720671,2.05374,-3.65234e-05,1.09952,-0.00757161,2.06193
3.572,-0.00076699,1.07525,-0.00720671,2.05383,-3.65234e-05,1.0995,-0.007526,2.06193
3.574,-0.000730467,1.07525,-0.00720671,2.05374,0,1.09952,-0.00757161,2.06193
3.576,-0.000730467,1.07525,-0.00720671,2.05374,0,1.09952,-0.00757161,2.06201
3.578,-0.000730467,1.07523,-0.00725233,2.05374,-3.65234e-05,1.0995,-0.007526,2.06193
3.58,-0.000730467,1.07525,-0.00720671,2.05374,0,1.09952,-0.00757161,2.06193
3.582,-0.000730467,1.07525,-0.00720671,2.05374,0,1.09952,-0.00757161,2.06201
3.584,-0.000730467,1.07525,-0.00720671,2.05383,3.65234e-05,1.0995,-0.00761722,2.06193
3.586,-0.000730467,1.07525,-0.00720671,2.05374,0,1.0995,-0.007526,2.06193
3.588,-0.000730467,1.07525,-0.00720671,2.05374,0,1.0995,-0.007526,2.06201
3.59,-0.000730467,1.07525,-0.00720671,2.05374,0,1.09952,-0.00757161,2.06193
3.592,-0.000730467,1.07525,-0.00720671,2.05374,3.65234e-05,1.09952,-0.00757161,2.06201
3.594,-0.000730467,1.07528,-0.00725233,2.05374,0,1.0995,-0.00761722,2.06193
3.596,-0.000730467,1.07525,-0.00720671,2.05374,0,1.0995,-0.00761722,2.06193
3.598,-0.000730467,1.07525,-0.00720671,2.05383,0,1.0995,-0.00761722,2.06193
3.6,-0.000730467,1.07525,-0.00720671,2.05383,0,1.09952,-0.00757161,2.06193
3.602,-0.000730467,1.07525,-0.00720671,2.05374,-3.65234e-05,1.0995,-0.00761722,2.06193
3.604,-0.000730467,1.07525,-0.00720671,2.05374,3.65234e-05,1.09947,-0.00757161,2.06201
3.606,-0.000730467,1.07525,-0.00720671,2.05374,-3.65234e-05,1.0995,-0.007526,2.06201
3.608,-0.000730467,1.07525,-0.00720671,2.05383,3.65234e-05,1.09952,-0.00757161,2.06193
3.61,-0.000730467,1.07525,-0.00720671,2.05383,-3.65234e-05,1.0995,-0.00761722,2.06193
3.612,-0.000730467,1.07528,-0.00725233,2.05374,3.65234e-05,1.0995,-0.00761722,2.06193
3.614,-0.000730467,1.07525,-0.00720671,2.05383,0,1.09952,-0.00757161,2.06201
3.616,-0.000730467,1.07525,-0.00720671,2.05383,0,1.09952,-0.00757161,2.06193
3.618,-0.000730467,1.07525,-0.00720671,2.05383,0,1.09947,-0.00757161,2.06201
3.62,-0.000730467,1.07525,-0.00720671,2.05383,0,1.0995,-0.00761722,2.06193
3.622,-0.000730467,1.07525,-0.00720671,2.05383,0,1.0995,-0.007526,2.06193
3.624,-0.00076699,1.07525,-0.00720671,2.05383,0,1.09952,-0.00757161,2.06201
3.626,-0.000730467,1.07525,-0.00720671,2.05374,-3.65234e-05,1.09952,-0.00757161,2.06193
3.628,-0.000730467,1.07525,-0.00720671,2.05374,0,1.09952,-0.00757161,2.06201
3.63,-0.000730467,1.07523,-0.00725233,2.05383,0,1.09952,-0.00757161,2.06193
3.632,-0.000730467,1.07523,-0.00725233,2.05383,-3.65234e-05,1.0995,-0.00761722,2.06201
3.634,-0.000730467,1.07525,-0.00720671,2.05383,0,1.09952,-0.00757161,2.06201
3.636,-0.000730467,1.07525,-0.00720671,2.05383,3.65234e-05,1.09947,-0.00757161,2.06193
3.638,-0.000730467,1.07525,-0.00720671,2.05374,-3.65234e-05,1.09952,-0.00757161,2.06201
3.64,-0.000730467,1.07525,-0.00720671,2.05374,3.65234e-05,1.0995,-0.00761722,2.06193
3.642,-0.000730467,1.07528,-0.00725233,2.05374,3.65234e-05,1.09952,-0.00757161,2.06201
3.644,-0.000730467,1.07525,-0.00720671,2.05374,0,1.0995,-0.00761722,2.06193
3.646,-0.000730467,1.07525,-0.00720671,2.05374,0,1.09952,-0.00757161,2.06193
3.648,-0.000730467,1.07528,-0.00725233,2.05383,0,1.0995,-0.007526,2.06193
3.65,-0.00076699,1.07525,-0.00720671,2.05383,-3.65234e-05,1.09947,-0.00757161,2.06201
3.652,-0.000730467,1.07525,-0.00720671,2.05383,0,1.0995,-0.00761722,2.06201
3.654,-0.000730467,1.07525,-0.00720671,2.05374,3.65234e-05,1.09952,-0.00757161,2.06193
3.656,-0.000730467,1.07525,-0.00720671,2.05374,-3.65234e-05,1.09947,-0.00757161,2.06193
3.658,-0.000730467,1.07528,-0.00725233,2.05374,3.65234e-05,1.09952,-0.00757161,2.06201
3.66,-0.000730467,1.07528,-0.00725233,2.05374,-3.65234e-05,1.0995,-0.00761722,2.06201
3.662,-0.000730467,1.07525,-0.00720671,2.05374,0,1.0995,-0.00761722,2.06201
3.664,-0.000730467,1.07525,-0.00720671,2.05383,0,1.0995,-0.00761722,2.06201
3.666,-0.000730467,1.07525,-0.00720671,2.05383,-3.65234e-05,1.09952,-0.00757161,2.06201
3.668,-0.000730467,1.07525,-0.00720671,2.05374,0,1.09952,-0.00757161,2.06201
3.67,-0.000730467,1.07525,-0.00720671,2.05374,0,1.09952,-0.00757161,2.06193
3.672,-0.000730467,1.07525,-0.00720671,2.05374,0,1.0995,-0.00761722,2.06201
3.674,-0.000730467,1.07528,-0.00725233,2.05374,0,1.09952,-0.00757161,2.06193
3.676,-0.000730467,1.07528,-0.00725233,2.05374,0,1.0995,-0.00761722,2.06193
3.678,-0.000730467,1.07528,-0.00725233,2.05374,3.65234e-05,1.09952,-0.00757161,2.06201
3.68,-0.000730467,1.07528,-0.00725233,2.05374,-3.65234e-05,1.0995,-0.00761722,2.06193
3.682,-0.000730467,1.07525,-0.00720671,2.05383,0,1.0995,-0.00761722,2.06201
3.684,-0.000730467,1.07525,-0.00720671,2.05383,0,1.0995,-0.007526,2.06193
3.686,-0.000730467,1.07525,-0.00720671,2.05383,3.65234e-05,1.09952,-0.00757161,2.06201
3.688,-0.000730467,1.07523,-0.00725233,2.05374,0,1.09947,-0.00757161,2.06193
3.69,-0.000693944,1.07523,-0.00725233,2.05374,0,1.09952,-0.00757161,2.06201
3.692,-0.000693944,1.07523,-0.00725233,2.05374,0,1.09952,-0.00757161,2.06193
3.694,-0.000730467,1.07525,-0.00720671,2.05374,0,1.0995,-0.00761722,2.06201
3.696,-0.000730467,1.07528,-0.0071611,2.05374,3.65234e-05,1.0995,-0.00761722,2.06193
3.698,-0.000730467,1.07528,-0.0071611,2.05374,3.65234e-05,1.09952,-0.00757161,2.06193
3.7,-0.000730467,1.07525,-0.00720671,2.05383,3.65234e-05,1.0995,-0.007526,2.06193
3.702,-0.000730467,1.07525,-0.00720671,2.05374,0,1.09947,-0.00757161,2.06201
3.704,-0.000730467,1.07525,-0.00720671,2.05374,0,1.09952,-0.00757161,2.06193
3.706,-0.000730467,1.07525,-0.00720671,2.05374,0,1.0995,-0.00761722,2.06201
3.708,-0.000730467,1.07525,-0.00720671,2.05374,-3.65234e-05,1.0995,-0.007526,2.06193
3.71,-0.000730467,1.07525,-0.00720671,2.05383,3.65234e-05,1.09952,-0.00757161,2.06193
3.712,-0.000730467,1.07525,-0.00720671,2.05374,-3.65234e-05,1.09952,-0.00757161,2.06201
3.714,-0.000730467,1.07525,-0.00720671,2.05374,3.65234e-05,1.0995,-0.007526,2.06201
3.716,-0.000730467,1.07525,-0.00720671,2.05374,3.65234e-05,1.0995,-0.00761722,2.06193
3.718,-0.00076699,1.07528,-0.00725233,2.05374,0,1.09952,-0.00757161,2.06201
3.72,-0.000730467,1.07525,-0.00720671,2.05374,0,1.0995,-0.007526,2.06193
3.722,-0.000730467,1.07525,-0.00720671,2.05374,0,1.09947,-0.00757161,2.06193
3.724,-0.000730467,1.07525,-0.00720671,2.05374,0,1.0995,-0.007526,2.06201
3.726,-0.000730467,1.07525,-0.00720671,2.05383,0,1.0995,-0.00761722,2.06193
3.728,-0.000730467,1.07523,-0.00725233,2.05383,0,1.0995,-0.00761722,2.06193
3.73,-0.000730467,1.07525,-0.00720671,2.05374,0,1.09952,-0.00757161,2.06201
3.732,-0.000730467,1.07525,-0.00720671,2.05374,0,1.0995,-0.00761722,2.06201
3.734,-0.000730467,1.07525,-0.00720671,2.05374,0,1.09947,-0.00757161,2.06193
3.736,-0.000730467,1.07525,-0.00720671,2.05383,0,1.0995,-0.007526,2.06201
3.738,-0.000730467,1.07525,-0.00720671,2.05383,-3.65234e-05,1.09947,-0.00757161,2.06193
3.74,-0.000730467,1.07525,-0.00720671,2.05383,0,1.09952,-0.00757161,2.06193
3.742,-0.000730467,1.07528,-0.00725233,2.05383,-3.65234e-05,1.0995,-0.00761722,2.06201
3.744,-0.000730467,1.07525,-0.00720671,2.05383,0,1.09952,-0.00757161,2.06201
3.746,-0.000730467,1.07525,-0.00720671,2.05374,0,1.0995,-0.00761722,2.06193
3.748,-0.000730467,1.07525,-0.00720671,2.05374,0,1.0995,-0.00761722,2.06193
3.75,-0.000730467,1.07525,-0.00720671,2.05374,0,1.09947,-0.00757161,2.06201
3.752,-0.000730467,1.07528,-0.00725233,2.05374,0,1.0995,-0.00761722,2.06201
3.754,-0.00076699,1.07528,-0.00725233,2.05383,0,1.0995,-0.00761722,2.06193
3.756,-0.000730467,1.07528,-0.00725233,2.05383,-3.65234e-05,1.0995,-0.007526,2.06201
3.758,-0.000730467,1.07525,-0.00720671,2.05374,0,1.09952,-0.00757161,2.06193
3.76,-0.000730467,1.07525,-0.00720671,2.05374,0,1.09952,-0.00757161,2.06193
3.762,-0.000730467,1.07525,-0.00720671,2.05374,0,1.0995,-0.00761722,2.06201
3.764,-0.000730467,1.07525,-0.00720671,2.05374,0,1.09952,-0.00757161,2.06201
3.766,-0.000730467,1.07525,-0.00720671,2.05374,0,1.0995,-0.00761722,2.06201
3.768,-0.00076699,1.07525,-0.00720671,2.05374,-3.65234e-05,1.0995,-0.007526,2.06201
3.77,-0.000730467,1.07525,-0.00720671,2.05374,0,1.0995,-0.007526,2.06193
3.772,-0.000730467,1.07525,-0.00720671,2.05374,0,1.09947,-0.00757161,2.06201
3.774,-0.000730467,1.07528,-0.00725233,2.05374,0,1.09952,-0.00757161,2.06201
3.776,-0.000730467,1.07528,-0.00725233,2.05374,-3.65234e-05,1.09952,-0.00757161,2.06201
3.778,-0.000730467,1.07525,-0.00720671,2.05374,3.65234e-05,1.09952,-0.00757161,2.06201
3.78,-0.000730467,1.07525,-0.00720671,2.05374,0,1.0995,-0.00761722,2.06201
3.782,-0.000730467,1.07525,-0.00720671,2.05374,0,1.0995,-0.00761722,2.06201
3.784,-0.000730467,1.07523,-0.00725233,2.05374,3.65234e-05,1.0995,-0.00761722,2.06201
3.786,-0.000730467,1.07525,-0.00720671,2.05383,-3.65234e-05,1.0995,-0.00761722,2.06193
3.788,-0.000730467,1.07528,-0.00725233,2.05383,0,1.0995,-0.00761722,2.06193
3.79,-0.000730467,1.07528,-0.00725233,2.05374,0,1.0995,-0.007526,2.06201
3.792,-0.000730467,1.07525,-0.00720671,2.05374,0,1.09952,-0.00757161,2.06193
3.794,-0.000730467,1.07523,-0.00725233,2.05374,0,1.09947,-0.00757161,2.06201
3.796,-0.000730467,1.07525,-0.00720671,2.05374,0,1.09952,-0.00757161,2.06193
3.798,-0.000730467,1.07525,-0.00720671,2.05374,0,1.09952,-0.00757161,2.06201
3.8,-0.000730467,1.07525,-0.00720671,2.05383,3.65234e-05,1.0995,-0.00761722,2.06201
3.802,-0.000730467,1.07525,-0.00720671,2.05374,0,1.0995,-0.00761722,2.06201
3.804,-0.000730467,1.07525,-0.00720671,2.05374,3.65234e-05,1.09952,-0.00757161,2.06201
3.806,-0.000730467,1.07525,-0.00720671,2.05374,3.65234e-05,1.09952,-0.00757161,2.06193
3.808,-0.000730467,1.07528,-0.00725233,2.05374,0,1.09952,-0.00757161,2.06193
3.81,-0.000730467,1.07528,-0.00725233,2.05374,3.65234e-05,1.09952,-0.00757161,2.06193
3.812,-0.000730467,1.07525,-0.00720671,2.05374,3.65234e-05,1.09952,-0.00757161,2.06193
3.814,-0.000730467,1.07525,-0.00720671,2.05374,0,1.09952,-0.00757161,2.06193
3.816,-0.000730467,1.07525,-0.00720671,2.05374,-3.65234e-05,1.0995,-0.00761722,2.06201
3.818,-0.000730467,1.07528,-0.00725233,2.05374,0,1.09952,-0.00757161,2.06201
3.82,-0.000730467,1.07525,-0.00720671,2.05374,-3.65234e-05,1.09947,-0.00757161,2.06201
3.822,-0.000730467,1.07525,-0.00720671,2.05374,0,1.0995,-0.00761722,2.06193
3.824,-0.000730467,1.07525,-0.00720671,2.05374,0,1.09947,-0.00757161,2.06201
3.826,-0.000730467,1.07525,-0.00720671,2.05383,-3.65234e-05,1.09947,-0.00757161,2.06201
3.828,-0.000730467,1.07528,-0.00725233,2.05374,-3.65234e-05,1.0995,-0.00761722,2.06193
3.83,-0.000730467,1.07525,-0.00720671,2.05383,0,1.0995,-0.00761722,2.06193
3.832,-0.00076699,1.07525,-0.00720671,2.05374,3.65234e-05,1.0995,-0.00761722,2.06193
3.834,-0.000730467,1.07525,-0.00720671,2.05374,0,1.0995,-0.00761722,2.06201
3.836,-0.000730467,1.07525,-0.00720671,2.05374,0,1.0995,-0.007526,2.06193
3.838,-0.000730467,1.07528,-0.00725233,2.05374,0,1.09947,-0.00757161,2.06193
3.84,-0.000730467,1.07528,-0.00725233,2.05374,-3.65234e-05,1.0995,-0.007526,2.06201
3.842,-0.000730467,1.07525,-0.00720671,2.05374,3.65234e-05,1.0995,-0.00761722,2.06201
3.844,-0.000730467,1.07525,-0.00720671,2.05374,0,1.0995,-0.00761722,2.06193
3.846,-0.000730467,1.07528,-0.00725233,2.05374,-3.65234e-05,1.0995,-0.007526,2.06193
3.848,-0.000730467,1.07525,-0.00720671,2.05383,0,1.0995,-0.007526,2.06193
3.85,-0.000730467,1.07525,-0.00720671,2.05374,0,1.09952,-0.00757161,2.06201
3.852,-0.000730467,1.07528,-0.00725233,2.05383,0,1.09947,-0.00757161,2.06201
3.854,-0.000730467,1.07528,-0.00725233,2.05383,0,1.09952,-0.00757161,2.06201
3.856,-0.000730467,1.07525,-0.00720671,2.05374,0,1.0995,-0.00761722,2.06193
3.858,-0.000730467,1.07525,-0.00720671,2.05374,-3.65234e-05,1.09952,-0.00757161,2.06193
3.86,-0.000730467,1.07525,-0.00720671,2.05374,3.65234e-05,1.09952,-0.00757161,2.06193
3.862,-0.000730467,1.07525,-0.00720671,2.05383,3.65234e-05,1.0995,-0.00761722,2.06193
3.864,-0.000730467,1.07525,-0.00720671,2.05383,0,1.09947,-0.00757161,2.06201
3.866,-0.000730467,1.07525,-0.00720671,2.05383,0,1.09947,-0.00757161,2.06201
3.868,-0.000730467,1.07525,-0.00720671,2.05374,0,1.0995,-0.007526,2.06193
3.87,-0.000730467,1.07525,-0.00720671,2.05374,3.65234e-05,1.09947,-0.00757161,2.06193
3.872,-0.000730467,1.07525,-0.00720671,2.05374,3.65234e-05,1.09952,-0.00757161,2.06193
3.874,-0.000730467,1.07525,-0.00720671,2.05383,-3.65234e-05,1.09952,-0.00757161,2.06193
3.876,-0.000730467,1.07525,-0.00720671,2.05383,-3.65234e-05,1.09952,-0.00757161,2.06193
3.878,-0.000730467,1.07525,-0.00720671,2.05383,0,1.09952,-0.00757161,2.06193
3.88,-0.000730467,1.07525,-0.00720671,2.05374,3.65234e-05,1.0995,-0.00761722,2.06193
3.882,-0.000730467,1.07525,-0.00720671,2.05374,3.65234e-05,1.09947,-0.00757161,2.06201
3.884,-0.000730467,1.07525,-0.00720671,2.05374,0,1.0995,-0.007526,2.06193
3.886,-0.00076699,1.07528,-0.00725233,2.05374,-3.65234e-05,1.09947,-0.00757161,2.06193
3.888,-0.000730467,1.07523,-0.00725233,2.05374,0,1.09947,-0.00757161,2.06201
3.89,-0.000730467,1.07525,-0.00720671,2.05374,0,1.0995,-0.00761722,2.06201
3.892,-0.000730467,1.07525,-0.00720671,2.05383,0,1.09952,-0.00757161,2.06193
3.894,-0.000730467,1.07525,-0.00720671,2.05383,0,1.0995,-0.00761722,2.06201
3.896,-0.000730467,1.07528,-0.00725233,2.05374,0,1.09952,-0.00757161,2.06201
3.898,-0.000730467,1.07525,-0.00720671,2.05374,0,1.0995,-0.007526,2.06201
3.9,-0.000730467,1.07525,-0.00720671,2.05374,0,1.09952,-0.00757161,2.06193
3.902,-0.000730467,1.07525,-0.00720671,2.05374,0,1.0995,-0.00761722,2.06193
3.904,-0.000730467,1.07525,-0.00720671,2.05374,0,1.0995,-0.00761722,2.06193
3.906,-0.000730467,1.07525,-0.00720671,2.05374,7.30467e-05,1.09952,-0.00757161,2.06193
3.908,-0.000730467,1.07525,-0.00720671,2.05374,-3.65234e-05,1.0995,-0.00761722,2.06201
3.91,-0.000730467,1.07525,-0.00720671,2.05383,0,1.0995,-0.00761722,2.06193
3.912,-0.000730467,1.07523,-0.00725233,2.05374,3.65234e-05,1.0995,-0.007526,2.06193
3.914,-0.000730467,1.07523,-0.00725233,2.05374,0,1.0995,-0.00761722,2.06193
3.916,-0.000730467,1.07525,-0.00720671,2.05374,0,1.0995,-0.00761722,2.06201
3.918,-0.000730467,1.07525,-0.00720671,2.05374,0,1.09952,-0.00757161,2.06201
3.92,-0.000730467,1.07525,-0.00720671,2.05374,0,1.09947,-0.00757161,2.06193
3.922,-0.00076699,1.07525,-0.00720671,2.05383,0,1.0995,-0.00761722,2.06193
3.924,-0.000730467,1.07525,-0.00720671,2.05383,0,1.0995,-0.007526,2.06193
3.926,-0.000730467,1.07528,-0.00725233,2.05383,3.65234e-05,1.0995,-0.00761722,2.06201
3.928,-0.000730467,1.07525,-0.00720671,2.05383,0,1.09947,-0.00757161,2.06193
3.93,-0.000730467,1.07525,-0.00720671,2.05383,0,1.09952,-0.00757161,2.06201
3.932,-0.000730467,1.07525,-0.00720671,2.05383,0,1.0995,-0.00761722,2.06201
3.934,-0.000730467,1.07525,-0.00720671,2.05374,3.65234e-05,1.09952,-0.00757161,2.06193
3.936,-0.000730467,1.07525,-0.00720671,2.05374,3.65234e-05,1.09947,-0.00757161,2.06193
3.938,-0.000730467,1.07525,-0.00720671,2.05374,0,1.09952,-0.00757161,2.06201
3.94,-0.000730467,1.07525,-0.00720671,2.05374,0,1.09952,-0.00757161,2.06201
3.942,-0.000730467,1.07528,-0.00725233,2.05374,0,1.09952,-0.00757161,2.06201
3.944,-0.000730467,1.07525,-0.00720671,2.05374,-3.65234e-05,1.09947,-0.00757161,2.06201
3.946,-0.000730467,1.07525,-0.00720671,2.05374,0,1.09952,-0.00757161,2.06193
3.948,-0.000730467,1.07525,-0.00720671,2.05374,0,1.09947,-0.00757161,2.06193
3.95,-0.000730467,1.07525,-0.00720671,2.05374,0,1.0995,-0.00761722,2.06201
3.952,-0.000730467,1.07525,-0.00720671,2.05374,-3.65234e-05,1.0995,-0.007526,2.06201
3.954,-0.000730467,1.07525,-0.00720671,2.05383,0,1.09947,-0.00757161,2.06193
3.956,-0.000730467,1.07525,-0.00720671,2.05374,0,1.09952,-0.00757161,2.06193
3.958,-0.000730467,1.07528,-0.00725233,2.05383,3.65234e-05,1.09952,-0.00757161,2.06201
3.96,-0.000730467,1.07525,-0.00720671,2.05374,3.65234e-05,1.0995,-0.00761722,2.06201
3.962,-0.000730467,1.07525,-0.00720671,2.05374,0,1.09952,-0.00757161,2.06201
3.964,-0.000730467,1.07525,-0.00720671,2.05374,-3.65234e-05,1.09952,-0.00757161,2.06201
3.966,-0.000730467,1.07528,-0.00725233,2.05383,0,1.09952,-0.00757161,2.06201
3.968,-0.000730467,1.07528,-0.00725233,2.05374,0,1.09947,-0.00757161,2.06201
3.97,-0.000730467,1.07528,-0.00725233,2.05383,-3.65234e-05,1.09947,-0.00757161,2.06201
3.972,-0.000730467,1.07528,-0.00725233,2.05383,-3.65234e-05,1.0995,-0.00761722,2.06193
3.974,-0.00076699,1.07525,-0.00720671,2.05383,0,1.0995,-0.00761722,2.06193
3.976,-0.000730467,1.07523,-0.00725233,2.05374,0,1.0995,-0.00761722,2.06201
3.978,-0.000730467,1.07525,-0.00720671,2.05374,0,1.09952,-0.00757161,2.06201
3.98,-0.000730467,1.07525,-0.00720671,2.05374,0,1.09952,-0.00757161,2.06201
3.982,-0.000730467,1.07525,-0.00720671,2.05374,3.65234e-05,1.09952,-0.00757161,2.06193
3.984,-0.000730467,1.07525,-0.00720671,2.05383,0,1.09947,-0.00757161,2.06193
3.986,-0.000730467,1.07525,-0.00720671,2.05383,-3.65234e-05,1.09952,-0.00757161,2.06193
3.988,-0.000730467,1.07525,-0.00720671,2.05383,0,1.0995,-0.00761722,2.06193
3.99,-0.000730467,1.07525,-0.00720671,2.05374,0,1.09947,-0.00757161,2.06193
3.992,-0.000730467,1.07525,-0.00720671,2.05374,-3.65234e-05,1.0995,-0.00761722,2.06201
3.994,-0.000693944,1.07525,-0.00720671,2.05383,0,1.0995,-0.00761722,2.06193
3.996,-0.000730467,1.07523,-0.00725233,2.05383,3.65234e-05,1.0995,-0.00761722,2.06201
3.998,-0.000730467,1.07525,-0.00720671,2.05383,3.65234e-05,1.09952,-0.00757161,2.06193
4,-0.000730467,1.07525,-0.00720671,2.05383,0,1.0995,-0.00761722,2.06201
4.002,-0.000730467,1.07528,-0.00725233,2.05383,0,1.0995,-0.00761722,2.06201
4.004,-0.000730467,1.07528,-0.00725233,2.05383,-3.65234e-05,1.0995,-0.00761722,2.06193
4.006,-0.000730467,1.07528,-0.00725233,2.05383,-3.65234e-05,1.09952,-0.00757161,2.06201
4.008,-0.000730467,1.07525,-0.00720671,2.05374,-3.65234e-05,1.0995,-0.00761722,2.06193
4.01,-0.000730467,1.07528,-0.00725233,2.05374,0,1.09952,-0.00757161,2.06193
4.012,-0.00076699,1.07528,-0.00725233,2.05374,0,1.0995,-0.007526,2.06193
4.014,-0.000730467,1.07525,-0.00720671,2.05374,0,1.0995,-0.00761722,2.06201
4.016,-0.000730467,1.07525,-0.00720671,2.05374,-3.65234e-05,1.09952,-0.00757161,2.06201
4.018,-0.000730467,1.07525,-0.00720671,2.05374,3.65234e-05,1.09952,-0.00757161,2.06193
4.02,-0.000730467,1.07525,-0.00720671,2.05374,0,1.0995,-0.00761722,2.06201
4.022,-0.000730467,1.07525,-0.00720671,2.05374,3.65234e-05,1.09952,-0.00757161,2.06201
4.024,-0.000730467,1.07525,-0.00720671,2.05383,0,1.09952,-0.00757161,2.06201
4.026,-0.000730467,1.07525,-0.00720671,2.05383,0,1.0995,-0.00761722,2.06201
4.028,-0.000730467,1.07525,-0.00720671,2.05374,-3.65234e-05,1.09952,-0.00757161,2.06193
4.03,-0.000730467,1.07525,-0.00720671,2.05374,0,1.09947,-0.00757161,2.06193
4.032,-0.000730467,1.07528,-0.00725233,2.05374,-3.65234e-05,1.09947,-0.00757161,2.06201
4.034,-0.000730467,1.07528,-0.00725233,2.05383,3.65234e-05,1.09947,-0.00757161,2.06201
4.036,-0.000730467,1.07525,-0.00720671,2.05383,3.65234e-05,1.09952,-0.00757161,2.06201
4.038,-0.000730467,1.07525,-0.00720671,2.05383,3.65234e-05,1.09952,-0.00757161,2.06193
4.04,-0.000730467,1.07525,-0.00720671,2.05374,0,1.09952,-0.00757161,2.06201
4.042,-0.000730467,1.07525,-0.00720671,2.05383,3.65234e-05,1.09952,-0.00757161,2.06201
4.044,-0.000730467,1.07528,-0.00725233,2.05374,0,1.09947,-0.00766283,2.06201
4.046,-0.000730467,1.07525,-0.00720671,2.05374,0,1.0995,-0.00761722,2.06201
4.048,-0.000730467,1.07525,-0.00720671,2.05374,0,1.09952,-0.00757161,2.06201
4.05,-0.000730467,1.07525,-0.00720671,2.05383,0,1.09947,-0.00757161,2.06193
4.052,-0.000730467,1.07528,-0.00725233,2.05374,0,1.09947,-0.00757161,2.06201
4.054,-0.000730467,1.07528,-0.00725233,2.05374,3.65234e-05,1.09944,-0.00761722,2.06193
4.056,-0.000730467,1.07525,-0.00720671,2.05374,-3.65234e-05,1.09952,-0.00757161,2.06193
4.058,-0.000730467,1.07528,-0.00725233,2.05374,0,1.0995,-0.00761722,2.06201
4.06,-0.000730467,1.07525,-0.00720671,2.05374,0,1.0995,-0.00761722,2.06201
4.062,-0.000730467,1.07525,-0.00720671,2.05374,0,1.0995,-0.00761722,2.06193
4.064,-0.00076699,1.07528,-0.00725233,2.05374,3.65234e-05,1.09947,-0.00757161,2.06193
4.066,-0.000730467,1.07528,-0.00725233,2.05374,0,1.09952,-0.00757161,2.06201
4.068,-0.000730467,1.07525,-0.00720671,2.05374,3.65234e-05,1.09947,-0.00757161,2.06193
4.07,-0.000730467,1.07525,-0.00720671,2.05374,0,1.09952,-0.00757161,2.06193
4.072,-0.000730467,1.07525,-0.00720671,2.05374,0,1.0995,-0.00761722,2.06201
4.074,-0.000730467,1.07525,-0.00720671,2.05383,0,1.09952,-0.00757161,2.06201
4.076,-0.000730467,1.07525,-0.00720671,2.05383,0,1.09952,-0.00757161,2.06201
4.078,-0.000730467,1.07525,-0.00720671,2.05383,0,1.0995,-0.00761722,2.06201
4.08,-0.000730467,1.07525,-0.00720671,2.05383,-3.65234e-05,1.09952,-0.00757161,2.06201
4.082,-0.00076699,1.07528,-0.00725233,2.05383,-3.65234e-05,1.0995,-0.007526,2.06201
4.084,-0.000730467,1.07525,-0.00720671,2.05374,0,1.0995,-0.007526,2.06201
4.086,-0.000730467,1.07528,-0.00725233,2.05374,3.65234e-05,1.0995,-0.007526,2.06193
4.088,-0.000730467,1.07528,-0.00725233,2.05374,0,1.09947,-0.00757161,2.06193
4.09,-0.000730467,1.07525,-0.00720671,2.05374,3.65234e-05,1.0995,-0.007526,2.06201
4.092,-0.000730467,1.07525,-0.00720671,2.05374,3.65234e-05,1.0995,-0.00761722,2.06193
4.094,-0.000730467,1.07525,-0.00720671,2.05374,0,1.09952,-0.00757161,2.06193
4.096,-0.000730467,1.07525,-0.00720671,2.05374,0,1.09952,-0.00757161,2.06201
4.098,-0.000730467,1.07528,-0.00725233,2.05374,0,1.09952,-0.00757161,2.06193
4.1,-0.000730467,1.07525,-0.00720671,2.05383,0,1.09952,-0.00757161,2.06193
4.102,-0.00076699,1.07525,-0.00720671,2.05374,0,1.09952,-0.00757161,2.06193
4.104,-0.000730467,1.07525,-0.00720671,2.05374,0,1.09947,-0.00757161,2.06193
4.106,-0.000730467,1.07525,-0.00720671,2.05374,0,1.09952,-0.00757161,2.06193
4.108,-0.000730467,1.07525,-0.00720671,2.05374,0,1.09952,-0.00757161,2.06201
4.11,-0.000730467,1.07528,-0.00725233,2.05374,0,1.0995,-0.00761722,2.06193
4.112,-0.000730467,1.07525,-0.00720671,2.05383,0,1.0995,-0.00761722,2.06201
4.114,-0.000730467,1.07525,-0.00720671,2.05374,-3.65234e-05,1.0995,-0.007526,2.06193
4.116,-0.000730467,1.07525,-0.00720671,2.05374,0,1.0995,-0.00761722,2.06193
4.118,-0.000730467,1.07525,-0.00720671,2.05374,-3.65234e-05,1.09947,-0.00757161,2.06193
4.12,-0.000730467,1.07523,-0.00725233,2.05383,3.65234e-05,1.0995,-0.007526,2.06201
4.122,-0.000730467,1.07525,-0.00720671,2.05374,0,1.09947,-0.00757161,2.06193
4.124,-0.000730467,1.07525,-0.00720671,2.05383,-3.65234e-05,1.09952,-0.00757161,2.06201
4.126,-0.000730467,1.07525,-0.00720671,2.05383,0,1.09952,-0.00757161,2.06201
4.128,-0.000730467,1.07525,-0.00720671,2.05383,3.65234e-05,1.0995,-0.00761722,2.06193
4.13,-0.000730467,1.07525,-0.00720671,2.05374,0,1.09952,-0.00757161,2.06201
4.132,-0.000730467,1.07525,-0.00720671,2.05383,0,1.09947,-0.00757161,2.06193
4.134,-0.00076699,1.07528,-0.00725233,2.05374,0,1.09952,-0.00757161,2.06193
4.136,-0.000730467,1.07525,-0.00720671,2.05374,3.65234e-05,1.09947,-0.00757161,2.06201
4.138,-0.000730467,1.07528,-0.00725233,2.05374,0,1.09952,-0.00757161,2.06193
4.14,-0.000730467,1.07525,-0.00720671,2.05374,0,1.09952,-0.00757161,2.06193
4.142,-0.000730467,1.07525,-0.00720671,2.05374,0,1.09952,-0.00757161,2.06201
4.144,-0.000730467,1.07525,-0.00720671,2.05374,0,1.0995,-0.00761722,2.06201
4.146,-0.000730467,1.07525,-0.00720671,2.05374,-3.65234e-05,1.0995,-0.00761722,2.06193
4.148,-0.000730467,1.07525,-0.00720671,2.05374,3.65234e-05,1.0995,-0.00761722,2.06193
4.15,-0.000730467,1.07525,-0.00720671,2.05374,0,1.0995,-0.007526,2.06193
4.152,-0.000730467,1.07528,-0.00725233,2.05383,0,1.0995,-0.00761722,2.06193
4.154,-0.000730467,1.07525,-0.00720671,2.05374,0,1.0995,-0.00761722,2.06201
4.156,-0.000730467,1.07525,-0.00720671,2.05374,0,1.09952,-0.00757161,2.06201
4.158,-0.000730467,1.07525,-0.00720671,2.05374,-3.65234e-05,1.09952,-0.00757161,2.06193
4.16,-0.000730467,1.07528,-0.00725233,2.05374,3.65234e-05,1.0995,-0.00761722,2.06193
4.162,-0.000730467,1.07528,-0.00725233,2.05374,0,1.09952,-0.00757161,2.06193
4.164,-0.000730467,1.07525,-0.00720671,2.05374,0,1.0995,-0.00761722,2.06193
4.166,-0.000730467,1.07528,-0.00725233,2.05374,0,1.09952,-0.00757161,2.06201
4.168,-0.000730467,1.07525,-0.00720671,2.05374,3.65234e-05,1.0995,-0.007526,2.06201
4.17,-0.000730467,1.07525,-0.00720671,2.05383,0,1.0995,-0.00761722,2.06193
4.172,-0.000730467,1.07525,-0.00720671,2.05374,-3.65234e-05,1.09952,-0.00757161,2.06201
4.174,-0.000730467,1.07525,-0.00720671,2.05374,0,1.09952,-0.00757161,2.06201
4.176,-0.000730467,1.07525,-0.00720671,2.05383,0,1.0995,-0.00761722,2.06193
4.178,-0.000730467,1.07528,-0.00725233,2.05374,0,1.0995,-0.00761722,2.06193
4.18,-0.000730467,1.07528,-0.00725233,2.05383,3.65234e-05,1.09952,-0.00757161,2.06201
4.182,-0.000730467,1.07528,-0.00725233,2.05383,3.65234e-05,1.0995,-0.007526,2.06201
4.184,-0.000730467,1.07525,-0.00720671,2.05374,-3.65234e-05,1.0995,-0.00761722,2.06201
4.186,-0.000730467,1.07525,-0.00720671,2.05383,0,1.0995,-0.00761722,2.06193
4.188,-0.000730467,1.07528,-0.00725233,2.05374,0,1.0995,-0.00761722,2.06193
4.19,-0.000730467,1.07525,-0.00720671,2.05374,0,1.09952,-0.00757161,2.06201
4.192,-0.000730467,1.07528,-0.00725233,2.05383,-3.65234e-05,1.09952,-0.00757161,2.06201
4.194,-0.000730467,1.07525,-0.00720671,2.05374,0,1.0995,-0.007526,2.06201
4.196,-0.000730467,1.07528,-0.00725233,2.05374,3.65234e-05,1.0995,-0.007526,2.06201
4.198,-0.000730467,1.07525,-0.00720671,2.05374,3.65234e-05,1.09952,-0.00757161,2.06201
4.2,-0.00076699,1.07525,-0.00720671,2.05374,0,1.09947,-0.00757161,2.06193
4.202,-0.000730467,1.07525,-0.00720671,2.05383,0,1.09952,-0.00757161,2.06201
4.204,-0.000730467,1.07525,-0.00720671,2.05374,-3.65234e-05,1.09952,-0.00757161,2.06193
4.206,-0.000730467,1.07525,-0.00720671,2.05374,0,1.0995,-0.00761722,2.06193
4.208,-0.000730467,1.07525,-0.00720671,2.05374,0,1.09952,-0.00757161,2.06201
4.21,-0.000730467,1.07525,-0.00720671,2.05383,0,1.09952,-0.00757161,2.06193
4.212,-0.000730467,1.07525,-0.00720671,2.05374,3.65234e-05,1.09952,-0.00757161,2.06201
4.214,-0.00076699,1.07528,-0.00725233,2.05374,3.65234e-05,1.0995,-0.00761722,2.06193
4.216,-0.000730467,1.07525,-0.00720671,2.05374,0,1.0995,-0.00761722,2.06193
4.218,-0.000730467,1.07525,-0.00720671,2.05374,0,1.0995,-0.00761722,2.06193
4.22,-0.000730467,1.07525,-0.00720671,2.05374,3.65234e-05,1.09947,-0.00757161,2.06201
4.222,-0.000730467,1.07528,-0.00725233,2.05374,0,1.09952,-0.00757161,2.06201
4.224,-0.000730467,1.07528,-0.00725233,2.05374,0,1.0995,-0.007526,2.06201
4.226,-0.000730467,1.07525,-0.00720671,2.05374,0,1.0995,-0.00761722,2.06201
4.228,-0.000730467,1.07525,-0.00720671,2.05383,0,1.09947,-0.00757161,2.06201
4.23,-0.000730467,1.07525,-0.00720671,2.05383,0,1.0995,-0.00761722,2.06193
4.232,-0.000730467,1.07525,-0.00720671,2.05383,0,1.0995,-0.00761722,2.06201
4.234,-0.000730467,1.07525,-0.00720671,2.05383,0,1.0995,-0.00761722,2.06193
4.236,-0.000730467,1.07528,-0.00725233,2.05374,-3.65234e-05,1.09952,-0.00757161,2.06201
4.238,-0.000730467,1.07525,-0.00720671,2.05374,-3.65234e-05,1.0995,-0.00761722,2.06193
4.24,-0.000730467,1.07528,-0.00725233,2.05374,0,1.09952,-0.00757161,2.06201
4.242,-0.000730467,1.07525,-0.00720671,2.05383,3.65234e-05,1.09952,-0.00757161,2.06193
4.244,-0.000730467,1.07528,-0.00725233,2.05374,0,1.09952,-0.00748039,2.06193
4.246,-0.000730467,1.07528,-0.00725233,2.05383,0,1.0995,-0.00761722,2.06193
4.248,-0.000730467,1.07525,-0.00720671,2.05374,3.65234e-05,1.0995,-0.00761722,2.06201
4.25,-0.000730467,1.07525,-0.00720671,2.05374,-3.65234e-05,1.09952,-0.00757161,2.06201
4.252,-0.000730467,1.07525,-0.00720671,2.05383,0,1.09952,-0.00757161,2.06201
4.254,-0.00076699,1.07525,-0.00720671,2.05383,0,1.09952,-0.00757161,2.06193
4.256,-0.000730467,1.07528,-0.00725233,2.05383,0,1.0995,-0.00761722,2.06201
4.258,-0.000730467,1.07528,-0.00725233,2.05383,0,1.0995,-0.007526,2.06193
4.26,-0.000730467,1.07528,-0.00725233,2.05383,3.65234e-05,1.0995,-0.007526,2.06201
4.262,-0.000730467,1.07525,-0.00720671,2.05374,0,1.0995,-0.00761722,2.06201
4.264,-0.000730467,1.07525,-0.00720671,2.05374,-3.65234e-05,1.0995,-0.00761722,2.06201
4.266,-0.000730467,1.07525,-0.00720671,2.05374,0,1.09947,-0.00757161,2.06193
4.268,-0.000730467,1.07528,-0.00725233,2.05374,3.65234e-05,1.0995,-0.00761722,2.06193
4.27,-0.000730467,1.07525,-0.00720671,2.05374,-3.65234e-05,1.09947,-0.00757161,2.06201
4.272,-0.000730467,1.07525,-0.00720671,2.05383,3.65234e-05,1.0995,-0.007526,2.06193
4.274,-0.000730467,1.07525,-0.00720671,2.05383,0,1.0995,-0.007526,2.06193
4.276,-0.000730467,1.07525,-0.00720671,2.05383,-3.65234e-05,1.09952,-0.00757161,2.06201
4.278,-0.000730467,1.07525,-0.00720671,2.05374,0,1.0995,-0.00761722,2.06193
4.28,-0.000730467,1.07525,-0.00720671,2.05374,-3.65234e-05,1.09947,-0.00757161,2.06193
4.282,-0.000730467,1.07525,-0.00720671,2.05383,3.65234e-05,1.0995,-0.00761722,2.06193
4.284,-0.000730467,1.07525,-0.00720671,2.05383,-3.65234e-05,1.0995,-0.007526,2.06193
4.286,-0.000730467,1.07528,-0.00725233,2.05383,0,1.0995,-0.007526,2.06201
4.288,-0.000730467,1.07528,-0.00725233,2.05383,0,1.09952,-0.00757161,2.06201
4.29,-0.000730467,1.07525,-0.00720671,2.05374,0,1.09947,-0.00757161,2.06201
4.292,-0.000730467,1.07525,-0.00720671,2.05383,0,1.0995,-0.007526,2.06193
4.294,-0.000730467,1.07525,-0.00720671,2.05383,0,1.09947,-0.00757161,2.06201
4.296,-0.000730467,1.07525,-0.00720671,2.05374,7.30467e-05,1.0995,-0.00761722,2.06201
4.298,-0.000730467,1.07525,-0.00720671,2.05374,0,1.0995,-0.00761722,2.06193
4.3,-0.000730467,1.07525,-0.00720671,2.05383,3.65234e-05,1.09952,-0.00757161,2.06193
4.302,-0.000730467,1.07525,-0.00720671,2.05383,3.65234e-05,1.0995,-0.007526,2.06201
4.304,-0.000730467,1.07528,-0.00725233,2.05383,0,1.09952,-0.00757161,2.06201
4.306,-0.000730467,1.07525,-0.00720671,2.05374,0,1.09952,-0.00757161,2.06201
4.308,-0.000730467,1.07525,-0.00720671,2.05374,0,1.09947,-0.00757161,2.06201
4.31,-0.000730467,1.07525,-0.00720671,2.05383,3.65234e-05,1.09947,-0.00757161,2.06201
4.312,-0.000730467,1.07525,-0.00720671,2.05383,0,1.0995,-0.00761722,2.06201
4.314,-0.000730467,1.07528,-0.00725233,2.05374,3.65234e-05,1.09952,-0.00757161,2.06193
4.316,-0.000730467,1.07528,-0.00725233,2.05383,3.65234e-05,1.09947,-0.00757161,2.06201
4.318,-0.000730467,1.07525,-0.00720671,2.05374,0,1.0995,-0.00761722,2.06193
4.32,-0.000730467,1.07525,-0.00720671,2.05374,0,1.09955,-0.007526,2.06193
4.322,-0.000730467,1.07528,-0.00725233,2.05374,0,1.0995,-0.007526,2.06201
4.324,-0.000730467,1.07528,-0.00725233,2.05383,0,1.0995,-0.00761722,2.06193
4.326,-0.000730467,1.07528,-0.00725233,2.05374,0,1.09952,-0.00757161,2.06193
4.328,-0.000730467,1.07525,-0.00720671,2.05383,0,1.0995,-0.00761722,2.06201
4.33,-0.00076699,1.07525,-0.00720671,2.05374,0,1.09947,-0.00757161,2.06193
4.332,-0.000730467,1.07525,-0.00720671,2.05374,0,1.0995,-0.00761722,2.06193
4.334,-0.000730467,1.07528,-0.00725233,2.05374,0,1.09947,-0.00757161,2.06201
4.336,-0.000730467,1.07528,-0.00725233,2.05383,-3.65234e-05,1.09947,-0.00757161,2.06201
4.338,-0.000730467,1.07525,-0.00720671,2.05383,0,1.0995,-0.007526,2.06193
4.34,-0.000730467,1.07525,-0.00720671,2.05374,0,1.0995,-0.00761722,2.06201
4.342,-0.000730467,1.07525,-0.00720671,2.05374,0,1.09952,-0.00757161,2.06193
4.344,-0.000730467,1.07525,-0.00720671,2.05374,0,1.0995,-0.00761722,2.06193
4.346,-0.00076699,1.07525,-0.00720671,2.05374,0,1.0995,-0.00761722,2.06193
4.348,-0.000730467,1.07528,-0.00725233,2.05374,0,1.09947,-0.00757161,2.06193
4.35,-0.000730467,1.07525,-0.00720671,2.05374,0,1.09952,-0.00757161,2.06193
4.352,-0.000730467,1.07528,-0.00725233,2.05374,0,1.09952,-0.00757161,2.06193
4.354,-0.000730467,1.07525,-0.00720671,2.05374,0,1.0995,-0.00761722,2.06193
4.356,-0.000730467,1.07525,-0.00720671,2.05374,0,1.0995,-0.00761722,2.06193
4.358,-0.000730467,1.07525,-0.00720671,2.05374,3.65234e-05,1.09952,-0.00757161,2.06201
4.36,-0.000730467,1.07528,-0.00725233,2.05374,-3.65234e-05,1.09947,-0.00757161,2.06193
4.362,-0.000730467,1.07528,-0.00725233,2.05374,0,1.0995,-0.00761722,2.06193
4.364,-0.000730467,1.07525,-0.00720671,2.05374,-3.65234e-05,1.0995,-0.007526,2.06193
4.366,-0.000730467,1.07525,-0.00720671,2.05374,0,1.0995,-0.007526,2.06201
4.368,-0.000730467,1.07525,-0.00720671,2.05383,-3.65234e-05,1.09952,-0.00757161,2.06193
4.37,-0.000730467,1.07525,-0.00720671,2.05374,3.65234e-05,1.0995,-0.007526,2.06201
4.372,-0.000730467,1.07528,-0.00725233,2.05374,0,1.0995,-0.00761722,2.06193
4.374,-0.000730467,1.07528,-0.00725233,2.05374,-3.65234e-05,1.09952,-0.00748039,2.06193
4.376,-0.000730467,1.07525,-0.00720671,2.05383,0,1.0995,-0.00761722,2.06201
4.378,-0.000730467,1.07525,-0.00720671,2.05374,3.65234e-05,1.0995,-0.007526,2.06193
4.38,-0.000730467,1.07525,-0.00720671,2.05374,3.65234e-05,1.09947,-0.00757161,2.06193
4.382,-0.000730467,1.07525,-0.00720671,2.05383,-3.65234e-05,1.09952,-0.00757161,2.06201
4.384,-0.000730467,1.07525,-0.00720671,2.05374,0,1.09952,-0.00757161,2.06201
4.386,-0.000730467,1.07528,-0.00725233,2.05383,0,1.09947,-0.00757161,2.06201
4.388,-0.000730467,1.07528,-0.00725233,2.05383,0,1.09947,-0.00757161,2.06201
4.39,-0.000730467,1.07525,-0.00720671,2.05374,0,1.0995,-0.007526,2.06193
4.392,-0.000730467,1.07528,-0.00725233,2.05374,3.65234e-05,1.0995,-0.00761722,2.06201
4.394,-0.000730467,1.07525,-0.00720671,2.05374,0,1.0995,-0.007526,2.06193
4.396,-0.000730467,1.07525,-0.00720671,2.05374,0,1.09947,-0.00757161,2.06193
4.398,-0.000730467,1.07525,-0.00720671,2.05374,-3.65234e-05,1.09947,-0.00757161,2.06201
4.4,-0.000730467,1.07525,-0.00720671,2.05374,0,1.0995,-0.007526,2.06201
4.402,-0.00076699,1.07525,-0.00720671,2.05374,0,1.09952,-0.00757161,2.06193
4.404,-0.00076699,1.07525,-0.00720671,2.05374,-3.65234e-05,1.09947,-0.00757161,2.06201
4.406,-0.00076699,1.07525,-0.00720671,2.05374,0,1.09952,-0.00757161,2.06193
4.408,-0.000730467,1.07528,-0.00725233,2.05374,0,1.09947,-0.00757161,2.06193
4.41,-0.000730467,1.07525,-0.00720671,2.05374,-3.65234e-05,1.0995,-0.00761722,2.06201
4.412,-0.000730467,1.07525,-0.00720671,2.05374,0,1.09952,-0.00757161,2.06193
4.414,-0.000730467,1.07525,-0.00720671,2.05383,3.65234e-05,1.0995,-0.00761722,2.06193
4.416,-0.000730467,1.07525,-0.00720671,2.05374,0,1.0995,-0.00761722,2.06193
4.418,-0.000730467,1.07525,-0.00720671,2.05374,3.65234e-05,1.09952,-0.00757161,2.06201
4.42,-0.000730467,1.07528,-0.00725233,2.05374,3.65234e-05,1.0995,-0.007526,2.06193
4.422,-0.000730467,1.07525,-0.00720671,2.05383,3.65234e-05,1.09952,-0.00757161,2.06193
4.424,-0.000730467,1.07525,-0.00720671,2.05383,0,1.0995,-0.00761722,2.06193
4.426,-0.000730467,1.07525,-0.00720671,2.05374,3.65234e-05,1.09952,-0.00757161,2.06193
4.428,-0.000730467,1.07525,-0.00720671,2.05374,-3.65234e-05,1.0995,-0.00761722,2.06201
4.43,-0.000730467,1.07528,-0.00725233,2.05383,0,1.09952,-0.00757161,2.06201
4.432,-0.000730467,1.07528,-0.00725233,2.05383,3.65234e-05,1.0995,-0.00761722,2.06201
4.434,-0.000730467,1.07525,-0.00720671,2.05374,0,1.09952,-0.00757161,2.06193
4.436,-0.000730467,1.07525,-0.00720671,2.05383,3.65234e-05,1.09952,-0.00757161,2.06193
4.438,-0.000730467,1.07525,-0.00720671,2.05374,0,1.09947,-0.00757161,2.06201
4.44,-0.000730467,1.07525,-0.00720671,2.05383,-3.65234e-05,1.09952,-0.00757161,2.06201
4.442,-0.000730467,1.07525,-0.00720671,2.05383,0,1.09952,-0.00757161,2.06193
4.444,-0.000730467,1.07525,-0.00720671,2.05383,0,1.0995,-0.00761722,2.06201
4.446,-0.000730467,1.07528,-0.00725233,2.05374,0,1.0995,-0.00761722,2.06201
4.448,-0.000730467,1.07525,-0.00720671,2.05374,0,1.0995,-0.00761722,2.06193
4.45,-0.000730467,1.07525,-0.00720671,2.05374,0,1.0995,-0.007526,2.06193
4.452,-0.000730467,1.07525,-0.00720671,2.05374,0,1.0995,-0.007526,2.06201
4.454,-0.000730467,1.07525,-0.00720671,2.05374,0,1.09952,-0.00757161,2.06193
4.456,-0.000730467,1.07528,-0.00725233,2.05374,3.65234e-05,1.0995,-0.00761722,2.06201
4.458,-0.00076699,1.07525,-0.00720671,2.05374,3.65234e-05,1.0995,-0.00761722,2.06193
4.46,-0.000730467,1.07525,-0.00720671,2.05374,3.65234e-05,1.0995,-0.00761722,2.06201
4.462,-0.000730467,1.07525,-0.00720671,2.05383,0,1.09952,-0.00757161,2.06193
4.464,-0.000730467,1.07525,-0.00720671,2.05374,-3.65234e-05,1.09952,-0.00757161,2.06201
4.466,-0.000730467,1.07528,-0.00725233,2.05374,3.65234e-05,1.09952,-0.00757161,2.06201
4.468,-0.000730467,1.07528,-0.00725233,2.05374,-3.65234e-05,1.0995,-0.007526,2.06201
4.47,-0.000730467,1.07525,-0.00720671,2.05374,0,1.09952,-0.00757161,2.06201
4.472,-0.000730467,1.07525,-0.00720671,2.05374,0,1.09952,-0.00757161,2.06201
4.474,-0.000730467,1.07525,-0.00720671,2.05383,0,1.09947,-0.00757161,2.06193
4.476,-0.000730467,1.07528,-0.00725233,2.05374,0,1.09947,-0.00757161,2.06201
4.478,-0.000730467,1.07528,-0.00725233,2.05374,0,1.09947,-0.00757161,2.06193
4.48,-0.000730467,1.07525,-0.00720671,2.05374,0,1.09947,-0.00757161,2.06201
4.482,-0.000730467,1.07528,-0.00725233,2.05374,-3.65234e-05,1.0995,-0.00761722,2.06201
4.484,-0.000730467,1.07525,-0.00720671,2.05374,0,1.0995,-0.00761722,2.06201
4.486,-0.000730467,1.07525,-0.00720671,2.05374,0,1.09952,-0.00757161,2.06201
4.488,-0.000730467,1.07525,-0.00720671,2.05374,-3.65234e-05,1.0995,-0.00761722,2.06193
4.49,-0.00076699,1.07528,-0.00725233,2.05374,0,1.0995,-0.00761722,2.06193
4.492,-0.000730467,1.07528,-0.00725233,2.05374,0,1.09947,-0.00757161,2.06193
4.494,-0.000730467,1.07528,-0.00725233,2.05374,0,1.0995,-0.00761722,2.06193
4.496,-0.00076699,1.07525,-0.00720671,2.05374,3.65234e-05,1.0995,-0.00761722,2.06201
4.498,-0.000730467,1.07525,-0.00720671,2.05374,0,1.0995,-0.00761722,2.06193
4.5,-0.000730467,1.07525,-0.00720671,2.05374,-3.65234e-05,1.09952,-0.00757161,2.06193
4.502,-0.000730467,1.07525,-0.00720671,2.05374,0,1.0995,-0.007526,2.06201
4.504,-0.000730467,1.07525,-0.00720671,2.05374,-3.65234e-05,1.0995,-0.007526,2.06193
4.506,-0.000730467,1.07525,-0.00720671,2.05383,-3.65234e-05,1.09947,-0.00757161,2.06193
4.508,-0.000730467,1.07528,-0.00725233,2.05383,-3.65234e-05,1.09947,-0.00757161,2.06193
4.51,-0.00076699,1.07525,-0.00720671,2.05383,0,1.09947,-0.00757161,2.06193
4.512,-0.00076699,1.07525,-0.00720671,2.05374,0,1.09947,-0.00757161,2.06201
4.514,-0.00076699,1.07525,-0.00720671,2.05383,0,1.0995,-0.00761722,2.06193
4.516,-0.000730467,1.07525,-0.00720671,2.05374,0,1.0995,-0.00761722,2.06201
4.518,-0.000730467,1.07528,-0.00725233,2.05374,3.65234e-05,1.09952,-0.00757161,2.06201
4.52,-0.000730467,1.07525,-0.00720671,2.05374,3.65234e-05,1.0995,-0.00761722,2.06193
4.522,-0.000730467,1.07525,-0.00720671,2.05374,0,1.0995,-0.007526,2.06193
4.524,-0.000730467,1.07525,-0.00720671,2.05383,-3.65234e-05,1.0995,-0.00761722,2.06193
4.526,-0.000730467,1.07528,-0.00725233,2.05383,7.30467e-05,1.0995,-0.00761722,2.06201
4.528,-0.000730467,1.07528,-0.00725233,2.05374,3.65234e-05,1.0995,-0.00761722,2.06201
4.53,-0.000730467,1.07525,-0.00720671,2.05374,3.65234e-05,1.09952,-0.00757161,2.06201
4.532,-0.000730467,1.07528,-0.00725233,2.05374,0,1.0995,-0.007526,2.06201
4.534,-0.00076699,1.07525,-0.00720671,2.05374,-3.65234e-05,1.09952,-0.00757161,2.06193
4.536,-0.000730467,1.07525,-0.00720671,2.05374,0,1.0995,-0.007526,2.06193
4.538,-0.000730467,1.07528,-0.00725233,2.05374,3.65234e-05,1.09952,-0.00757161,2.06201
4.54,-0.000730467,1.07528,-0.00725233,2.05374,-3.65234e-05,1.09952,-0.00757161,2.06193
4.542,-0.000730467,1.07525,-0.00720671,2.05383,0,1.0995,-0.00761722,2.06201
4.544,-0.000730467,1.07525,-0.00720671,2.05383,0,1.09952,-0.00757161,2.06201
4.546,-0.000730467,1.07525,-0.00720671,2.05374,-3.65234e-05,1.0995,-0.007526,2.06201
4.548,-0.000730467,1.07525,-0.00720671,2.05374,0,1.0995,-0.00761722,2.06201
4.55,-0.000730467,1.07525,-0.00720671,2.05374,3.65234e-05,1.0995,-0.00761722,2.06193
4.552,-0.000730467,1.07528,-0.00725233,2.05374,3.65234e-05,1.0995,-0.007526,2.06193
4.554,-0.000730467,1.07525,-0.00720671,2.05383,0,1.09952,-0.00757161,2.06193
4.556,-0.000730467,1.07525,-0.00720671,2.05383,-3.65234e-05,1.0995,-0.00761722,2.06201
4.558,-0.000730467,1.07525,-0.00720671,2.05383,3.65234e-05,1.0995,-0.00761722,2.06201
4.56,-0.000730467,1.07528,-0.00725233,2.05374,0,1.09947,-0.00757161,2.06201
4.562,-0.000730467,1.07525,-0.00720671,2.05383,0,1.0995,-0.007526,2.06201
4.564,-0.000730467,1.07525,-0.00720671,2.05383,3.65234e-05,1.09947,-0.00757161,2.06201
4.566,-0.000730467,1.07525,-0.00720671,2.05383,3.65234e-05,1.09952,-0.00757161,2.06193
4.568,-0.000730467,1.07525,-0.00720671,2.05383,-3.65234e-05,1.09947,-0.00757161,2.06193
4.57,-0.000730467,1.07525,-0.00720671,2.05383,0,1.0995,-0.00761722,2.06193
4.572,-0.000730467,1.07525,-0.00720671,2.05383,0,1.09947,-0.00757161,2.06201
4.574,-0.000730467,1.07525,-0.00720671,2.05374,3.65234e-05,1.09947,-0.00757161,2.06193
4.576,-0.000730467,1.07528,-0.00725233,2.05374,0,1.0995,-0.007526,2.06193
4.578,-0.000730467,1.07525,-0.00720671,2.05374,3.65234e-05,1.09952,-0.00757161,2.06201
4.58,-0.000730467,1.07525,-0.00720671,2.05374,0,1.09952,-0.00757161,2.06201
4.582,-0.000730467,1.07525,-0.00720671,2.05374,0,1.09947,-0.00757161,2.06193
4.584,-0.000730467,1.07525,-0.00720671,2.05383,-3.65234e-05,1.0995,-0.00761722,2.06193
4.586,-0.000730467,1.07525,-0.00720671,2.05374,3.65234e-05,1.0995,-0.00761722,2.06201
4.588,-0.000730467,1.07525,-0.00720671,2.05374,0,1.09947,-0.00757161,2.06193
4.59,-0.000730467,1.07525,-0.00720671,2.05383,3.65234e-05,1.09947,-0.00757161,2.06201
4.592,-0.00076699,1.07525,-0.00720671,2.05374,0,1.09947,-0.00757161,2.06201
4.594,-0.00076699,1.07525,-0.00720671,2.05383,-3.65234e-05,1.0995,-0.00761722,2.06201
4.596,-0.000730467,1.07528,-0.00725233,2.05374,0,1.0995,-0.00761722,2.06193
4.598,-0.000730467,1.07525,-0.00720671,2.05383,0,1.09952,-0.00757161,2.06201
4.6,-0.000730467,1.07525,-0.00720671,2.05374,0,1.0995,-0.00761722,2.06193
4.602,-0.000730467,1.07525,-0.00720671,2.05383,-3.65234e-05,1.09952,-0.00757161,2.06201
4.604,-0.000730467,1.07528,-0.00725233,2.05374,3.65234e-05,1.0995,-0.007526,2.06193
4.606,-0.00076699,1.07528,-0.00725233,2.05374,0,1.09952,-0.00757161,2.06193
4.608,-0.000730467,1.07528,-0.00725233,2.05374,-3.65234e-05,1.09952,-0.00757161,2.06201
4.61,-0.000730467,1.07525,-0.00720671,2.05374,0,1.0995,-0.00761722,2.06193
4.612,-0.000730467,1.07525,-0.00720671,2.05383,0,1.0995,-0.00761722,2.06201
4.614,-0.000730467,1.07525,-0.00720671,2.05383,0,1.09947,-0.00757161,2.06201
4.616,-0.000730467,1.07528,-0.00725233,2.05374,0,1.0995,-0.00761722,2.06201
4.618,-0.000730467,1.07528,-0.00725233,2.05383,0,1.0995,-0.007526,2.06201
4.62,-0.000730467,1.07528,-0.00725233,2.05374,0,1.0995,-0.007526,2.06193
4.622,-0.000730467,1.07525,-0.00720671,2.05374,0,1.09947,-0.00757161,2.06193
4.624,-0.000730467,1.07525,-0.00720671,2.05374,0,1.09947,-0.00757161,2.06193
4.626,-0.000730467,1.07525,-0.00720671,2.05383,0,1.0995,-0.00761722,2.06193
4.628,-0.000730467,1.07525,-0.00720671,2.05383,-3.65234e-05,1.0995,-0.00761722,2.06201
4.63,-0.000730467,1.07528,-0.00725233,2.05374,0,1.09947,-0.00757161,2.06201
4.632,-0.000730467,1.07525,-0.00720671,2.05374,0,1.0995,-0.00761722,2.06193
4.634,-0.000730467,1.07525,-0.00720671,2.05374,0,1.09947,-0.00757161,2.06193
4.636,-0.000730467,1.07525,-0.00720671,2.05383,0,1.09947,-0.00757161,2.06201
4.638,-0.000730467,1.07525,-0.00720671,2.05383,0,1.0995,-0.007526,2.06193
4.64,-0.000730467,1.07525,-0.00720671,2.05383,0,1.09947,-0.00757161,2.06193
4.642,-0.000730467,1.07528,-0.00725233,2.05374,-3.65234e-05,1.0995,-0.007526,2.06201
4.644,-0.000730467,1.07528,-0.00725233,2.05383,3.65234e-05,1.09952,-0.00757161,2.06201
4.646,-0.000730467,1.07525,-0.00720671,2.05383,0,1.09952,-0.00757161,2.06201
4.648,-0.000730467,1.07525,-0.00720671,2.05374,0,1.0995,-0.00761722,2.06201
4.65,-0.000730467,1.07525,-0.00720671,2.05383,-3.65234e-05,1.0995,-0.00761722,2.06193
4.652,-0.000730467,1.07528,-0.00725233,2.05383,0,1.09952,-0.00757161,2.06193
4.654,-0.000730467,1.07528,-0.00725233,2.05383,3.65234e-05,1.09952,-0.00757161,2.06193
4.656,-0.000730467,1.07525,-0.00720671,2.05374,-3.65234e-05,1.09952,-0.00757161,2.06201
4.658,-0.00076699,1.07525,-0.00720671,2.05374,0,1.09952,-0.00757161,2.06201
4.66,-0.000730467,1.07525,-0.00720671,2.05383,0,1.0995,-0.007526,2.06193
4.662,-0.000730467,1.07528,-0.00725233,2.05383,0,1.09947,-0.00757161,2.06193
4.664,-0.000730467,1.07528,-0.00725233,2.05383,0,1.09952,-0.00757161,2.06193
4.666,-0.000730467,1.07525,-0.00720671,2.05383,3.65234e-05,1.0995,-0.00761722,2.06193
4.668,-0.000730467,1.07525,-0.00720671,2.05383,3.65234e-05,1.0995,-0.007526,2.06201
4.67,-0.000730467,1.07525,-0.00720671,2.05374,0,1.0995,-0.007526,2.06201
4.672,-0.000730467,1.07525,-0.00720671,2.05374,0,1.0995,-0.00761722,2.06201
4.674,-0.000730467,1.07528,-0.00725233,2.05374,0,1.0995,-0.00761722,2.06201
4.676,-0.000730467,1.07528,-0.00725233,2.05374,0,1.09947,-0.00757161,2.06201
4.678,-0.000730467,1.07525,-0.00720671,2.05374,0,1.09952,-0.00757161,2.06193
4.68,-0.000730467,1.07525,-0.00720671,2.05383,0,1.0995,-0.00761722,2.06201
4.682,-0.000730467,1.07525,-0.00720671,2.05383,3.65234e-05,1.0995,-0.00761722,2.06201
4.684,-0.000730467,1.07525,-0.00720671,2.05383,0,1.0995,-0.00761722,2.06201
4.686,-0.000730467,1.07525,-0.00720671,2.05374,0,1.0995,-0.00761722,2.06201
4.688,-0.000730467,1.07528,-0.00725233,2.05383,0,1.09952,-0.00757161,2.06193
4.69,-0.000730467,1.07525,-0.00720671,2.05374,3.65234e-05,1.09952,-0.00757161,2.06193
4.692,-0.000730467,1.07523,-0.00725233,2.05374,0,1.0995,-0.007526,2.06201
4.694,-0.000730467,1.07525,-0.00720671,2.05374,0,1.0995,-0.007526,2.06193
4.696,-0.000730467,1.07525,-0.00720671,2.05383,0,1.09952,-0.00757161,2.06201
4.698,-0.000730467,1.07525,-0.00720671,2.05383,0,1.09947,-0.00757161,2.06201
4.7,-0.000730467,1.07525,-0.00720671,2.05383,-3.65234e-05,1.0995,-0.00761722,2.06193
4.702,-0.000730467,1.07525,-0.00720671,2.05383,0,1.0995,-0.00761722,2.06193
4.704,-0.000730467,1.07525,-0.00720671,2.05374,3.65234e-05,1.09952,-0.00757161,2.06201
4.706,-0.000730467,1.07525,-0.00720671,2.05374,0,1.09952,-0.00757161,2.06193
4.708,-0.000730467,1.07525,-0.00729794,2.05374,0,1.0995,-0.00761722,2.06201
4.71,-0.000730467,1.07525,-0.00720671,2.05374,0,1.09947,-0.00757161,2.06201
4.712,-0.000730467,1.07528,-0.00725233,2.05383,3.65234e-05,1.09947,-0.00757161,2.06193
4.714,-0.000730467,1.07528,-0.00725233,2.05383,-3.65234e-05,1.09947,-0.00757161,2.06201
4.716,-0.000730467,1.07525,-0.00720671,2.05374,-3.65234e-05,1.09947,-0.00757161,2.06201
4.718,-0.000730467,1.07525,-0.00720671,2.05374,3.65234e-05,1.0995,-0.007526,2.06193
4.72,-0.000730467,1.07525,-0.00720671,2.05374,0,1.0995,-0.00761722,2.06193
4.722,-0.000730467,1.07525,-0.00720671,2.05374,0,1.09952,-0.00757161,2.06193
4.724,-0.000730467,1.07525,-0.00720671,2.05374,0,1.0995,-0.007526,2.06193
4.726,-0.000730467,1.07525,-0.00720671,2.05374,3.65234e-05,1.09952,-0.00757161,2.06193
4.728,-0.000730467,1.07528,-0.00725233,2.05374,0,1.0995,-0.00761722,2.06193
4.73,-0.000730467,1.07525,-0.00720671,2.05374,3.65234e-05,1.0995,-0.007526,2.06193
4.732,-0.000730467,1.07525,-0.00720671,2.05383,0,1.09952,-0.00757161,2.06201
4.734,-0.000730467,1.07528,-0.00725233,2.05383,0,1.0995,-0.00761722,2.06201
4.736,-0.000730467,1.07528,-0.00725233,2.05374,0,1.0995,-0.00761722,2.06201
4.738,-0.000730467,1.07528,-0.00725233,2.05383,-3.65234e-05,1.09952,-0.00757161,2.06201
4.74,-0.000730467,1.07525,-0.00720671,2.05374,0,1.09952,-0.00757161,2.06201
4.742,-0.000730467,1.07525,-0.00720671,2.05383,3.65234e-05,1.0995,-0.00761722,2.06193
4.744,-0.000730467,1.07523,-0.00725233,2.05383,0,1.0995,-0.007526,2.06193
4.746,-0.000730467,1.07525,-0.00720671,2.05374,0,1.0995,-0.00761722,2.06193
4.748,-0.000730467,1.07528,-0.00725233,2.05383,0,1.09947,-0.00757161,2.06193
4.75,-0.000730467,1.07525,-0.00720671,2.05374,0,1.09947,-0.00757161,2.06201
4.752,-0.000730467,1.07528,-0.00725233,2.05374,0,1.0995,-0.007526,2.06201
4.754,-0.000730467,1.07525,-0.00720671,2.05374,3.65234e-05,1.0995,-0.007526,2.06201
4.756,-0.00076699,1.07525,-0.00720671,2.05374,3.65234e-05,1.0995,-0.00761722,2.06201
4.758,-0.000730467,1.07525,-0.00720671,2.05374,3.65234e-05,1.0995,-0.00761722,2.06193
4.76,-0.000730467,1.07525,-0.00720671,2.05383,3.65234e-05,1.0995,-0.007526,2.06193
4.762,-0.000730467,1.07525,-0.00720671,2.05383,0,1.09947,-0.00757161,2.06201
4.764,-0.000730467,1.07525,-0.00720671,2.05383,3.65234e-05,1.0995,-0.007526,2.06201
4.766,-0.00076699,1.07528,-0.00725233,2.05383,0,1.09952,-0.00757161,2.06201
4.768,-0.000730467,1.07528,-0.00725233,2.05374,3.65234e-05,1.0995,-0.00761722,2.06201
4.77,-0.000730467,1.07525,-0.00720671,2.05383,0,1.09952,-0.00757161,2.06193
4.772,-0.000730467,1.07528,-0.0071611,2.05374,-3.65234e-05,1.0995,-0.00761722,2.06193
4.774,-0.000730467,1.07525,-0.00720671,2.05374,-3.65234e-05,1.09952,-0.00757161,2.06201
4.776,-0.000730467,1.07525,-0.00720671,2.05374,0,1.0995,-0.00761722,2.06201
4.778,-0.000730467,1.07528,-0.00725233,2.05374,0,1.0995,-0.00761722,2.06193
4.78,-0.000730467,1.07525,-0.00720671,2.05383,0,1.0995,-0.00761722,2.06201
4.782,-0.000730467,1.07525,-0.00720671,2.05383,0,1.0995,-0.007526,2.06193
4.784,-0.000730467,1.07525,-0.00720671,2.05383,3.65234e-05,1.09947,-0.00757161,2.06193
4.786,-0.000730467,1.07528,-0.00725233,2.05383,0,1.09952,-0.00757161,2.06193
4.788,-0.000730467,1.07525,-0.00720671,2.05374,0,1.09952,-0.00757161,2.06193
4.79,-0.000730467,1.07525,-0.00720671,2.05374,0,1.09947,-0.00757161,2.06201
4.792,-0.000730467,1.07525,-0.00720671,2.05374,3.65234e-05,1.09952,-0.00757161,2.06201
4.794,-0.000730467,1.07525,-0.00720671,2.05383,0,1.0995,-0.00761722,2.06193
4.796,-0.000730467,1.07528,-0.00725233,2.05383,0,1.09947,-0.00757161,2.06193
4.798,-0.000730467,1.07525,-0.00720671,2.05383,0,1.09952,-0.00757161,2.06201
4.8,-0.000730467,1.07528,-0.00725233,2.05374,3.65234e-05,1.09947,-0.00757161,2.06193
4.802,-0.000730467,1.07525,-0.00720671,2.05374,-3.65234e-05,1.09952,-0.00757161,2.06201
4.804,-0.000730467,1.07525,-0.00720671,2.05383,0,1.09947,-0.00757161,2.06193
4.806,-0.000730467,1.07525,-0.00720671,2.05383,0,1.0995,-0.00761722,2.06193
4.808,-0.000730467,1.07525,-0.00720671,2.05383,3.65234e-05,1.0995,-0.00761722,2.06193
4.81,-0.000730467,1.07525,-0.00720671,2.05374,3.65234e-05,1.09952,-0.00757161,2.06193
4.812,-0.000730467,1.07525,-0.00720671,2.05383,0,1.0995,-0.007526,2.06201
4.814,-0.000730467,1.07528,-0.00725233,2.05383,0,1.0995,-0.007526,2.06201
4.816,-0.000730467,1.07525,-0.00720671,2.05383,-3.65234e-05,1.0995,-0.007526,2.06201
4.818,-0.000730467,1.07525,-0.00720671,2.05383,3.65234e-05,1.09947,-0.00757161,2.06193
4.82,-0.000730467,1.07525,-0.00720671,2.05383,0,1.0995,-0.00761722,2.06193
4.822,-0.000730467,1.07528,-0.00725233,2.05383,0,1.0995,-0.00761722,2.06201
4.824,-0.000730467,1.07525,-0.00720671,2.05374,0,1.0995,-0.00761722,2.06201
4.826,-0.000730467,1.07525,-0.00720671,2.05374,0,1.09947,-0.00757161,2.06201
4.828,-0.000730467,1.07525,-0.00720671,2.05383,0,1.0995,-0.00761722,2.06193
4.83,-0.000730467,1.07525,-0.00720671,2.05374,-3.65234e-05,1.09947,-0.00757161,2.06201
4.832,-0.000730467,1.07525,-0.00729794,2.05374,0,1.09947,-0.00757161,2.06193
4.834,-0.000730467,1.07528,-0.00725233,2.05374,3.65234e-05,1.0995,-0.00761722,2.06193
4.836,-0.000730467,1.07525,-0.00720671,2.05374,0,1.0995,-0.00761722,2.06193
4.838,-0.000730467,1.07525,-0.00720671,2.05374,0,1.0995,-0.00761722,2.06193
4.84,-0.000730467,1.07525,-0.00720671,2.05374,-3.65234e-05,1.0995,-0.00761722,2.06193
4.842,-0.000730467,1.07528,-0.00725233,2.05374,0,1.0995,-0.00761722,2.06201
4.844,-0.000730467,1.07525,-0.00720671,2.05374,3.65234e-05,1.09952,-0.00757161,2.06201
4.846,-0.000730467,1.07525,-0.00720671,2.05374,3.65234e-05,1.09947,-0.00757161,2.06193
4.848,-0.000730467,1.07528,-0.00725233,2.05374,0,1.09947,-0.00757161,2.06193
4.85,-0.000730467,1.07528,-0.00725233,2.05383,-3.65234e-05,1.0995,-0.00761722,2.06193
4.852,-0.000730467,1.07525,-0.00720671,2.05383,0,1.09952,-0.00757161,2.06201
4.854,-0.000730467,1.07525,-0.00720671,2.05383,0,1.09952,-0.00757161,2.06201
4.856,-0.000730467,1.07525,-0.00720671,2.05383,0,1.0995,-0.00761722,2.06193
4.858,-0.000730467,1.07528,-0.00725233,2.05374,0,1.0995,-0.007526,2.06201
4.86,-0.000730467,1.07525,-0.00720671,2.05374,-3.65234e-05,1.09947,-0.00757161,2.06201
4.862,-0.000730467,1.07525,-0.00720671,2.05374,0,1.0995,-0.00761722,2.06193
4.864,-0.000730467,1.07525,-0.00720671,2.05374,-7.30467e-05,1.09952,-0.00757161,2.06193
4.866,-0.000730467,1.07525,-0.00720671,2.05383,0,1.0995,-0.007526,2.06193
4.868,-0.000730467,1.07525,-0.00720671,2.05383,0,1.09947,-0.00757161,2.06193
4.87,-0.000730467,1.07525,-0.00720671,2.05383,0,1.09947,-0.00757161,2.06193
4.872,-0.000730467,1.07525,-0.00720671,2.05383,0,1.09947,-0.00757161,2.06201
4.874,-0.000730467,1.07525,-0.00720671,2.05374,0,1.0995,-0.007526,2.06201
4.876,-0.000730467,1.07525,-0.00720671,2.05374,3.65234e-05,1.09952,-0.00757161,2.06201
4.878,-0.000730467,1.07525,-0.00720671,2.05383,3.65234e-05,1.0995,-0.00761722,2.06201
4.88,-0.000730467,1.07525,-0.00720671,2.05383,0,1.0995,-0.00761722,2.06193
4.882,-0.000730467,1.07525,-0.00720671,2.05383,0,1.0995,-0.007526,2.06193
4.884,-0.00076699,1.07525,-0.00720671,2.05374,-3.65234e-05,1.09947,-0.00757161,2.06193
4.886,-0.000730467,1.07525,-0.00720671,2.05374,3.65234e-05,1.09952,-0.00757161,2.06201
4.888,-0.000730467,1.07528,-0.00725233,2.05374,3.65234e-05,1.09947,-0.00757161,2.06201
4.89,-0.000730467,1.07525,-0.00729794,2.05374,-3.65234e-05,1.0995,-0.00761722,2.06193
4.892,-0.000730467,1.07525,-0.00720671,2.05374,0,1.0995,-0.00761722,2.06193
4.894,-0.000730467,1.07525,-0.00720671,2.05374,-3.65234e-05,1.0995,-0.00761722,2.06193
4.896,-0.000730467,1.07525,-0.00720671,2.05374,0,1.09952,-0.00757161,2.06193
4.898,-0.000730467,1.07525,-0.00720671,2.05374,0,1.0995,-0.007526,2.06201
4.9,-0.000730467,1.07525,-0.00720671,2.05383,0,1.0995,-0.007526,2.06201
4.902,-0.000730467,1.07525,-0.00720671,2.05383,0,1.0995,-0.007526,2.06193
4.904,-0.000730467,1.07525,-0.00720671,2.05383,-3.65234e-05,1.09952,-0.00757161,2.06193
4.906,-0.000730467,1.07525,-0.00720671,2.05374,0,1.0995,-0.00761722,2.06193
4.908,-0.000730467,1.07525,-0.00720671,2.05374,0,1.09947,-0.00757161,2.06193
4.91,-0.000730467,1.07525,-0.00720671,2.05374,0,1.09947,-0.00757161,2.06201
4.912,-0.000730467,1.07528,-0.00725233,2.05374,0,1.0995,-0.007526,2.06201
4.914,-0.000730467,1.07528,-0.00725233,2.05383,0,1.0995,-0.007526,2.06193
4.916,-0.000730467,1.07525,-0.00720671,2.05374,-3.65234e-05,1.09947,-0.00757161,2.06193
4.918,-0.000730467,1.07525,-0.00720671,2.05383,0,1.09952,-0.00757161,2.06193
4.92,-0.000730467,1.07525,-0.00720671,2.05374,3.65234e-05,1.0995,-0.00761722,2.06193
4.922,-0.000730467,1.07525,-0.00720671,2.05383,0,1.0995,-0.00761722,2.06201
4.924,-0.000730467,1.07525,-0.00720671,2.05374,-3.65234e-05,1.09952,-0.00757161,2.06201
4.926,-0.000730467,1.07525,-0.00720671,2.05374,0,1.0995,-0.007526,2.06201
4.928,-0.000730467,1.07528,-0.00725233,2.05374,-3.65234e-05,1.09952,-0.00757161,2.06193
4.93,-0.000730467,1.07528,-0.00725233,2.05374,0,1.0995,-0.00761722,2.06201
4.932,-0.000730467,1.07525,-0.00720671,2.05383,3.65234e-05,1.09952,-0.00757161,2.06201
4.934,-0.000730467,1.07525,-0.00720671,2.05383,0,1.0995,-0.00761722,2.06193
4.936,-0.000730467,1.07525,-0.00720671,2.05383,0,1.09952,-0.00757161,2.06201
4.938,-0.000730467,1.07525,-0.00720671,2.05374,-3.65234e-05,1.09952,-0.00757161,2.06201
4.94,-0.000730467,1.07528,-0.00725233,2.05374,-3.65234e-05,1.0995,-0.00761722,2.06201
4.942,-0.00076699,1.07528,-0.00725233,2.05374,-3.65234e-05,1.0995,-0.007526,2.06193
4.944,-0.000730467,1.07525,-0.00720671,2.05374,0,1.0995,-0.00761722,2.06201
4.946,-0.000730467,1.07528,-0.00725233,2.05374,0,1.0995,-0.00761722,2.06201
4.948,-0.000730467,1.07528,-0.00725233,2.05374,-3.65234e-05,1.0995,-0.00761722,2.06193
4.95,-0.000730467,1.07525,-0.00720671,2.05383,0,1.09952,-0.00757161,2.06193
4.952,-0.00076699,1.07528,-0.00725233,2.05374,3.65234e-05,1.0995,-0.007526,2.06201
4.954,-0.000730467,1.07525,-0.00720671,2.05374,3.65234e-05,1.0995,-0.00761722,2.06201
4.956,-0.000730467,1.07525,-0.00720671,2.05374,0,1.09947,-0.00757161,2.06193
4.958,-0.000730467,1.07525,-0.00720671,2.05383,0,1.0995,-0.00761722,2.06193
4.96,-0.000730467,1.07528,-0.00725233,2.05374,0,1.09952,-0.00757161,2.06193
4.962,-0.000730467,1.07525,-0.00720671,2.05374,0,1.09947,-0.00757161,2.06201
4.964,-0.000730467,1.07525,-0.00720671,2.05383,0,1.0995,-0.00761722,2.06201
4.966,-0.000730467,1.07525,-0.00720671,2.05383,0,1.09952,-0.00757161,2.06193
4.968,-0.000730467,1.07528,-0.00725233,2.05374,0,1.09952,-0.00757161,2.06193
4.97,-0.000730467,1.07525,-0.00720671,2.05374,0,1.09947,-0.00757161,2.06193
4.972,-0.00076699,1.07525,-0.00720671,2.05383,0,1.09947,-0.00757161,2.06193
4.974,-0.000730467,1.07528,-0.00725233,2.05383,0,1.0995,-0.007526,2.06193
4.976,-0.000730467,1.07525,-0.00720671,2.05374,-3.65234e-05,1.0995,-0.00761722,2.06201
4.978,-0.000730467,1.07525,-0.00720671,2.05374,0,1.09947,-0.00757161,2.06193
4.98,-0.000730467,1.07525,-0.00720671,2.05374,0,1.09952,-0.00757161,2.06201
4.982,-0.000730467,1.07528,-0.00725233,2.05374,0,1.09952,-0.00757161,2.06193
4.984,-0.000730467,1.07528,-0.00725233,2.05374,3.65234e-05,1.0995,-0.00761722,2.06201
4.986,-0.000730467,1.07528,-0.00725233,2.05374,0,1.0995,-0.00761722,2.06201
4.988,-0.00076699,1.07525,-0.00720671,2.05383,0,1.0995,-0.00761722,2.06193
4.99,-0.000730467,1.07525,-0.00720671,2.05374,0,1.0995,-0.00761722,2.06201
4.992,-0.000730467,1.07525,-0.00720671,2.05374,0,1.09952,-0.00757161,2.06193
4.994,-0.000730467,1.07528,-0.00725233,2.05383,0,1.09952,-0.00757161,2.06193
4.996,-0.000730467,1.07525,-0.00720671,2.05374,0,1.0995,-0.00761722,2.06193
4.998,-0.000730467,1.07525,-0.00720671,2.05374,3.65234e-05,1.09952,-0.00757161,2.06193
5,-0.000730467,1.07528,-0.00725233,2.05374,0,1.09952,-0.00757161,2.06193
5.002,-0.000730467,1.07525,-0.00720671,2.05374,0,1.09952,-0.00757161,2.06193
5.004,-0.000730467,1.07525,-0.00720671,2.05374,3.65234e-05,1.09952,-0.00757161,2.06201
5.006,-0.000730467,1.07528,-0.00725233,2.05383,-3.65234e-05,1.0995,-0.00761722,2.06193
5.008,-0.000730467,1.07525,-0.00720671,2.05383,0,1.09947,-0.00757161,2.06193
5.01,-0.000730467,1.07525,-0.00720671,2.05374,0,1.09947,-0.00757161,2.06193
5.012,-0.000730467,1.07528,-0.00725233,2.05374,0,1.09947,-0.00757161,2.06193
5.014,-0.000730467,1.07528,-0.00725233,2.05383,-3.65234e-05,1.09947,-0.00757161,2.06193
5.016,-0.000730467,1.07528,-0.00725233,2.05374,-3.65234e-05,1.09952,-0.00757161,2.06193
5.018,-0.000730467,1.07528,-0.00725233,2.05374,3.65234e-05,1.09947,-0.00757161,2.06193
5.02,-0.000730467,1.07525,-0.00720671,2.05374,3.65234e-05,1.0995,-0.007526,2.06201
5.022,-0.000730467,1.07525,-0.00720671,2.05374,0,1.09952,-0.00757161,2.06201
5.024,-0.00076699,1.07525,-0.00720671,2.05374,-3.65234e-05,1.09952,-0.00757161,2.06193
5.026,-0.000730467,1.07528,-0.00725233,2.05374,0,1.09947,-0.00757161,2.06193
5.028,-0.000730467,1.07528,-0.00725233,2.05374,3.65234e-05,1.0995,-0.00761722,2.06193
5.03,-0.000730467,1.07528,-0.00725233,2.05383,3.65234e-05,1.0995,-0.00761722,2.06193
5.032,-0.000730467,1.07525,-0.00720671,2.05374,3.65234e-05,1.0995,-0.007526,2.06193
5.034,-0.000730467,1.07525,-0.00720671,2.05374,-3.65234e-05,1.0995,-0.007526,2.06193
5.036,-0.000730467,1.07525,-0.00720671,2.05374,0,1.0995,-0.00761722,2.06201
5.038,-0.000730467,1.07525,-0.00720671,2.05383,-3.65234e-05,1.09952,-0.00757161,2.06201
5.04,-0.000730467,1.07525,-0.00720671,2.05383,0,1.0995,-0.007526,2.06193
5.042,-0.000730467,1.07525,-0.00720671,2.05374,0,1.0995,-0.00761722,2.06201
5.044,-0.000730467,1.07525,-0.00720671,2.05374,3.65234e-05,1.09952,-0.00757161,2.06201
5.046,-0.000730467,1.07528,-0.00725233,2.05374,0,1.09947,-0.00757161,2.06201
5.048,-0.000730467,1.07525,-0.00720671,2.05374,3.65234e-05,1.09952,-0.00757161,2.06201
5.05,-0.000730467,1.07528,-0.00725233,2.05374,-3.65234e-05,1.09952,-0.00757161,2.06193
5.052,-0.000730467,1.07525,-0.00720671,2.05374,-3.65234e-05,1.09947,-0.00757161,2.06201
5.054,-0.000730467,1.07525,-0.00720671,2.05374,3.65234e-05,1.09947,-0.00757161,2.06201
5.056,-0.000730467,1.07525,-0.00720671,2.05374,0,1.09952,-0.00757161,2.06193
5.058,-0.000730467,1.07525,-0.00720671,2.05374,3.65234e-05,1.09947,-0.00766283,2.06201
5.06,-0.000730467,1.07528,-0.00725233,2.05374,3.65234e-05,1.09952,-0.00757161,2.06201
5.062,-0.000730467,1.07525,-0.00720671,2.05374,-3.65234e-05,1.0995,-0.00761722,2.06193
5.064,-0.000730467,1.07525,-0.00720671,2.05374,0,1.0995,-0.007526,2.06193
5.066,-0.000730467,1.07528,-0.00725233,2.05374,0,1.0995,-0.007526,2.06193
5.068,-0.000730467,1.07525,-0.00720671,2.05374,0,1.0995,-0.007526,2.06193
5.07,-0.000730467,1.07528,-0.0071611,2.05374,3.65234e-05,1.09952,-0.00757161,2.06193
5.072,-0.000730467,1.07525,-0.00720671,2.05374,0,1.0995,-0.00761722,2.06193
5.074,-0.000730467,1.07525,-0.00720671,2.05383,3.65234e-05,1.0995,-0.00761722,2.06193
5.076,-0.000730467,1.07525,-0.00720671,2.05383,0,1.09947,-0.00757161,2.06193
5.078,-0.000730467,1.07525,-0.00720671,2.05383,0,1.09947,-0.00757161,2.06201
5.08,-0.000730467,1.07525,-0.00720671,2.05374,0,1.09947,-0.00757161,2.06193
5.082,-0.000730467,1.07525,-0.00720671,2.05374,3.65234e-05,1.09947,-0.00757161,2.06201
5.084,-0.000730467,1.07528,-0.00725233,2.05374,0,1.09952,-0.00757161,2.06201
5.086,-0.000730467,1.07525,-0.00720671,2.05383,3.65234e-05,1.0995,-0.007526,2.06193
5.088,-0.000730467,1.07525,-0.00720671,2.05383,3.65234e-05,1.0995,-0.007526,2.06201
5.09,-0.000730467,1.07525,-0.00720671,2.05383,3.65234e-05,1.0995,-0.00761722,2.06193
5.092,-0.000730467,1.07525,-0.00720671,2.05383,3.65234e-05,1.0995,-0.00761722,2.06201
5.094,-0.000730467,1.07528,-0.00725233,2.05374,-3.65234e-05,1.09952,-0.00757161,2.06201
5.096,-0.000730467,1.07525,-0.00720671,2.05374,0,1.0995,-0.007526,2.06193
5.098,-0.000730467,1.07525,-0.00720671,2.05383,0,1.0995,-0.00761722,2.06201
5.1,-0.00076699,1.07525,-0.00720671,2.05383,0,1.09947,-0.00757161,2.06193
5.102,-0.000730467,1.07528,-0.00725233,2.05383,-3.65234e-05,1.0995,-0.007526,2.06193
5.104,-0.000730467,1.07528,-0.00725233,2.05383,0,1.0995,-0.007526,2.06201
5.106,-0.000730467,1.07525,-0.00720671,2.05374,0,1.09947,-0.00757161,2.06201
5.108,-0.000730467,1.07525,-0.00720671,2.05374,0,1.09947,-0.00757161,2.06193
5.11,-0.000730467,1.07525,-0.00720671,2.05374,0,1.0995,-0.00761722,2.06201
5.112,-0.000730467,1.07525,-0.00720671,2.05374,0,1.09952,-0.00757161,2.06201
5.114,-0.000730467,1.07525,-0.00720671,2.05383,0,1.0995,-0.007526,2.06201
5.116,-0.00076699,1.07528,-0.00725233,2.05383,3.65234e-05,1.0995,-0.007526,2.06193
5.118,-0.000730467,1.07525,-0.00720671,2.05374,0,1.0995,-0.00761722,2.06193
5.12,-0.000730467,1.07528,-0.00725233,2.05374,0,1.09952,-0.00757161,2.06193
5.122,-0.000730467,1.07525,-0.00720671,2.05374,-3.65234e-05,1.09952,-0.00757161,2.06193
5.124,-0.000730467,1.07525,-0.00720671,2.05374,-3.65234e-05,1.0995,-0.00761722,2.06193
5.126,-0.000730467,1.07525,-0.00720671,2.05374,0,1.0995,-0.00761722,2.06193
5.128,-0.000730467,1.07525,-0.00720671,2.05383,0,1.0995,-0.00761722,2.06193
5.13,-0.000730467,1.07525,-0.00720671,2.05383,0,1.0995,-0.007526,2.06193
5.132,-0.000730467,1.07525,-0.00720671,2.05374,0,1.09952,-0.00757161,2.06193
5.134,-0.000730467,1.07528,-0.00725233,2.05374,3.65234e-05,1.0995,-0.00761722,2.06193
5.136,-0.00076699,1.07525,-0.00720671,2.05374,0,1.0995,-0.00761722,2.06201
5.138,-0.000730467,1.07525,-0.00720671,2.05374,0,1.09952,-0.00757161,2.06193
5.14,-0.000730467,1.07525,-0.00720671,2.05374,-3.65234e-05,1.0995,-0.00761722,2.06201
5.142,-0.000730467,1.07525,-0.00720671,2.05374,0,1.09952,-0.00757161,2.06193
5.144,-0.000730467,1.07525,-0.00720671,2.05383,0,1.09947,-0.00757161,2.06201
5.146,-0.000730467,1.07525,-0.00720671,2.05374,0,1.09947,-0.00757161,2.06201
5.148,-0.000730467,1.07528,-0.00725233,2.05374,0,1.0995,-0.00761722,2.06193
5.15,-0.000730467,1.07528,-0.00725233,2.05374,0,1.09952,-0.00757161,2.06201
5.152,-0.000730467,1.07525,-0.00720671,2.05374,3.65234e-05,1.09947,-0.00757161,2.06201
5.154,-0.000730467,1.07528,-0.00725233,2.05374,3.65234e-05,1.09955,-0.007526,2.06201
5.156,-0.000730467,1.07525,-0.00720671,2.05374,3.65234e-05,1.09952,-0.00757161,2.06201
5.158,-0.000730467,1.07525,-0.00720671,2.05374,-3.65234e-05,1.0995,-0.00761722,2.06201
5.16,-0.000730467,1.07528,-0.00725233,2.05383,0,1.0995,-0.00761722,2.06193
5.162,-0.000730467,1.07525,-0.00720671,2.05383,0,1.09947,-0.00757161,2.06201
5.164,-0.000730467,1.07528,-0.00725233,2.05383,0,1.0995,-0.007526,2.06193
5.166,-0.000730467,1.07525,-0.00720671,2.05383,0,1.0995,-0.00761722,2.06193
5.168,-0.00076699,1.07525,-0.00720671,2.05374,0,1.09947,-0.00757161,2.06201
5.17,-0.000730467,1.07525,-0.00720671,2.05374,3.65234e-05,1.0995,-0.00761722,2.06193
5.172,-0.000730467,1.07528,-0.00725233,2.05374,0,1.09947,-0.00766283,2.06193
5.174,-0.00076699,1.07528,-0.00725233,2.05383,0,1.0995,-0.007526,2.06193
5.176,-0.000730467,1.07528,-0.00725233,2.05383,-3.65234e-05,1.09947,-0.00757161,2.06193
5.178,-0.000730467,1.07523,-0.00725233,2.05383,0,1.09947,-0.00757161,2.06193
5.18,-0.000730467,1.07528,-0.00725233,2.05383,0,1.0995,-0.00761722,2.06193
5.182,-0.000730467,1.07525,-0.00720671,2.05374,3.65234e-05,1.09952,-0.00757161,2.06193
5.184,-0.000730467,1.07525,-0.00720671,2.05374,0,1.0995,-0.00761722,2.06201
5.186,-0.000730467,1.07528,-0.00725233,2.05374,0,1.09947,-0.00757161,2.06201
5.188,-0.00076699,1.07528,-0.00725233,2.05374,-3.65234e-05,1.09952,-0.00757161,2.06201
5.19,-0.000730467,1.07528,-0.00725233,2.05374,0,1.0995,-0.00761722,2.06193
5.192,-0.000730467,1.07525,-0.00720671,2.05374,0,1.0995,-0.00761722,2.06193
5.194,-0.000730467,1.07525,-0.00720671,2.05383,0,1.09947,-0.00757161,2.06193
5.196,-0.000730467,1.07525,-0.00720671,2.05383,-3.65234e-05,1.09952,-0.00757161,2.06201
5.198,-0.000730467,1.07528,-0.00725233,2.05383,0,1.0995,-0.00761722,2.06201
5.2,-0.000730467,1.07528,-0.00725233,2.05383,0,1.0995,-0.00761722,2.06193
5.202,-0.000730467,1.07528,-0.00725233,2.05374,-3.65234e-05,1.09947,-0.00757161,2.06193
5.204,-0.000730467,1.07525,-0.00720671,2.05374,0,1.09947,-0.00757161,2.06193
5.206,-0.000730467,1.07528,-0.00725233,2.05374,0,1.0995,-0.00761722,2.06201
5.208,-0.00076699,1.07525,-0.00720671,2.05374,0,1.09952,-0.00757161,2.06193
5.21,-0.000730467,1.07525,-0.00720671,2.05374,3.65234e-05,1.09952,-0.00757161,2.06193
5.212,-0.000730467,1.07525,-0.00720671,2.05383,0,1.0995,-0.00761722,2.06193
5.214,-0.000730467,1.07528,-0.00725233,2.05383,-3.65234e-05,1.09952,-0.00757161,2.06201
5.216,-0.000730467,1.07525,-0.00720671,2.05383,0,1.09947,-0.00757161,2.06193
5.218,-0.000730467,1.07528,-0.00725233,2.05383,0,1.0995,-0.007526,2.06201
5.22,-0.000730467,1.07525,-0.00720671,2.05374,0,1.09952,-0.00757161,2.06193
5.222,-0.000730467,1.07525,-0.00720671,2.05374,0,1.09952,-0.00757161,2.06201
5.224,-0.000730467,1.07525,-0.00720671,2.05374,0,1.0995,-0.007526,2.06193
5.226,-0.00076699,1.07525,-0.00720671,2.05383,0,1.0995,-0.00761722,2.06193
5.228,-0.000730467,1.07525,-0.00720671,2.05383,0,1.0995,-0.00761722,2.06193
5.23,-0.000730467,1.07525,-0.00720671,2.05383,0,1.0995,-0.00761722,2.06193
5.232,-0.000730467,1.07528,-0.00725233,2.05383,0,1.09952,-0.00757161,2.06193
5.234,-0.000730467,1.07525,-0.00720671,2.05374,0,1.0995,-0.00761722,2.06201
5.236,-0.000730467,1.07525,-0.00720671,2.05374,0,1.09952,-0.00757161,2.06201
5.238,-0.00076699,1.07525,-0.00720671,2.05374,3.65234e-05,1.09947,-0.00757161,2.06201
5.24,-0.000730467,1.07528,-0.00725233,2.05374,0,1.09952,-0.00757161,2.06193
5.242,-0.00076699,1.07525,-0.00720671,2.05383,-3.65234e-05,1.0995,-0.007526,2.06193
5.244,-0.000730467,1.07528,-0.00725233,2.05383,0,1.09952,-0.00757161,2.06193
5.246,-0.000730467,1.07525,-0.00720671,2.05383,0,1.0995,-0.007526,2.06201
5.248,-0.000730467,1.07525,-0.00720671,2.05383,0,1.0995,-0.007526,2.06193
5.25,-0.000730467,1.07525,-0.00720671,2.05383,3.65234e-05,1.0995,-0.007526,2.06201
5.252,-0.000730467,1.07528,-0.00725233,2.05374,0,1.09947,-0.00757161,2.06201
5.254,-0.000730467,1.07528,-0.00725233,2.05374,3.65234e-05,1.0995,-0.00761722,2.06201
5.256,-0.000730467,1.07528,-0.00725233,2.05374,0,1.0995,-0.00761722,2.06193
5.258,-0.000730467,1.07528,-0.00725233,2.05383,0,1.0995,-0.007526,2.06193
5.26,-0.000730467,1.07528,-0.00725233,2.05374,0,1.0995,-0.00761722,2.06193
5.262,-0.000730467,1.07525,-0.00720671,2.05383,-3.65234e-05,1.0995,-0.00761722,2.06193
5.264,-0.000730467,1.07525,-0.00720671,2.05383,3.65234e-05,1.09952,-0.00757161,2.06201
5.266,-0.000730467,1.07528,-0.00725233,2.05383,-3.65234e-05,1.0995,-0.00761722,2.06201
5.268,-0.000730467,1.07528,-0.00725233,2.05374,0,1.0995,-0.00761722,2.06201
5.27,-0.000730467,1.07528,-0.00725233,2.05383,0,1.0995,-0.00761722,2.06201
5.272,-0.000730467,1.07523,-0.00725233,2.05374,0,1.0995,-0.007526,2.06201
5.274,-0.000730467,1.07525,-0.00720671,2.05374,3.65234e-05,1.0995,-0.00761722,2.06201
5.276,-0.000730467,1.07525,-0.00720671,2.05383,0,1.09947,-0.00757161,2.06201
5.278,-0.000730467,1.07525,-0.00720671,2.05374,0,1.0995,-0.00761722,2.06193
5.28,-0.00076699,1.07525,-0.00720671,2.05374,0,1.0995,-0.00761722,2.06201
5.282,-0.000730467,1.07525,-0.00720671,2.05374,0,1.09952,-0.00757161,2.06201
5.284,-0.000730467,1.07525,-0.00720671,2.05383,0,1.09947,-0.00757161,2.06193
5.286,-0.000730467,1.07525,-0.00720671,2.05374,0,1.09947,-0.00757161,2.06193
5.288,-0.000730467,1.07525,-0.00720671,2.05374,0,1.09952,-0.00757161,2.06193
5.29,-0.000730467,1.07525,-0.00720671,2.05383,3.65234e-05,1.0995,-0.007526,2.06201
5.292,-0.000730467,1.07525,-0.00720671,2.05383,0,1.0995,-0.00761722,2.06193
5.294,-0.000730467,1.07525,-0.00720671,2.05383,0,1.09947,-0.00757161,2.06201
5.296,-0.000730467,1.07528,-0.00725233,2.05383,3.65234e-05,1.0995,-0.007526,2.06201
5.298,-0.000730467,1.07528,-0.00725233,2.05383,0,1.09952,-0.00757161,2.06193
5.3,-0.000730467,1.07525,-0.00720671,2.05383,0,1.0995,-0.007526,2.06201
5.302,-0.000730467,1.07528,-0.00725233,2.05374,3.65234e-05,1.09947,-0.00757161,2.06193
5.304,-0.000730467,1.07528,-0.00725233,2.05374,0,1.0995,-0.007526,2.06193
5.306,-0.000730467,1.07525,-0.00720671,2.05383,3.65234e-05,1.0995,-0.00761722,2.06201
5.308,-0.000730467,1.07525,-0.00720671,2.05383,-3.65234e-05,1.09947,-0.00757161,2.06201
5.31,-0.000730467,1.07525,-0.00720671,2.05383,0,1.0995,-0.00761722,2.06193
5.312,-0.000730467,1.07525,-0.00720671,2.05383,3.65234e-05,1.0995,-0.00761722,2.06193
5.314,-0.000730467,1.07525,-0.00720671,2.05383,3.65234e-05,1.0995,-0.007526,2.06193
5.316,-0.000730467,1.07525,-0.00720671,2.05383,3.65234e-05,1.0995,-0.00761722,2.06201
5.318,-0.000730467,1.07528,-0.00725233,2.05374,-3.65234e-05,1.09952,-0.00757161,2.06201
5.32,-0.000730467,1.07525,-0.00720671,2.05374,0,1.0995,-0.00761722,2.06201
5.322,-0.000730467,1.07525,-0.00720671,2.05374,0,1.09947,-0.00757161,2.06201
5.324,-0.000730467,1.07525,-0.00720671,2.05374,0,1.09947,-0.00757161,2.06201
5.326,-0.000730467,1.07528,-0.00725233,2.05374,0,1.0995,-0.007526,2.06193
5.328,-0.00076699,1.07528,-0.00725233,2.05383,0,1.0995,-0.00761722,2.06193
5.33,-0.000730467,1.07528,-0.00725233,2.05383,-3.65234e-05,1.09952,-0.00757161,2.06201
5.332,-0.000730467,1.07525,-0.00720671,2.05383,0,1.09952,-0.00757161,2.06201
5.334,-0.000730467,1.07525,-0.00720671,2.05374,3.65234e-05,1.09952,-0.00757161,2.06201
5.336,-0.000730467,1.07525,-0.00720671,2.05374,0,1.0995,-0.00761722,2.06201
5.338,-0.000730467,1.07528,-0.00725233,2.05374,0,1.0995,-0.007526,2.06201
5.34,-0.000730467,1.07525,-0.00720671,2.05383,0,1.0995,-0.00761722,2.06201
5.342,-0.000730467,1.07525,-0.00720671,2.05374,0,1.0995,-0.007526,2.06201
5.344,-0.000730467,1.07525,-0.00720671,2.05383,-3.65234e-05,1.09952,-0.00757161,2.06193
5.346,-0.000730467,1.07525,-0.00720671,2.05383,-3.65234e-05,1.09947,-0.00757161,2.06193
5.348,-0.00076699,1.07528,-0.00725233,2.05383,-3.65234e-05,1.0995,-0.00761722,2.06193
5.35,-0.00076699,1.07525,-0.00720671,2.05383,-3.65234e-05,1.0995,-0.007526,2.06193
5.352,-0.00076699,1.07525,-0.00720671,2.05383,0,1.0995,-0.00761722,2.06201
5.354,-0.00076699,1.07525,-0.00720671,2.05383,-3.65234e-05,1.09947,-0.00757161,2.06201
5.356,-0.000730467,1.07525,-0.00720671,2.05374,-3.65234e-05,1.0995,-0.007526,2.06201
5.358,-0.000730467,1.07525,-0.00720671,2.05383,-3.65234e-05,1.09947,-0.00757161,2.06193
5.36,-0.000730467,1.07528,-0.00725233,2.05383,0,1.09952,-0.00757161,2.06193
5.362,-0.000730467,1.07528,-0.00725233,2.05383,0,1.0995,-0.00761722,2.06193
5.364,-0.000730467,1.07525,-0.00720671,2.05383,0,1.09947,-0.00757161,2.06201
5.366,-0.000730467,1.07525,-0.00720671,2.05383,0,1.0995,-0.00761722,2.06201
5.368,-0.00076699,1.07525,-0.00720671,2.05374,0,1.09952,-0.00757161,2.06193
5.37,-0.000730467,1.07528,-0.00725233,2.05374,0,1.0995,-0.00761722,2.06201
5.372,-0.000730467,1.07525,-0.00720671,2.05374,0,1.0995,-0.00761722,2.06193
5.374,-0.000730467,1.07528,-0.00725233,2.05383,0,1.0995,-0.00761722,2.06201
5.376,-0.000730467,1.07525,-0.00720671,2.05374,0,1.09952,-0.00757161,2.06201
5.378,-0.000730467,1.07528,-0.00725233,2.05383,0,1.09947,-0.00757161,2.06193
5.38,-0.000730467,1.07528,-0.00725233,2.05374,3.65234e-05,1.09947,-0.00757161,2.06201
5.382,-0.000730467,1.07525,-0.00720671,2.05374,0,1.09952,-0.00757161,2.06201
5.384,-0.000730467,1.07525,-0.00720671,2.05374,3.65234e-05,1.09952,-0.00757161,2.06201
5.386,-0.000730467,1.07525,-0.00720671,2.05374,-3.65234e-05,1.09947,-0.00757161,2.06201
5.388,-0.000730467,1.07525,-0.00720671,2.05374,-3.65234e-05,1.09947,-0.00757161,2.06201
5.39,-0.000730467,1.07525,-0.00720671,2.05374,0,1.09947,-0.00757161,2.06201
5.392,-0.000730467,1.07525,-0.00720671,2.05383,-3.65234e-05,1.0995,-0.00761722,2.06201
5.394,-0.000730467,1.07528,-0.00725233,2.05383,-3.65234e-05,1.09952,-0.00757161,2.06201
5.396,-0.000730467,1.07525,-0.00720671,2.05383,-3.65234e-05,1.09952,-0.00757161,2.06193
5.398,-0.000730467,1.07525,-0.00720671,2.05374,0,1.09952,-0.00757161,2.06193
5.4,-0.000730467,1.07525,-0.00720671,2.05383,0,1.0995,-0.00761722,2.06201
5.402,-0.00076699,1.07528,-0.00725233,2.05383,-3.65234e-05,1.0995,-0.007526,2.06193
5.404,-0.00076699,1.07525,-0.00720671,2.05374,0,1.0995,-0.00761722,2.06201
5.406,-0.000730467,1.07525,-0.00720671,2.05374,0,1.09952,-0.00757161,2.06193
5.408,-0.000730467,1.07528,-0.00725233,2.05374,0,1.09947,-0.00757161,2.06201
5.41,-0.00076699,1.07528,-0.00725233,2.05383,3.65234e-05,1.0995,-0.00761722,2.06193
5.412,-0.000730467,1.07525,-0.00720671,2.05383,3.65234e-05,1.09952,-0.00757161,2.06201
5.414,-0.00076699,1.07525,-0.00720671,2.05383,3.65234e-05,1.09952,-0.00757161,2.06201
5.416,-0.000730467,1.07525,-0.00720671,2.05374,-7.30467e-05,1.0995,-0.00761722,2.06201
5.418,-0.000730467,1.07525,-0.00720671,2.05374,0,1.0995,-0.00761722,2.06201
5.42,-0.000730467,1.07525,-0.00720671,2.05374,0,1.0995,-0.00761722,2.06201
5.422,-0.00076699,1.07525,-0.00720671,2.05383,0,1.09952,-0.00757161,2.06201
5.424,-0.00076699,1.07525,-0.00720671,2.05374,0,1.09947,-0.00757161,2.06193
5.426,-0.000730467,1.07528,-0.00725233,2.05383,0,1.09947,-0.00757161,2.06201
5.428,-0.000730467,1.07528,-0.00725233,2.05383,0,1.0995,-0.007526,2.06201
5.43,-0.000730467,1.07525,-0.00720671,2.05374,0,1.09947,-0.00757161,2.06193
5.432,-0.000730467,1.07525,-0.00720671,2.05374,-3.65234e-05,1.09952,-0.00757161,2.06201
5.434,-0.000730467,1.07525,-0.00720671,2.05374,3.65234e-05,1.0995,-0.00761722,2.06201
5.436,-0.000730467,1.07525,-0.00720671,2.05374,0,1.0995,-0.00761722,2.06201
5.438,-0.000730467,1.07525,-0.00720671,2.05383,0,1.09952,-0.00757161,2.06201
5.44,-0.000730467,1.07528,-0.00725233,2.05383,3.65234e-05,1.09952,-0.00757161,2.06193
5.442,-0.000730467,1.07528,-0.00725233,2.05383,0,1.0995,-0.007526,2.06193
5.444,-0.000730467,1.07528,-0.00725233,2.05374,0,1.0995,-0.00761722,2.06193
5.446,-0.000730467,1.07525,-0.00720671,2.05374,-3.65234e-05,1.09952,-0.00757161,2.06193
5.448,-0.000730467,1.07525,-0.00720671,2.05383,0,1.0995,-0.00761722,2.06201
5.45,-0.000730467,1.07525,-0.00720671,2.05383,-3.65234e-05,1.0995,-0.00761722,2.06201
5.452,-0.000730467,1.07525,-0.00720671,2.05374,0,1.09947,-0.00757161,2.06193
5.454,-0.000730467,1.07528,-0.00725233,2.05383,3.65234e-05,1.09947,-0.00757161,2.06193
5.456,-0.000730467,1.07525,-0.00720671,2.05374,3.65234e-05,1.0995,-0.007526,2.06193
5.458,-0.000730467,1.07528,-0.00725233,2.05374,0,1.0995,-0.00761722,2.06201
5.46,-0.000730467,1.07525,-0.00720671,2.05374,0,1.09947,-0.00757161,2.06201
5.462,-0.000730467,1.07525,-0.00720671,2.05383,3.65234e-05,1.0995,-0.00761722,2.06201
5.464,-0.000730467,1.07525,-0.00720671,2.05383,0,1.09952,-0.00757161,2.06193
5.466,-0.000730467,1.07528,-0.00725233,2.05374,0,1.09952,-0.00757161,2.06193
5.468,-0.000730467,1.07525,-0.00720671,2.05383,0,1.09952,-0.00757161,2.06201
5.47,-0.000730467,1.07528,-0.00725233,2.05383,3.65234e-05,1.09952,-0.00757161,2.06201
5.472,-0.000730467,1.07528,-0.00725233,2.05383,0,1.09952,-0.00757161,2.06201
5.474,-0.000730467,1.07528,-0.00725233,2.05383,3.65234e-05,1.0995,-0.00761722,2.06201
5.476,-0.000730467,1.07525,-0.00720671,2.05374,0,1.0995,-0.007526,2.06201
5.478,-0.000730467,1.07525,-0.00720671,2.05383,0,1.09952,-0.00757161,2.06201
5.48,-0.000730467,1.07528,-0.00725233,2.05383,0,1.09947,-0.00757161,2.06193
5.482,-0.000730467,1.07528,-0.00725233,2.05383,-3.65234e-05,1.0995,-0.00761722,2.06193
5.484,-0.000730467,1.07525,-0.00720671,2.05383,-3.65234e-05,1.0995,-0.007526,2.06201
5.486,-0.000730467,1.07528,-0.00725233,2.05383,0,1.09947,-0.00757161,2.06201
5.488,-0.00076699,1.07525,-0.00720671,2.05383,0,1.0995,-0.00761722,2.06193
5.49,-0.000730467,1.07528,-0.00725233,2.05374,0,1.0995,-0.00761722,2.06193
5.492,-0.000730467,1.07528,-0.00725233,2.05374,0,1.0995,-0.00761722,2.06193
5.494,-0.000730467,1.07525,-0.00720671,2.05383,-3.65234e-05,1.0995,-0.00761722,2.06193
5.496,-0.000730467,1.07525,-0.00720671,2.05374,3.65234e-05,1.0995,-0.007526,2.06201
5.498,-0.000730467,1.07528,-0.00725233,2.05383,0,1.0995,-0.00761722,2.06201
5.5,-0.000730467,1.07525,-0.00720671,2.05374,0,1.0995,-0.00761722,2.06193
5.502,-0.000730467,1.07528,-0.00725233,2.05383,0,1.09947,-0.00757161,2.06201
5.504,-0.000730467,1.07528,-0.00725233,2.05374,3.65234e-05,1.09947,-0.00757161,2.06193
5.506,-0.000730467,1.07525,-0.00720671,2.05374,0,1.0995,-0.00761722,2.06193
5.508,-0.000730467,1.07525,-0.00720671,2.05374,0,1.0995,-0.00761722,2.06193
5.51,-0.000730467,1.07528,-0.00725233,2.05374,0,1.09952,-0.00757161,2.06193
5.512,-0.000730467,1.07528,-0.00725233,2.05374,-3.65234e-05,1.09952,-0.00757161,2.06201
5.514,-0.000730467,1.07525,-0.00720671,2.05374,3.65234e-05,1.0995,-0.00761722,2.06193
5.516,-0.000730467,1.07525,-0.00720671,2.05374,-3.65234e-05,1.0995,-0.007526,2.06193
5.518,-0.00076699,1.07525,-0.00720671,2.05374,3.65234e-05,1.0995,-0.00761722,2.06201
5.52,-0.000730467,1.07528,-0.00725233,2.05374,0,1.09952,-0.00757161,2.06193
5.522,-0.000730467,1.07528,-0.00725233,2.05374,3.65234e-05,1.09952,-0.00757161,2.06201
5.524,-0.00076699,1.07525,-0.00720671,2.05374,3.65234e-05,1.0995,-0.00761722,2.06201
5.526,-0.000730467,1.07525,-0.00720671,2.05374,0,1.09952,-0.00757161,2.06193
5.528,-0.000730467,1.07528,-0.00725233,2.05383,0,1.0995,-0.00761722,2.06201
5.53,-0.000730467,1.07525,-0.00720671,2.05383,-3.65234e-05,1.09952,-0.00757161,2.06201
5.532,-0.000730467,1.07528,-0.00725233,2.05383,3.65234e-05,1.09947,-0.00757161,2.06201
5.534,-0.000730467,1.07525,-0.00720671,2.05383,0,1.09952,-0.00757161,2.06193
5.536,-0.000730467,1.07525,-0.00720671,2.05383,-3.65234e-05,1.09947,-0.00757161,2.06193
5.538,-0.000730467,1.07528,-0.00725233,2.05374,0,1.09952,-0.00757161,2.06193
5.54,-0.000730467,1.07525,-0.00720671,2.05374,0,1.0995,-0.00761722,2.06201
5.542,-0.000730467,1.07525,-0.00720671,2.05374,3.65234e-05,1.09947,-0.00757161,2.06201
5.544,-0.000730467,1.07528,-0.00725233,2.05383,0,1.0995,-0.00761722,2.06193
5.546,-0.000730467,1.07525,-0.00720671,2.05374,0,1.09952,-0.00757161,2.06193
5.548,-0.000730467,1.07528,-0.00725233,2.05374,0,1.0995,-0.00761722,2.06193
5.55,-0.000730467,1.07528,-0.00725233,2.05383,0,1.09952,-0.00757161,2.06193
5.552,-0.000730467,1.07525,-0.00720671,2.05374,0,1.09947,-0.00757161,2.06201
5.554,-0.000730467,1.07528,-0.00725233,2.05374,0,1.09952,-0.00757161,2.06201
5.556,-0.000730467,1.07525,-0.00720671,2.05374,0,1.0995,-0.00761722,2.06201
5.558,-0.00076699,1.07525,-0.00720671,2.05374,3.65234e-05,1.0995,-0.007526,2.06193
5.56,-0.000730467,1.07525,-0.00720671,2.05374,3.65234e-05,1.09947,-0.00757161,2.06193
5.562,-0.000730467,1.07528,-0.00725233,2.05374,3.65234e-05,1.0995,-0.007526,2.06193
5.564,-0.000730467,1.07525,-0.00720671,2.05374,0,1.09947,-0.00757161,2.06193
5.566,-0.000730467,1.07525,-0.00720671,2.05374,0,1.0995,-0.007526,2.06201
5.568,-0.000730467,1.07525,-0.00720671,2.05383,3.65234e-05,1.09952,-0.00757161,2.06201
5.57,-0.000730467,1.07528,-0.00725233,2.05374,0,1.0995,-0.007526,2.06193
5.572,-0.000730467,1.07528,-0.00725233,2.05374,3.65234e-05,1.0995,-0.00761722,2.06193
5.574,-0.000730467,1.07528,-0.00725233,2.05374,0,1.09952,-0.00757161,2.06193
5.576,-0.000730467,1.07525,-0.00720671,2.05374,0,1.09947,-0.00757161,2.06193
5.578,-0.000730467,1.07525,-0.00720671,2.05383,3.65234e-05,1.09952,-0.00757161,2.06201
5.58,-0.000730467,1.07528,-0.00725233,2.05383,0,1.09952,-0.00757161,2.06193
5.582,-0.000730467,1.07528,-0.00725233,2.05383,0,1.0995,-0.00761722,2.06201
5.584,-0.000730467,1.07528,-0.00725233,2.05374,0,1.09952,-0.00757161,2.06193
5.586,-0.000730467,1.07525,-0.00720671,2.05374,-3.65234e-05,1.0995,-0.007526,2.06201
5.588,-0.000730467,1.07528,-0.00725233,2.05374,-3.65234e-05,1.0995,-0.00761722,2.06201
5.59,-0.000730467,1.07528,-0.00725233,2.05374,0,1.09952,-0.00757161,2.06193
5.592,-0.000730467,1.07525,-0.00720671,2.05374,3.65234e-05,1.09952,-0.00757161,2.06201
5.594,-0.000730467,1.07525,-0.00720671,2.05374,0,1.09952,-0.00757161,2.06193
5.596,-0.000730467,1.07525,-0.00720671,2.05374,3.65234e-05,1.09947,-0.00757161,2.06193
5.598,-0.000730467,1.07528,-0.00725233,2.05374,-3.65234e-05,1.0995,-0.007526,2.06193
5.6,-0.000730467,1.07525,-0.00720671,2.05383,0,1.0995,-0.007526,2.06193
5.602,-0.000730467,1.07528,-0.00725233,2.05374,0,1.0995,-0.007526,2.06193
5.604,-0.000730467,1.07528,-0.0071611,2.05383,-3.65234e-05,1.09952,-0.00757161,2.06201
5.606,-0.000730467,1.07525,-0.00720671,2.05374,0,1.0995,-0.00761722,2.06201
5.608,-0.000730467,1.07525,-0.00720671,2.05374,0,1.0995,-0.00761722,2.06193
5.61,-0.000730467,1.07525,-0.00720671,2.05374,0,1.0995,-0.00761722,2.06193
5.612,-0.000730467,1.07525,-0.00720671,2.05383,0,1.0995,-0.00761722,2.06201
5.614,-0.00076699,1.07528,-0.00725233,2.05383,0,1.09947,-0.00757161,2.06201
5.616,-0.000730467,1.07528,-0.00725233,2.05383,3.65234e-05,1.0995,-0.007526,2.06201
5.618,-0.000730467,1.07525,-0.00720671,2.05383,0,1.0995,-0.00761722,2.06201
5.62,-0.000730467,1.07525,-0.00720671,2.05383,0,1.0995,-0.00761722,2.06201
5.622,-0.000730467,1.07523,-0.00725233,2.05374,0,1.09952,-0.00757161,2.06193
5.624,-0.000730467,1.07525,-0.00720671,2.05374,-3.65234e-05,1.0995,-0.00761722,2.06201
5.626,-0.000730467,1.07528,-0.00725233,2.05383,3.65234e-05,1.0995,-0.00761722,2.06193
5.628,-0.000730467,1.07528,-0.00725233,2.05383,3.65234e-05,1.09947,-0.00757161,2.06193
5.63,-0.00076699,1.07525,-0.00720671,2.05383,0,1.09947,-0.00757161,2.06201
5.632,-0.000730467,1.07525,-0.00720671,2.05383,3.65234e-05,1.09947,-0.00757161,2.06193
5.634,-0.000730467,1.07525,-0.00720671,2.05374,0,1.09952,-0.00757161,2.06201
5.636,-0.000730467,1.07528,-0.00725233,2.05374,3.65234e-05,1.09947,-0.00757161,2.06201
5.638,-0.000730467,1.07525,-0.00720671,2.05374,3.65234e-05,1.0995,-0.007526,2.06193
5.64,-0.000730467,1.07525,-0.00720671,2.05383,0,1.0995,-0.007526,2.06201
5.642,-0.000730467,1.07528,-0.00725233,2.05383,0,1.0995,-0.00761722,2.06201
5.644,-0.000730467,1.07525,-0.00720671,2.05383,3.65234e-05,1.0995,-0.00761722,2.06193
5.646,-0.00076699,1.07525,-0.00720671,2.05383,-3.65234e-05,1.0995,-0.00761722,2.06201
5.648,-0.000730467,1.07525,-0.00720671,2.05374,0,1.09947,-0.00757161,2.06201
5.65,-0.000730467,1.07525,-0.00720671,2.05374,0,1.09952,-0.00757161,2.06201
5.652,-0.000730467,1.07525,-0.00720671,2.05374,3.65234e-05,1.09952,-0.00757161,2.06201
5.654,-0.000730467,1.07525,-0.00720671,2.05374,0,1.09952,-0.00757161,2.06193
5.656,-0.00076699,1.07528,-0.00725233,2.05374,-3.65234e-05,1.09952,-0.00757161,2.06193
5.658,-0.00076699,1.07525,-0.00720671,2.05374,0,1.09952,-0.00757161,2.06201
5.66,-0.000730467,1.07528,-0.00725233,2.05374,0,1.09952,-0.00757161,2.06193
5.662,-0.000730467,1.07525,-0.00720671,2.05383,0,1.09947,-0.00757161,2.06201
5.664,-0.000730467,1.07525,-0.00720671,2.05374,-3.65234e-05,1.09952,-0.00757161,2.06193
5.666,-0.000730467,1.07525,-0.00720671,2.05383,0,1.0995,-0.007526,2.06201
5.668,-0.000730467,1.07525,-0.00720671,2.05374,0,1.09947,-0.00757161,2.06193
5.67,-0.000730467,1.07525,-0.00720671,2.05374,3.65234e-05,1.0995,-0.007526,2.06193
5.672,-0.000730467,1.07525,-0.00720671,2.05374,3.65234e-05,1.09947,-0.00757161,2.06193
5.674,-0.000730467,1.07528,-0.00725233,2.05383,0,1.0995,-0.007526,2.06201
5.676,-0.000730467,1.07525,-0.00720671,2.05383,3.65234e-05,1.0995,-0.00761722,2.06201
5.678,-0.000730467,1.07525,-0.00720671,2.05383,0,1.0995,-0.00761722,2.06201
5.68,-0.000730467,1.07525,-0.00720671,2.05383,-3.65234e-05,1.09952,-0.00757161,2.06193
5.682,-0.000730467,1.07525,-0.00720671,2.05383,3.65234e-05,1.09952,-0.00757161,2.06201
5.684,-0.000730467,1.07528,-0.00725233,2.05383,3.65234e-05,1.09952,-0.00757161,2.06193
5.686,-0.000730467,1.07528,-0.00725233,2.05374,3.65234e-05,1.09947,-0.00757161,2.06201
5.688,-0.000730467,1.07525,-0.00720671,2.05383,-3.65234e-05,1.0995,-0.00761722,2.06201
5.69,-0.000730467,1.07525,-0.00720671,2.05374,0,1.0995,-0.007526,2.06201
5.692,-0.000730467,1.07525,-0.00720671,2.05383,0,1.09952,-0.00757161,2.06201
5.694,-0.000730467,1.07528,-0.0071611,2.05383,0,1.09947,-0.00757161,2.06193
5.696,-0.000730467,1.07525,-0.00720671,2.05374,-3.65234e-05,1.0995,-0.00761722,2.06193
5.698,-0.000730467,1.07525,-0.00720671,2.05374,-3.65234e-05,1.09952,-0.00757161,2.06201
5.7,-0.000730467,1.07528,-0.00725233,2.05374,0,1.09947,-0.00757161,2.06193
5.702,-0.000730467,1.07525,-0.00720671,2.05374,0,1.09947,-0.00757161,2.06201
5.704,-0.000730467,1.07525,-0.00720671,2.05374,3.65234e-05,1.0995,-0.00761722,2.06201
5.706,-0.000730467,1.07528,-0.00725233,2.05374,3.65234e-05,1.09947,-0.00757161,2.06193
5.708,-0.000730467,1.07528,-0.00725233,2.05374,3.65234e-05,1.0995,-0.00761722,2.06193
5.71,-0.000730467,1.07525,-0.00720671,2.05383,3.65234e-05,1.09947,-0.00757161,2.06193
5.712,-0.000730467,1.07525,-0.00720671,2.05383,0,1.0995,-0.00761722,2.06201
5.714,-0.000730467,1.07528,-0.00725233,2.05383,0,1.09952,-0.00757161,2.06193
5.716,-0.000730467,1.07528,-0.00725233,2.05374,0,1.0995,-0.00761722,2.06201
5.718,-0.000730467,1.07528,-0.00725233,2.05383,0,1.09952,-0.00757161,2.06193
5.72,-0.000730467,1.07525,-0.00720671,2.05374,3.65234e-05,1.0995,-0.00761722,2.06201
5.722,-0.000730467,1.07523,-0.00725233,2.05374,3.65234e-05,1.09947,-0.00757161,2.06193
5.724,-0.000730467,1.07528,-0.00725233,2.05374,0,1.09952,-0.00757161,2.06193
5.726,-0.000730467,1.07525,-0.00720671,2.05383,0,1.0995,-0.007526,2.06201
5.728,-0.000730467,1.07525,-0.00720671,2.05383,0,1.0995,-0.00761722,2.06201
5.73,-0.000730467,1.07528,-0.00725233,2.05383,0,1.0995,-0.00761722,2.06201
5.732,-0.000730467,1.07525,-0.00720671,2.05383,3.65234e-05,1.09952,-0.00757161,2.06193
5.734,-0.000730467,1.07525,-0.00720671,2.05383,0,1.0995,-0.007526,2.06201
5.736,-0.000730467,1.07525,-0.00720671,2.05383,-3.65234e-05,1.09952,-0.00757161,2.06193
5.738,-0.00076699,1.07525,-0.00720671,2.05374,0,1.0995,-0.00761722,2.06201
5.74,-0.000730467,1.07525,-0.00720671,2.05374,3.65234e-05,1.0995,-0.00761722,2.06201
5.742,-0.000730467,1.07528,-0.00725233,2.05383,3.65234e-05,1.09952,-0.00757161,2.06201
5.744,-0.000730467,1.07525,-0.00720671,2.05383,0,1.09952,-0.00757161,2.06201
5.746,-0.000730467,1.07525,-0.00720671,2.05383,-3.65234e-05,1.0995,-0.00761722,2.06201
5.748,-0.000730467,1.07528,-0.00725233,2.05374,0,1.0995,-0.007526,2.06193
5.75,-0.000730467,1.07525,-0.00720671,2.05374,0,1.09952,-0.00757161,2.06193
5.752,-0.000730467,1.07525,-0.00720671,2.05383,0,1.0995,-0.00761722,2.06193
5.754,-0.000730467,1.07525,-0.00720671,2.05374,3.65234e-05,1.0995,-0.00761722,2.06201
5.756,-0.000730467,1.07525,-0.00720671,2.05374,0,1.0995,-0.00761722,2.06201
5.758,-0.000730467,1.07528,-0.00725233,2.05383,3.65234e-05,1.09952,-0.00757161,2.06193
5.76,-0.000730467,1.07525,-0.00720671,2.05383,0,1.09952,-0.00757161,2.06201
5.762,-0.000730467,1.07525,-0.00720671,2.05383,0,1.09947,-0.00757161,2.06201
5.764,-0.000730467,1.07525,-0.00720671,2.05374,0,1.09947,-0.00757161,2.06201
5.766,-0.000730467,1.07525,-0.00720671,2.05374,-3.65234e-05,1.0995,-0.00761722,2.06193
5.768,-0.000730467,1.07528,-0.00725233,2.05374,0,1.0995,-0.00761722,2.06193
5.77,-0.000730467,1.07525,-0.00720671,2.05383,3.65234e-05,1.09947,-0.00757161,2.06193
5.772,-0.000730467,1.07525,-0.00720671,2.05383,0,1.09947,-0.00757161,2.06193
5.774,-0.000730467,1.07525,-0.00720671,2.05383,0,1.09952,-0.00757161,2.06193
5.776,-0.00076699,1.07528,-0.00725233,2.05383,-3.65234e-05,1.0995,-0.007526,2.06193
5.778,-0.00076699,1.07528,-0.00725233,2.05383,0,1.0995,-0.00761722,2.06201
5.78,-0.00076699,1.07525,-0.00720671,2.05374,0,1.0995,-0.00761722,2.06193
5.782,-0.000730467,1.07525,-0.00720671,2.05374,-3.65234e-05,1.0995,-0.00761722,2.06201
5.784,-0.000730467,1.07525,-0.00720671,2.05374,0,1.09947,-0.00757161,2.06193
5.786,-0.000730467,1.07525,-0.00720671,2.05374,0,1.0995,-0.007526,2.06193
5.788,-0.000730467,1.07528,-0.00725233,2.05383,0,1.0995,-0.00761722,2.06201
5.79,-0.00076699,1.07528,-0.00725233,2.05383,0,1.09952,-0.00757161,2.06193
5.792,-0.00076699,1.07525,-0.00720671,2.05383,-3.65234e-05,1.09947,-0.00757161,2.06193
5.794,-0.000730467,1.07528,-0.00725233,2.05374,3.65234e-05,1.09947,-0.00757161,2.06201
5.796,-0.00076699,1.07525,-0.00720671,2.05374,0,1.09952,-0.00757161,2.06193
5.798,-0.00076699,1.07525,-0.00720671,2.05374,-3.65234e-05,1.09952,-0.00757161,2.06201
5.8,-0.000730467,1.07525,-0.00720671,2.05374,0,1.0995,-0.00761722,2.06193
5.802,-0.000730467,1.07525,-0.00720671,2.05374,3.65234e-05,1.0995,-0.00761722,2.06201
5.804,-0.000730467,1.07525,-0.00720671,2.05374,0,1.09952,-0.00757161,2.06201
5.806,-0.000730467,1.07525,-0.00720671,2.05383,-3.65234e-05,1.0995,-0.007526,2.06201
5.808,-0.00076699,1.07531,-0.00720671,2.05383,0,1.09952,-0.00757161,2.06201
5.81,-0.00076699,1.07528,-0.00725233,2.05374,0,1.0995,-0.00761722,2.06193
5.812,-0.00076699,1.07525,-0.00720671,2.05374,0,1.0995,-0.007526,2.06193
5.814,-0.000730467,1.07525,-0.00720671,2.05374,0,1.0995,-0.007526,2.06201
5.816,-0.000730467,1.07528,-0.00725233,2.05374,3.65234e-05,1.09947,-0.00757161,2.06201
5.818,-0.000730467,1.07528,-0.00725233,2.05374,0,1.09947,-0.00757161,2.06193
5.82,-0.00076699,1.07528,-0.00725233,2.05383,-3.65234e-05,1.09947,-0.00757161,2.06201
5.822,-0.000730467,1.07528,-0.0071611,2.05383,0,1.09952,-0.00757161,2.06201
5.824,-0.000730467,1.07525,-0.00720671,2.05383,0,1.09947,-0.00757161,2.06193
5.826,-0.000730467,1.07525,-0.00720671,2.05383,3.65234e-05,1.09947,-0.00757161,2.06193
5.828,-0.000730467,1.07525,-0.00729794,2.05383,0,1.0995,-0.007526,2.06193
5.83,-0.000730467,1.07525,-0.00720671,2.05374,0,1.09952,-0.00757161,2.06201
5.832,-0.000730467,1.07525,-0.00720671,2.05374,3.65234e-05,1.0995,-0.00761722,2.06201
5.834,-0.00076699,1.07525,-0.00720671,2.05374,0,1.09947,-0.00757161,2.06193
5.836,-0.000730467,1.07525,-0.00720671,2.05383,3.65234e-05,1.0995,-0.00761722,2.06193
5.838,-0.000730467,1.07528,-0.00725233,2.05383,3.65234e-05,1.09952,-0.00757161,2.06201
5.84,-0.000730467,1.07528,-0.00725233,2.05383,0,1.09947,-0.00757161,2.06193
5.842,-0.000730467,1.07528,-0.00725233,2.05383,3.65234e-05,1.09952,-0.00757161,2.06201
5.844,-0.000730467,1.07525,-0.00720671,2.05374,-3.65234e-05,1.09947,-0.00757161,2.06201
5.846,-0.000730467,1.07525,-0.00720671,2.05374,0,1.09947,-0.00757161,2.06193
5.848,-0.000730467,1.07525,-0.00720671,2.05374,-3.65234e-05,1.09952,-0.00757161,2.06193
5.85,-0.000730467,1.07525,-0.00720671,2.05383,3.65234e-05,1.0995,-0.00761722,2.06201
5.852,-0.000730467,1.07525,-0.00720671,2.05383,-3.65234e-05,1.09952,-0.00757161,2.06201
5.854,-0.000730467,1.07528,-0.00725233,2.05383,0,1.09947,-0.00757161,2.06193
5.856,-0.000730467,1.07525,-0.00720671,2.05383,3.65234e-05,1.0995,-0.00761722,2.06201
5.858,-0.000730467,1.07528,-0.0071611,2.05383,0,1.0995,-0.00761722,2.06193
5.86,-0.000730467,1.07525,-0.00720671,2.05383,3.65234e-05,1.09947,-0.00757161,2.06201
5.862,-0.000730467,1.07528,-0.00725233,2.05374,0,1.09947,-0.00757161,2.06201
5.864,-0.000730467,1.07528,-0.00725233,2.05383,-3.65234e-05,1.09952,-0.00757161,2.06201
5.866,-0.000730467,1.07525,-0.00720671,2.05383,-3.65234e-05,1.09947,-0.00757161,2.06193
5.868,-0.000730467,1.07525,-0.00720671,2.05383,0,1.09947,-0.00757161,2.06193
5.87,-0.000730467,1.07528,-0.00725233,2.05374,0,1.0995,-0.007526,2.06193
5.872,-0.000730467,1.07525,-0.00720671,2.05374,0,1.09952,-0.00757161,2.06201
5.874,-0.000730467,1.07525,-0.00720671,2.05374,0,1.09947,-0.00757161,2.06201
5.876,-0.000730467,1.07525,-0.00720671,2.05383,0,1.09947,-0.00757161,2.06193
5.878,-0.000730467,1.07528,-0.00725233,2.05374,0,1.09952,-0.00757161,2.06193
5.88,-0.000730467,1.07525,-0.00720671,2.05374,0,1.0995,-0.007526,2.06193
5.882,-0.000730467,1.07525,-0.00720671,2.05374,0,1.09952,-0.00757161,2.06193
5.884,-0.000730467,1.07525,-0.00720671,2.05383,0,1.09947,-0.00757161,2.06201
5.886,-0.000730467,1.07525,-0.00720671,2.05374,-3.65234e-05,1.0995,-0.007526,2.06201
5.888,-0.000730467,1.07528,-0.00725233,2.05374,0,1.09952,-0.00757161,2.06193
5.89,-0.000730467,1.07528,-0.00725233,2.05374,-3.65234e-05,1.09947,-0.00757161,2.06201
5.892,-0.000730467,1.07525,-0.00720671,2.05374,3.65234e-05,1.0995,-0.00761722,2.06193
5.894,-0.000730467,1.07525,-0.00720671,2.05383,3.65234e-05,1.0995,-0.00761722,2.06193
5.896,-0.000730467,1.07528,-0.00725233,2.05383,0,1.09947,-0.00757161,2.06193
5.898,-0.00076699,1.07525,-0.00720671,2.05383,-3.65234e-05,1.0995,-0.007526,2.06201
5.9,-0.000730467,1.07525,-0.00720671,2.05374,0,1.09952,-0.00757161,2.06201
5.902,-0.000730467,1.07525,-0.00720671,2.05383,0,1.09947,-0.00757161,2.06201
5.904,-0.000730467,1.07525,-0.00720671,2.05383,3.65234e-05,1.0995,-0.00761722,2.06193
5.906,-0.000730467,1.07525,-0.00720671,2.05383,0,1.09952,-0.00757161,2.06193
5.908,-0.000730467,1.07528,-0.00725233,2.05383,0,1.09952,-0.00757161,2.06193
5.91,-0.000730467,1.07525,-0.00720671,2.05383,-3.65234e-05,1.0995,-0.007526,2.06201
5.912,-0.000730467,1.07525,-0.00720671,2.05383,0,1.0995,-0.007526,2.06193
5.914,-0.000730467,1.07528,-0.00725233,2.05383,0,1.0995,-0.007526,2.06193
5.916,-0.000730467,1.07525,-0.00720671,2.05383,0,1.0995,-0.00761722,2.06201
5.918,-0.000730467,1.07525,-0.00720671,2.05383,0,1.09952,-0.00757161,2.06201
5.92,-0.00076699,1.07525,-0.00720671,2.05383,3.65234e-05,1.09952,-0.00757161,2.06193
5.922,-0.000730467,1.07525,-0.00720671,2.05383,0,1.0995,-0.00761722,2.06193
5.924,-0.000730467,1.07525,-0.00720671,2.05383,0,1.0995,-0.007526,2.06201
5.926,-0.000730467,1.07528,-0.00725233,2.05374,0,1.0995,-0.007526,2.06193
5.928,-0.000730467,1.07525,-0.00720671,2.05383,3.65234e-05,1.09947,-0.00757161,2.06201
5.93,-0.000730467,1.07525,-0.00720671,2.05383,0,1.0995,-0.00761722,2.06193
5.932,-0.000730467,1.07525,-0.00720671,2.05374,0,1.0995,-0.007526,2.06201
5.934,-0.000730467,1.07525,-0.00720671,2.05383,0,1.09952,-0.00757161,2.06193
5.936,-0.000730467,1.07525,-0.00720671,2.05383,0,1.0995,-0.00761722,2.06193
5.938,-0.000730467,1.07528,-0.00725233,2.05383,0,1.09952,-0.00757161,2.06201
5.94,-0.000730467,1.07528,-0.00725233,2.05383,0,1.0995,-0.00761722,2.06193
5.942,-0.000730467,1.07525,-0.00720671,2.05374,0,1.0995,-0.007526,2.06201
5.944,-0.000730467,1.07528,-0.00725233,2.05383,0,1.09952,-0.00757161,2.06201
5.946,-0.000730467,1.07525,-0.00720671,2.05383,-3.65234e-05,1.09947,-0.00757161,2.06193
5.948,-0.00076699,1.07528,-0.00725233,2.05383,3.65234e-05,1.0995,-0.00761722,2.06193
5.95,-0.000730467,1.07525,-0.00720671,2.05383,3.65234e-05,1.0995,-0.00761722,2.06193
5.952,-0.000730467,1.07525,-0.00720671,2.05383,7.30467e-05,1.0995,-0.00761722,2.06193
5.954,-0.000730467,1.07525,-0.00720671,2.05383,3.65234e-05,1.0995,-0.00761722,2.06193
5.956,-0.000730467,1.07525,-0.00720671,2.05383,0,1.0995,-0.007526,2.06201
5.958,-0.000730467,1.07525,-0.00720671,2.05383,-3.65234e-05,1.09947,-0.00757161,2.06193
5.96,-0.000730467,1.07531,-0.00720671,2.05374,-3.65234e-05,1.0995,-0.00761722,2.06201
5.962,-0.000730467,1.07528,-0.00725233,2.05383,0,1.0995,-0.007526,2.06193
5.964,-0.000730467,1.07525,-0.00720671,2.05383,0,1.0995,-0.00761722,2.06201
5.966,-0.000730467,1.07525,-0.00720671,2.05383,-3.65234e-05,1.09952,-0.00757161,2.06193
5.968,-0.000730467,1.07525,-0.00720671,2.05383,0,1.0995,-0.00761722,2.06201
5.97,-0.000730467,1.07525,-0.00720671,2.05383,3.65234e-05,1.09952,-0.00757161,2.06193
5.972,-0.00076699,1.07528,-0.00725233,2.05374,7.30467e-05,1.09952,-0.00757161,2.06201
5.974,-0.000730467,1.07525,-0.00720671,2.05383,0,1.09952,-0.00757161,2.06193
5.976,-0.000730467,1.07525,-0.00720671,2.05383,3.65234e-05,1.09947,-0.00757161,2.06193
5.978,-0.000730467,1.07525,-0.00720671,2.05383,0,1.0995,-0.007526,2.06193
5.98,-0.000730467,1.07525,-0.00720671,2.05383,-3.65234e-05,1.0995,-0.00761722,2.06193
5.982,-0.000730467,1.07525,-0.00720671,2.05374,0,1.09952,-0.00757161,2.06201
5.984,-0.000730467,1.07528,-0.00725233,2.05383,0,1.0995,-0.00761722,2.06193
5.986,-0.000730467,1.07525,-0.00720671,2.05374,0,1.09952,-0.00757161,2.06193
5.988,-0.000730467,1.07528,-0.00725233,2.05374,0,1.0995,-0.00761722,2.06201
5.99,-0.000730467,1.07525,-0.00720671,2.05383,-3.65234e-05,1.0995,-0.007526,2.06193
5.992,-0.00076699,1.07528,-0.00725233,2.05383,0,1.0995,-0.00761722,2.06201
5.994,-0.000730467,1.07525,-0.00720671,2.05383,-3.65234e-05,1.09947,-0.00766283,2.06193
5.996,-0.000730467,1.07528,-0.00725233,2.05383,3.65234e-05,1.09947,-0.00757161,2.06193
5.998,-0.000730467,1.07528,-0.00725233,2.05374,0,1.09947,-0.00757161,2.06193
6,-0.000730467,1.07525,-0.00720671,2.05374,0,1.0995,-0.00761722,2.06201
6.002,-0.000730467,1.07528,-0.00725233,2.05374,-3.65234e-05,1.09952,-0.00757161,2.06201
6.004,-0.000730467,1.07528,-0.00725233,2.05383,-3.65234e-05,1.09952,-0.00757161,2.06193
6.006,-0.000730467,1.07525,-0.00720671,2.05383,-3.65234e-05,1.0995,-0.007526,2.06193
6.008,-0.000730467,1.07525,-0.00720671,2.05383,0,1.09952,-0.00757161,2.06201
6.01,-0.000730467,1.07528,-0.00725233,2.05383,0,1.0995,-0.00761722,2.06193
6.012,-0.000730467,1.07528,-0.00725233,2.05383,0,1.0995,-0.00761722,2.06201
6.014,-0.000730467,1.07525,-0.00720671,2.05383,0,1.0995,-0.007526,2.06201
6.016,-0.000730467,1.07528,-0.00725233,2.05374,3.65234e-05,1.0995,-0.007526,2.06201
6.018,-0.000730467,1.07528,-0.00725233,2.05374,0,1.09952,-0.00757161,2.06193
6.02,-0.000730467,1.07528,-0.00725233,2.05374,-3.65234e-05,1.0995,-0.007526,2.06201
6.022,-0.000730467,1.07528,-0.00725233,2.05374,3.65234e-05,1.09952,-0.00757161,2.06193
6.024,-0.000730467,1.07525,-0.00720671,2.05374,0,1.0995,-0.007526,2.06201
6.026,-0.000730467,1.07525,-0.00720671,2.05374,0,1.0995,-0.00761722,2.06201
6.028,-0.00076699,1.07528,-0.00725233,2.05374,0,1.09952,-0.00757161,2.06193
6.03,-0.000730467,1.07528,-0.00725233,2.05383,3.65234e-05,1.09947,-0.00757161,2.06193
6.032,-0.000730467,1.07525,-0.00720671,2.05383,3.65234e-05,1.09947,-0.00757161,2.06193
6.034,-0.000730467,1.07528,-0.00725233,2.05383,0,1.09947,-0.00757161,2.06193
6.036,-0.000730467,1.07528,-0.00725233,2.05374,3.65234e-05,1.0995,-0.007526,2.06201
6.038,-0.000730467,1.07528,-0.00725233,2.05374,-3.65234e-05,1.09947,-0.00757161,2.06201
6.04,-0.000730467,1.07525,-0.00720671,2.05383,0,1.0995,-0.00761722,2.06193
6.042,-0.000730467,1.07525,-0.00720671,2.05383,3.65234e-05,1.09952,-0.00757161,2.06201
6.044,-0.000730467,1.07525,-0.00720671,2.05383,3.65234e-05,1.0995,-0.00761722,2.06193
6.046,-0.000730467,1.07528,-0.00725233,2.05383,-3.65234e-05,1.0995,-0.00761722,2.06193
6.048,-0.000730467,1.07528,-0.00725233,2.05383,0,1.0995,-0.00761722,2.06193
6.05,-0.000730467,1.07528,-0.00725233,2.05383,0,1.09947,-0.00757161,2.06193
6.052,-0.000730467,1.07528,-0.00725233,2.05383,3.65234e-05,1.09947,-0.00757161,2.06193
6.054,-0.000730467,1.07525,-0.00720671,2.05374,0,1.0995,-0.00761722,2.06201
6.056,-0.000730467,1.07528,-0.00725233,2.05383,0,1.0995,-0.00761722,2.06201
6.058,-0.000730467,1.07525,-0.00720671,2.05383,0,1.0995,-0.00761722,2.06193
6.06,-0.000730467,1.07525,-0.00720671,2.05383,-3.65234e-05,1.0995,-0.00761722,2.06201
6.062,-0.000730467,1.07528,-0.00725233,2.05383,0,1.09947,-0.00757161,2.06193
6.064,-0.000730467,1.07525,-0.00720671,2.05383,0,1.09947,-0.00757161,2.06201
6.066,-0.000730467,1.07525,-0.00720671,2.05383,0,1.09947,-0.00757161,2.06193
6.068,-0.000730467,1.07528,-0.00725233,2.05374,0,1.09952,-0.00757161,2.06193
6.07,-0.00076699,1.07528,-0.00725233,2.05374,-3.65234e-05,1.09952,-0.00757161,2.06201
6.072,-0.000730467,1.07528,-0.00725233,2.05374,0,1.0995,-0.00761722,2.06193
6.074,-0.000730467,1.07528,-0.00725233,2.05383,3.65234e-05,1.0995,-0.00761722,2.06201
6.076,-0.000730467,1.07525,-0.00720671,2.05383,-3.65234e-05,1.09952,-0.00757161,2.06193
6.078,-0.000730467,1.07525,-0.00720671,2.05383,0,1.0995,-0.00761722,2.06201
6.08,-0.000730467,1.07525,-0.00720671,2.05374,0,1.0995,-0.00761722,2.06193
6.082,-0.000730467,1.07528,-0.00725233,2.05374,0,1.09947,-0.00757161,2.06201
6.084,-0.000730467,1.07525,-0.00720671,2.05383,3.65234e-05,1.09947,-0.00757161,2.06201
6.086,-0.000730467,1.07528,-0.00725233,2.05383,0,1.0995,-0.00761722,2.06193
6.088,-0.000730467,1.07525,-0.00720671,2.05383,3.65234e-05,1.0995,-0.00761722,2.06201
6.09,-0.000730467,1.07528,-0.00725233,2.05383,0,1.09947,-0.00757161,2.06193
6.092,-0.000730467,1.07525,-0.00720671,2.05374,0,1.0995,-0.007526,2.06201
6.094,-0.000730467,1.07525,-0.00720671,2.05383,0,1.0995,-0.00761722,2.06201
6.096,-0.000730467,1.07525,-0.00720671,2.05374,0,1.0995,-0.00761722,2.06193
6.098,-0.000730467,1.07528,-0.00725233,2.05383,0,1.0995,-0.007526,2.06201
6.1,-0.000730467,1.07528,-0.00725233,2.05374,0,1.09947,-0.00757161,2.06201
6.102,-0.000730467,1.07528,-0.00725233,2.05383,0,1.09952,-0.00757161,2.06201
6.104,-0.000730467,1.07528,-0.00725233,2.05383,0,1.0995,-0.00761722,2.06193
6.106,-0.000730467,1.07525,-0.00720671,2.05383,0,1.09952,-0.00757161,2.06201
6.108,-0.000730467,1.07528,-0.00725233,2.05383,3.65234e-05,1.0995,-0.00761722,2.06201
6.11,-0.000730467,1.07528,-0.00725233,2.05374,3.65234e-05,1.0995,-0.00761722,2.06193
6.112,-0.000730467,1.07528,-0.00725233,2.05383,0,1.09952,-0.00757161,2.06201
6.114,-0.000730467,1.07525,-0.00720671,2.05383,-7.30467e-05,1.09952,-0.00757161,2.06193
6.116,-0.000730467,1.07525,-0.00720671,2.05383,0,1.0995,-0.00761722,2.06193
6.118,-0.000730467,1.07525,-0.00720671,2.05383,3.65234e-05,1.0995,-0.00761722,2.06193
6.12,-0.000730467,1.07525,-0.00720671,2.05374,3.65234e-05,1.0995,-0.007526,2.06201
6.122,-0.000730467,1.07528,-0.00725233,2.05383,0,1.09952,-0.00757161,2.06193
6.124,-0.000730467,1.07528,-0.00725233,2.05374,0,1.0995,-0.00761722,2.06193
6.126,-0.000730467,1.07525,-0.00720671,2.05374,0,1.0995,-0.00761722,2.06193
6.128,-0.000730467,1.07525,-0.00720671,2.05374,0,1.0995,-0.007526,2.06193
6.13,-0.000730467,1.07528,-0.00725233,2.05383,3.65234e-05,1.09947,-0.00757161,2.06201
6.132,-0.000730467,1.07528,-0.00725233,2.05383,0,1.0995,-0.00761722,2.06193
6.134,-0.000730467,1.07525,-0.00720671,2.05383,0,1.0995,-0.00761722,2.06193
6.136,-0.000730467,1.07528,-0.00725233,2.05374,0,1.0995,-0.00761722,2.06201
6.138,-0.000730467,1.07528,-0.00725233,2.05374,3.65234e-05,1.09952,-0.00757161,2.06193
6.14,-0.000730467,1.07525,-0.00720671,2.05374,3.65234e-05,1.09952,-0.00757161,2.06193
6.142,-0.000730467,1.07525,-0.00720671,2.05383,0,1.09952,-0.00757161,2.06193
6.144,-0.000730467,1.07528,-0.00725233,2.05383,0,1.09952,-0.00757161,2.06193
6.146,-0.000730467,1.07528,-0.00725233,2.05383,3.65234e-05,1.0995,-0.00761722,2.06193
6.148,-0.000730467,1.07525,-0.00720671,2.05383,0,1.09952,-0.00757161,2.06201
6.15,-0.000730467,1.07525,-0.00720671,2.05374,0,1.09952,-0.00757161,2.06193
6.152,-0.000730467,1.07525,-0.00720671,2.05374,3.65234e-05,1.09952,-0.00757161,2.06193
6.154,-0.000730467,1.07528,-0.00725233,2.05383,0,1.09947,-0.00757161,2.06201
6.156,-0.000730467,1.07525,-0.00720671,2.05383,0,1.09952,-0.00757161,2.06201
6.158,-0.000730467,1.07528,-0.00725233,2.05383,0,1.09952,-0.00757161,2.06201
6.16,-0.000730467,1.07528,-0.00725233,2.05383,0,1.09952,-0.00757161,2.06201
6.162,-0.000730467,1.07525,-0.00720671,2.05374,0,1.0995,-0.00761722,2.06201
6.164,-0.000730467,1.07528,-0.00725233,2.05374,-3.65234e-05,1.0995,-0.00761722,2.06201
6.166,-0.000730467,1.07528,-0.00725233,2.05383,3.65234e-05,1.09952,-0.00757161,2.06193
6.168,-0.000730467,1.07528,-0.00725233,2.05383,0,1.09952,-0.00757161,2.06201
6.17,-0.00076699,1.07525,-0.00720671,2.05383,0,1.09952,-0.00757161,2.06193
6.172,-0.000730467,1.07525,-0.00720671,2.05383,-3.65234e-05,1.09952,-0.00757161,2.06193
6.174,-0.000730467,1.07528,-0.00725233,2.05383,0,1.0995,-0.00761722,2.06193
6.176,-0.000730467,1.07525,-0.00720671,2.05383,0,1.09947,-0.00757161,2.06193
6.178,-0.000730467,1.07528,-0.00725233,2.05383,3.65234e-05,1.0995,-0.007526,2.06201
6.18,-0.000730467,1.07528,-0.00725233,2.05383,0,1.0995,-0.007526,2.06193
6.182,-0.000730467,1.07528,-0.00725233,2.05383,0,1.0995,-0.00761722,2.06193
6.184,-0.000730467,1.07525,-0.00720671,2.05374,-3.65234e-05,1.09947,-0.00757161,2.06201
6.186,-0.000730467,1.07525,-0.00720671,2.05374,3.65234e-05,1.0995,-0.00761722,2.06201
6.188,-0.000730467,1.07525,-0.00720671,2.05374,0,1.09952,-0.00757161,2.06193
6.19,-0.000730467,1.07528,-0.00725233,2.05374,0,1.09952,-0.00757161,2.06193
6.192,-0.000730467,1.07525,-0.00720671,2.05383,-3.65234e-05,1.0995,-0.007526,2.06193
6.194,-0.000730467,1.07525,-0.00720671,2.05383,3.65234e-05,1.0995,-0.00761722,2.06201
6.196,-0.00076699,1.07525,-0.00720671,2.05383,3.65234e-05,1.0995,-0.00761722,2.06201
6.198,-0.000730467,1.07525,-0.00720671,2.05383,0,1.09947,-0.00757161,2.06193
6.2,-0.000730467,1.07528,-0.00725233,2.05383,0,1.09952,-0.00757161,2.06193
6.202,-0.000730467,1.07528,-0.00725233,2.05374,0,1.09947,-0.00757161,2.06193
6.204,-0.000730467,1.07528,-0.00725233,2.05383,0,1.09952,-0.00757161,2.06201
6.206,-0.000730467,1.07528,-0.00725233,2.05383,0,1.0995,-0.00761722,2.06193
6.208,-0.000730467,1.07525,-0.00720671,2.05383,0,1.0995,-0.00761722,2.06193
6.21,-0.000730467,1.07525,-0.00720671,2.05383,0,1.0995,-0.007526,2.06201
6.212,-0.000730467,1.07528,-0.00725233,2.05374,0,1.0995,-0.00761722,2.06201
6.214,-0.000730467,1.07528,-0.00725233,2.05374,0,1.0995,-0.00761722,2.06201
6.216,-0.000730467,1.07531,-0.00720671,2.05374,0,1.09947,-0.00757161,2.06193
6.218,-0.000730467,1.07525,-0.00720671,2.05374,3.65234e-05,1.09947,-0.00757161,2.06193
6.22,-0.000730467,1.07525,-0.00720671,2.05383,0,1.09952,-0.00757161,2.06193
6.222,-0.000730467,1.07528,-0.00725233,2.05383,-3.65234e-05,1.0995,-0.00761722,2.06201
6.224,-0.000730467,1.07528,-0.00725233,2.05374,0,1.0995,-0.007526,2.06201
6.226,-0.000730467,1.07525,-0.00720671,2.05374,3.65234e-05,1.0995,-0.00761722,2.06201
6.228,-0.000730467,1.07525,-0.00720671,2.05383,0,1.09947,-0.00757161,2.06193
6.23,-0.00076699,1.07525,-0.00720671,2.05374,0,1.0995,-0.007526,2.06193
6.232,-0.000730467,1.07528,-0.00725233,2.05374,3.65234e-05,1.09952,-0.00757161,2.06193
6.234,-0.000730467,1.07525,-0.00720671,2.05383,0,1.09952,-0.00757161,2.06201
6.236,-0.000730467,1.07528,-0.00725233,2.05374,3.65234e-05,1.0995,-0.00761722,2.06193
6.238,-0.000730467,1.07525,-0.00720671,2.05383,0,1.09952,-0.00757161,2.06193
6.24,-0.000730467,1.07525,-0.00720671,2.05374,-3.65234e-05,1.09952,-0.00757161,2.06201
6.242,-0.000730467,1.07528,-0.00725233,2.05383,3.65234e-05,1.0995,-0.00761722,2.06193
6.244,-0.000730467,1.07528,-0.00725233,2.05383,3.65234e-05,1.09952,-0.00757161,2.06193
6.246,-0.000730467,1.07525,-0.00720671,2.05374,0,1.09947,-0.00757161,2.06193
6.248,-0.000730467,1.07525,-0.00720671,2.05374,0,1.0995,-0.00761722,2.06193
6.25,-0.000730467,1.07525,-0.00720671,2.05374,0,1.09947,-0.00757161,2.06193
6.252,-0.000730467,1.07528,-0.00725233,2.05374,3.65234e-05,1.09952,-0.00757161,2.06193
6.254,-0.000730467,1.07528,-0.00725233,2.05383,0,1.09952,-0.00757161,2.06193
6.256,-0.000730467,1.07528,-0.00725233,2.05383,0,1.09947,-0.00757161,2.06201
6.258,-0.000730467,1.07525,-0.00720671,2.05383,-3.65234e-05,1.0995,-0.00761722,2.06193
6.26,-0.000730467,1.07525,-0.00720671,2.05383,0,1.09947,-0.00757161,2.06193
6.262,-0.000730467,1.07525,-0.00720671,2.05383,0,1.0995,-0.00761722,2.06193
6.264,-0.000730467,1.07525,-0.00720671,2.05383,3.65234e-05,1.0995,-0.007526,2.06201
6.266,-0.000730467,1.07525,-0.00720671,2.05383,0,1.0995,-0.00761722,2.06193
6.268,-0.000730467,1.07525,-0.00720671,2.05383,-3.65234e-05,1.0995,-0.00761722,2.06201
6.27,-0.000730467,1.07528,-0.00725233,2.05374,-3.65234e-05,1.09952,-0.00757161,2.06193
6.272,-0.000730467,1.07525,-0.00720671,2.05383,3.65234e-05,1.0995,-0.00761722,2.06201
6.274,-0.000730467,1.07525,-0.00720671,2.05383,0,1.0995,-0.00761722,2.06193
6.276,-0.000730467,1.07525,-0.00720671,2.05374,0,1.0995,-0.007526,2.06201
6.278,-0.000730467,1.07528,-0.00725233,2.05383,3.65234e-05,1.09952,-0.00757161,2.06193
6.28,-0.000730467,1.07528,-0.00725233,2.05383,0,1.09952,-0.00757161,2.06201
6.282,-0.000730467,1.07525,-0.00720671,2.05383,-7.30467e-05,1.09952,-0.00757161,2.06201
6.284,-0.00076699,1.07525,-0.00720671,2.05374,0,1.0995,-0.007526,2.06193
6.286,-0.000730467,1.07528,-0.00725233,2.05383,0,1.09944,-0.00761722,2.06193
6.288,-0.000730467,1.07528,-0.00725233,2.05374,0,1.0995,-0.00761722,2.06193
6.29,-0.000730467,1.07528,-0.00725233,2.05383,3.65234e-05,1.0995,-0.007526,2.06193
6.292,-0.000730467,1.07528,-0.00725233,2.05374,-3.65234e-05,1.0995,-0.007526,2.06201
6.294,-0.000730467,1.07525,-0.00720671,2.05374,-3.65234e-05,1.09947,-0.00757161,2.06193
6.296,-0.000730467,1.07525,-0.00720671,2.05383,-3.65234e-05,1.0995,-0.00761722,2.06201
6.298,-0.000730467,1.07525,-0.00720671,2.05383,0,1.09952,-0.00757161,2.06193
6.3,-0.000730467,1.07525,-0.00720671,2.05383,3.65234e-05,1.0995,-0.00761722,2.06193
6.302,-0.000730467,1.07528,-0.00725233,2.05383,-3.65234e-05,1.09947,-0.00757161,2.06193
6.304,-0.000730467,1.07528,-0.00725233,2.05383,0,1.09947,-0.00757161,2.06201
6.306,-0.000730467,1.07525,-0.00720671,2.05374,-3.65234e-05,1.09947,-0.00757161,2.06201
6.308,-0.000730467,1.07528,-0.00725233,2.05374,0,1.09947,-0.00757161,2.06201
6.31,-0.000730467,1.07525,-0.00720671,2.05374,3.65234e-05,1.09952,-0.00757161,2.06193
6.312,-0.000730467,1.07525,-0.00720671,2.05374,0,1.09952,-0.00757161,2.06193
6.314,-0.000730467,1.07525,-0.00720671,2.05383,0,1.0995,-0.00761722,2.06201
6.316,-0.000730467,1.07525,-0.00720671,2.05383,0,1.0995,-0.00761722,2.06201
6.318,-0.000730467,1.07525,-0.00720671,2.05383,-3.65234e-05,1.0995,-0.00761722,2.06193
6.32,-0.000730467,1.07528,-0.00725233,2.05374,0,1.0995,-0.00761722,2.06201
6.322,-0.000730467,1.07528,-0.00725233,2.05374,0,1.0995,-0.007526,2.06201
6.324,-0.000730467,1.07528,-0.00725233,2.05374,-3.65234e-05,1.09952,-0.00757161,2.06193
6.326,-0.000730467,1.07528,-0.00725233,2.05374,3.65234e-05,1.09947,-0.00757161,2.06193
6.328,-0.000730467,1.07525,-0.00720671,2.05374,-3.65234e-05,1.0995,-0.00761722,2.06193
6.33,-0.000730467,1.07528,-0.00725233,2.05383,0,1.09952,-0.00757161,2.06201
6.332,-0.000730467,1.07528,-0.00725233,2.05383,0,1.09952,-0.00757161,2.06201
6.334,-0.000730467,1.07528,-0.00725233,2.05383,0,1.09952,-0.00757161,2.06193
6.336,-0.000730467,1.07528,-0.00725233,2.05374,0,1.0995,-0.007526,2.06193
6.338,-0.000730467,1.07525,-0.00720671,2.05374,0,1.0995,-0.007526,2.06193
6.34,-0.000730467,1.07525,-0.00720671,2.05374,0,1.09952,-0.00757161,2.06201
6.342,-0.000730467,1.07525,-0.00720671,2.05374,3.65234e-05,1.09952,-0.00757161,2.06201
6.344,-0.000730467,1.07525,-0.00720671,2.05374,0,1.0995,-0.00761722,2.06201
6.346,-0.000730467,1.07528,-0.00725233,2.05374,-7.30467e-05,1.0995,-0.00761722,2.06201
6.348,-0.000730467,1.07528,-0.00725233,2.05374,0,1.0995,-0.00761722,2.06193
6.35,-0.000730467,1.07528,-0.00725233,2.05383,0,1.0995,-0.00761722,2.06201
6.352,-0.000730467,1.07528,-0.00725233,2.05383,-3.65234e-05,1.0995,-0.00761722,2.06201
6.354,-0.000730467,1.07525,-0.00720671,2.05383,0,1.0995,-0.007526,2.06193
6.356,-0.000730467,1.07525,-0.00720671,2.05374,-3.65234e-05,1.09952,-0.00757161,2.06201
6.358,-0.000730467,1.07525,-0.00720671,2.05383,0,1.09952,-0.00757161,2.06193
6.36,-0.000730467,1.07525,-0.00720671,2.05383,0,1.0995,-0.00761722,2.06193
6.362,-0.000730467,1.07525,-0.00720671,2.05383,3.65234e-05,1.0995,-0.00761722,2.06193
6.364,-0.000730467,1.07528,-0.00725233,2.05383,0,1.09952,-0.00757161,2.06201
6.366,-0.000730467,1.07528,-0.00725233,2.05383,0,1.09952,-0.00757161,2.06201
6.368,-0.000730467,1.07525,-0.00720671,2.05383,3.65234e-05,1.09952,-0.00757161,2.06201
6.37,-0.000730467,1.07525,-0.00720671,2.05383,0,1.09952,-0.00757161,2.06201
6.372,-0.000730467,1.07525,-0.00720671,2.05374,3.65234e-05,1.09947,-0.00757161,2.06193
6.374,-0.000730467,1.07528,-0.00725233,2.05383,3.65234e-05,1.0995,-0.007526,2.06193
6.376,-0.000730467,1.07528,-0.00725233,2.05383,7.30467e-05,1.0995,-0.00761722,2.06193
6.378,-0.000730467,1.07528,-0.00725233,2.05383,3.65234e-05,1.09947,-0.00757161,2.06201
6.38,-0.000730467,1.07525,-0.00720671,2.05383,3.65234e-05,1.0995,-0.007526,2.06201
6.382,-0.000730467,1.07528,-0.00725233,2.05383,0,1.0995,-0.00761722,2.06201
6.384,-0.000730467,1.07525,-0.00720671,2.05374,0,1.09952,-0.00757161,2.06193
6.386,-0.000730467,1.07528,-0.00725233,2.05374,3.65234e-05,1.09952,-0.00757161,2.06193
6.388,-0.00076699,1.07525,-0.00720671,2.05383,3.65234e-05,1.0995,-0.00761722,2.06201
6.39,-0.00076699,1.07528,-0.00725233,2.05374,3.65234e-05,1.0995,-0.00761722,2.06193
6.392,-0.000730467,1.07528,-0.00725233,2.05383,-3.65234e-05,1.0995,-0.007526,2.06193
6.394,-0.000730467,1.07525,-0.00720671,2.05383,0,1.0995,-0.007526,2.06193
6.396,-0.000730467,1.07528,-0.00725233,2.05383,0,1.09947,-0.00757161,2.06193
6.398,-0.000730467,1.07525,-0.00720671,2.05374,3.65234e-05,1.0995,-0.00761722,2.06201
6.4,-0.000730467,1.07525,-0.00720671,2.05383,-3.65234e-05,1.0995,-0.00761722,2.06201
6.402,-0.000730467,1.07525,-0.00720671,2.05383,0,1.09947,-0.00757161,2.06201
6.404,-0.000730467,1.07528,-0.00725233,2.05383,0,1.09952,-0.00757161,2.06201
6.406,-0.000730467,1.07525,-0.00720671,2.05383,0,1.09947,-0.00757161,2.06193
6.408,-0.000730467,1.07528,-0.00725233,2.05374,3.65234e-05,1.0995,-0.007526,2.06201
6.41,-0.000730467,1.07528,-0.00725233,2.05374,0,1.0995,-0.007526,2.06193
6.412,-0.000730467,1.07528,-0.00725233,2.05383,0,1.09952,-0.00757161,2.06201
6.414,-0.000730467,1.07525,-0.00720671,2.05374,0,1.09952,-0.00757161,2.06201
6.416,-0.000730467,1.07525,-0.00720671,2.05374,-3.65234e-05,1.09947,-0.00757161,2.06193
6.418,-0.000730467,1.07528,-0.00725233,2.05374,-3.65234e-05,1.0995,-0.00761722,2.06193
6.42,-0.000730467,1.07528,-0.00725233,2.05374,3.65234e-05,1.09952,-0.00757161,2.06193
6.422,-0.000730467,1.07528,-0.00725233,2.05383,0,1.09947,-0.00757161,2.06193
6.424,-0.000730467,1.07525,-0.00720671,2.05383,3.65234e-05,1.0995,-0.00761722,2.06193
6.426,-0.000730467,1.07525,-0.00720671,2.05374,0,1.0995,-0.00761722,2.06193
6.428,-0.000730467,1.07528,-0.00725233,2.05383,0,1.09947,-0.00757161,2.06193
6.43,-0.000730467,1.07525,-0.00720671,2.05374,3.65234e-05,1.0995,-0.00761722,2.06201
6.432,-0.000730467,1.07528,-0.00725233,2.05374,-3.65234e-05,1.09952,-0.00757161,2.06201
6.434,-0.000730467,1.07531,-0.00720671,2.05374,0,1.0995,-0.007526,2.06201
6.436,-0.000730467,1.07528,-0.00725233,2.05383,0,1.0995,-0.00761722,2.06201
6.438,-0.000730467,1.07525,-0.00720671,2.05383,-3.65234e-05,1.09947,-0.00757161,2.06193
6.44,-0.000730467,1.07525,-0.00720671,2.05383,0,1.09952,-0.00757161,2.06201
6.442,-0.000730467,1.07525,-0.00720671,2.05374,0,1.0995,-0.00761722,2.06193
6.444,-0.000730467,1.07525,-0.00720671,2.05374,0,1.09952,-0.00757161,2.06201
6.446,-0.000730467,1.07525,-0.00720671,2.05374,0,1.09952,-0.00757161,2.06201
6.448,-0.000730467,1.07528,-0.00725233,2.05374,3.65234e-05,1.09952,-0.00757161,2.06201
6.45,-0.000730467,1.07528,-0.00725233,2.05383,0,1.0995,-0.00761722,2.06193
6.452,-0.000730467,1.07525,-0.00720671,2.05374,0,1.09952,-0.00757161,2.06201
6.454,-0.000730467,1.07525,-0.00720671,2.05383,0,1.09952,-0.00757161,2.06193
6.456,-0.000730467,1.07525,-0.00720671,2.05383,0,1.0995,-0.00761722,2.06201
6.458,-0.000730467,1.07528,-0.00725233,2.05374,0,1.0995,-0.00761722,2.06201
6.46,-0.000730467,1.07528,-0.00725233,2.05383,-3.65234e-05,1.09952,-0.00757161,2.06201
6.462,-0.000730467,1.07528,-0.00725233,2.05374,0,1.09952,-0.00757161,2.06193
6.464,-0.000730467,1.07525,-0.00720671,2.05374,0,1.0995,-0.00761722,2.06193
6.466,-0.000730467,1.07525,-0.00720671,2.05374,0,1.09952,-0.00757161,2.06193
6.468,-0.000730467,1.07528,-0.00725233,2.05374,0,1.09952,-0.00757161,2.06193
6.47,-0.000730467,1.07528,-0.00725233,2.05383,0,1.09947,-0.00757161,2.06201
6.472,-0.000730467,1.07528,-0.00725233,2.05383,3.65234e-05,1.09952,-0.00757161,2.06201
6.474,-0.000730467,1.07528,-0.00725233,2.05383,0,1.09952,-0.00757161,2.06193
6.476,-0.000730467,1.07525,-0.00720671,2.05374,3.65234e-05,1.09952,-0.00757161,2.06193
6.478,-0.000730467,1.07525,-0.00720671,2.05374,0,1.09952,-0.00757161,2.06193
6.48,-0.000730467,1.07525,-0.00720671,2.05374,0,1.0995,-0.00761722,2.06201
6.482,-0.000730467,1.07531,-0.00720671,2.05374,-3.65234e-05,1.0995,-0.007526,2.06201
6.484,-0.000730467,1.07528,-0.00725233,2.05374,3.65234e-05,1.09947,-0.00757161,2.06201
6.486,-0.000730467,1.07528,-0.00725233,2.05383,-3.65234e-05,1.09947,-0.00757161,2.06193
6.488,-0.000730467,1.07528,-0.00725233,2.05383,0,1.09947,-0.00757161,2.06193
6.49,-0.000730467,1.07525,-0.00720671,2.05383,0,1.09952,-0.00757161,2.06193
6.492,-0.000730467,1.07525,-0.00720671,2.05374,3.65234e-05,1.09952,-0.00757161,2.06193
6.494,-0.000730467,1.07525,-0.00720671,2.05374,3.65234e-05,1.09952,-0.00757161,2.06201
6.496,-0.000730467,1.07528,-0.00725233,2.05374,3.65234e-05,1.0995,-0.00761722,2.06201
6.498,-0.000730467,1.07528,-0.00725233,2.05383,-3.65234e-05,1.09947,-0.00757161,2.06201
6.5,-0.000730467,1.07525,-0.00720671,2.05374,-3.65234e-05,1.0995,-0.00761722,2.06201
6.502,-0.000730467,1.07528,-0.00725233,2.05374,0,1.0995,-0.007526,2.06201
6.504,-0.000730467,1.07528,-0.00725233,2.05374,3.65234e-05,1.09947,-0.00757161,2.06201
6.506,-0.000730467,1.07528,-0.00725233,2.05383,-3.65234e-05,1.09944,-0.00761722,2.06193
6.508,-0.000730467,1.07528,-0.00725233,2.05383,0,1.09947,-0.00757161,2.06201
6.51,-0.000730467,1.07525,-0.00720671,2.05383,0,1.09952,-0.00757161,2.06201
6.512,-0.000730467,1.07525,-0.00720671,2.05374,0,1.09947,-0.00757161,2.06193
6.514,-0.000730467,1.07525,-0.00720671,2.05383,3.65234e-05,1.09947,-0.00757161,2.06193
6.516,-0.000730467,1.07528,-0.00725233,2.05383,0,1.09947,-0.00757161,2.06201
6.518,-0.000730467,1.07528,-0.00725233,2.05374,0,1.09947,-0.00757161,2.06193
6.52,-0.000730467,1.07525,-0.00720671,2.05383,0,1.0995,-0.007526,2.06201
6.522,-0.000730467,1.07525,-0.00720671,2.05383,0,1.09947,-0.00757161,2.06193
6.524,-0.000730467,1.07525,-0.00720671,2.05383,0,1.0995,-0.007526,2.06193
6.526,-0.000730467,1.07528,-0.00725233,2.05383,-3.65234e-05,1.0995,-0.00761722,2.06193
6.528,-0.000730467,1.07528,-0.00725233,2.05383,3.65234e-05,1.0995,-0.00761722,2.06193
6.53,-0.000730467,1.07525,-0.00720671,2.05374,0,1.09947,-0.00757161,2.06201
6.532,-0.000730467,1.07528,-0.00725233,2.05374,-3.65234e-05,1.09947,-0.00757161,2.06193
6.534,-0.000730467,1.07525,-0.00720671,2.05383,0,1.09947,-0.00757161,2.06201
6.536,-0.000730467,1.07525,-0.00720671,2.05383,0,1.0995,-0.007526,2.06193
6.538,-0.000730467,1.07528,-0.00725233,2.05383,0,1.09952,-0.00757161,2.06193
6.54,-0.000730467,1.07528,-0.00725233,2.05383,3.65234e-05,1.09952,-0.00757161,2.06193
6.542,-0.000730467,1.07525,-0.00720671,2.05383,0,1.0995,-0.00761722,2.06201
6.544,-0.000730467,1.07525,-0.00720671,2.05374,3.65234e-05,1.09947,-0.00757161,2.06201
6.546,-0.000730467,1.07528,-0.00725233,2.05374,0,1.0995,-0.00761722,2.06201
6.548,-0.000730467,1.07528,-0.00725233,2.05374,0,1.09947,-0.00757161,2.06201
6.55,-0.00076699,1.07528,-0.00725233,2.05383,0,1.0995,-0.007526,2.06193
6.552,-0.000730467,1.07525,-0.00720671,2.05383,0,1.09947,-0.00757161,2.06193
6.554,-0.000730467,1.07525,-0.00720671,2.05383,0,1.09952,-0.00757161,2.06193
6.556,-0.000730467,1.07528,-0.00725233,2.05374,0,1.09947,-0.00757161,2.06201
6.558,-0.000730467,1.07528,-0.00725233,2.05374,0,1.09952,-0.00757161,2.06193
6.56,-0.000730467,1.07528,-0.00725233,2.05374,3.65234e-05,1.0995,-0.00761722,2.06201
6.562,-0.000730467,1.07525,-0.00720671,2.05383,0,1.0995,-0.007526,2.06201
6.564,-0.000730467,1.07528,-0.00725233,2.05383,3.65234e-05,1.0995,-0.00761722,2.06193
6.566,-0.000730467,1.07528,-0.00725233,2.05374,0,1.0995,-0.007526,2.06193
6.568,-0.000730467,1.07528,-0.00725233,2.05374,0,1.09947,-0.00757161,2.06201
6.57,-0.000730467,1.07528,-0.00725233,2.05383,3.65234e-05,1.0995,-0.00761722,2.06201
6.572,-0.000730467,1.07525,-0.00720671,2.05374,-3.65234e-05,1.0995,-0.00761722,2.06201
6.574,-0.000730467,1.07525,-0.00720671,2.05383,-3.65234e-05,1.0995,-0.00761722,2.06201
6.576,-0.000730467,1.07528,-0.00725233,2.05383,-3.65234e-05,1.0995,-0.00761722,2.06193
6.578,-0.000730467,1.07528,-0.00725233,2.05383,0,1.09952,-0.00757161,2.06201
6.58,-0.000730467,1.07528,-0.00725233,2.05383,0,1.09952,-0.00757161,2.06193
6.582,-0.000730467,1.07528,-0.00725233,2.05383,0,1.09952,-0.00757161,2.06201
6.584,-0.000730467,1.07528,-0.00725233,2.05383,3.65234e-05,1.09947,-0.00757161,2.06193
6.586,-0.000730467,1.07528,-0.00725233,2.05383,0,1.0995,-0.00761722,2.06193
6.588,-0.000730467,1.07525,-0.00720671,2.05383,3.65234e-05,1.0995,-0.00761722,2.06201
6.59,-0.000730467,1.07525,-0.00720671,2.05383,0,1.0995,-0.00761722,2.06201
6.592,-0.000730467,1.07528,-0.00725233,2.05383,0,1.0995,-0.00761722,2.06193
6.594,-0.000730467,1.07528,-0.00725233,2.05383,0,1.09947,-0.00757161,2.06201
6.596,-0.000730467,1.07525,-0.00720671,2.05383,0,1.09952,-0.00757161,2.06201
6.598,-0.000730467,1.07528,-0.0071611,2.05383,0,1.0995,-0.00761722,2.06201
6.6,-0.000730467,1.07525,-0.00720671,2.05383,0,1.09947,-0.00766283,2.06193
6.602,-0.000730467,1.07525,-0.00720671,2.05383,3.65234e-05,1.09947,-0.00757161,2.06201
6.604,-0.000730467,1.07528,-0.00725233,2.05383,0,1.0995,-0.00761722,2.06193
6.606,-0.00076699,1.07528,-0.00725233,2.05383,0,1.0995,-0.00761722,2.06201
6.608,-0.000730467,1.07528,-0.00725233,2.05383,3.65234e-05,1.0995,-0.00761722,2.06201
6.61,-0.000730467,1.07525,-0.00720671,2.05383,3.65234e-05,1.09947,-0.00757161,2.06201
6.612,-0.000730467,1.07525,-0.00720671,2.05383,3.65234e-05,1.0995,-0.00761722,2.06201
6.614,-0.000730467,1.07525,-0.00720671,2.05383,0,1.0995,-0.00761722,2.06193
6.616,-0.000730467,1.07528,-0.00725233,2.05383,0,1.0995,-0.00761722,2.06193
6.618,-0.000730467,1.07528,-0.00725233,2.05383,0,1.0995,-0.007526,2.06193
6.62,-0.000730467,1.07528,-0.00725233,2.05383,3.65234e-05,1.09947,-0.00757161,2.06201
6.622,-0.00076699,1.07525,-0.00720671,2.05383,0,1.09947,-0.00757161,2.06193
6.624,-0.000730467,1.07525,-0.00720671,2.05383,0,1.0995,-0.00761722,2.06201
6.626,-0.000730467,1.07528,-0.00725233,2.05374,0,1.0995,-0.00761722,2.06201
6.628,-0.000730467,1.07525,-0.00720671,2.05374,-3.65234e-05,1.0995,-0.00761722,2.06193
6.63,-0.000730467,1.07528,-0.00725233,2.05383,3.65234e-05,1.09952,-0.00757161,2.06201
6.632,-0.000730467,1.07525,-0.00720671,2.05383,0,1.0995,-0.00761722,2.06193
6.634,-0.000730467,1.07525,-0.00720671,2.05383,0,1.09947,-0.00757161,2.06193
6.636,-0.000730467,1.07528,-0.00725233,2.05383,3.65234e-05,1.0995,-0.007526,2.06193
6.638,-0.000730467,1.07528,-0.00725233,2.05383,0,1.09944,-0.00761722,2.06201
6.64,-0.000730467,1.07525,-0.00720671,2.05383,-3.65234e-05,1.09952,-0.00757161,2.06193
6.642,-0.000730467,1.07525,-0.00720671,2.05383,-3.65234e-05,1.09947,-0.00757161,2.06193
6.644,-0.000730467,1.07525,-0.00720671,2.05374,3.65234e-05,1.0995,-0.00761722,2.06193
6.646,-0.000730467,1.07525,-0.00720671,2.05383,0,1.0995,-0.00761722,2.06201
6.648,-0.000730467,1.07528,-0.00725233,2.05383,3.65234e-05,1.0995,-0.007526,2.06193
6.65,-0.000730467,1.07528,-0.00725233,2.05374,3.65234e-05,1.0995,-0.00761722,2.06193
6.652,-0.000730467,1.07528,-0.00725233,2.05383,0,1.09947,-0.00757161,2.06193
6.654,-0.000730467,1.07525,-0.00720671,2.05374,3.65234e-05,1.0995,-0.00761722,2.06193
6.656,-0.000730467,1.07525,-0.00720671,2.05383,0,1.09947,-0.00757161,2.06201
6.658,-0.000730467,1.07525,-0.00720671,2.05374,3.65234e-05,1.0995,-0.00761722,2.06201
6.66,-0.000730467,1.07525,-0.00720671,2.05374,3.65234e-05,1.09947,-0.00757161,2.06193
6.662,-0.000730467,1.07528,-0.00725233,2.05374,0,1.09952,-0.00757161,2.06201
6.664,-0.000730467,1.07528,-0.00725233,2.05383,0,1.09947,-0.00757161,2.06201
6.666,-0.000730467,1.07525,-0.00720671,2.05374,3.65234e-05,1.0995,-0.00761722,2.06193
6.668,-0.000730467,1.07528,-0.00725233,2.05383,0,1.09952,-0.00757161,2.06193
6.67,-0.000730467,1.07525,-0.00720671,2.05383,0,1.0995,-0.00761722,2.06193
6.672,-0.00076699,1.07525,-0.00720671,2.05374,0,1.0995,-0.007526,2.06193
6.674,-0.000730467,1.07528,-0.00725233,2.05374,0,1.09952,-0.00748039,2.06201
6.676,-0.000730467,1.07528,-0.00725233,2.05383,3.65234e-05,1.0995,-0.007526,2.06193
6.678,-0.000730467,1.07528,-0.00725233,2.05383,0,1.0995,-0.007526,2.06201
6.68,-0.000730467,1.07525,-0.00720671,2.05383,0,1.09952,-0.00757161,2.06193
6.682,-0.000730467,1.07531,-0.00720671,2.05383,0,1.0995,-0.00761722,2.06193
6.684,-0.000730467,1.07525,-0.00720671,2.05383,3.65234e-05,1.09952,-0.00757161,2.06201
6.686,-0.000730467,1.07525,-0.00720671,2.05383,0,1.0995,-0.00761722,2.06201
6.688,-0.000730467,1.07525,-0.00720671,2.05383,3.65234e-05,1.09952,-0.00757161,2.06201
6.69,-0.00076699,1.07528,-0.00725233,2.05383,0,1.09952,-0.00757161,2.06193
6.692,-0.000730467,1.07528,-0.00725233,2.05374,-3.65234e-05,1.09952,-0.00757161,2.06193
6.694,-0.000730467,1.07525,-0.00720671,2.05374,0,1.09952,-0.00757161,2.06193
6.696,-0.000730467,1.07525,-0.00720671,2.05383,0,1.09952,-0.00757161,2.06201
6.698,-0.000730467,1.07531,-0.00720671,2.05383,-3.65234e-05,1.0995,-0.007526,2.06193
6.7,-0.000730467,1.07528,-0.00725233,2.05383,-3.65234e-05,1.0995,-0.00761722,2.06193
6.702,-0.000730467,1.07528,-0.00725233,2.05383,0,1.09952,-0.00757161,2.06193
6.704,-0.000730467,1.07528,-0.00725233,2.05383,0,1.0995,-0.00761722,2.06193
6.706,-0.000730467,1.07528,-0.00725233,2.05383,3.65234e-05,1.09952,-0.00757161,2.06193
6.708,-0.000730467,1.07525,-0.00720671,2.05374,0,1.0995,-0.00761722,2.06201
6.71,-0.000730467,1.07525,-0.00720671,2.05374,0,1.09947,-0.00757161,2.06193
6.712,-0.000730467,1.07528,-0.00725233,2.05383,-3.65234e-05,1.0995,-0.007526,2.06193
6.714,-0.000730467,1.07528,-0.00725233,2.05383,0,1.0995,-0.007526,2.06201
6.716,-0.000730467,1.07528,-0.00725233,2.05383,0,1.0995,-0.007526,2.06201
6.718,-0.000730467,1.07528,-0.00725233,2.05383,0,1.09952,-0.00757161,2.06201
6.72,-0.000730467,1.07525,-0.00720671,2.05383,-3.65234e-05,1.09952,-0.00757161,2.06201
6.722,-0.000730467,1.07525,-0.00720671,2.05374,0,1.0995,-0.00761722,2.06193
6.724,-0.00076699,1.07525,-0.00720671,2.05374,-3.65234e-05,1.0995,-0.00761722,2.06193
6.726,-0.000730467,1.07525,-0.00720671,2.05383,0,1.09947,-0.00766283,2.06201
6.728,-0.000730467,1.07528,-0.00725233,2.05383,-3.65234e-05,1.0995,-0.007526,2.06193
6.73,-0.000730467,1.07525,-0.00720671,2.05383,0,1.0995,-0.00761722,2.06201
6.732,-0.000730467,1.07525,-0.00720671,2.05383,0,1.0995,-0.00761722,2.06201
6.734,-0.000730467,1.07528,-0.00725233,2.05383,0,1.0995,-0.00761722,2.06193
6.736,-0.000730467,1.07525,-0.00720671,2.05383,0,1.0995,-0.00761722,2.06193
6.738,-0.000693944,1.07528,-0.00725233,2.05383,3.65234e-05,1.09952,-0.00757161,2.06201
6.74,-0.000730467,1.07528,-0.00725233,2.05383,0,1.0995,-0.007526,2.06193
6.742,-0.000730467,1.07525,-0.00720671,2.05383,0,1.0995,-0.00761722,2.06201
6.744,-0.00076699,1.07525,-0.00720671,2.05383,0,1.09947,-0.00757161,2.06201
6.746,-0.00076699,1.07528,-0.00725233,2.05383,0,1.0995,-0.007526,2.06193
6.748,-0.000730467,1.07528,-0.00725233,2.05383,3.65234e-05,1.0995,-0.007526,2.06201
6.75,-0.000730467,1.07528,-0.00725233,2.05383,-3.65234e-05,1.09947,-0.00757161,2.06201
6.752,-0.000730467,1.07525,-0.00720671,2.05374,0,1.0995,-0.00761722,2.06193
6.754,-0.000730467,1.07528,-0.00725233,2.05374,3.65234e-05,1.0995,-0.00761722,2.06193
6.756,-0.000730467,1.07525,-0.00720671,2.05374,-3.65234e-05,1.09947,-0.00757161,2.06201
6.758,-0.000730467,1.07528,-0.00725233,2.05383,-3.65234e-05,1.09947,-0.00757161,2.06201
6.76,-0.000730467,1.07525,-0.00720671,2.05383,0,1.09947,-0.00757161,2.06193
6.762,-0.000730467,1.07528,-0.00725233,2.05374,3.65234e-05,1.09952,-0.00757161,2.06193
6.764,-0.000730467,1.07528,-0.00725233,2.05374,-3.65234e-05,1.09952,-0.00757161,2.06193
6.766,-0.000730467,1.07525,-0.00720671,2.05383,0,1.0995,-0.007526,2.06193
6.768,-0.000730467,1.07528,-0.00725233,2.05374,0,1.0995,-0.00761722,2.06201
6.77,-0.000730467,1.07528,-0.00725233,2.05374,3.65234e-05,1.0995,-0.00761722,2.06193
6.772,-0.000730467,1.07525,-0.00720671,2.05374,-3.65234e-05,1.0995,-0.00761722,2.06193
6.774,-0.000730467,1.07528,-0.00725233,2.05374,-3.65234e-05,1.09947,-0.00757161,2.06193
6.776,-0.000730467,1.07528,-0.00725233,2.05383,-3.65234e-05,1.09947,-0.00757161,2.06201
6.778,-0.000730467,1.07528,-0.00725233,2.05383,0,1.0995,-0.007526,2.06193
6.78,-0.000730467,1.07528,-0.00725233,2.05383,0,1.09947,-0.00757161,2.06201
6.782,-0.000730467,1.07525,-0.00720671,2.05374,0,1.0995,-0.007526,2.06201
6.784,-0.000730467,1.07525,-0.00720671,2.05374,3.65234e-05,1.09947,-0.00757161,2.06201
6.786,-0.000730467,1.07525,-0.00720671,2.05383,3.65234e-05,1.09947,-0.00757161,2.06193
6.788,-0.000730467,1.07528,-0.00725233,2.05383,3.65234e-05,1.0995,-0.00761722,2.06201
6.79,-0.000730467,1.07525,-0.00720671,2.05383,0,1.09947,-0.00757161,2.06193
6.792,-0.000730467,1.07525,-0.00720671,2.05383,0,1.0995,-0.00761722,2.06201
6.794,-0.000730467,1.07525,-0.00720671,2.05383,-3.65234e-05,1.0995,-0.007526,2.06193
6.796,-0.000730467,1.07525,-0.00720671,2.05374,-3.65234e-05,1.0995,-0.00761722,2.06201
6.798,-0.000730467,1.07525,-0.00720671,2.05383,0,1.09947,-0.00757161,2.06193
6.8,-0.000730467,1.07528,-0.00725233,2.05374,0,1.0995,-0.00761722,2.06201
6.802,-0.00076699,1.07525,-0.00720671,2.05374,0,1.0995,-0.007526,2.06193
6.804,-0.00076699,1.07528,-0.0071611,2.05374,-3.65234e-05,1.09947,-0.00757161,2.06193
6.806,-0.000730467,1.07528,-0.00725233,2.05374,0,1.09947,-0.00757161,2.06193
6.808,-0.000730467,1.07528,-0.00725233,2.05374,0,1.0995,-0.007526,2.06201
6.81,-0.000730467,1.07528,-0.00725233,2.05383,3.65234e-05,1.09952,-0.00757161,2.06193
6.812,-0.000730467,1.07525,-0.00720671,2.05383,-3.65234e-05,1.09952,-0.00757161,2.06193
6.814,-0.000730467,1.07525,-0.00720671,2.05383,0,1.09947,-0.00757161,2.06201
6.816,-0.000730467,1.07525,-0.00720671,2.05383,3.65234e-05,1.0995,-0.007526,2.06193
6.818,-0.000730467,1.07525,-0.00720671,2.05374,0,1.0995,-0.00761722,2.06193
6.82,-0.000730467,1.07525,-0.00720671,2.05383,-3.65234e-05,1.09947,-0.00757161,2.06193
6.822,-0.000730467,1.07525,-0.00720671,2.05374,0,1.09947,-0.00757161,2.06201
6.824,-0.000730467,1.07528,-0.00725233,2.05383,0,1.0995,-0.00761722,2.06193
6.826,-0.000730467,1.07528,-0.00725233,2.05383,0,1.0995,-0.007526,2.06201
6.828,-0.000730467,1.07525,-0.00720671,2.05383,0,1.09947,-0.00757161,2.06201
6.83,-0.000730467,1.07525,-0.00720671,2.05383,0,1.0995,-0.00761722,2.06201
6.832,-0.000730467,1.07525,-0.00720671,2.05383,0,1.0995,-0.00761722,2.06193
6.834,-0.000730467,1.07525,-0.00720671,2.05383,0,1.09947,-0.00757161,2.06193
6.836,-0.000730467,1.07528,-0.00725233,2.05374,3.65234e-05,1.0995,-0.00761722,2.06201
6.838,-0.00076699,1.07525,-0.00720671,2.05383,0,1.0995,-0.00761722,2.06193
6.84,-0.000730467,1.07528,-0.00725233,2.05383,0,1.09947,-0.00757161,2.06193
6.842,-0.000730467,1.07528,-0.00725233,2.05374,-3.65234e-05,1.09947,-0.00757161,2.06201
6.844,-0.00076699,1.07525,-0.00720671,2.05383,0,1.0995,-0.00761722,2.06201
6.846,-0.000730467,1.07525,-0.00720671,2.05383,3.65234e-05,1.09947,-0.00757161,2.06193
6.848,-0.000730467,1.07528,-0.00725233,2.05374,-3.65234e-05,1.09947,-0.00757161,2.06193
6.85,-0.000730467,1.07528,-0.00725233,2.05374,0,1.09952,-0.00757161,2.06193
6.852,-0.000730467,1.07525,-0.00720671,2.05383,3.65234e-05,1.0995,-0.00761722,2.06201
6.854,-0.000730467,1.07525,-0.00720671,2.05383,3.65234e-05,1.09952,-0.00757161,2.06193
6.856,-0.000730467,1.07525,-0.00720671,2.05383,-3.65234e-05,1.0995,-0.007526,2.06201
6.858,-0.000730467,1.07525,-0.00720671,2.05383,3.65234e-05,1.09947,-0.00757161,2.06201
6.86,-0.000730467,1.07528,-0.00725233,2.05383,0,1.0995,-0.00761722,2.06201
6.862,-0.000730467,1.07528,-0.00725233,2.05383,-3.65234e-05,1.0995,-0.007526,2.06193
6.864,-0.000730467,1.07528,-0.00725233,2.05374,3.65234e-05,1.0995,-0.007526,2.06201
6.866,-0.000730467,1.07525,-0.00720671,2.05374,0,1.09947,-0.00757161,2.06193
6.868,-0.000730467,1.07525,-0.00720671,2.05374,3.65234e-05,1.09952,-0.00757161,2.06193
6.87,-0.000730467,1.07528,-0.00725233,2.05383,3.65234e-05,1.0995,-0.00761722,2.06201
6.872,-0.000730467,1.07525,-0.00720671,2.05383,0,1.0995,-0.00761722,2.06193
6.874,-0.000730467,1.07525,-0.00720671,2.05383,0,1.09947,-0.00757161,2.06193
6.876,-0.000730467,1.07525,-0.00720671,2.05383,0,1.09947,-0.00757161,2.06193
6.878,-0.000730467,1.07528,-0.00725233,2.05383,0,1.09952,-0.00757161,2.06201
6.88,-0.000730467,1.07528,-0.00725233,2.05383,0,1.0995,-0.00761722,2.06201
6.882,-0.000730467,1.07528,-0.00725233,2.05383,-3.65234e-05,1.0995,-0.00761722,2.06193
6.884,-0.000730467,1.07525,-0.00720671,2.05383,-3.65234e-05,1.0995,-0.007526,2.06193
6.886,-0.000730467,1.07525,-0.00720671,2.05383,0,1.0995,-0.00761722,2.06193
6.888,-0.000730467,1.07528,-0.00725233,2.05383,0,1.09952,-0.00757161,2.06201
6.89,-0.000730467,1.07528,-0.00725233,2.05383,7.30467e-05,1.09947,-0.00757161,2.06193
6.892,-0.000730467,1.07528,-0.00725233,2.05374,0,1.09947,-0.00757161,2.06193
6.894,-0.000730467,1.07528,-0.00725233,2.05383,3.65234e-05,1.09952,-0.00757161,2.06193
6.896,-0.000730467,1.07525,-0.00720671,2.05374,0,1.09947,-0.00757161,2.06193
6.898,-0.000730467,1.07528,-0.00725233,2.05383,-3.65234e-05,1.0995,-0.007526,2.06193
6.9,-0.000730467,1.07525,-0.00720671,2.05374,0,1.0995,-0.00761722,2.06201
6.902,-0.000730467,1.07528,-0.00725233,2.05374,0,1.0995,-0.00761722,2.06201
6.904,-0.000730467,1.07528,-0.00725233,2.05383,-3.65234e-05,1.09952,-0.00757161,2.06201
6.906,-0.000730467,1.07525,-0.00720671,2.05374,0,1.0995,-0.00761722,2.06201
6.908,-0.000730467,1.07525,-0.00720671,2.05383,0,1.09952,-0.00757161,2.06201
6.91,-0.000730467,1.07528,-0.00725233,2.05374,0,1.0995,-0.00761722,2.06193
6.912,-0.000730467,1.07525,-0.00720671,2.05383,0,1.09947,-0.00757161,2.06201
6.914,-0.000730467,1.07528,-0.00725233,2.05374,0,1.09952,-0.00757161,2.06201
6.916,-0.000730467,1.07525,-0.00720671,2.05383,0,1.09952,-0.00757161,2.06193
6.918,-0.000730467,1.07528,-0.00725233,2.05374,0,1.0995,-0.00761722,2.06193
6.92,-0.00076699,1.07528,-0.00725233,2.05383,0,1.0995,-0.007526,2.06201
6.922,-0.000730467,1.07525,-0.00720671,2.05383,0,1.0995,-0.00761722,2.06193
6.924,-0.000730467,1.07525,-0.00720671,2.05383,0,1.0995,-0.00761722,2.06193
6.926,-0.000730467,1.07528,-0.00725233,2.05383,0,1.09952,-0.00757161,2.06193
6.928,-0.000730467,1.07528,-0.00725233,2.05383,-3.65234e-05,1.0995,-0.00761722,2.06193
6.93,-0.000730467,1.07528,-0.00725233,2.05383,3.65234e-05,1.09952,-0.00757161,2.06193
6.932,-0.000730467,1.07528,-0.0071611,2.05383,0,1.0995,-0.007526,2.06201
6.934,-0.000730467,1.07528,-0.00725233,2.05374,0,1.09952,-0.00757161,2.06193
6.936,-0.000730467,1.07528,-0.00725233,2.05383,3.65234e-05,1.0995,-0.00761722,2.06201
6.938,-0.000730467,1.07528,-0.00725233,2.05374,0,1.0995,-0.00761722,2.06193
6.94,-0.000730467,1.07525,-0.00720671,2.05383,0,1.0995,-0.00761722,2.06193
6.942,-0.000730467,1.07525,-0.00720671,2.05383,3.65234e-05,1.0995,-0.007526,2.06201
6.944,-0.000730467,1.07528,-0.00725233,2.05374,-3.65234e-05,1.0995,-0.00761722,2.06193
6.946,-0.000730467,1.07525,-0.00720671,2.05383,3.65234e-05,1.0995,-0.00761722,2.06201
6.948,-0.000730467,1.07528,-0.00725233,2.05374,3.65234e-05,1.0995,-0.007526,2.06201
6.95,-0.000730467,1.07525,-0.00720671,2.05374,3.65234e-05,1.0995,-0.00761722,2.06193
6.952,-0.000730467,1.07528,-0.00725233,2.05383,0,1.0995,-0.007526,2.06193
6.954,-0.000730467,1.07525,-0.00720671,2.05383,3.65234e-05,1.0995,-0.00761722,2.06193
6.956,-0.000730467,1.07528,-0.00725233,2.05383,3.65234e-05,1.0995,-0.00761722,2.06201
6.958,-0.000730467,1.07528,-0.00725233,2.05383,0,1.0995,-0.00761722,2.06193
6.96,-0.000730467,1.07525,-0.00720671,2.05383,0,1.09947,-0.00757161,2.06201
6.962,-0.000730467,1.07528,-0.00725233,2.05383,0,1.0995,-0.007526,2.06201
6.964,-0.000730467,1.07528,-0.00725233,2.05383,-3.65234e-05,1.09952,-0.00757161,2.06193
6.966,-0.000730467,1.07528,-0.00725233,2.05383,-3.65234e-05,1.09952,-0.00757161,2.06201
6.968,-0.000730467,1.07525,-0.00720671,2.05383,3.65234e-05,1.09952,-0.00757161,2.06201
6.97,-0.000730467,1.07525,-0.00720671,2.05383,0,1.0995,-0.00761722,2.06201
6.972,-0.000730467,1.07525,-0.00720671,2.05383,3.65234e-05,1.0995,-0.00761722,2.06201
6.974,-0.000730467,1.07525,-0.00720671,2.05383,0,1.09947,-0.00757161,2.06201
6.976,-0.000730467,1.07525,-0.00720671,2.05383,0,1.09947,-0.00757161,2.06193
6.978,-0.000730467,1.07528,-0.00725233,2.05374,0,1.09947,-0.00757161,2.06201
6.98,-0.000730467,1.07525,-0.00720671,2.05383,0,1.0995,-0.007526,2.06201
6.982,-0.000730467,1.07528,-0.00725233,2.05383,0,1.09947,-0.00766283,2.06201
6.984,-0.000730467,1.07525,-0.00720671,2.05383,-3.65234e-05,1.09947,-0.00757161,2.06193
6.986,-0.000730467,1.07525,-0.00720671,2.05383,0,1.0995,-0.00761722,2.06201
6.988,-0.000730467,1.07525,-0.00720671,2.05383,0,1.09947,-0.00757161,2.06201
6.99,-0.000730467,1.07528,-0.00725233,2.05383,0,1.0995,-0.007526,2.06193
6.992,-0.000730467,1.07528,-0.00725233,2.05383,0,1.09947,-0.00757161,2.06193
6.994,-0.000730467,1.07525,-0.00720671,2.05383,0,1.0995,-0.00761722,2.06193
6.996,-0.000730467,1.07528,-0.00725233,2.05374,-3.65234e-05,1.0995,-0.007526,2.06201
6.998,-0.000730467,1.07525,-0.00720671,2.05383,0,1.09947,-0.00757161,2.06201
7,-0.000730467,1.07525,-0.00720671,2.05383,3.65234e-05,1.09947,-0.00757161,2.06201
7.002,-0.000730467,1.07528,-0.00725233,2.05383,0,1.0995,-0.00761722,2.06193
7.004,-0.000730467,1.07528,-0.00725233,2.05383,0,1.09952,-0.00757161,2.06193
7.006,-0.000730467,1.07528,-0.00725233,2.05374,0,1.0995,-0.00761722,2.06193
7.008,-0.000730467,1.07528,-0.00725233,2.05374,0,1.0995,-0.00761722,2.06201
7.01,-0.000730467,1.07525,-0.00720671,2.05374,3.65234e-05,1.0995,-0.00761722,2.06193
7.012,-0.000730467,1.07528,-0.00725233,2.05374,0,1.09947,-0.00757161,2.06193
7.014,-0.000730467,1.07528,-0.00725233,2.05374,0,1.0995,-0.00761722,2.06193
7.016,-0.000730467,1.07525,-0.00720671,2.05383,0,1.0995,-0.00761722,2.06193
7.018,-0.000730467,1.07525,-0.00720671,2.05383,-3.65234e-05,1.0995,-0.007526,2.06193
7.02,-0.000730467,1.07528,-0.00725233,2.05383,3.65234e-05,1.09952,-0.00757161,2.06193
7.022,-0.000730467,1.07528,-0.00725233,2.05383,3.65234e-05,1.09952,-0.00757161,2.06193
7.024,-0.000730467,1.07528,-0.00725233,2.05383,0,1.0995,-0.00761722,2.06201
7.026,-0.000730467,1.07528,-0.00725233,2.05374,0,1.0995,-0.00761722,2.06201
7.028,-0.000730467,1.07528,-0.00725233,2.05383,0,1.09947,-0.00757161,2.06201
7.03,-0.000730467,1.07528,-0.00725233,2.05383,0,1.09947,-0.00757161,2.06201
7.032,-0.000730467,1.07528,-0.00725233,2.05374,0,1.09952,-0.00757161,2.06201
7.034,-0.000730467,1.07528,-0.00725233,2.05374,0,1.09952,-0.00757161,2.06193
7.036,-0.000730467,1.07528,-0.00725233,2.05383,0,1.0995,-0.00761722,2.06193
7.038,-0.000730467,1.07525,-0.00720671,2.05383,-3.65234e-05,1.0995,-0.00761722,2.06201
7.04,-0.000730467,1.07528,-0.00725233,2.05374,0,1.09952,-0.00757161,2.06201
7.042,-0.000730467,1.07528,-0.00725233,2.05374,-3.65234e-05,1.0995,-0.00761722,2.06201
7.044,-0.000730467,1.07528,-0.00725233,2.05383,-3.65234e-05,1.0995,-0.00761722,2.06193
7.046,-0.000730467,1.07528,-0.00725233,2.05374,3.65234e-05,1.09952,-0.00757161,2.06193
7.048,-0.000730467,1.07528,-0.00725233,2.05383,-3.65234e-05,1.09947,-0.00757161,2.06201
7.05,-0.000730467,1.07528,-0.00725233,2.05383,-3.65234e-05,1.09947,-0.00757161,2.06201
7.052,-0.000730467,1.07528,-0.00725233,2.05374,3.65234e-05,1.0995,-0.007526,2.06201
7.054,-0.000730467,1.07528,-0.00725233,2.05383,3.65234e-05,1.09947,-0.00757161,2.06193
7.056,-0.000730467,1.07528,-0.00725233,2.05383,0,1.0995,-0.00761722,2.06193
7.058,-0.000730467,1.07528,-0.00725233,2.05383,3.65234e-05,1.0995,-0.00761722,2.06193
7.06,-0.000730467,1.07528,-0.00725233,2.05383,0,1.09947,-0.00757161,2.06193
7.062,-0.000730467,1.07528,-0.00725233,2.05383,0,1.09947,-0.00757161,2.06193
7.064,-0.000730467,1.07525,-0.00720671,2.05383,0,1.09947,-0.00757161,2.06193
7.066,-0.000730467,1.07528,-0.00725233,2.05374,0,1.0995,-0.00761722,2.06193
7.068,-0.000730467,1.07528,-0.00725233,2.05383,0,1.09947,-0.00757161,2.06193
7.07,-0.00076699,1.07528,-0.00725233,2.05383,0,1.09947,-0.00757161,2.06201
7.072,-0.000730467,1.07528,-0.00725233,2.05383,-7.30467e-05,1.09947,-0.00757161,2.06193
7.074,-0.000730467,1.07528,-0.00725233,2.05383,3.65234e-05,1.0995,-0.00761722,2.06193
7.076,-0.000730467,1.07528,-0.00725233,2.05383,0,1.09952,-0.00757161,2.06201
7.078,-0.000730467,1.07525,-0.00720671,2.05383,0,1.0995,-0.00761722,2.06193
7.08,-0.000730467,1.07528,-0.00725233,2.05374,0,1.09952,-0.00757161,2.06193
7.082,-0.000730467,1.07528,-0.00725233,2.05383,0,1.0995,-0.007526,2.06201
7.084,-0.000730467,1.07528,-0.00725233,2.05383,0,1.09947,-0.00757161,2.06201
7.086,-0.000730467,1.07528,-0.00725233,2.05383,0,1.09952,-0.00757161,2.06201
7.088,-0.000730467,1.07528,-0.00725233,2.05383,-3.65234e-05,1.09947,-0.00766283,2.06193
7.09,-0.000730467,1.07525,-0.00720671,2.05383,3.65234e-05,1.0995,-0.00761722,2.06193
7.092,-0.000730467,1.07525,-0.00720671,2.05383,0,1.09947,-0.00757161,2.06201
7.094,-0.000730467,1.07528,-0.00725233,2.05383,0,1.0995,-0.007526,2.06193
7.096,-0.000730467,1.07528,-0.00725233,2.05383,0,1.0995,-0.007526,2.06193
7.098,-0.000730467,1.07528,-0.00725233,2.05374,3.65234e-05,1.09952,-0.00757161,2.06193
7.1,-0.000730467,1.07528,-0.00725233,2.05383,0,1.09947,-0.00757161,2.06193
7.102,-0.000730467,1.07525,-0.00720671,2.05374,3.65234e-05,1.0995,-0.00761722,2.06201
7.104,-0.000730467,1.07528,-0.00725233,2.05383,0,1.09947,-0.00757161,2.06193
7.106,-0.000730467,1.07528,-0.00725233,2.05383,0,1.0995,-0.007526,2.06193
7.108,-0.000730467,1.07528,-0.00725233,2.05383,0,1.09947,-0.00757161,2.06201
7.11,-0.000730467,1.07528,-0.00725233,2.05383,3.65234e-05,1.0995,-0.00761722,2.06193
7.112,-0.000730467,1.07528,-0.00725233,2.05383,0,1.0995,-0.00761722,2.06201
7.114,-0.000730467,1.07528,-0.00725233,2.05383,3.65234e-05,1.0995,-0.00761722,2.06201
7.116,-0.000730467,1.07525,-0.00720671,2.05383,0,1.0995,-0.007526,2.06201
7.118,-0.000730467,1.07528,-0.00725233,2.05383,-7.30467e-05,1.0995,-0.00761722,2.06193
7.12,-0.000730467,1.07528,-0.00725233,2.05383,3.65234e-05,1.09947,-0.00757161,2.06193
7.122,-0.000730467,1.07528,-0.00725233,2.05383,0,1.0995,-0.00761722,2.06193
7.124,-0.000730467,1.07531,-0.00720671,2.05383,-3.65234e-05,1.0995,-0.00761722,2.06201
7.126,-0.00076699,1.07528,-0.00725233,2.05383,-3.65234e-05,1.09947,-0.00757161,2.06201
7.128,-0.000730467,1.07531,-0.00720671,2.05383,0,1.0995,-0.007526,2.06193
7.13,-0.000730467,1.07528,-0.00725233,2.05383,0,1.09947,-0.00757161,2.06193
7.132,-0.00076699,1.07528,-0.00725233,2.05383,0,1.0995,-0.00761722,2.06201
7.134,-0.000730467,1.07528,-0.00725233,2.05383,0,1.09952,-0.00757161,2.06193
7.136,-0.000730467,1.07528,-0.00725233,2.05383,0,1.09947,-0.00757161,2.06201
7.138,-0.000730467,1.07525,-0.00720671,2.05383,0,1.09947,-0.00757161,2.06201
7.14,-0.000730467,1.07528,-0.00725233,2.05383,-3.65234e-05,1.0995,-0.007526,2.06193
7.142,-0.000730467,1.07528,-0.00725233,2.05383,0,1.09947,-0.00757161,2.06201
7.144,-0.000730467,1.07528,-0.00725233,2.05383,0,1.0995,-0.00761722,2.06193
7.146,-0.000730467,1.07528,-0.00725233,2.05374,0,1.09947,-0.00757161,2.06193
7.148,-0.000730467,1.07528,-0.00725233,2.05374,-3.65234e-05,1.0995,-0.007526,2.06201
7.15,-0.000730467,1.07525,-0.00720671,2.05383,0,1.09952,-0.00757161,2.06201
7.152,-0.000730467,1.07525,-0.00720671,2.05383,0,1.0995,-0.00761722,2.06193
7.154,-0.000730467,1.07528,-0.00725233,2.05383,0,1.0995,-0.00761722,2.06201
7.156,-0.000730467,1.07528,-0.00725233,2.05383,0,1.09947,-0.00757161,2.06201
7.158,-0.000730467,1.07528,-0.00725233,2.05383,3.65234e-05,1.09952,-0.00757161,2.06201
7.16,-0.000730467,1.07528,-0.00725233,2.05383,-3.65234e-05,1.09947,-0.00757161,2.06201
7.162,-0.000730467,1.07528,-0.00725233,2.05383,3.65234e-05,1.0995,-0.00761722,2.06201
7.164,-0.000730467,1.07528,-0.00725233,2.05374,0,1.0995,-0.007526,2.06201
7.166,-0.000730467,1.07528,-0.00725233,2.05374,-3.65234e-05,1.0995,-0.00761722,2.06201
7.168,-0.000730467,1.07528,-0.00725233,2.05374,3.65234e-05,1.09947,-0.00757161,2.06201
7.17,-0.000730467,1.07528,-0.00725233,2.05374,3.65234e-05,1.09947,-0.00757161,2.06201
7.172,-0.000730467,1.07528,-0.00725233,2.05383,0,1.09947,-0.00757161,2.06201
7.174,-0.000730467,1.07528,-0.00725233,2.05383,0,1.09947,-0.00757161,2.06193
7.176,-0.000730467,1.07528,-0.00725233,2.05383,-3.65234e-05,1.09947,-0.00757161,2.06193
7.178,-0.000730467,1.07528,-0.00725233,2.05383,0,1.09947,-0.00757161,2.06193
7.18,-0.000730467,1.07525,-0.00720671,2.05383,0,1.09947,-0.00757161,2.06193
7.182,-0.000730467,1.07528,-0.00725233,2.05374,3.65234e-05,1.0995,-0.00761722,2.06193
7.184,-0.00076699,1.07528,-0.00725233,2.05374,3.65234e-05,1.0995,-0.00761722,2.06201
7.186,-0.00076699,1.07528,-0.00725233,2.05374,0,1.0995,-0.00761722,2.06201
7.188,-0.000730467,1.07525,-0.00720671,2.05374,-3.65234e-05,1.09952,-0.00757161,2.06193
7.19,-0.000730467,1.07528,-0.00725233,2.05383,0,1.0995,-0.007526,2.06193
7.192,-0.000730467,1.07528,-0.00725233,2.05383,0,1.09947,-0.00757161,2.06184
7.194,-0.000730467,1.07528,-0.00725233,2.05383,0,1.0995,-0.007526,2.06201
7.196,-0.000730467,1.07528,-0.00725233,2.05383,0,1.0995,-0.00761722,2.06201
7.198,-0.000730467,1.07525,-0.00720671,2.05383,-3.65234e-05,1.0995,-0.007526,2.0621
7.2,-0.000730467,1.07528,-0.00725233,2.05374,3.65234e-05,1.0995,-0.007526,2.06193
7.202,-0.00076699,1.07528,-0.00725233,2.05383,-3.65234e-05,1.09947,-0.00757161,2.06201
7.204,-0.000730467,1.07528,-0.00725233,2.05383,0,1.0995,-0.00761722,2.06201
7.206,-0.000730467,1.07525,-0.00720671,2.05383,3.65234e-05,1.09947,-0.00757161,2.06201
7.208,-0.000730467,1.07528,-0.00725233,2.05383,3.65234e-05,1.0995,-0.00761722,2.06193
7.21,-0.000730467,1.07528,-0.00725233,2.05383,0,1.0995,-0.00761722,2.06193
7.212,-0.000730467,1.07528,-0.00725233,2.05374,-3.65234e-05,1.0995,-0.00761722,2.06201
7.214,-0.000730467,1.07528,-0.00725233,2.05383,-3.65234e-05,1.09952,-0.00757161,2.06193
7.216,-0.000730467,1.07528,-0.00725233,2.05383,3.65234e-05,1.0995,-0.00761722,2.06201
7.218,-0.000730467,1.07525,-0.00720671,2.05374,3.65234e-05,1.0995,-0.00761722,2.06201
7.22,-0.000730467,1.07528,-0.00725233,2.05383,3.65234e-05,1.0995,-0.007526,2.06201
7.222,-0.00076699,1.07525,-0.00720671,2.05383,0,1.0995,-0.00761722,2.06193
7.224,-0.000730467,1.07528,-0.00725233,2.05383,3.65234e-05,1.0995,-0.00761722,2.06193
7.226,-0.000730467,1.07528,-0.00725233,2.05383,-3.65234e-05,1.09952,-0.00757161,2.06201
7.228,-0.000730467,1.07528,-0.00725233,2.05374,0,1.0995,-0.00761722,2.06193
7.23,-0.000730467,1.07528,-0.00725233,2.05374,0,1.09947,-0.00757161,2.06201
7.232,-0.000730467,1.07528,-0.00725233,2.05374,0,1.09952,-0.00757161,2.06201
7.234,-0.000730467,1.07528,-0.00725233,2.05383,0,1.0995,-0.00761722,2.06193
7.236,-0.00076699,1.07525,-0.00720671,2.05383,0,1.09952,-0.00757161,2.06201
7.238,-0.000730467,1.07525,-0.00720671,2.05383,3.65234e-05,1.09952,-0.00757161,2.06201
7.24,-0.000730467,1.07528,-0.00725233,2.05383,-3.65234e-05,1.09952,-0.00757161,2.06193
7.242,-0.00076699,1.07528,-0.00725233,2.05383,0,1.09952,-0.00757161,2.06193
7.244,-0.000730467,1.07528,-0.00725233,2.05383,0,1.0995,-0.00761722,2.06193
7.246,-0.000730467,1.07528,-0.00725233,2.05383,-3.65234e-05,1.0995,-0.007526,2.06193
7.248,-0.000730467,1.07528,-0.00725233,2.05374,0,1.09952,-0.00757161,2.06193
7.25,-0.000730467,1.07525,-0.00720671,2.05374,3.65234e-05,1.0995,-0.007526,2.06201
7.252,-0.000730467,1.07528,-0.00725233,2.05374,0,1.0995,-0.007526,2.06201
7.254,-0.00076699,1.07528,-0.00725233,2.05383,3.65234e-05,1.09952,-0.00757161,2.06193
7.256,-0.00076699,1.07528,-0.00725233,2.05383,3.65234e-05,1.09952,-0.00757161,2.06193
7.258,-0.000730467,1.07528,-0.00725233,2.05383,0,1.09952,-0.00757161,2.06193
7.26,-0.000730467,1.07525,-0.00720671,2.05383,3.65234e-05,1.09952,-0.00757161,2.06201
7.262,-0.000730467,1.07528,-0.00725233,2.05383,3.65234e-05,1.0995,-0.00761722,2.06201
7.264,-0.000730467,1.07528,-0.00725233,2.05383,0,1.0995,-0.00761722,2.06193
7.266,-0.000730467,1.07528,-0.00725233,2.05374,0,1.09947,-0.00757161,2.06193
7.268,-0.000693944,1.07528,-0.00725233,2.05374,3.65234e-05,1.09947,-0.00757161,2.06201
7.27,-0.000730467,1.07528,-0.00725233,2.05383,0,1.09947,-0.00757161,2.06201
7.272,-0.000730467,1.07528,-0.00725233,2.05383,-3.65234e-05,1.0995,-0.00761722,2.06201
7.274,-0.00076699,1.07525,-0.00720671,2.05383,0,1.0995,-0.00761722,2.06201
7.276,-0.000730467,1.07525,-0.00720671,2.05383,0,1.09952,-0.00757161,2.06193
7.278,-0.000730467,1.07525,-0.00720671,2.05374,3.65234e-05,1.09952,-0.00757161,2.06193
7.28,-0.000730467,1.07528,-0.00725233,2.05383,3.65234e-05,1.09952,-0.00757161,2.06201
7.282,-0.000730467,1.07528,-0.00725233,2.05383,-3.65234e-05,1.09947,-0.00757161,2.06193
7.284,-0.000730467,1.07528,-0.00725233,2.05383,0,1.0995,-0.00761722,2.06193
7.286,-0.000730467,1.07528,-0.00725233,2.05383,0,1.09947,-0.00757161,2.06201
7.288,-0.000730467,1.07528,-0.00725233,2.05383,3.65234e-05,1.09947,-0.00757161,2.06201
7.29,-0.000730467,1.07528,-0.00725233,2.05383,0,1.0995,-0.007526,2.06201
7.292,-0.000730467,1.07528,-0.00725233,2.05374,-3.65234e-05,1.09947,-0.00757161,2.06193
7.294,-0.00076699,1.07528,-0.00725233,2.05383,3.65234e-05,1.0995,-0.00761722,2.06201
7.296,-0.00076699,1.07525,-0.00720671,2.05383,0,1.0995,-0.00761722,2.06193
7.298,-0.000730467,1.07528,-0.00725233,2.05383,0,1.0995,-0.00761722,2.06193
7.3,-0.000730467,1.07528,-0.00725233,2.05383,0,1.09952,-0.00757161,2.06193
7.302,-0.000730467,1.07528,-0.00725233,2.05383,0,1.09947,-0.00757161,2.06201
7.304,-0.000730467,1.07528,-0.00725233,2.05383,0,1.0995,-0.007526,2.06201
7.306,-0.000730467,1.07528,-0.00725233,2.05383,0,1.0995,-0.007526,2.06193
7.308,-0.000730467,1.07528,-0.00725233,2.05374,3.65234e-05,1.09947,-0.00757161,2.06201
7.31,-0.000730467,1.07528,-0.00725233,2.05374,0,1.0995,-0.007526,2.06201
7.312,-0.000730467,1.07528,-0.00725233,2.05383,3.65234e-05,1.09947,-0.00757161,2.06193
7.314,-0.00076699,1.07528,-0.00725233,2.05383,0,1.0995,-0.007526,2.06201
7.316,-0.000730467,1.07528,-0.00725233,2.05383,-3.65234e-05,1.09947,-0.00766283,2.06201
7.318,-0.000730467,1.07528,-0.00725233,2.05383,0,1.09952,-0.00757161,2.06201
7.32,-0.000730467,1.07528,-0.00725233,2.05374,-3.65234e-05,1.09947,-0.00757161,2.06193
7.322,-0.000730467,1.07525,-0.00720671,2.05383,0,1.09952,-0.00757161,2.06193
7.324,-0.000730467,1.07528,-0.00725233,2.05383,3.65234e-05,1.0995,-0.007526,2.06193
7.326,-0.000730467,1.07528,-0.00725233,2.05383,0,1.0995,-0.00761722,2.06193
7.328,-0.000730467,1.07528,-0.00725233,2.05383,0,1.0995,-0.00761722,2.06193
7.33,-0.000730467,1.07525,-0.00720671,2.05383,0,1.09947,-0.00757161,2.06193
7.332,-0.00076699,1.07525,-0.00720671,2.05383,0,1.09952,-0.00757161,2.06201
7.334,-0.00076699,1.07528,-0.00725233,2.05383,3.65234e-05,1.09947,-0.00757161,2.06193
7.336,-0.000730467,1.07528,-0.00725233,2.05383,0,1.0995,-0.00761722,2.06193
7.338,-0.000730467,1.07528,-0.00725233,2.05383,3.65234e-05,1.09947,-0.00757161,2.06201
7.34,-0.000730467,1.07528,-0.00725233,2.05383,-3.65234e-05,1.0995,-0.00761722,2.06201
7.342,-0.000730467,1.07528,-0.00725233,2.05374,-3.65234e-05,1.0995,-0.00761722,2.06201
7.344,-0.00076699,1.07528,-0.00725233,2.05383,-3.65234e-05,1.09952,-0.00757161,2.06193
7.346,-0.000730467,1.07528,-0.00725233,2.05374,0,1.0995,-0.00761722,2.06201
7.348,-0.000730467,1.07525,-0.00720671,2.05374,0,1.0995,-0.007526,2.06193
7.35,-0.000730467,1.07528,-0.00725233,2.05374,3.65234e-05,1.09952,-0.00757161,2.06193
7.352,-0.000730467,1.07528,-0.00725233,2.05374,-3.65234e-05,1.09947,-0.00757161,2.06201
7.354,-0.000730467,1.07528,-0.00725233,2.05374,3.65234e-05,1.09947,-0.00757161,2.06201
7.356,-0.000730467,1.07528,-0.00725233,2.05383,-3.65234e-05,1.09947,-0.00766283,2.06201
7.358,-0.000730467,1.07528,-0.00725233,2.05383,0,1.0995,-0.007526,2.06193
7.36,-0.000730467,1.07528,-0.00725233,2.05383,0,1.09947,-0.00757161,2.06193
7.362,-0.000730467,1.07528,-0.00725233,2.05383,0,1.0995,-0.00761722,2.06193
7.364,-0.000730467,1.07525,-0.00720671,2.05374,-3.65234e-05,1.0995,-0.00761722,2.06201
7.366,-0.000730467,1.07525,-0.00720671,2.05374,3.65234e-05,1.09952,-0.00757161,2.06193
7.368,-0.000730467,1.07528,-0.00725233,2.05374,0,1.0995,-0.007526,2.06201
7.37,-0.000730467,1.07528,-0.00725233,2.05383,0,1.09947,-0.00757161,2.06201
7.372,-0.000730467,1.07528,-0.00725233,2.05383,0,1.09947,-0.00757161,2.06193
7.374,-0.000730467,1.07528,-0.00725233,2.05383,0,1.09952,-0.00757161,2.06201
7.376,-0.000730467,1.07525,-0.00720671,2.05383,0,1.0995,-0.007526,2.06201
7.378,-0.000730467,1.07525,-0.00720671,2.05383,-3.65234e-05,1.0995,-0.00761722,2.06201
7.38,-0.000730467,1.07525,-0.00720671,2.05383,0,1.0995,-0.007526,2.06201
7.382,-0.00076699,1.07525,-0.00720671,2.05374,0,1.09952,-0.00757161,2.06201
7.384,-0.000730467,1.07525,-0.00720671,2.05383,3.65234e-05,1.0995,-0.00761722,2.06193
7.386,-0.000730467,1.07528,-0.0071611,2.05383,-3.65234e-05,1.0995,-0.00761722,2.06201
7.388,-0.00076699,1.07528,-0.00725233,2.05383,0,1.0995,-0.007526,2.06201
7.39,-0.000730467,1.07531,-0.00720671,2.05383,0,1.09947,-0.00757161,2.06193
7.392,-0.000730467,1.07528,-0.00725233,2.05383,0,1.0995,-0.007526,2.06201
7.394,-0.000730467,1.07528,-0.00725233,2.05383,3.65234e-05,1.0995,-0.00761722,2.06201
7.396,-0.000730467,1.07528,-0.00725233,2.05383,0,1.0995,-0.00761722,2.06201
7.398,-0.000730467,1.07525,-0.00720671,2.05383,0,1.09952,-0.00757161,2.06201
7.4,-0.00076699,1.07528,-0.00725233,2.05374,3.65234e-05,1.09947,-0.00757161,2.06201
7.402,-0.000730467,1.07528,-0.00725233,2.05374,3.65234e-05,1.0995,-0.00761722,2.06201
7.404,-0.000730467,1.07528,-0.00725233,2.05383,0,1.09947,-0.00757161,2.06193
7.406,-0.000730467,1.07528,-0.00725233,2.05374,0,1.0995,-0.007526,2.06201
7.408,-0.000730467,1.07525,-0.00720671,2.05383,-3.65234e-05,1.09947,-0.00757161,2.06193
7.41,-0.000730467,1.07528,-0.00725233,2.05383,0,1.0995,-0.00761722,2.06193
7.412,-0.000730467,1.07528,-0.00725233,2.05383,3.65234e-05,1.0995,-0.00761722,2.06201
7.414,-0.000730467,1.07528,-0.00725233,2.05383,3.65234e-05,1.0995,-0.00761722,2.06193
7.416,-0.000730467,1.07525,-0.00720671,2.05383,0,1.09952,-0.00757161,2.06193
7.418,-0.000730467,1.07525,-0.00720671,2.05383,0,1.0995,-0.007526,2.06193
7.42,-0.000730467,1.07525,-0.00720671,2.05383,-3.65234e-05,1.0995,-0.007526,2.06193
7.422,-0.000730467,1.07525,-0.00720671,2.05383,0,1.09947,-0.00757161,2.06201
7.424,-0.000730467,1.07528,-0.00725233,2.05383,0,1.09947,-0.00757161,2.06201
7.426,-0.000730467,1.07528,-0.00725233,2.05374,3.65234e-05,1.09952,-0.00757161,2.06201
7.428,-0.000730467,1.07525,-0.00720671,2.05374,3.65234e-05,1.09952,-0.00757161,2.06193
7.43,-0.000730467,1.07528,-0.00725233,2.05383,0,1.0995,-0.00761722,2.06201
7.432,-0.000730467,1.07525,-0.00720671,2.05383,0,1.0995,-0.00761722,2.06193
7.434,-0.000730467,1.07528,-0.00725233,2.05383,3.65234e-05,1.0995,-0.00761722,2.06201
7.436,-0.000730467,1.07528,-0.00725233,2.05383,-3.65234e-05,1.09952,-0.00757161,2.06201
7.438,-0.000730467,1.07528,-0.00725233,2.05374,3.65234e-05,1.0995,-0.007526,2.06193
7.44,-0.000730467,1.07528,-0.00725233,2.05383,3.65234e-05,1.09952,-0.00757161,2.06201
7.442,-0.000730467,1.07525,-0.00720671,2.05374,0,1.09947,-0.00757161,2.06201
7.444,-0.000730467,1.07528,-0.00725233,2.05374,0,1.0995,-0.00761722,2.06193
7.446,-0.000730467,1.07528,-0.00725233,2.05383,-3.65234e-05,1.0995,-0.00761722,2.06201
7.448,-0.000730467,1.07531,-0.00720671,2.05383,0,1.09952,-0.00757161,2.06193
7.45,-0.000730467,1.07528,-0.00725233,2.05374,0,1.0995,-0.00761722,2.06201
7.452,-0.000730467,1.07525,-0.00720671,2.05383,3.65234e-05,1.09947,-0.00757161,2.06193
7.454,-0.000730467,1.07528,-0.00725233,2.05374,-3.65234e-05,1.09947,-0.00757161,2.06201
7.456,-0.000730467,1.07525,-0.00720671,2.05374,3.65234e-05,1.09952,-0.00757161,2.06201
7.458,-0.000730467,1.07525,-0.00720671,2.05383,3.65234e-05,1.0995,-0.007526,2.06193
7.46,-0.000730467,1.07528,-0.00725233,2.05383,0,1.09947,-0.00757161,2.06201
7.462,-0.000730467,1.07528,-0.00725233,2.05383,-3.65234e-05,1.09947,-0.00757161,2.06193
7.464,-0.000730467,1.07528,-0.00725233,2.05383,0,1.0995,-0.007526,2.06201
7.466,-0.000730467,1.07528,-0.00725233,2.05383,3.65234e-05,1.09952,-0.00757161,2.06193
7.468,-0.00076699,1.07528,-0.00725233,2.05383,-3.65234e-05,1.0995,-0.00761722,2.06193
7.47,-0.000730467,1.07528,-0.00725233,2.05383,0,1.0995,-0.00761722,2.06201
7.472,-0.000730467,1.07525,-0.00720671,2.05383,3.65234e-05,1.09952,-0.00757161,2.06201
7.474,-0.000730467,1.07525,-0.00720671,2.05383,3.65234e-05,1.0995,-0.007526,2.06201
7.476,-0.000730467,1.07528,-0.00725233,2.05374,0,1.09947,-0.00757161,2.06201
7.478,-0.000730467,1.07528,-0.00725233,2.05383,0,1.09947,-0.00757161,2.06193
7.48,-0.000730467,1.07528,-0.00725233,2.05383,0,1.09947,-0.00757161,2.06193
7.482,-0.000730467,1.07528,-0.00725233,2.05383,0,1.09952,-0.00757161,2.06201
7.484,-0.000730467,1.07528,-0.00725233,2.05383,3.65234e-05,1.0995,-0.00761722,2.06193
7.486,-0.000730467,1.07525,-0.00720671,2.05383,0,1.0995,-0.00761722,2.06201
7.488,-0.00076699,1.07525,-0.00720671,2.05383,3.65234e-05,1.0995,-0.00761722,2.06201
7.49,-0.00076699,1.07525,-0.00720671,2.05374,0,1.0995,-0.007526,2.06201
7.492,-0.000730467,1.07528,-0.00725233,2.05383,3.65234e-05,1.0995,-0.007526,2.06201
7.494,-0.000730467,1.07528,-0.00725233,2.05383,3.65234e-05,1.09947,-0.00757161,2.06193
7.496,-0.000730467,1.07528,-0.00725233,2.05383,0,1.0995,-0.007526,2.06201
7.498,-0.000730467,1.07528,-0.0071611,2.05383,-3.65234e-05,1.0995,-0.00761722,2.06193
7.5,-0.000730467,1.07528,-0.00725233,2.05383,7.30467e-05,1.09952,-0.00757161,2.06193
7.502,-0.000730467,1.07528,-0.00725233,2.05383,0,1.0995,-0.00761722,2.06193
7.504,-0.000730467,1.07528,-0.00725233,2.05383,0,1.09947,-0.00757161,2.06193
7.506,-0.000730467,1.07525,-0.00720671,2.05374,-3.65234e-05,1.0995,-0.007526,2.06193
7.508,-0.000730467,1.07525,-0.00720671,2.05374,3.65234e-05,1.09947,-0.00757161,2.06201
7.51,-0.000730467,1.07528,-0.00725233,2.05383,3.65234e-05,1.0995,-0.007526,2.06201
7.512,-0.000730467,1.07528,-0.00725233,2.05383,0,1.0995,-0.00761722,2.06193
7.514,-0.000730467,1.07528,-0.00725233,2.05383,-7.30467e-05,1.0995,-0.00761722,2.06193
7.516,-0.000730467,1.07528,-0.00725233,2.05374,-3.65234e-05,1.09947,-0.00757161,2.06201
7.518,-0.000730467,1.07525,-0.00720671,2.05374,0,1.0995,-0.00761722,2.06201
7.52,-0.000730467,1.07528,-0.00725233,2.05374,-3.65234e-05,1.0995,-0.00761722,2.06201
7.522,-0.00076699,1.07528,-0.00725233,2.05383,0,1.0995,-0.007526,2.06193
7.524,-0.00076699,1.07528,-0.00725233,2.05383,-3.65234e-05,1.0995,-0.007526,2.06193
7.526,-0.00076699,1.07528,-0.00725233,2.05383,0,1.0995,-0.007526,2.06193
7.528,-0.000730467,1.07528,-0.00725233,2.05383,3.65234e-05,1.09947,-0.00757161,2.06193
7.53,-0.000730467,1.07528,-0.00725233,2.05383,0,1.09952,-0.00757161,2.06201
7.532,-0.000730467,1.07531,-0.00720671,2.05374,0,1.0995,-0.007526,2.06193
7.534,-0.000730467,1.07531,-0.00720671,2.05374,0,1.0995,-0.00761722,2.06201
7.536,-0.000730467,1.07528,-0.00725233,2.05374,0,1.09947,-0.00757161,2.06193
7.538,-0.000730467,1.07528,-0.00725233,2.05374,-3.65234e-05,1.09947,-0.00757161,2.06201
7.54,-0.000730467,1.07528,-0.00725233,2.05374,3.65234e-05,1.0995,-0.007526,2.06201
7.542,-0.000730467,1.07528,-0.00725233,2.05383,3.65234e-05,1.09947,-0.00757161,2.06201
7.544,-0.000730467,1.07525,-0.00720671,2.05383,0,1.0995,-0.007526,2.06201
7.546,-0.000730467,1.07528,-0.00725233,2.05383,3.65234e-05,1.0995,-0.007526,2.06201
7.548,-0.000730467,1.07525,-0.00720671,2.05374,0,1.0995,-0.00761722,2.06193
7.55,-0.000730467,1.07531,-0.00720671,2.05374,0,1.0995,-0.00761722,2.06193
7.552,-0.000730467,1.07525,-0.00720671,2.05374,-3.65234e-05,1.09952,-0.00757161,2.06193
7.554,-0.000730467,1.07528,-0.00725233,2.05374,3.65234e-05,1.09952,-0.00757161,2.06193
7.556,-0.000730467,1.07528,-0.00725233,2.05383,0,1.09947,-0.00757161,2.06193
7.558,-0.000730467,1.07528,-0.00725233,2.05383,0,1.0995,-0.007526,2.06201
7.56,-0.00076699,1.07528,-0.00725233,2.05374,0,1.0995,-0.007526,2.06201
7.562,-0.000730467,1.07528,-0.00725233,2.05383,0,1.09947,-0.00757161,2.06193
7.564,-0.000730467,1.07525,-0.00720671,2.05383,-3.65234e-05,1.0995,-0.00761722,2.06201
7.566,-0.000730467,1.07525,-0.00720671,2.05383,-3.65234e-05,1.0995,-0.00761722,2.06193
7.568,-0.000730467,1.07528,-0.00725233,2.05374,0,1.0995,-0.00761722,2.06201
7.57,-0.000730467,1.07528,-0.00725233,2.05383,0,1.0995,-0.00761722,2.06201
7.572,-0.000730467,1.07528,-0.00725233,2.05374,-3.65234e-05,1.09947,-0.00757161,2.06201
7.574,-0.00076699,1.07528,-0.00725233,2.05383,3.65234e-05,1.0995,-0.007526,2.06193
7.576,-0.000730467,1.07528,-0.00725233,2.05383,3.65234e-05,1.0995,-0.007526,2.06193
7.578,-0.000730467,1.07528,-0.00725233,2.05383,0,1.09947,-0.00757161,2.06193
7.58,-0.000730467,1.07528,-0.00725233,2.05383,0,1.09947,-0.00757161,2.06193
7.582,-0.000730467,1.07525,-0.00720671,2.05374,0,1.09952,-0.00757161,2.06201
7.584,-0.000730467,1.07525,-0.00720671,2.05374,3.65234e-05,1.09947,-0.00757161,2.06193
7.586,-0.000730467,1.07528,-0.00725233,2.05374,0,1.09947,-0.00757161,2.06193
7.588,-0.000730467,1.07528,-0.00725233,2.05374,-3.65234e-05,1.09947,-0.00757161,2.06201
7.59,-0.000730467,1.07528,-0.00725233,2.05374,3.65234e-05,1.09947,-0.00757161,2.06193
7.592,-0.000730467,1.07528,-0.00725233,2.05374,0,1.09947,-0.00757161,2.06201
7.594,-0.000730467,1.07525,-0.00720671,2.05383,0,1.0995,-0.00761722,2.06193
7.596,-0.000730467,1.07525,-0.00720671,2.05383,0,1.09947,-0.00757161,2.06193
7.598,-0.000730467,1.07528,-0.00725233,2.05383,3.65234e-05,1.09947,-0.00757161,2.06193
7.6,-0.000730467,1.07528,-0.00725233,2.05383,0,1.09947,-0.00757161,2.06201
7.602,-0.000730467,1.07528,-0.00725233,2.05374,0,1.09947,-0.00766283,2.06201
7.604,-0.000730467,1.07525,-0.00720671,2.05374,0,1.09952,-0.00757161,2.06193
7.606,-0.000730467,1.07528,-0.00725233,2.05374,0,1.0995,-0.00761722,2.06201
7.608,-0.000730467,1.07528,-0.00725233,2.05383,0,1.0995,-0.007526,2.06201
7.61,-0.000730467,1.07525,-0.00720671,2.05383,0,1.09947,-0.00757161,2.06193
7.612,-0.000730467,1.07528,-0.00725233,2.05383,3.65234e-05,1.0995,-0.00761722,2.06193
7.614,-0.000730467,1.07528,-0.00725233,2.05383,0,1.0995,-0.00761722,2.06193
7.616,-0.000730467,1.07528,-0.00725233,2.05374,0,1.0995,-0.00761722,2.06193
7.618,-0.000730467,1.07525,-0.00720671,2.05374,0,1.0995,-0.007526,2.06201
7.62,-0.000730467,1.07525,-0.00720671,2.05374,0,1.0995,-0.00761722,2.06193
7.622,-0.000730467,1.07528,-0.00725233,2.05374,3.65234e-05,1.09947,-0.00757161,2.06193
7.624,-0.000730467,1.07528,-0.00725233,2.05383,0,1.09952,-0.00757161,2.06193
7.626,-0.000730467,1.07528,-0.00725233,2.05383,0,1.0995,-0.007526,2.06193
7.628,-0.000730467,1.07528,-0.00725233,2.05383,-3.65234e-05,1.09952,-0.00757161,2.06201
7.63,-0.000730467,1.07531,-0.00720671,2.05383,0,1.09952,-0.00757161,2.06201
7.632,-0.000730467,1.07528,-0.00725233,2.05383,-3.65234e-05,1.09947,-0.00757161,2.06201
7.634,-0.000730467,1.07528,-0.00725233,2.05374,3.65234e-05,1.0995,-0.00761722,2.06201
7.636,-0.000730467,1.07528,-0.00725233,2.05383,0,1.0995,-0.00761722,2.06201
7.638,-0.000730467,1.07528,-0.00725233,2.05383,-3.65234e-05,1.0995,-0.007526,2.06201
7.64,-0.00076699,1.07525,-0.00720671,2.05383,-3.65234e-05,1.09952,-0.00757161,2.06201
7.642,-0.000730467,1.07528,-0.00725233,2.05383,0,1.09947,-0.00757161,2.06201
7.644,-0.000730467,1.07528,-0.00725233,2.05383,3.65234e-05,1.09952,-0.00757161,2.06201
7.646,-0.000730467,1.07528,-0.00725233,2.05383,-3.65234e-05,1.09947,-0.00757161,2.06201
7.648,-0.000730467,1.07528,-0.00725233,2.05383,3.65234e-05,1.09952,-0.00757161,2.06193
7.65,-0.000730467,1.07525,-0.00720671,2.05374,0,1.09947,-0.00757161,2.06201
7.652,-0.000730467,1.07528,-0.00725233,2.05374,0,1.0995,-0.00761722,2.06193
7.654,-0.000730467,1.07525,-0.00720671,2.05383,0,1.09952,-0.00757161,2.06201
7.656,-0.000730467,1.07528,-0.00725233,2.05383,0,1.0995,-0.007526,2.06201
7.658,-0.000730467,1.07528,-0.00725233,2.05383,0,1.09955,-0.007526,2.06193
7.66,-0.000730467,1.07525,-0.00720671,2.05383,3.65234e-05,1.09947,-0.00757161,2.06201
7.662,-0.000730467,1.07528,-0.00725233,2.05383,3.65234e-05,1.09947,-0.00757161,2.06193
7.664,-0.000730467,1.07525,-0.00720671,2.05383,3.65234e-05,1.09947,-0.00757161,2.06201
7.666,-0.000730467,1.07525,-0.00720671,2.05374,0,1.09947,-0.00757161,2.06193
7.668,-0.000730467,1.07528,-0.0071611,2.05374,0,1.09947,-0.00757161,2.06193
7.67,-0.000730467,1.07525,-0.00720671,2.05374,-3.65234e-05,1.0995,-0.007526,2.06201
7.672,-0.000730467,1.07525,-0.00720671,2.05374,-3.65234e-05,1.0995,-0.00761722,2.06201
7.674,-0.000730467,1.07528,-0.00725233,2.05374,0,1.09947,-0.00757161,2.06193
7.676,-0.000730467,1.07525,-0.00720671,2.05383,3.65234e-05,1.09952,-0.00757161,2.06193
7.678,-0.000730467,1.07525,-0.00720671,2.05383,3.65234e-05,1.0995,-0.00761722,2.06201
7.68,-0.000730467,1.07528,-0.00725233,2.05383,-3.65234e-05,1.09947,-0.00757161,2.06193
7.682,-0.000730467,1.07528,-0.00725233,2.05374,0,1.0995,-0.007526,2.06201
7.684,-0.00076699,1.07528,-0.00725233,2.05374,0,1.09952,-0.00757161,2.06201
7.686,-0.000730467,1.07525,-0.00720671,2.05374,-3.65234e-05,1.0995,-0.00761722,2.06201
7.688,-0.000730467,1.07525,-0.00720671,2.05374,0,1.09947,-0.00757161,2.06193
7.69,-0.000730467,1.07528,-0.00725233,2.05383,0,1.09947,-0.00757161,2.06193
7.692,-0.000730467,1.07528,-0.00725233,2.05383,0,1.0995,-0.007526,2.06201
7.694,-0.000730467,1.07528,-0.00725233,2.05383,3.65234e-05,1.0995,-0.00761722,2.06193
7.696,-0.000730467,1.07528,-0.00725233,2.05383,-3.65234e-05,1.09952,-0.00757161,2.06201
7.698,-0.000730467,1.07528,-0.00725233,2.05383,0,1.09947,-0.00757161,2.06201
7.7,-0.000730467,1.07528,-0.00725233,2.05374,-3.65234e-05,1.0995,-0.007526,2.06201
7.702,-0.000730467,1.07525,-0.00720671,2.05383,-3.65234e-05,1.09947,-0.00757161,2.06193
7.704,-0.000730467,1.07525,-0.00720671,2.05374,0,1.09947,-0.00757161,2.06193
7.706,-0.000730467,1.07528,-0.00725233,2.05374,3.65234e-05,1.0995,-0.007526,2.06193
7.708,-0.000730467,1.07528,-0.00725233,2.05383,7.30467e-05,1.09947,-0.00757161,2.06193
7.71,-0.000730467,1.07528,-0.00725233,2.05374,0,1.09947,-0.00757161,2.06193
7.712,-0.000730467,1.07528,-0.00725233,2.05383,0,1.09947,-0.00757161,2.06201
7.714,-0.000730467,1.07528,-0.00725233,2.05374,3.65234e-05,1.09947,-0.00757161,2.06193
7.716,-0.000730467,1.07528,-0.00725233,2.05383,3.65234e-05,1.09947,-0.00757161,2.06201
7.718,-0.000730467,1.07525,-0.00720671,2.05374,0,1.09947,-0.00757161,2.06193
7.72,-0.000730467,1.07528,-0.00725233,2.05383,3.65234e-05,1.0995,-0.007526,2.06201
7.722,-0.000730467,1.07528,-0.00725233,2.05383,0,1.0995,-0.007526,2.06201
7.724,-0.000730467,1.07528,-0.00725233,2.05383,-3.65234e-05,1.09947,-0.00757161,2.06193
7.726,-0.000730467,1.07528,-0.00725233,2.05383,3.65234e-05,1.09947,-0.00757161,2.06193
7.728,-0.000730467,1.07528,-0.00725233,2.05383,3.65234e-05,1.09952,-0.00757161,2.06193
7.73,-0.000730467,1.07525,-0.00720671,2.05383,0,1.0995,-0.00761722,2.06193
7.732,-0.000730467,1.07525,-0.00720671,2.05383,0,1.09947,-0.00757161,2.06193
7.734,-0.000730467,1.07528,-0.00725233,2.05374,0,1.09952,-0.00757161,2.06201
7.736,-0.000730467,1.07528,-0.00725233,2.05374,0,1.0995,-0.007526,2.06201
7.738,-0.000730467,1.07528,-0.00725233,2.05374,0,1.0995,-0.007526,2.06201
7.74,-0.000730467,1.07528,-0.00725233,2.05383,3.65234e-05,1.09947,-0.00757161,2.06193
7.742,-0.000730467,1.07525,-0.00720671,2.05383,0,1.09947,-0.00757161,2.06201
7.744,-0.000730467,1.07525,-0.00720671,2.05383,0,1.09947,-0.00757161,2.06193
7.746,-0.000730467,1.07528,-0.00725233,2.05383,0,1.09952,-0.00757161,2.06201
7.748,-0.000730467,1.07528,-0.00725233,2.05374,0,1.0995,-0.00761722,2.06201
7.75,-0.000730467,1.07528,-0.00725233,2.05383,0,1.09952,-0.00757161,2.06201
7.752,-0.000730467,1.07525,-0.00720671,2.05374,0,1.09952,-0.00757161,2.06201
7.754,-0.000730467,1.07528,-0.00725233,2.05383,0,1.0995,-0.00761722,2.06193
7.756,-0.000730467,1.07528,-0.00725233,2.05383,-3.65234e-05,1.09947,-0.00757161,2.06193
7.758,-0.000730467,1.07528,-0.00725233,2.05383,0,1.09947,-0.00757161,2.06201
7.76,-0.000730467,1.07525,-0.00720671,2.05374,0,1.09952,-0.00757161,2.06193
7.762,-0.000730467,1.07528,-0.00725233,2.05374,0,1.09947,-0.00757161,2.06201
7.764,-0.000730467,1.07525,-0.00720671,2.05374,0,1.0995,-0.007526,2.06201
7.766,-0.000730467,1.07525,-0.00720671,2.05383,0,1.09947,-0.00757161,2.06193
7.768,-0.000730467,1.07528,-0.00725233,2.05383,0,1.0995,-0.007526,2.06193
7.77,-0.000730467,1.07528,-0.00725233,2.05383,-3.65234e-05,1.0995,-0.007526,2.06193
7.772,-0.000730467,1.07528,-0.00725233,2.05383,3.65234e-05,1.09947,-0.00757161,2.06193
7.774,-0.000730467,1.07528,-0.00725233,2.05383,3.65234e-05,1.09947,-0.00757161,2.06193
7.776,-0.000730467,1.07528,-0.00725233,2.05383,-3.65234e-05,1.09947,-0.00757161,2.06193
7.778,-0.000730467,1.07528,-0.00725233,2.05383,-3.65234e-05,1.09947,-0.00757161,2.06193
7.78,-0.000730467,1.07525,-0.00720671,2.05374,-3.65234e-05,1.09947,-0.00757161,2.06193
7.782,-0.000730467,1.07528,-0.00725233,2.05374,0,1.0995,-0.00761722,2.06193
7.784,-0.000730467,1.07528,-0.00725233,2.05374,3.65234e-05,1.0995,-0.00761722,2.06193
7.786,-0.000730467,1.07528,-0.00725233,2.05383,0,1.09952,-0.00757161,2.06201
7.788,-0.000730467,1.07528,-0.00725233,2.05383,0,1.0995,-0.007526,2.06193
7.79,-0.00076699,1.07525,-0.00720671,2.05383,0,1.0995,-0.00761722,2.06193
7.792,-0.000730467,1.07528,-0.00725233,2.05383,0,1.0995,-0.00761722,2.06201
7.794,-0.000730467,1.07528,-0.00725233,2.05383,0,1.09947,-0.00766283,2.06201
7.796,-0.000730467,1.07528,-0.00725233,2.05374,0,1.0995,-0.00761722,2.06201
7.798,-0.000730467,1.07525,-0.00720671,2.05374,0,1.0995,-0.00761722,2.06201
7.8,-0.000730467,1.07525,-0.00720671,2.05383,0,1.09947,-0.00757161,2.06201
7.802,-0.000730467,1.07528,-0.00725233,2.05383,3.65234e-05,1.0995,-0.007526,2.06193
7.804,-0.000730467,1.07528,-0.00725233,2.05383,3.65234e-05,1.0995,-0.00761722,2.06201
7.806,-0.000730467,1.07528,-0.00725233,2.05383,-3.65234e-05,1.09947,-0.00757161,2.06193
7.808,-0.000730467,1.07525,-0.00720671,2.05383,0,1.0995,-0.007526,2.06193
7.81,-0.000730467,1.07525,-0.00720671,2.05383,-3.65234e-05,1.0995,-0.007526,2.06193
7.812,-0.000730467,1.07528,-0.00725233,2.05383,0,1.09952,-0.00757161,2.06193
7.814,-0.000730467,1.07528,-0.00725233,2.05383,0,1.0995,-0.007526,2.06201
7.816,-0.000730467,1.07528,-0.00725233,2.05383,3.65234e-05,1.0995,-0.00761722,2.06193
7.818,-0.000730467,1.07525,-0.00720671,2.05383,3.65234e-05,1.09947,-0.00757161,2.06201
7.82,-0.000730467,1.07525,-0.00720671,2.05383,0,1.09947,-0.00757161,2.06193
7.822,-0.000730467,1.07528,-0.00725233,2.05383,3.65234e-05,1.09947,-0.00757161,2.06201
7.824,-0.000730467,1.07528,-0.00725233,2.05374,3.65234e-05,1.09952,-0.00757161,2.06201
7.826,-0.000730467,1.07528,-0.00725233,2.05383,0,1.0995,-0.007526,2.06201
7.828,-0.000730467,1.07528,-0.00725233,2.05374,0,1.0995,-0.00761722,2.06201
7.83,-0.000730467,1.07528,-0.00725233,2.05374,0,1.0995,-0.007526,2.06201
7.832,-0.000730467,1.07528,-0.00725233,2.05374,0,1.0995,-0.007526,2.06193
7.834,-0.000730467,1.07528,-0.00725233,2.05383,0,1.09952,-0.00757161,2.06193
7.836,-0.00076699,1.07525,-0.00720671,2.05383,0,1.0995,-0.007526,2.06201
7.838,-0.000730467,1.07528,-0.00725233,2.05383,3.65234e-05,1.09947,-0.00757161,2.06193
7.84,-0.000730467,1.07528,-0.00725233,2.05383,0,1.0995,-0.00761722,2.06193
7.842,-0.000730467,1.07525,-0.00720671,2.05374,-3.65234e-05,1.09947,-0.00757161,2.06193
7.844,-0.000730467,1.07528,-0.00725233,2.05383,0,1.0995,-0.007526,2.06193
7.846,-0.000730467,1.07528,-0.00725233,2.05383,-3.65234e-05,1.09947,-0.00757161,2.06201
7.848,-0.000730467,1.07528,-0.00725233,2.05383,3.65234e-05,1.09947,-0.00757161,2.06201
7.85,-0.000730467,1.07528,-0.00725233,2.05383,0,1.09947,-0.00757161,2.06193
7.852,-0.000730467,1.07528,-0.00725233,2.05383,0,1.0995,-0.00761722,2.06193
7.854,-0.000730467,1.07525,-0.00720671,2.05383,0,1.0995,-0.00761722,2.06201
7.856,-0.000730467,1.07525,-0.00720671,2.05383,0,1.09947,-0.00757161,2.06201
7.858,-0.000730467,1.07525,-0.00720671,2.05383,-3.65234e-05,1.09947,-0.00757161,2.06201
7.86,-0.000730467,1.07525,-0.00720671,2.05383,0,1.09947,-0.00757161,2.06201
7.862,-0.000730467,1.07528,-0.00725233,2.05374,0,1.09947,-0.00757161,2.06201
7.864,-0.000730467,1.07528,-0.00725233,2.05374,0,1.09947,-0.00757161,2.06193
7.866,-0.000730467,1.07528,-0.00725233,2.05383,3.65234e-05,1.09952,-0.00757161,2.06193
7.868,-0.000730467,1.07525,-0.00720671,2.05383,-3.65234e-05,1.0995,-0.00761722,2.06201
7.87,-0.00076699,1.07525,-0.00720671,2.05383,-3.65234e-05,1.09947,-0.00757161,2.06193
7.872,-0.000730467,1.07528,-0.00725233,2.05383,0,1.09952,-0.00757161,2.06193
7.874,-0.000730467,1.07528,-0.00725233,2.05383,-3.65234e-05,1.09947,-0.00757161,2.06193
7.876,-0.000730467,1.07528,-0.00725233,2.05383,0,1.0995,-0.007526,2.06193
7.878,-0.00076699,1.07528,-0.00725233,2.05383,0,1.0995,-0.007526,2.06193
7.88,-0.000730467,1.07528,-0.00725233,2.05374,-3.65234e-05,1.09947,-0.00757161,2.06201
7.882,-0.000730467,1.07528,-0.00725233,2.05374,-3.65234e-05,1.09947,-0.00757161,2.06201
7.884,-0.000730467,1.07525,-0.00720671,2.05383,3.65234e-05,1.0995,-0.00761722,2.06193
7.886,-0.000730467,1.07525,-0.00720671,2.05383,3.65234e-05,1.0995,-0.00761722,2.06193
7.888,-0.000730467,1.07528,-0.00725233,2.05383,-3.65234e-05,1.0995,-0.00761722,2.06193
7.89,-0.000730467,1.07528,-0.00725233,2.05383,0,1.09947,-0.00757161,2.06193
7.892,-0.000730467,1.07528,-0.00725233,2.05374,-7.30467e-05,1.0995,-0.007526,2.06193
7.894,-0.000730467,1.07528,-0.00725233,2.05374,3.65234e-05,1.09947,-0.00757161,2.06201
7.896,-0.000730467,1.07528,-0.00725233,2.05374,3.65234e-05,1.09952,-0.00757161,2.06193
7.898,-0.000730467,1.07528,-0.00725233,2.05383,0,1.0995,-0.00761722,2.06201
7.9,-0.000730467,1.07528,-0.00725233,2.05374,-3.65234e-05,1.09952,-0.00757161,2.06193
7.902,-0.000730467,1.07528,-0.00725233,2.05374,0,1.09952,-0.00757161,2.06201
7.904,-0.000730467,1.07528,-0.00725233,2.05383,0,1.09947,-0.00757161,2.06201
7.906,-0.000730467,1.07528,-0.00725233,2.05383,3.65234e-05,1.0995,-0.00761722,2.06201
7.908,-0.000730467,1.07531,-0.00720671,2.05374,-3.65234e-05,1.09947,-0.00757161,2.06193
7.91,-0.000730467,1.07525,-0.00720671,2.05374,3.65234e-05,1.0995,-0.00761722,2.06193
7.912,-0.000730467,1.07528,-0.00725233,2.05374,3.65234e-05,1.0995,-0.00761722,2.06193
7.914,-0.000730467,1.07528,-0.00725233,2.05374,0,1.0995,-0.00761722,2.06193
7.916,-0.000730467,1.07528,-0.00725233,2.05374,0,1.09947,-0.00757161,2.06201
7.918,-0.000730467,1.07525,-0.00720671,2.05374,0,1.09947,-0.00757161,2.06201
7.92,-0.000730467,1.07528,-0.00725233,2.05383,0,1.0995,-0.00761722,2.06201
7.922,-0.000730467,1.07528,-0.00725233,2.05383,3.65234e-05,1.0995,-0.007526,2.06193
7.924,-0.000730467,1.07528,-0.00725233,2.05383,0,1.09944,-0.00761722,2.06193
7.926,-0.000730467,1.07528,-0.00725233,2.05383,0,1.0995,-0.007526,2.06193
7.928,-0.000730467,1.07528,-0.00725233,2.05383,0,1.0995,-0.007526,2.06193
7.93,-0.000730467,1.07528,-0.00725233,2.05374,0,1.09947,-0.00757161,2.06193
7.932,-0.000730467,1.07528,-0.00725233,2.05374,0,1.0995,-0.00761722,2.06201
7.934,-0.000730467,1.07528,-0.00725233,2.05374,0,1.09947,-0.00766283,2.06201
7.936,-0.000730467,1.07525,-0.00720671,2.05383,-3.65234e-05,1.09947,-0.00757161,2.06193
7.938,-0.000730467,1.07528,-0.00725233,2.05383,0,1.09947,-0.00757161,2.06193
7.94,-0.000730467,1.07525,-0.00720671,2.05383,0,1.09952,-0.00757161,2.06193
7.942,-0.000730467,1.07528,-0.00725233,2.05383,0,1.0995,-0.00761722,2.06201
7.944,-0.000730467,1.07528,-0.00725233,2.05383,0,1.09947,-0.00757161,2.06201
7.946,-0.000730467,1.07528,-0.00725233,2.05383,0,1.0995,-0.007526,2.06201
7.948,-0.000730467,1.07525,-0.00720671,2.05383,0,1.09947,-0.00757161,2.06193
7.95,-0.000730467,1.07525,-0.00720671,2.05374,0,1.09947,-0.00757161,2.06193
7.952,-0.000730467,1.07528,-0.00725233,2.05374,0,1.0995,-0.007526,2.06193
7.954,-0.000730467,1.07528,-0.00725233,2.05383,-3.65234e-05,1.09947,-0.00757161,2.06193
7.956,-0.000730467,1.07528,-0.00725233,2.05383,0,1.09947,-0.00757161,2.06201
7.958,-0.000730467,1.07528,-0.00725233,2.05383,-3.65234e-05,1.09947,-0.00757161,2.06193
7.96,-0.000730467,1.07528,-0.00725233,2.05383,0,1.0995,-0.00761722,2.06193
7.962,-0.000730467,1.07528,-0.00725233,2.05383,3.65234e-05,1.0995,-0.007526,2.06193
7.964,-0.000730467,1.07528,-0.00725233,2.05374,0,1.09947,-0.00757161,2.06201
7.966,-0.000730467,1.07528,-0.00725233,2.05374,0,1.09947,-0.00757161,2.06201
7.968,-0.000730467,1.07528,-0.00725233,2.05383,3.65234e-05,1.0995,-0.00761722,2.06193
7.97,-0.000730467,1.07528,-0.00725233,2.05383,0,1.09947,-0.00757161,2.06193
7.972,-0.000730467,1.07528,-0.00725233,2.05383,0,1.09947,-0.00757161,2.06201
7.974,-0.000730467,1.07525,-0.00720671,2.05383,0,1.09947,-0.00757161,2.06193
7.976,-0.000730467,1.07528,-0.00725233,2.05383,0,1.0995,-0.007526,2.06193
7.978,-0.000730467,1.07528,-0.00725233,2.05374,-3.65234e-05,1.0995,-0.00761722,2.06193
7.98,-0.000730467,1.07528,-0.00725233,2.05383,3.65234e-05,1.09947,-0.00757161,2.06201
7.982,-0.000730467,1.07525,-0.00720671,2.05383,3.65234e-05,1.0995,-0.00761722,2.06201
7.984,-0.000730467,1.07525,-0.00720671,2.05383,0,1.0995,-0.00761722,2.06201
7.986,-0.000730467,1.07528,-0.00725233,2.05383,0,1.0995,-0.00761722,2.06193
7.988,-0.00076699,1.07528,-0.00725233,2.05383,3.65234e-05,1.0995,-0.00761722,2.06201
7.99,-0.000730467,1.07528,-0.00725233,2.05383,0,1.0995,-0.007526,2.06193
7.992,-0.000730467,1.07528,-0.00725233,2.05383,-3.65234e-05,1.09944,-0.00761722,2.06201
7.994,-0.000730467,1.07528,-0.00725233,2.05383,0,1.0995,-0.00761722,2.06201
7.996,-0.000730467,1.07528,-0.00725233,2.05383,0,1.0995,-0.00761722,2.06201
7.998,-0.000730467,1.07528,-0.00725233,2.05383,0,1.0995,-0.00761722,2.06201
8,-0.000730467,1.07525,-0.00720671,2.05383,-3.65234e-05,1.09952,-0.00757161,2.06193
8.002,-0.000730467,1.07528,-0.00725233,2.05383,0,1.09952,-0.00757161,2.06193
8.004,-0.000730467,1.07528,-0.00725233,2.05383,-3.65234e-05,1.0995,-0.007526,2.06201
8.006,-0.000730467,1.07528,-0.00725233,2.05383,0,1.09947,-0.00757161,2.06193
8.008,-0.000730467,1.07525,-0.00720671,2.05383,3.65234e-05,1.09947,-0.00757161,2.06193
8.01,-0.000730467,1.07531,-0.00720671,2.05383,0,1.09947,-0.00757161,2.06193
8.012,-0.000730467,1.07528,-0.00725233,2.05374,7.30467e-05,1.09947,-0.00757161,2.06193
8.014,-0.000730467,1.07525,-0.00729794,2.05383,0,1.0995,-0.007526,2.06201
8.016,-0.000730467,1.07525,-0.00720671,2.05383,0,1.0995,-0.00761722,2.06201
8.018,-0.000730467,1.07525,-0.00720671,2.05383,0,1.0995,-0.007526,2.06201
8.02,-0.000730467,1.07528,-0.00725233,2.05383,0,1.0995,-0.007526,2.06201
8.022,-0.000730467,1.07525,-0.00720671,2.05383,0,1.0995,-0.00761722,2.06193
8.024,-0.000730467,1.07528,-0.00725233,2.05383,-3.65234e-05,1.09952,-0.00757161,2.06193
8.026,-0.000730467,1.07528,-0.00725233,2.05374,0,1.09947,-0.00757161,2.06193
8.028,-0.000730467,1.07528,-0.00725233,2.05383,3.65234e-05,1.09947,-0.00757161,2.06193
8.03,-0.000730467,1.07528,-0.00725233,2.05374,0,1.0995,-0.00761722,2.06193
8.032,-0.000730467,1.07528,-0.00725233,2.05383,0,1.09944,-0.00761722,2.06201
8.034,-0.00076699,1.07525,-0.00720671,2.05383,3.65234e-05,1.09947,-0.00757161,2.06193
8.036,-0.000730467,1.07528,-0.00725233,2.05383,-3.65234e-05,1.0995,-0.00761722,2.06193
8.038,-0.000730467,1.07528,-0.00725233,2.05383,3.65234e-05,1.09947,-0.00757161,2.06201
8.04,-0.000730467,1.07528,-0.00725233,2.05374,3.65234e-05,1.09947,-0.00757161,2.06201
8.042,-0.000730467,1.07525,-0.00720671,2.05374,-3.65234e-05,1.09947,-0.00757161,2.06201
8.044,-0.000730467,1.07528,-0.00725233,2.05383,-3.65234e-05,1.09952,-0.00757161,2.06193
8.046,-0.000730467,1.07528,-0.00725233,2.05374,3.65234e-05,1.09952,-0.00757161,2.06193
8.048,-0.00076699,1.07531,-0.00720671,2.05383,0,1.0995,-0.00761722,2.06193
8.05,-0.000730467,1.07528,-0.00725233,2.05383,0,1.0995,-0.00761722,2.06201
8.052,-0.000730467,1.07528,-0.00725233,2.05383,-3.65234e-05,1.0995,-0.00761722,2.06193
8.054,-0.000730467,1.07528,-0.00725233,2.05383,3.65234e-05,1.0995,-0.00761722,2.06193
8.056,-0.000730467,1.07528,-0.00725233,2.05383,3.65234e-05,1.09947,-0.00757161,2.06193
8.058,-0.000730467,1.07525,-0.00720671,2.05374,0,1.0995,-0.00761722,2.06201
8.06,-0.000730467,1.07528,-0.00725233,2.05374,0,1.09952,-0.00757161,2.06193
8.062,-0.000730467,1.07528,-0.00725233,2.05383,-3.65234e-05,1.09947,-0.00766283,2.06193
8.064,-0.000730467,1.07528,-0.00725233,2.05383,0,1.0995,-0.00761722,2.06193
8.066,-0.000730467,1.07528,-0.00725233,2.05383,3.65234e-05,1.0995,-0.00761722,2.06193
8.068,-0.000730467,1.07528,-0.00725233,2.05383,0,1.0995,-0.007526,2.06201
8.07,-0.000730467,1.07528,-0.00725233,2.05374,0,1.0995,-0.007526,2.06201
8.072,-0.000730467,1.07528,-0.00725233,2.05374,0,1.0995,-0.007526,2.06201
8.074,-0.000730467,1.07525,-0.00720671,2.05374,0,1.09947,-0.00757161,2.06193
8.076,-0.000730467,1.07528,-0.00725233,2.05374,0,1.0995,-0.007526,2.06193
8.078,-0.000730467,1.07525,-0.00720671,2.05374,3.65234e-05,1.09947,-0.00766283,2.06201
8.08,-0.000730467,1.07528,-0.00725233,2.05383,3.65234e-05,1.0995,-0.00761722,2.06201
8.082,-0.000730467,1.07528,-0.00725233,2.05383,-3.65234e-05,1.0995,-0.00761722,2.06201
8.084,-0.000730467,1.07528,-0.00725233,2.05383,-3.65234e-05,1.0995,-0.007526,2.06193
8.086,-0.000730467,1.07528,-0.00725233,2.05374,-3.65234e-05,1.0995,-0.007526,2.06201
8.088,-0.000730467,1.07528,-0.00725233,2.05374,0,1.09947,-0.00766283,2.06193
8.09,-0.000730467,1.07528,-0.00725233,2.05374,3.65234e-05,1.0995,-0.00761722,2.06201
8.092,-0.000730467,1.07528,-0.00725233,2.05374,-3.65234e-05,1.09952,-0.00757161,2.06193
8.094,-0.000730467,1.07525,-0.00720671,2.05383,-3.65234e-05,1.09947,-0.00757161,2.06193
8.096,-0.000730467,1.07528,-0.00725233,2.05383,0,1.0995,-0.007526,2.06193
8.098,-0.000730467,1.07528,-0.00725233,2.05383,0,1.0995,-0.00761722,2.06193
8.1,-0.000730467,1.07528,-0.00725233,2.05383,-3.65234e-05,1.09947,-0.00757161,2.06201
8.102,-0.000730467,1.07528,-0.00725233,2.05383,3.65234e-05,1.09947,-0.00757161,2.06193
8.104,-0.000730467,1.07528,-0.00725233,2.05383,0,1.09952,-0.00757161,2.06201
8.106,-0.000730467,1.07525,-0.00720671,2.05374,-3.65234e-05,1.09947,-0.00757161,2.06201
8.108,-0.000730467,1.07525,-0.00720671,2.05383,0,1.09947,-0.00757161,2.06201
8.11,-0.000730467,1.07525,-0.00720671,2.05383,0,1.0995,-0.00761722,2.06193
8.112,-0.000730467,1.07525,-0.00720671,2.05383,0,1.0995,-0.007526,2.06193
8.114,-0.000730467,1.07528,-0.00725233,2.05383,0,1.0995,-0.007526,2.06193
8.116,-0.000730467,1.07528,-0.00725233,2.05383,0,1.0995,-0.007526,2.06193
8.118,-0.000730467,1.07528,-0.00725233,2.05374,0,1.0995,-0.007526,2.06201
8.12,-0.000730467,1.07528,-0.00725233,2.05374,0,1.09952,-0.00757161,2.06201
8.122,-0.000730467,1.07528,-0.00725233,2.05383,-3.65234e-05,1.0995,-0.00761722,2.06201
8.124,-0.000730467,1.07528,-0.00725233,2.05383,0,1.09947,-0.00757161,2.06193
8.126,-0.000730467,1.07528,-0.00725233,2.05383,3.65234e-05,1.0995,-0.007526,2.06193
8.128,-0.000730467,1.07531,-0.00720671,2.05383,0,1.09952,-0.00757161,2.06193
8.13,-0.000730467,1.07528,-0.00725233,2.05383,3.65234e-05,1.09947,-0.00757161,2.06193
8.132,-0.000730467,1.07528,-0.00725233,2.05383,0,1.0995,-0.00761722,2.06201
8.134,-0.000730467,1.07528,-0.00725233,2.05383,0,1.0995,-0.00761722,2.06193
8.136,-0.000730467,1.07528,-0.00725233,2.05383,0,1.09952,-0.00757161,2.06193
8.138,-0.000730467,1.07528,-0.00725233,2.05374,0,1.0995,-0.00761722,2.06201
8.14,-0.000730467,1.07528,-0.00725233,2.05374,0,1.09952,-0.00757161,2.06193
8.142,-0.000730467,1.07528,-0.00725233,2.05383,3.65234e-05,1.09947,-0.00757161,2.06193
8.144,-0.000730467,1.07525,-0.00720671,2.05383,-3.65234e-05,1.09947,-0.00757161,2.06193
8.146,-0.000730467,1.07525,-0.00720671,2.05383,-3.65234e-05,1.0995,-0.007526,2.06201
8.148,-0.000730467,1.07528,-0.00725233,2.05383,0,1.09947,-0.00757161,2.06201
8.15,-0.000730467,1.07525,-0.00720671,2.05383,-3.65234e-05,1.09952,-0.00757161,2.06201
8.152,-0.000730467,1.07528,-0.00725233,2.05383,3.65234e-05,1.09952,-0.00757161,2.06193
8.154,-0.000730467,1.07525,-0.00720671,2.05383,3.65234e-05,1.0995,-0.00761722,2.06201
8.156,-0.000730467,1.07528,-0.00725233,2.05383,3.65234e-05,1.0995,-0.00761722,2.06193
8.158,-0.000730467,1.07528,-0.00725233,2.05383,0,1.09947,-0.00757161,2.06201
8.16,-0.000730467,1.07528,-0.00725233,2.05383,-3.65234e-05,1.0995,-0.00761722,2.06201
8.162,-0.000730467,1.07528,-0.00725233,2.05383,0,1.09947,-0.00757161,2.06193
8.164,-0.000730467,1.07528,-0.00725233,2.05374,0,1.09947,-0.00757161,2.06201
8.166,-0.000730467,1.07528,-0.00725233,2.05374,-3.65234e-05,1.0995,-0.00761722,2.06193
8.168,-0.000730467,1.07528,-0.00725233,2.05374,0,1.0995,-0.00761722,2.06193
8.17,-0.000730467,1.07525,-0.00720671,2.05383,3.65234e-05,1.09947,-0.00757161,2.06201
8.172,-0.000730467,1.07528,-0.00725233,2.05374,0,1.09947,-0.00757161,2.06201
8.174,-0.000730467,1.07528,-0.00725233,2.05374,0,1.09952,-0.00757161,2.06193
8.176,-0.000730467,1.07528,-0.00725233,2.05374,3.65234e-05,1.0995,-0.00761722,2.06201
8.178,-0.000730467,1.07528,-0.00725233,2.05383,0,1.09947,-0.00757161,2.06201
8.18,-0.000730467,1.07528,-0.00725233,2.05374,3.65234e-05,1.09952,-0.00757161,2.06201
8.182,-0.000730467,1.07531,-0.00720671,2.05374,0,1.09952,-0.00757161,2.06193
8.184,-0.000693944,1.07528,-0.00725233,2.05374,3.65234e-05,1.0995,-0.00761722,2.06193
8.186,-0.000730467,1.07528,-0.00725233,2.05374,0,1.0995,-0.00761722,2.06193
8.188,-0.000730467,1.07528,-0.00725233,2.05383,0,1.0995,-0.00761722,2.06193
8.19,-0.000730467,1.07525,-0.00720671,2.05374,0,1.0995,-0.00761722,2.06201
8.192,-0.000730467,1.07528,-0.00725233,2.05374,0,1.09947,-0.00757161,2.06193
8.194,-0.000730467,1.07528,-0.00725233,2.05374,0,1.0995,-0.00761722,2.06193
8.196,-0.000730467,1.07528,-0.00725233,2.05383,0,1.09947,-0.00757161,2.06193
8.198,-0.000730467,1.07528,-0.00725233,2.05383,0,1.09947,-0.00757161,2.06193
8.2,-0.000730467,1.07528,-0.00725233,2.05383,0,1.09947,-0.00757161,2.06193
8.202,-0.000730467,1.07525,-0.00720671,2.05383,0,1.09947,-0.00757161,2.06201
8.204,-0.000730467,1.07528,-0.00725233,2.05374,0,1.09947,-0.00766283,2.06193
8.206,-0.000730467,1.07525,-0.00720671,2.05374,-3.65234e-05,1.09947,-0.00757161,2.06201
8.208,-0.000730467,1.07528,-0.00725233,2.05383,3.65234e-05,1.0995,-0.00761722,2.06201
8.21,-0.000730467,1.07528,-0.00725233,2.05374,3.65234e-05,1.0995,-0.007526,2.06201
8.212,-0.000730467,1.07528,-0.00725233,2.05374,3.65234e-05,1.09947,-0.00757161,2.06193
8.214,-0.000730467,1.07528,-0.00725233,2.05383,-3.65234e-05,1.0995,-0.00761722,2.06193
8.216,-0.000730467,1.07528,-0.00725233,2.05383,-3.65234e-05,1.09952,-0.00757161,2.06201
8.218,-0.000730467,1.07525,-0.00720671,2.05383,0,1.0995,-0.007526,2.06201
8.22,-0.000730467,1.07525,-0.00720671,2.05374,3.65234e-05,1.0995,-0.007526,2.06193
8.222,-0.000730467,1.07528,-0.00725233,2.05374,3.65234e-05,1.09947,-0.00757161,2.06193
8.224,-0.000730467,1.07528,-0.00725233,2.05374,0,1.09947,-0.00757161,2.06193
8.226,-0.000730467,1.07528,-0.00725233,2.05383,0,1.09947,-0.00757161,2.06193
8.228,-0.000730467,1.07528,-0.0071611,2.05383,0,1.0995,-0.007526,2.06201
8.23,-0.000730467,1.07528,-0.00725233,2.05383,-7.30467e-05,1.0995,-0.00761722,2.06201
8.232,-0.000730467,1.07525,-0.00720671,2.05383,0,1.09947,-0.00757161,2.06201
8.234,-0.000730467,1.07525,-0.00720671,2.05383,0,1.0995,-0.007526,2.06193
8.236,-0.000730467,1.07528,-0.00725233,2.05383,0,1.09952,-0.00757161,2.06193
8.238,-0.000730467,1.07525,-0.00720671,2.05383,0,1.0995,-0.00761722,2.06201
8.24,-0.000730467,1.07528,-0.00725233,2.05383,3.65234e-05,1.09947,-0.00757161,2.06193
8.242,-0.000730467,1.07528,-0.00725233,2.05383,-3.65234e-05,1.09947,-0.00757161,2.06193
8.244,-0.000730467,1.07528,-0.00725233,2.05383,-3.65234e-05,1.09947,-0.00757161,2.06193
8.246,-0.000730467,1.07528,-0.00725233,2.05383,-7.30467e-05,1.0995,-0.00761722,2.06193
8.248,-0.000730467,1.07528,-0.00725233,2.05383,0,1.09952,-0.00757161,2.06201
8.25,-0.000730467,1.07528,-0.00725233,2.05374,0,1.09947,-0.00757161,2.06201
8.252,-0.000730467,1.07525,-0.00720671,2.05383,0,1.09952,-0.00757161,2.06193
8.254,-0.000730467,1.07528,-0.00725233,2.05374,0,1.09952,-0.00757161,2.06193
8.256,-0.000730467,1.07528,-0.00725233,2.05383,0,1.09944,-0.00761722,2.06193
8.258,-0.000730467,1.07528,-0.00725233,2.05383,-3.65234e-05,1.0995,-0.00761722,2.06201
8.26,-0.000730467,1.07528,-0.00725233,2.05383,0,1.09947,-0.00757161,2.06201
8.262,-0.000730467,1.07528,-0.00725233,2.05383,0,1.09952,-0.00757161,2.06201
8.264,-0.000730467,1.07525,-0.00720671,2.05383,3.65234e-05,1.09952,-0.00757161,2.06201
8.266,-0.000730467,1.07528,-0.00725233,2.05383,-3.65234e-05,1.0995,-0.007526,2.06201
8.268,-0.000730467,1.07528,-0.00725233,2.05383,0,1.0995,-0.00761722,2.06201
8.27,-0.000730467,1.07528,-0.00725233,2.05383,0,1.09952,-0.00757161,2.06201
8.272,-0.000730467,1.07528,-0.00725233,2.05383,0,1.09947,-0.00757161,2.06193
8.274,-0.000730467,1.07531,-0.00720671,2.05383,-3.65234e-05,1.09947,-0.00757161,2.06201
8.276,-0.000730467,1.07528,-0.00725233,2.05374,3.65234e-05,1.09947,-0.00757161,2.06201
8.278,-0.000730467,1.07528,-0.00725233,2.05383,0,1.0995,-0.00761722,2.06201
8.28,-0.000730467,1.07528,-0.00725233,2.05374,-3.65234e-05,1.09947,-0.00757161,2.06201
8.282,-0.000730467,1.07528,-0.00725233,2.05374,0,1.09947,-0.00757161,2.06193
8.284,-0.000730467,1.07528,-0.00725233,2.05374,0,1.09947,-0.00757161,2.06193
8.286,-0.000730467,1.07525,-0.00720671,2.05374,0,1.09947,-0.00757161,2.06193
8.288,-0.000730467,1.07525,-0.00720671,2.05383,0,1.0995,-0.00761722,2.06193
8.29,-0.000730467,1.07528,-0.00725233,2.05383,3.65234e-05,1.0995,-0.00761722,2.06193
8.292,-0.000730467,1.07528,-0.00725233,2.05383,0,1.09952,-0.00757161,2.06193
8.294,-0.000730467,1.07528,-0.00725233,2.05383,-3.65234e-05,1.0995,-0.00761722,2.06201
8.296,-0.000730467,1.07528,-0.00725233,2.05383,0,1.09947,-0.00757161,2.06201
8.298,-0.000730467,1.07528,-0.00725233,2.05374,3.65234e-05,1.09947,-0.00757161,2.06193
8.3,-0.000730467,1.07528,-0.00725233,2.05383,3.65234e-05,1.0995,-0.00761722,2.06201
8.302,-0.000730467,1.07528,-0.00725233,2.05383,0,1.0995,-0.00761722,2.06201
8.304,-0.000730467,1.07525,-0.00720671,2.05383,0,1.09947,-0.00757161,2.06193
8.306,-0.000730467,1.07525,-0.00720671,2.05383,0,1.0995,-0.00761722,2.06193
8.308,-0.000730467,1.07528,-0.00725233,2.05383,-3.65234e-05,1.0995,-0.00761722,2.06201
8.31,-0.000730467,1.07528,-0.00725233,2.05383,-3.65234e-05,1.0995,-0.00761722,2.06193
8.312,-0.000730467,1.07528,-0.00725233,2.05383,0,1.0995,-0.007526,2.06193
8.314,-0.000730467,1.07528,-0.00725233,2.05374,0,1.09947,-0.00757161,2.06201
8.316,-0.000730467,1.07528,-0.00725233,2.05374,3.65234e-05,1.0995,-0.00761722,2.06193
8.318,-0.000730467,1.07528,-0.00725233,2.05374,3.65234e-05,1.09947,-0.00757161,2.06193
8.32,-0.000730467,1.07528,-0.00725233,2.05383,0,1.09947,-0.00757161,2.06193
8.322,-0.000730467,1.07528,-0.00725233,2.05383,-3.65234e-05,1.09947,-0.00757161,2.06193
8.324,-0.000730467,1.07528,-0.00725233,2.05383,-3.65234e-05,1.09947,-0.00757161,2.06201
8.326,-0.000730467,1.07528,-0.00725233,2.05383,0,1.09947,-0.00757161,2.06193
8.328,-0.000730467,1.07525,-0.00720671,2.05383,-3.65234e-05,1.09947,-0.00757161,2.06193
8.33,-0.00076699,1.07525,-0.00720671,2.05383,0,1.09947,-0.00757161,2.06201
8.332,-0.000730467,1.07525,-0.00720671,2.05374,0,1.0995,-0.007526,2.06193
8.334,-0.000730467,1.07528,-0.00725233,2.05374,0,1.09947,-0.00757161,2.06193
8.336,-0.000730467,1.07528,-0.00725233,2.05374,0,1.0995,-0.007526,2.06193
8.338,-0.000730467,1.07531,-0.00720671,2.05383,-3.65234e-05,1.09947,-0.00757161,2.06201
8.34,-0.000730467,1.07531,-0.00720671,2.05383,3.65234e-05,1.09947,-0.00757161,2.06193
8.342,-0.000730467,1.07528,-0.00725233,2.05383,0,1.09947,-0.00757161,2.06193
8.344,-0.000730467,1.07525,-0.00720671,2.05383,3.65234e-05,1.0995,-0.00761722,2.06193
8.346,-0.000730467,1.07525,-0.00720671,2.05383,3.65234e-05,1.09952,-0.00757161,2.06201
8.348,-0.000730467,1.07525,-0.00720671,2.05383,3.65234e-05,1.0995,-0.007526,2.06193
8.35,-0.000730467,1.07528,-0.00725233,2.05383,0,1.0995,-0.007526,2.06193
8.352,-0.000730467,1.07528,-0.00725233,2.05383,0,1.0995,-0.00761722,2.06193
8.354,-0.000730467,1.07528,-0.00725233,2.05383,0,1.09947,-0.00757161,2.06201
8.356,-0.000730467,1.07531,-0.00720671,2.05383,0,1.09952,-0.00757161,2.06201
8.358,-0.000730467,1.07531,-0.00720671,2.05383,0,1.0995,-0.00761722,2.06193
8.36,-0.000730467,1.07525,-0.00720671,2.05383,0,1.0995,-0.00761722,2.06193
8.362,-0.000730467,1.07528,-0.00725233,2.05383,0,1.09947,-0.00757161,2.06201
8.364,-0.000730467,1.07528,-0.00725233,2.05383,-3.65234e-05,1.0995,-0.007526,2.06201
8.366,-0.000730467,1.07528,-0.00725233,2.05383,0,1.0995,-0.007526,2.06201
8.368,-0.000730467,1.07525,-0.00720671,2.05383,0,1.0995,-0.00761722,2.06193
8.37,-0.000730467,1.07528,-0.00725233,2.05383,0,1.09952,-0.00757161,2.06193
8.372,-0.000730467,1.07528,-0.00725233,2.05383,0,1.0995,-0.00761722,2.06193
8.374,-0.000730467,1.07528,-0.00725233,2.05383,3.65234e-05,1.09947,-0.00757161,2.06193
8.376,-0.000730467,1.07528,-0.00725233,2.05383,0,1.0995,-0.007526,2.06193
8.378,-0.000730467,1.07528,-0.00725233,2.05374,3.65234e-05,1.09952,-0.00757161,2.06193
8.38,-0.000730467,1.07528,-0.00725233,2.05374,0,1.09952,-0.00757161,2.06193
8.382,-0.000730467,1.07528,-0.00725233,2.05374,3.65234e-05,1.0995,-0.00761722,2.06193
8.384,-0.000730467,1.07528,-0.00725233,2.05383,0,1.0995,-0.007526,2.06193
8.386,-0.000730467,1.07528,-0.00725233,2.05383,3.65234e-05,1.0995,-0.007526,2.06201
8.388,-0.000730467,1.07528,-0.00725233,2.05383,0,1.0995,-0.007526,2.06193
8.39,-0.000730467,1.07528,-0.00725233,2.05383,0,1.09952,-0.00757161,2.06193
8.392,-0.000730467,1.07528,-0.00725233,2.05383,0,1.0995,-0.00761722,2.06201
8.394,-0.000730467,1.07528,-0.00725233,2.05383,0,1.0995,-0.007526,2.06201
8.396,-0.000730467,1.07528,-0.00725233,2.05383,0,1.09947,-0.00757161,2.06201
8.398,-0.000730467,1.07528,-0.00725233,2.05383,0,1.09952,-0.00757161,2.06193
8.4,-0.000730467,1.07528,-0.00725233,2.05374,0,1.09947,-0.00757161,2.06193
8.402,-0.000730467,1.07528,-0.00725233,2.05383,0,1.0995,-0.007526,2.06193
8.404,-0.000730467,1.07528,-0.00725233,2.05383,-3.65234e-05,1.09947,-0.00757161,2.06201
8.406,-0.000730467,1.07528,-0.00725233,2.05383,0,1.09947,-0.00757161,2.06193
8.408,-0.000730467,1.07528,-0.00725233,2.05383,0,1.09952,-0.00757161,2.06201
8.41,-0.000730467,1.07528,-0.00725233,2.05383,3.65234e-05,1.0995,-0.007526,2.06193
8.412,-0.000730467,1.07528,-0.00725233,2.05383,3.65234e-05,1.0995,-0.00761722,2.06201
8.414,-0.000730467,1.07528,-0.00725233,2.05383,0,1.0995,-0.007526,2.06193
8.416,-0.000730467,1.07528,-0.00725233,2.05374,3.65234e-05,1.0995,-0.007526,2.06193
8.418,-0.000730467,1.07531,-0.00720671,2.05383,0,1.09947,-0.00757161,2.06193
8.42,-0.000730467,1.07531,-0.00720671,2.05374,-3.65234e-05,1.09947,-0.00757161,2.06193
8.422,-0.000730467,1.07528,-0.00725233,2.05383,0,1.0995,-0.00761722,2.06193
8.424,-0.000730467,1.07528,-0.00725233,2.05383,0,1.0995,-0.007526,2.06193
8.426,-0.000730467,1.07528,-0.00725233,2.05383,-3.65234e-05,1.09947,-0.00757161,2.06193
8.428,-0.000730467,1.07528,-0.0071611,2.05383,3.65234e-05,1.09947,-0.00757161,2.06193
8.43,-0.000730467,1.07528,-0.00725233,2.05383,-3.65234e-05,1.0995,-0.007526,2.06201
8.432,-0.000730467,1.07528,-0.00725233,2.05383,0,1.09947,-0.00757161,2.06193
8.434,-0.000730467,1.07531,-0.00720671,2.05374,0,1.0995,-0.00761722,2.06201
8.436,-0.000730467,1.07528,-0.00725233,2.05374,0,1.09947,-0.00757161,2.06193
8.438,-0.000730467,1.07528,-0.00725233,2.05383,0,1.09952,-0.00757161,2.06193
8.44,-0.000730467,1.07528,-0.00725233,2.05374,0,1.0995,-0.00761722,2.06193
8.442,-0.000730467,1.07528,-0.00725233,2.05383,3.65234e-05,1.0995,-0.00761722,2.06193
8.444,-0.000730467,1.07528,-0.00725233,2.05383,0,1.0995,-0.00761722,2.06193
8.446,-0.000730467,1.07525,-0.00720671,2.05383,0,1.0995,-0.00761722,2.06193
8.448,-0.000730467,1.07528,-0.00725233,2.05374,0,1.0995,-0.00761722,2.06193
8.45,-0.000730467,1.07528,-0.00725233,2.05374,3.65234e-05,1.0995,-0.007526,2.06201
8.452,-0.000730467,1.07528,-0.00725233,2.05383,0,1.0995,-0.007526,2.06193
8.454,-0.000730467,1.07528,-0.00725233,2.05383,0,1.0995,-0.007526,2.06193
8.456,-0.00076699,1.07528,-0.00725233,2.05383,0,1.0995,-0.00761722,2.06193
8.458,-0.000730467,1.07528,-0.00725233,2.05392,3.65234e-05,1.09947,-0.00757161,2.06201
8.46,-0.000730467,1.07528,-0.00725233,2.05383,0,1.09952,-0.00757161,2.06201
8.462,-0.000730467,1.07528,-0.00725233,2.05383,0,1.0995,-0.007526,2.06201
8.464,-0.000730467,1.07528,-0.00725233,2.05383,0,1.0995,-0.00761722,2.06201
8.466,-0.000730467,1.07528,-0.00725233,2.05383,3.65234e-05,1.09947,-0.00757161,2.06193
8.468,-0.000730467,1.07528,-0.00725233,2.05374,3.65234e-05,1.0995,-0.007526,2.06193
8.47,-0.000730467,1.07531,-0.00720671,2.05383,0,1.09947,-0.00757161,2.06201
8.472,-0.000730467,1.07528,-0.00725233,2.05383,3.65234e-05,1.09952,-0.00757161,2.06193
8.474,-0.000730467,1.07528,-0.00725233,2.05383,-3.65234e-05,1.09952,-0.00757161,2.06201
8.476,-0.000730467,1.07528,-0.00725233,2.05383,3.65234e-05,1.0995,-0.00761722,2.06193
8.478,-0.000730467,1.07528,-0.00725233,2.05383,0,1.09947,-0.00757161,2.06193
8.48,-0.000730467,1.07528,-0.00725233,2.05374,3.65234e-05,1.0995,-0.00761722,2.06201
8.482,-0.000730467,1.07528,-0.00725233,2.05374,0,1.09947,-0.00757161,2.06201
8.484,-0.000730467,1.07528,-0.00725233,2.05374,0,1.0995,-0.007526,2.06201
8.486,-0.000730467,1.07528,-0.00725233,2.05383,0,1.09952,-0.00757161,2.06201
8.488,-0.00076699,1.07528,-0.00725233,2.05383,0,1.0995,-0.00761722,2.06201
8.49,-0.000730467,1.07531,-0.00720671,2.05383,0,1.09947,-0.00757161,2.06193
8.492,-0.000730467,1.07531,-0.00720671,2.05383,0,1.09952,-0.00757161,2.06201
8.494,-0.000730467,1.07528,-0.00725233,2.05383,3.65234e-05,1.09952,-0.00757161,2.06193
8.496,-0.000730467,1.07528,-0.00725233,2.05383,3.65234e-05,1.09947,-0.00757161,2.06201
8.498,-0.000730467,1.07528,-0.00725233,2.05383,0,1.0995,-0.00761722,2.06193
8.5,-0.000730467,1.07528,-0.00725233,2.05383,-3.65234e-05,1.0995,-0.007526,2.06193
8.502,-0.000730467,1.07528,-0.00725233,2.05383,0,1.0995,-0.00761722,2.06193
8.504,-0.000730467,1.07528,-0.00725233,2.05383,0,1.09952,-0.00757161,2.06201
8.506,-0.000730467,1.07528,-0.00725233,2.05383,0,1.0995,-0.007526,2.06193
8.508,-0.000730467,1.07528,-0.00725233,2.05383,3.65234e-05,1.0995,-0.007526,2.06201
8.51,-0.000730467,1.07528,-0.00725233,2.05374,-3.65234e-05,1.09947,-0.00757161,2.06193
8.512,-0.000730467,1.07525,-0.00720671,2.05383,0,1.0995,-0.00761722,2.06193
8.514,-0.000730467,1.07528,-0.00725233,2.05374,-3.65234e-05,1.09952,-0.00757161,2.06193
8.516,-0.000730467,1.07528,-0.00725233,2.05383,0,1.0995,-0.00761722,2.06201
8.518,-0.000730467,1.07528,-0.00725233,2.05374,3.65234e-05,1.09947,-0.00757161,2.06193
8.52,-0.000730467,1.07528,-0.00725233,2.05383,3.65234e-05,1.09947,-0.00757161,2.06193
8.522,-0.000730467,1.07528,-0.00725233,2.05383,3.65234e-05,1.0995,-0.007526,2.06201
8.524,-0.000730467,1.07528,-0.00725233,2.05383,0,1.0995,-0.00761722,2.06193
8.526,-0.00076699,1.07528,-0.00725233,2.05383,0,1.09947,-0.00757161,2.06201
8.528,-0.000730467,1.07528,-0.00725233,2.05383,-3.65234e-05,1.09947,-0.00757161,2.06193
8.53,-0.000730467,1.07528,-0.00725233,2.05383,0,1.0995,-0.00761722,2.06193
8.532,-0.000730467,1.07528,-0.00725233,2.05374,3.65234e-05,1.09947,-0.00757161,2.06193
8.534,-0.000730467,1.07528,-0.00725233,2.05383,0,1.09947,-0.00757161,2.06193
8.536,-0.000730467,1.07528,-0.00725233,2.05383,3.65234e-05,1.0995,-0.00761722,2.06193
8.538,-0.000730467,1.07528,-0.00725233,2.05383,0,1.09947,-0.00757161,2.06201
8.54,-0.000730467,1.07528,-0.00725233,2.05383,0,1.0995,-0.007526,2.06201
8.542,-0.000730467,1.07528,-0.00725233,2.05383,0,1.0995,-0.00761722,2.06201
8.544,-0.000730467,1.07528,-0.00725233,2.05383,0,1.0995,-0.00761722,2.06193
8.546,-0.000730467,1.07525,-0.00720671,2.05383,0,1.0995,-0.00761722,2.06201
8.548,-0.00076699,1.07525,-0.00720671,2.05383,0,1.0995,-0.00761722,2.06201
8.55,-0.00076699,1.07528,-0.00725233,2.05383,3.65234e-05,1.0995,-0.00761722,2.06201
8.552,-0.000730467,1.07531,-0.00720671,2.05374,0,1.0995,-0.00761722,2.06201
8.554,-0.000730467,1.07528,-0.00725233,2.05383,0,1.09947,-0.00757161,2.06201
8.556,-0.000730467,1.07528,-0.00725233,2.05374,0,1.0995,-0.007526,2.06193
8.558,-0.000730467,1.07528,-0.00725233,2.05383,0,1.0995,-0.00761722,2.06193
8.56,-0.000730467,1.07528,-0.00725233,2.05383,0,1.0995,-0.007526,2.06193
8.562,-0.000730467,1.07528,-0.00725233,2.05383,0,1.0995,-0.00761722,2.06201
8.564,-0.000730467,1.07528,-0.00725233,2.05383,3.65234e-05,1.09952,-0.00757161,2.06201
8.566,-0.000730467,1.07528,-0.00725233,2.05374,0,1.09952,-0.00757161,2.06193
8.568,-0.000730467,1.07528,-0.00725233,2.05383,-3.65234e-05,1.0995,-0.00761722,2.06201
8.57,-0.000730467,1.07528,-0.00725233,2.05374,0,1.0995,-0.00761722,2.06193
8.572,-0.000730467,1.07528,-0.00725233,2.05374,0,1.0995,-0.007526,2.06201
8.574,-0.000730467,1.07531,-0.00720671,2.05383,0,1.0995,-0.007526,2.06193
8.576,-0.000730467,1.07528,-0.00725233,2.05383,0,1.09952,-0.00757161,2.06193
8.578,-0.000730467,1.07528,-0.00725233,2.05383,-3.65234e-05,1.09947,-0.00757161,2.06193
8.58,-0.000730467,1.07528,-0.00725233,2.05383,0,1.0995,-0.00761722,2.06193
8.582,-0.000730467,1.07528,-0.00725233,2.05383,0,1.0995,-0.007526,2.06193
8.584,-0.000730467,1.07528,-0.00725233,2.05383,0,1.0995,-0.007526,2.06193
8.586,-0.000730467,1.07528,-0.00725233,2.05383,0,1.0995,-0.007526,2.06193
8.588,-0.000730467,1.07528,-0.00725233,2.05383,3.65234e-05,1.09947,-0.00757161,2.06193
8.59,-0.000730467,1.07528,-0.00725233,2.05374,3.65234e-05,1.0995,-0.00761722,2.06201
8.592,-0.000730467,1.07528,-0.00725233,2.05383,-3.65234e-05,1.09952,-0.00757161,2.06193
8.594,-0.000730467,1.07525,-0.00720671,2.05383,0,1.0995,-0.007526,2.06201
8.596,-0.000730467,1.07528,-0.00725233,2.05383,0,1.0995,-0.00761722,2.06201
8.598,-0.000730467,1.07528,-0.00725233,2.05383,3.65234e-05,1.09952,-0.00757161,2.06193
8.6,-0.000730467,1.07528,-0.00725233,2.05383,0,1.09952,-0.00757161,2.06201
8.602,-0.000730467,1.07525,-0.00720671,2.05383,0,1.09947,-0.00757161,2.06193
8.604,-0.000730467,1.07528,-0.00725233,2.05383,0,1.0995,-0.00761722,2.06193
8.606,-0.000730467,1.07528,-0.00725233,2.05383,0,1.09952,-0.00757161,2.06201
8.608,-0.000730467,1.07528,-0.00725233,2.05383,3.65234e-05,1.09952,-0.00757161,2.06193
8.61,-0.000730467,1.07531,-0.00720671,2.05383,0,1.0995,-0.007526,2.06193
8.612,-0.000730467,1.07528,-0.00725233,2.05383,3.65234e-05,1.09952,-0.00757161,2.06201
8.614,-0.000730467,1.07528,-0.00725233,2.05383,-3.65234e-05,1.09947,-0.00757161,2.06201
8.616,-0.000730467,1.07528,-0.00725233,2.05383,0,1.09952,-0.00757161,2.06201
8.618,-0.000730467,1.07528,-0.00725233,2.05383,3.65234e-05,1.0995,-0.007526,2.06193
8.62,-0.000730467,1.07528,-0.00725233,2.05383,3.65234e-05,1.09947,-0.00757161,2.06201
8.622,-0.000730467,1.07528,-0.00725233,2.05383,0,1.0995,-0.00761722,2.06201
8.624,-0.000730467,1.07528,-0.00725233,2.05383,-3.65234e-05,1.0995,-0.00761722,2.06193
8.626,-0.000730467,1.07528,-0.00725233,2.05383,0,1.0995,-0.00761722,2.06193
8.628,-0.000730467,1.07531,-0.00720671,2.05383,0,1.0995,-0.00761722,2.06193
8.63,-0.000730467,1.07528,-0.00725233,2.05383,0,1.09952,-0.00757161,2.06193
8.632,-0.000730467,1.07528,-0.00725233,2.05383,3.65234e-05,1.0995,-0.007526,2.06193
8.634,-0.000730467,1.07528,-0.00725233,2.05374,0,1.0995,-0.00761722,2.06201
8.636,-0.000730467,1.07528,-0.00725233,2.05383,0,1.09947,-0.00757161,2.06193
8.638,-0.000730467,1.07528,-0.00725233,2.05383,0,1.0995,-0.00761722,2.06193
8.64,-0.000730467,1.07528,-0.00725233,2.05383,0,1.0995,-0.00761722,2.06201
8.642,-0.000730467,1.07528,-0.00725233,2.05383,0,1.0995,-0.00761722,2.06193
8.644,-0.000730467,1.07531,-0.00720671,2.05383,0,1.0995,-0.007526,2.06201
8.646,-0.000730467,1.07528,-0.00725233,2.05383,0,1.0995,-0.00761722,2.06193
8.648,-0.000730467,1.07528,-0.00725233,2.05374,0,1.0995,-0.00761722,2.06201
8.65,-0.000730467,1.07528,-0.00725233,2.05374,-3.65234e-05,1.0995,-0.00761722,2.06201
8.652,-0.000730467,1.07531,-0.00720671,2.05374,3.65234e-05,1.0995,-0.007526,2.06193
8.654,-0.000730467,1.07528,-0.00725233,2.05374,0,1.0995,-0.00761722,2.06201
8.656,-0.000730467,1.07528,-0.00725233,2.05383,0,1.09947,-0.00766283,2.06193
8.658,-0.000730467,1.07528,-0.00725233,2.05383,3.65234e-05,1.09947,-0.00757161,2.06201
8.66,-0.000730467,1.07528,-0.00725233,2.05383,0,1.0995,-0.00761722,2.06201
8.662,-0.000730467,1.07525,-0.00720671,2.05383,0,1.0995,-0.00761722,2.06193
8.664,-0.000730467,1.07528,-0.00725233,2.05374,3.65234e-05,1.0995,-0.00761722,2.06193
8.666,-0.000730467,1.07528,-0.00725233,2.05374,0,1.0995,-0.00761722,2.06193
8.668,-0.000730467,1.07531,-0.00720671,2.05374,3.65234e-05,1.09952,-0.00757161,2.06193
8.67,-0.000730467,1.07528,-0.00725233,2.05383,0,1.0995,-0.00761722,2.06193
8.672,-0.000730467,1.07528,-0.00725233,2.05374,0,1.09944,-0.00761722,2.06201
8.674,-0.000730467,1.07528,-0.00725233,2.05383,0,1.0995,-0.00761722,2.06193
8.676,-0.000730467,1.07531,-0.00720671,2.05383,-3.65234e-05,1.09947,-0.00757161,2.06201
8.678,-0.000730467,1.07528,-0.00725233,2.05383,0,1.0995,-0.007526,2.06201
8.68,-0.000730467,1.07528,-0.00725233,2.05383,-3.65234e-05,1.09947,-0.00757161,2.06193
8.682,-0.000730467,1.07525,-0.00720671,2.05383,0,1.0995,-0.00761722,2.06201
8.684,-0.000730467,1.07528,-0.00725233,2.05383,0,1.09952,-0.00757161,2.06193
8.686,-0.00076699,1.07531,-0.00720671,2.05383,0,1.0995,-0.007526,2.06193
8.688,-0.000730467,1.07528,-0.00725233,2.05383,0,1.09947,-0.00757161,2.06193
8.69,-0.000730467,1.07528,-0.00725233,2.05383,3.65234e-05,1.0995,-0.00761722,2.06201
8.692,-0.000730467,1.07528,-0.00725233,2.05383,0,1.0995,-0.007526,2.06193
8.694,-0.000730467,1.07528,-0.00725233,2.05374,-3.65234e-05,1.0995,-0.007526,2.06201
8.696,-0.000730467,1.07528,-0.00725233,2.05374,0,1.0995,-0.007526,2.06193
8.698,-0.000730467,1.07528,-0.00725233,2.05374,3.65234e-05,1.0995,-0.00761722,2.06193
8.7,-0.000730467,1.07528,-0.00725233,2.05374,7.30467e-05,1.0995,-0.007526,2.06193
8.702,-0.000730467,1.07528,-0.00725233,2.05383,0,1.0995,-0.00761722,2.06193
8.704,-0.000730467,1.07528,-0.00725233,2.05383,0,1.09947,-0.00757161,2.06201
8.706,-0.000730467,1.07531,-0.00720671,2.05383,0,1.09952,-0.00757161,2.06193
8.708,-0.000730467,1.07528,-0.00725233,2.05383,0,1.09952,-0.00757161,2.06201
8.71,-0.000730467,1.07528,-0.00725233,2.05383,0,1.0995,-0.00761722,2.06201
8.712,-0.000730467,1.07528,-0.00725233,2.05383,0,1.0995,-0.007526,2.06201
8.714,-0.000730467,1.07528,-0.00725233,2.05383,3.65234e-05,1.0995,-0.00761722,2.06201
8.716,-0.000730467,1.07531,-0.00720671,2.05383,0,1.09947,-0.00757161,2.06193
8.718,-0.000730467,1.07528,-0.00725233,2.05383,3.65234e-05,1.0995,-0.00761722,2.06201
8.72,-0.000730467,1.07528,-0.00725233,2.05383,3.65234e-05,1.09952,-0.00757161,2.06193
8.722,-0.000730467,1.07528,-0.00725233,2.05383,-3.65234e-05,1.0995,-0.007526,2.06193
8.724,-0.000730467,1.07528,-0.00725233,2.05383,0,1.0995,-0.007526,2.06201
8.726,-0.000730467,1.07525,-0.00720671,2.05383,3.65234e-05,1.0995,-0.00761722,2.06201
8.728,-0.000730467,1.07528,-0.00725233,2.05383,0,1.0995,-0.007526,2.06193
8.73,-0.000730467,1.07528,-0.00725233,2.05383,0,1.0995,-0.007526,2.06193
8.732,-0.000730467,1.07528,-0.00725233,2.05383,0,1.09947,-0.00757161,2.06201
8.734,-0.000730467,1.07531,-0.00720671,2.05383,0,1.09952,-0.00757161,2.06193
8.736,-0.00076699,1.07531,-0.00720671,2.05383,0,1.0995,-0.007526,2.06201
8.738,-0.000730467,1.07528,-0.00725233,2.05383,0,1.0995,-0.00761722,2.06201
8.74,-0.000730467,1.07528,-0.00725233,2.05374,0,1.09947,-0.00757161,2.06193
8.742,-0.000730467,1.07528,-0.00725233,2.05383,-7.30467e-05,1.09947,-0.00757161,2.06193
8.744,-0.000730467,1.07528,-0.00725233,2.05374,0,1.0995,-0.007526,2.06193
8.746,-0.000730467,1.07531,-0.00720671,2.05383,3.65234e-05,1.09952,-0.00757161,2.06201
8.748,-0.000730467,1.07528,-0.00725233,2.05383,3.65234e-05,1.0995,-0.007526,2.06193
8.75,-0.000730467,1.07531,-0.00720671,2.05374,0,1.0995,-0.007526,2.06201
8.752,-0.000730467,1.07528,-0.00725233,2.05383,0,1.09947,-0.00757161,2.06193
8.754,-0.000730467,1.07531,-0.00720671,2.05374,-3.65234e-05,1.0995,-0.007526,2.06201
8.756,-0.000730467,1.07528,-0.00725233,2.05383,0,1.09952,-0.00757161,2.06201
8.758,-0.000730467,1.07528,-0.00725233,2.05383,3.65234e-05,1.09947,-0.00757161,2.06193
8.76,-0.000730467,1.07525,-0.00720671,2.05383,0,1.0995,-0.007526,2.06193
8.762,-0.000730467,1.07528,-0.00725233,2.05383,3.65234e-05,1.09952,-0.00757161,2.06193
8.764,-0.000730467,1.07528,-0.00725233,2.05383,-3.65234e-05,1.0995,-0.007526,2.06193
8.766,-0.000730467,1.07528,-0.00725233,2.05383,3.65234e-05,1.0995,-0.00761722,2.06201
8.768,-0.000730467,1.07528,-0.00725233,2.05383,0,1.09947,-0.00757161,2.06201
8.77,-0.000730467,1.07528,-0.00725233,2.05383,0,1.09947,-0.00757161,2.06201
8.772,-0.000730467,1.07528,-0.00725233,2.05374,0,1.09947,-0.00757161,2.06193
8.774,-0.000730467,1.07528,-0.00725233,2.05374,3.65234e-05,1.09952,-0.00757161,2.06193
8.776,-0.000730467,1.07528,-0.00725233,2.05383,0,1.0995,-0.007526,2.06201
8.778,-0.000730467,1.07528,-0.00725233,2.05383,3.65234e-05,1.09947,-0.00757161,2.06193
8.78,-0.000730467,1.07528,-0.00725233,2.05383,0,1.09947,-0.00757161,2.06201
8.782,-0.000730467,1.07525,-0.00720671,2.05383,3.65234e-05,1.0995,-0.00761722,2.06193
8.784,-0.000730467,1.07528,-0.00725233,2.05374,0,1.09947,-0.00757161,2.06201
8.786,-0.000730467,1.07528,-0.00725233,2.05374,-3.65234e-05,1.0995,-0.007526,2.06193
8.788,-0.000730467,1.07528,-0.00725233,2.05374,0,1.0995,-0.007526,2.06193
8.79,-0.000730467,1.07528,-0.00725233,2.05383,-3.65234e-05,1.09947,-0.00757161,2.06201
8.792,-0.000730467,1.07531,-0.00720671,2.05383,0,1.09952,-0.00757161,2.06193
8.794,-0.000730467,1.07528,-0.00725233,2.05383,-3.65234e-05,1.09947,-0.00757161,2.06201
8.796,-0.000730467,1.07531,-0.00720671,2.05374,-3.65234e-05,1.0995,-0.007526,2.06193
8.798,-0.000730467,1.07528,-0.00725233,2.05383,0,1.0995,-0.00761722,2.06201
8.8,-0.000730467,1.07528,-0.00725233,2.05383,0,1.09947,-0.00757161,2.06193
8.802,-0.00076699,1.07528,-0.00725233,2.05374,0,1.09947,-0.00757161,2.06201
8.804,-0.000730467,1.07531,-0.00720671,2.05383,0,1.0995,-0.007526,2.06193
8.806,-0.000730467,1.07528,-0.00725233,2.05383,0,1.09947,-0.00757161,2.06193
8.808,-0.000730467,1.07528,-0.00725233,2.05383,0,1.0995,-0.00761722,2.06201
8.81,-0.000730467,1.07528,-0.00725233,2.05383,0,1.0995,-0.00761722,2.06201
8.812,-0.000730467,1.07528,-0.00725233,2.05383,0,1.0995,-0.00761722,2.06201
8.814,-0.000730467,1.07528,-0.00725233,2.05383,0,1.09947,-0.00757161,2.06193
8.816,-0.000730467,1.07528,-0.00725233,2.05383,3.65234e-05,1.0995,-0.00761722,2.06201
8.818,-0.000730467,1.07528,-0.00725233,2.05383,3.65234e-05,1.0995,-0.00761722,2.06201
8.82,-0.000730467,1.07528,-0.00725233,2.05383,3.65234e-05,1.09947,-0.00757161,2.06201
8.822,-0.000730467,1.07528,-0.00725233,2.05383,0,1.0995,-0.00761722,2.06201
8.824,-0.000730467,1.07525,-0.00720671,2.05383,-3.65234e-05,1.09947,-0.00757161,2.06193
8.826,-0.000730467,1.07528,-0.00725233,2.05374,3.65234e-05,1.0995,-0.007526,2.06193
8.828,-0.000730467,1.07528,-0.00725233,2.05374,0,1.0995,-0.00761722,2.06193
8.83,-0.000730467,1.07528,-0.00725233,2.05374,0,1.0995,-0.00761722,2.06201
8.832,-0.000730467,1.07528,-0.00725233,2.05374,0,1.0995,-0.00761722,2.06201
8.834,-0.000730467,1.07531,-0.00720671,2.05383,3.65234e-05,1.09947,-0.00757161,2.06201
8.836,-0.000730467,1.07528,-0.00725233,2.05383,0,1.09947,-0.00757161,2.06193
8.838,-0.000730467,1.07528,-0.00725233,2.05383,0,1.09952,-0.00757161,2.06193
8.84,-0.000730467,1.07528,-0.00725233,2.05374,0,1.0995,-0.00761722,2.06193
8.842,-0.000730467,1.07528,-0.00725233,2.05374,0,1.09947,-0.00757161,2.06193
8.844,-0.00076699,1.07531,-0.00720671,2.05374,0,1.09952,-0.00757161,2.06193
8.846,-0.000730467,1.07528,-0.00725233,2.05374,0,1.09947,-0.00757161,2.06193
8.848,-0.000730467,1.07528,-0.00725233,2.05374,0,1.0995,-0.007526,2.06193
8.85,-0.000730467,1.07528,-0.00725233,2.05374,0,1.0995,-0.00761722,2.06193
8.852,-0.000730467,1.07528,-0.00725233,2.05383,-3.65234e-05,1.0995,-0.00761722,2.06193
8.854,-0.000730467,1.07528,-0.00725233,2.05383,0,1.09947,-0.00757161,2.06193
8.856,-0.000730467,1.07528,-0.00725233,2.05383,0,1.0995,-0.007526,2.06193
8.858,-0.000730467,1.07528,-0.00725233,2.05383,0,1.09947,-0.00757161,2.06193
8.86,-0.000730467,1.07531,-0.00720671,2.05383,0,1.0995,-0.00761722,2.06201
8.862,-0.000730467,1.07528,-0.00725233,2.05383,0,1.0995,-0.007526,2.06193
8.864,-0.000730467,1.07528,-0.00725233,2.05383,3.65234e-05,1.09952,-0.00757161,2.06193
8.866,-0.000730467,1.07528,-0.00725233,2.05383,3.65234e-05,1.09947,-0.00757161,2.06201
8.868,-0.000730467,1.07528,-0.00725233,2.05383,0,1.0995,-0.007526,2.06193
8.87,-0.000730467,1.07528,-0.00725233,2.05383,0,1.0995,-0.007526,2.06193
8.872,-0.000730467,1.07528,-0.00725233,2.05383,0,1.0995,-0.007526,2.06201
8.874,-0.000730467,1.07528,-0.00725233,2.05383,0,1.0995,-0.00761722,2.06193
8.876,-0.000730467,1.07528,-0.00725233,2.05374,0,1.09952,-0.00757161,2.06193
8.878,-0.000730467,1.07528,-0.00725233,2.05374,3.65234e-05,1.09952,-0.00757161,2.06193
8.88,-0.000730467,1.07528,-0.00725233,2.05374,0,1.09947,-0.00757161,2.06193
8.882,-0.000730467,1.07528,-0.00725233,2.05374,0,1.09947,-0.00757161,2.06201
8.884,-0.000730467,1.07528,-0.00725233,2.05374,0,1.0995,-0.00761722,2.06201
8.886,-0.000730467,1.07528,-0.00725233,2.05383,0,1.09944,-0.00761722,2.06193
8.888,-0.000730467,1.07528,-0.00725233,2.05374,-3.65234e-05,1.0995,-0.00761722,2.06193
8.89,-0.000730467,1.07528,-0.00725233,2.05374,0,1.09947,-0.00757161,2.06201
8.892,-0.000730467,1.07528,-0.00725233,2.05383,0,1.09947,-0.00757161,2.06193
8.894,-0.000730467,1.07528,-0.00725233,2.05383,3.65234e-05,1.09947,-0.00757161,2.06193
8.896,-0.000730467,1.07528,-0.00725233,2.05383,3.65234e-05,1.09947,-0.00757161,2.06193
8.898,-0.000730467,1.07528,-0.00725233,2.05383,0,1.09947,-0.00757161,2.06193
8.9,-0.00076699,1.07528,-0.00725233,2.05383,-3.65234e-05,1.09947,-0.00757161,2.06193
8.902,-0.000730467,1.07528,-0.00725233,2.05383,0,1.09947,-0.00757161,2.06193
8.904,-0.000730467,1.07528,-0.00725233,2.05374,3.65234e-05,1.09947,-0.00757161,2.06193
8.906,-0.000730467,1.07528,-0.00725233,2.05383,0,1.09947,-0.00766283,2.06201
8.908,-0.000730467,1.07528,-0.00725233,2.05383,0,1.0995,-0.00761722,2.06193
8.91,-0.000730467,1.07531,-0.00720671,2.05392,-3.65234e-05,1.0995,-0.00761722,2.06201
8.912,-0.000730467,1.07528,-0.00725233,2.05383,0,1.0995,-0.00761722,2.06201
8.914,-0.000730467,1.07528,-0.00725233,2.05383,-3.65234e-05,1.09947,-0.00757161,2.06193
8.916,-0.000730467,1.07528,-0.00725233,2.05383,0,1.0995,-0.007526,2.06201
8.918,-0.000730467,1.07528,-0.00725233,2.05383,3.65234e-05,1.0995,-0.00761722,2.06201
8.92,-0.000730467,1.07531,-0.00720671,2.05383,0,1.09947,-0.00757161,2.06201
8.922,-0.000730467,1.07531,-0.00720671,2.05374,3.65234e-05,1.0995,-0.00761722,2.06193
8.924,-0.000730467,1.07531,-0.00720671,2.05374,0,1.09947,-0.00766283,2.06193
8.926,-0.000730467,1.07531,-0.00720671,2.05374,-3.65234e-05,1.0995,-0.00761722,2.06193
8.928,-0.000730467,1.07528,-0.00725233,2.05374,-3.65234e-05,1.0995,-0.00761722,2.06201
8.93,-0.000730467,1.07528,-0.00725233,2.05374,3.65234e-05,1.0995,-0.00761722,2.06193
8.932,-0.00076699,1.07528,-0.00725233,2.05383,0,1.09947,-0.00757161,2.06193
8.934,-0.000730467,1.07528,-0.00725233,2.05383,3.65234e-05,1.0995,-0.007526,2.06193
8.936,-0.000730467,1.07528,-0.00725233,2.05374,0,1.09947,-0.00757161,2.06193
8.938,-0.000730467,1.07528,-0.00725233,2.05374,3.65234e-05,1.0995,-0.00761722,2.06193
8.94,-0.000730467,1.07528,-0.00725233,2.05374,3.65234e-05,1.09947,-0.00757161,2.06201
8.942,-0.000730467,1.07528,-0.00725233,2.05374,0,1.0995,-0.00761722,2.06193
8.944,-0.000730467,1.07531,-0.00720671,2.05383,3.65234e-05,1.09947,-0.00757161,2.06193
8.946,-0.000730467,1.07528,-0.00725233,2.05383,-3.65234e-05,1.0995,-0.00761722,2.06201
8.948,-0.000730467,1.07528,-0.00725233,2.05383,0,1.09947,-0.00757161,2.06193
8.95,-0.000730467,1.07528,-0.00725233,2.05374,0,1.0995,-0.00761722,2.06193
8.952,-0.000730467,1.07531,-0.00720671,2.05374,0,1.09952,-0.00757161,2.06193
8.954,-0.000730467,1.07528,-0.00725233,2.05374,-3.65234e-05,1.09947,-0.00757161,2.06201
8.956,-0.000730467,1.07528,-0.00725233,2.05383,3.65234e-05,1.09947,-0.00757161,2.06201
8.958,-0.000730467,1.07531,-0.00720671,2.05383,-3.65234e-05,1.0995,-0.00761722,2.06201
8.96,-0.000730467,1.07528,-0.00725233,2.05383,3.65234e-05,1.09952,-0.00757161,2.06201
8.962,-0.000730467,1.07528,-0.00725233,2.05383,-3.65234e-05,1.09952,-0.00757161,2.06193
8.964,-0.000730467,1.07528,-0.00725233,2.05374,3.65234e-05,1.09952,-0.00757161,2.06201
8.966,-0.000730467,1.07528,-0.00725233,2.05383,0,1.0995,-0.007526,2.06201
8.968,-0.00076699,1.07528,-0.00725233,2.05374,0,1.09947,-0.00757161,2.06201
8.97,-0.000730467,1.07528,-0.00725233,2.05383,3.65234e-05,1.09947,-0.00757161,2.06193
8.972,-0.000730467,1.07528,-0.00725233,2.05383,3.65234e-05,1.09947,-0.00757161,2.06201
8.974,-0.000730467,1.07531,-0.00720671,2.05383,3.65234e-05,1.09952,-0.00757161,2.06201
8.976,-0.000730467,1.07528,-0.00725233,2.05374,0,1.09952,-0.00757161,2.06201
8.978,-0.000730467,1.07528,-0.00725233,2.05374,0,1.0995,-0.00761722,2.06201
8.98,-0.000730467,1.07528,-0.00725233,2.05374,-3.65234e-05,1.09952,-0.00757161,2.06193
8.982,-0.000730467,1.07528,-0.00725233,2.05383,-7.30467e-05,1.09952,-0.00757161,2.06201
8.984,-0.000730467,1.07528,-0.00725233,2.05383,-3.65234e-05,1.0995,-0.007526,2.06201
8.986,-0.000730467,1.07528,-0.00725233,2.05383,0,1.0995,-0.007526,2.06193
8.988,-0.000730467,1.07528,-0.00725233,2.05383,0,1.09947,-0.00757161,2.06193
8.99,-0.000730467,1.07531,-0.00720671,2.05383,0,1.0995,-0.00761722,2.06201
8.992,-0.000730467,1.07528,-0.00725233,2.05374,3.65234e-05,1.0995,-0.00761722,2.06193
8.994,-0.000730467,1.07528,-0.00725233,2.05374,-3.65234e-05,1.09947,-0.00757161,2.06201
8.996,-0.000730467,1.07528,-0.00725233,2.05374,0,1.09952,-0.00757161,2.06201
8.998,-0.000730467,1.07528,-0.00725233,2.05383,0,1.0995,-0.007526,2.06193
9,-0.000730467,1.07528,-0.00725233,2.05383,3.65234e-05,1.09947,-0.00757161,2.06201
9.002,-0.000730467,1.07528,-0.00725233,2.05383,0,1.0995,-0.007526,2.06193
9.004,-0.000730467,1.07528,-0.00725233,2.05383,3.65234e-05,1.0995,-0.007526,2.06193
9.006,-0.000730467,1.07528,-0.00725233,2.05383,0,1.09952,-0.00757161,2.06201
9.008,-0.000730467,1.07528,-0.00725233,2.05383,0,1.0995,-0.00761722,2.06201
9.01,-0.000730467,1.07528,-0.00725233,2.05374,0,1.09952,-0.00757161,2.06201
9.012,-0.000730467,1.07528,-0.00725233,2.05374,3.65234e-05,1.09947,-0.00757161,2.06193
9.014,-0.000730467,1.07531,-0.00720671,2.05374,-3.65234e-05,1.09947,-0.00757161,2.06193
9.016,-0.000730467,1.07528,-0.00725233,2.05374,0,1.0995,-0.007526,2.06193
9.018,-0.000730467,1.07528,-0.00725233,2.05374,0,1.0995,-0.007526,2.06193
9.02,-0.000730467,1.07528,-0.00725233,2.05383,-3.65234e-05,1.09947,-0.00757161,2.06193
9.022,-0.000730467,1.07528,-0.00725233,2.05374,0,1.09947,-0.00757161,2.06193
9.024,-0.000730467,1.07528,-0.00725233,2.05374,0,1.09947,-0.00757161,2.06193
9.026,-0.000730467,1.07528,-0.00725233,2.05383,0,1.09947,-0.00757161,2.06201
9.028,-0.000730467,1.07528,-0.00725233,2.05374,0,1.09947,-0.00757161,2.06193
9.03,-0.000730467,1.07528,-0.00725233,2.05374,0,1.09947,-0.00757161,2.06193
9.032,-0.000730467,1.07528,-0.00725233,2.05383,0,1.0995,-0.007526,2.06201
9.034,-0.000730467,1.07531,-0.00720671,2.05383,3.65234e-05,1.09947,-0.00757161,2.06201
9.036,-0.000730467,1.07531,-0.00720671,2.05383,0,1.0995,-0.00761722,2.06201
9.038,-0.000730467,1.07528,-0.00725233,2.05383,0,1.0995,-0.00761722,2.06201
9.04,-0.000730467,1.07528,-0.00725233,2.05383,3.65234e-05,1.09947,-0.00757161,2.06201
9.042,-0.000730467,1.07528,-0.00725233,2.05383,3.65234e-05,1.09952,-0.00757161,2.06193
9.044,-0.000730467,1.07528,-0.00725233,2.05383,3.65234e-05,1.09947,-0.00757161,2.06201
9.046,-0.000730467,1.07528,-0.00725233,2.05374,0,1.0995,-0.007526,2.06193
9.048,-0.000730467,1.07531,-0.00720671,2.05383,3.65234e-05,1.09947,-0.00757161,2.06193
9.05,-0.000730467,1.07531,-0.00720671,2.05374,3.65234e-05,1.09947,-0.00757161,2.06201
9.052,-0.000730467,1.07528,-0.00725233,2.05383,3.65234e-05,1.09952,-0.00757161,2.06201
9.054,-0.000730467,1.07528,-0.00725233,2.05383,0,1.09947,-0.00757161,2.06201
9.056,-0.000730467,1.07528,-0.00725233,2.05383,3.65234e-05,1.0995,-0.00761722,2.06201
9.058,-0.000730467,1.07528,-0.00725233,2.05383,0,1.09947,-0.00757161,2.06193
9.06,-0.000730467,1.07528,-0.00725233,2.05374,3.65234e-05,1.09947,-0.00757161,2.06201
9.062,-0.000730467,1.07531,-0.00720671,2.05383,-3.65234e-05,1.09947,-0.00757161,2.06193
9.064,-0.000730467,1.07531,-0.00720671,2.05383,3.65234e-05,1.0995,-0.007526,2.06201
9.066,-0.000730467,1.07531,-0.00720671,2.05374,-3.65234e-05,1.0995,-0.00761722,2.06201
9.068,-0.000730467,1.07531,-0.00720671,2.05383,-3.65234e-05,1.0995,-0.00761722,2.06201
9.07,-0.000730467,1.07528,-0.00725233,2.05383,0,1.0995,-0.00761722,2.06201
9.072,-0.000730467,1.07531,-0.00720671,2.05383,0,1.09952,-0.00757161,2.06201
9.074,-0.000730467,1.07528,-0.00725233,2.05383,3.65234e-05,1.09952,-0.00757161,2.06201
9.076,-0.000730467,1.07528,-0.00725233,2.05383,3.65234e-05,1.0995,-0.007526,2.06193
9.078,-0.000730467,1.07528,-0.00725233,2.05383,0,1.09952,-0.00757161,2.06193
9.08,-0.000730467,1.07528,-0.00725233,2.05383,-3.65234e-05,1.0995,-0.00761722,2.06193
9.082,-0.000730467,1.07531,-0.00720671,2.05383,-3.65234e-05,1.0995,-0.00761722,2.06193
9.084,-0.000730467,1.07531,-0.00720671,2.05383,-3.65234e-05,1.09952,-0.00757161,2.06193
9.086,-0.000730467,1.07528,-0.00725233,2.05374,0,1.09952,-0.00757161,2.06201
9.088,-0.000730467,1.07528,-0.00725233,2.05383,-3.65234e-05,1.09947,-0.00757161,2.06201
9.09,-0.000730467,1.07528,-0.00725233,2.05383,3.65234e-05,1.09952,-0.00757161,2.06201
9.092,-0.000730467,1.07528,-0.00725233,2.05383,0,1.0995,-0.007526,2.06193
9.094,-0.000730467,1.07531,-0.00720671,2.05383,3.65234e-05,1.09952,-0.00757161,2.06201
9.096,-0.000730467,1.07528,-0.00725233,2.05383,0,1.0995,-0.00761722,2.06201
9.098,-0.000730467,1.07528,-0.00725233,2.05383,3.65234e-05,1.0995,-0.00761722,2.06193
9.1,-0.000730467,1.07528,-0.00725233,2.05383,3.65234e-05,1.09947,-0.00757161,2.06201
9.102,-0.000730467,1.07531,-0.00720671,2.05374,0,1.09947,-0.00757161,2.06201
9.104,-0.000730467,1.07528,-0.00725233,2.05374,3.65234e-05,1.0995,-0.00761722,2.06193
9.106,-0.000730467,1.07528,-0.00725233,2.05383,3.65234e-05,1.0995,-0.00761722,2.06201
9.108,-0.00076699,1.07528,-0.00725233,2.05374,3.65234e-05,1.09952,-0.00757161,2.06201
9.11,-0.000730467,1.07528,-0.00725233,2.05383,0,1.09952,-0.00757161,2.06193
9.112,-0.000730467,1.07528,-0.00725233,2.05383,3.65234e-05,1.0995,-0.00761722,2.06193
9.114,-0.000730467,1.07528,-0.00725233,2.05383,0,1.0995,-0.007526,2.06193
9.116,-0.000730467,1.07528,-0.00725233,2.05383,-3.65234e-05,1.09947,-0.00757161,2.06201
9.118,-0.000730467,1.07531,-0.00720671,2.05383,-3.65234e-05,1.09952,-0.00757161,2.06193
9.12,-0.000730467,1.07528,-0.00725233,2.05374,3.65234e-05,1.09947,-0.00757161,2.06201
9.122,-0.000730467,1.07528,-0.00725233,2.05374,-3.65234e-05,1.0995,-0.00761722,2.06201
9.124,-0.000730467,1.07528,-0.00725233,2.05383,0,1.0995,-0.007526,2.06193
9.126,-0.000730467,1.07531,-0.00720671,2.05383,0,1.0995,-0.00761722,2.06201
9.128,-0.000730467,1.07528,-0.00725233,2.05383,0,1.09947,-0.00757161,2.06201
9.13,-0.000730467,1.07528,-0.00725233,2.05383,0,1.0995,-0.00761722,2.06201
9.132,-0.000730467,1.07528,-0.00725233,2.05383,0,1.09944,-0.00761722,2.06201
9.134,-0.000730467,1.07528,-0.00725233,2.05383,0,1.09947,-0.00757161,2.06193
9.136,-0.000730467,1.07528,-0.00725233,2.05383,0,1.0995,-0.007526,2.06201
9.138,-0.000730467,1.07528,-0.00725233,2.05374,-3.65234e-05,1.0995,-0.007526,2.06193
9.14,-0.000730467,1.07528,-0.00725233,2.05374,0,1.09947,-0.00757161,2.06193
9.142,-0.000730467,1.07528,-0.00725233,2.05383,0,1.09947,-0.00757161,2.06201
9.144,-0.000730467,1.07528,-0.00725233,2.05383,0,1.0995,-0.007526,2.06201
9.146,-0.000730467,1.07531,-0.00720671,2.05383,-3.65234e-05,1.0995,-0.007526,2.06201
9.148,-0.000730467,1.07528,-0.00725233,2.05383,-3.65234e-05,1.0995,-0.00761722,2.06201
9.15,-0.000730467,1.07528,-0.00725233,2.05383,0,1.0995,-0.00761722,2.06193
9.152,-0.000730467,1.07528,-0.00725233,2.05383,0,1.09947,-0.00766283,2.06193
9.154,-0.000730467,1.07528,-0.00725233,2.05374,-3.65234e-05,1.0995,-0.007526,2.06193
9.156,-0.000730467,1.07528,-0.00725233,2.05383,-3.65234e-05,1.0995,-0.00761722,2.06193
9.158,-0.000730467,1.07528,-0.00725233,2.05383,0,1.0995,-0.00761722,2.06193
9.16,-0.000730467,1.07531,-0.00720671,2.05383,-3.65234e-05,1.09947,-0.00757161,2.06193
9.162,-0.000730467,1.07528,-0.00725233,2.05383,3.65234e-05,1.09947,-0.00757161,2.06193
9.164,-0.000730467,1.07528,-0.00725233,2.05383,0,1.09947,-0.00757161,2.06201
9.166,-0.000730467,1.07528,-0.00725233,2.05383,-3.65234e-05,1.0995,-0.00761722,2.06201
9.168,-0.000730467,1.07528,-0.00725233,2.05383,3.65234e-05,1.0995,-0.00761722,2.06193
9.17,-0.000730467,1.07528,-0.00725233,2.05383,3.65234e-05,1.09947,-0.00757161,2.06193
9.172,-0.000730467,1.07528,-0.00725233,2.05383,3.65234e-05,1.0995,-0.00761722,2.06201
9.174,-0.000730467,1.07528,-0.00725233,2.05383,0,1.09947,-0.00757161,2.06201
9.176,-0.000730467,1.07528,-0.00725233,2.05383,0,1.0995,-0.00761722,2.06201
9.178,-0.000730467,1.07528,-0.00725233,2.05383,0,1.0995,-0.007526,2.06201
9.18,-0.000730467,1.07528,-0.00725233,2.05383,0,1.0995,-0.00761722,2.06193
9.182,-0.000730467,1.07528,-0.00725233,2.05383,0,1.0995,-0.007526,2.06193
9.184,-0.000730467,1.07528,-0.00725233,2.05383,-3.65234e-05,1.09947,-0.00757161,2.06201
9.186,-0.000730467,1.07531,-0.00720671,2.05383,-3.65234e-05,1.09947,-0.00757161,2.06193
9.188,-0.00076699,1.07528,-0.00725233,2.05383,0,1.0995,-0.00761722,2.06193
9.19,-0.00076699,1.07528,-0.00725233,2.05383,-3.65234e-05,1.0995,-0.00761722,2.06193
9.192,-0.000730467,1.07528,-0.00725233,2.05383,3.65234e-05,1.0995,-0.007526,2.06201
9.194,-0.000730467,1.07531,-0.00720671,2.05374,0,1.09952,-0.00757161,2.06201
9.196,-0.000730467,1.07528,-0.00725233,2.05374,0,1.0995,-0.00761722,2.06201
9.198,-0.00076699,1.07528,-0.00725233,2.05383,3.65234e-05,1.0995,-0.00761722,2.06193
9.2,-0.000730467,1.07528,-0.00725233,2.05383,0,1.09947,-0.00757161,2.06201
9.202,-0.000730467,1.07528,-0.00725233,2.05374,0,1.0995,-0.007526,2.06201
9.204,-0.000730467,1.07528,-0.00725233,2.05374,0,1.0995,-0.00761722,2.06193
9.206,-0.000730467,1.07528,-0.00725233,2.05374,-3.65234e-05,1.09947,-0.00757161,2.06193
9.208,-0.000730467,1.07528,-0.00725233,2.05383,0,1.0995,-0.007526,2.06193
9.21,-0.000730467,1.07525,-0.00720671,2.05383,7.30467e-05,1.09952,-0.00757161,2.06193
9.212,-0.000730467,1.07531,-0.00720671,2.05383,3.65234e-05,1.0995,-0.00761722,2.06201
9.214,-0.000730467,1.07528,-0.00725233,2.05383,0,1.09947,-0.00757161,2.06201
9.216,-0.000730467,1.07528,-0.00725233,2.05383,0,1.09947,-0.00757161,2.06193
9.218,-0.000730467,1.07528,-0.00725233,2.05383,0,1.0995,-0.00761722,2.06193
9.22,-0.000730467,1.07531,-0.00720671,2.05383,3.65234e-05,1.09947,-0.00757161,2.06193
9.222,-0.000730467,1.07528,-0.00725233,2.05383,0,1.0995,-0.00761722,2.06193
9.224,-0.000730467,1.07528,-0.00725233,2.05374,0,1.0995,-0.00761722,2.06193
9.226,-0.000730467,1.07528,-0.00725233,2.05383,3.65234e-05,1.0995,-0.007526,2.06193
9.228,-0.000730467,1.07528,-0.00725233,2.05383,0,1.09947,-0.00757161,2.06201
9.23,-0.000730467,1.07528,-0.00725233,2.05383,3.65234e-05,1.0995,-0.007526,2.06193
9.232,-0.000730467,1.07528,-0.00725233,2.05383,-3.65234e-05,1.0995,-0.007526,2.06193
9.234,-0.000730467,1.07528,-0.00725233,2.05383,-3.65234e-05,1.0995,-0.007526,2.06193
9.236,-0.000730467,1.07528,-0.00725233,2.05383,0,1.09947,-0.00757161,2.06193
9.238,-0.000730467,1.07528,-0.00725233,2.05374,0,1.0995,-0.00761722,2.06201
9.24,-0.000730467,1.07528,-0.00725233,2.05374,0,1.09947,-0.00757161,2.06193
9.242,-0.000730467,1.07528,-0.00725233,2.05383,0,1.0995,-0.007526,2.06193
9.244,-0.00076699,1.07528,-0.00725233,2.05383,3.65234e-05,1.09952,-0.00757161,2.06201
9.246,-0.00076699,1.07528,-0.00725233,2.05383,-3.65234e-05,1.09952,-0.00757161,2.06193
9.248,-0.000730467,1.07528,-0.00725233,2.05383,0,1.09947,-0.00757161,2.06193
9.25,-0.000730467,1.07528,-0.00725233,2.05383,7.30467e-05,1.0995,-0.00761722,2.06201
9.252,-0.000730467,1.07528,-0.00725233,2.05383,-3.65234e-05,1.0995,-0.00761722,2.06193
9.254,-0.000730467,1.07528,-0.00725233,2.05383,0,1.09952,-0.00757161,2.06193
9.256,-0.000730467,1.07528,-0.00725233,2.05383,-3.65234e-05,1.0995,-0.007526,2.06201
9.258,-0.000730467,1.07528,-0.00725233,2.05383,0,1.0995,-0.007526,2.06193
9.26,-0.00076699,1.07528,-0.00725233,2.05383,0,1.0995,-0.00761722,2.06193
9.262,-0.000730467,1.07528,-0.00725233,2.05383,0,1.09947,-0.00757161,2.06193
9.264,-0.000730467,1.07528,-0.00725233,2.05383,0,1.0995,-0.00761722,2.06201
9.266,-0.00076699,1.07531,-0.00720671,2.05383,0,1.09947,-0.00757161,2.06201
9.268,-0.000730467,1.07528,-0.00725233,2.05383,-3.65234e-05,1.09947,-0.00757161,2.06193
9.27,-0.000730467,1.07528,-0.00725233,2.05383,-3.65234e-05,1.09947,-0.00757161,2.06201
9.272,-0.000730467,1.07528,-0.00725233,2.05374,0,1.09947,-0.00757161,2.06201
9.274,-0.000730467,1.07528,-0.00725233,2.05383,-3.65234e-05,1.09947,-0.00757161,2.06201
9.276,-0.000730467,1.07528,-0.00725233,2.05383,0,1.09947,-0.00757161,2.06193
9.278,-0.000730467,1.07531,-0.00720671,2.05383,0,1.09947,-0.00757161,2.06201
9.28,-0.000730467,1.07528,-0.00725233,2.05383,0,1.0995,-0.00761722,2.06193
9.282,-0.000730467,1.07528,-0.00725233,2.05374,0,1.0995,-0.00761722,2.06193
9.284,-0.000730467,1.07528,-0.00725233,2.05383,0,1.09947,-0.00757161,2.06201
9.286,-0.000730467,1.07528,-0.00725233,2.05383,0,1.0995,-0.00761722,2.06201
9.288,-0.000730467,1.07531,-0.00720671,2.05383,3.65234e-05,1.0995,-0.007526,2.06193
9.29,-0.000730467,1.07531,-0.00720671,2.05383,-3.65234e-05,1.09947,-0.00757161,2.06193
9.292,-0.000730467,1.07528,-0.00725233,2.05383,-3.65234e-05,1.09947,-0.00757161,2.06201
9.294,-0.000730467,1.07528,-0.00725233,2.05374,0,1.0995,-0.00761722,2.06193
9.296,-0.000730467,1.07528,-0.00725233,2.05374,0,1.0995,-0.00761722,2.06193
9.298,-0.000730467,1.07528,-0.00725233,2.05383,3.65234e-05,1.09952,-0.00757161,2.06193
9.3,-0.000730467,1.07528,-0.00725233,2.05383,0,1.09952,-0.00757161,2.06193
9.302,-0.000730467,1.07528,-0.00725233,2.05383,0,1.0995,-0.00761722,2.06201
9.304,-0.000730467,1.07528,-0.00725233,2.05383,0,1.09947,-0.00757161,2.06201
9.306,-0.000730467,1.07528,-0.00725233,2.05383,0,1.09947,-0.00757161,2.06201
9.308,-0.000730467,1.07528,-0.00725233,2.05383,0,1.09947,-0.00757161,2.06201
9.31,-0.000730467,1.07528,-0.00725233,2.05383,3.65234e-05,1.0995,-0.00761722,2.06201
9.312,-0.000730467,1.07528,-0.00725233,2.05383,3.65234e-05,1.09947,-0.00757161,2.06193
9.314,-0.000730467,1.07528,-0.00725233,2.05383,3.65234e-05,1.09947,-0.00757161,2.06201
9.316,-0.000730467,1.07528,-0.00725233,2.05383,0,1.09947,-0.00757161,2.06201
9.318,-0.000730467,1.07528,-0.00725233,2.05383,0,1.0995,-0.00761722,2.06193
9.32,-0.000730467,1.07528,-0.00725233,2.05383,0,1.0995,-0.007526,2.06193
9.322,-0.000730467,1.07528,-0.00725233,2.05383,-3.65234e-05,1.09947,-0.00757161,2.06201
9.324,-0.000730467,1.07528,-0.00725233,2.05383,3.65234e-05,1.09947,-0.00757161,2.06201
9.326,-0.000730467,1.07528,-0.00725233,2.05383,0,1.0995,-0.00761722,2.06201
9.328,-0.000730467,1.07531,-0.00720671,2.05383,3.65234e-05,1.09952,-0.00757161,2.06193
9.33,-0.00076699,1.07531,-0.00720671,2.05383,-3.65234e-05,1.09947,-0.00757161,2.06193
9.332,-0.000730467,1.07528,-0.00725233,2.05383,0,1.09952,-0.00757161,2.06193
9.334,-0.000730467,1.07528,-0.00725233,2.05374,3.65234e-05,1.09947,-0.00757161,2.06201
9.336,-0.00076699,1.07528,-0.00725233,2.05383,3.65234e-05,1.09947,-0.00757161,2.06193
9.338,-0.000730467,1.07528,-0.00725233,2.05383,0,1.0995,-0.00761722,2.06201
9.34,-0.000730467,1.07531,-0.00720671,2.05383,0,1.0995,-0.007526,2.06201
9.342,-0.000730467,1.07528,-0.00725233,2.05383,3.65234e-05,1.09947,-0.00757161,2.06201
9.344,-0.000730467,1.07528,-0.00725233,2.05383,0,1.09952,-0.00757161,2.06201
9.346,-0.000730467,1.07528,-0.00725233,2.05383,0,1.09947,-0.00757161,2.06201
9.348,-0.000730467,1.07528,-0.00725233,2.05383,-3.65234e-05,1.09947,-0.00757161,2.06201
9.35,-0.00076699,1.07528,-0.00725233,2.05383,0,1.09947,-0.00757161,2.06201
9.352,-0.000730467,1.07528,-0.00725233,2.05383,0,1.09947,-0.00757161,2.06201
9.354,-0.000730467,1.07528,-0.00725233,2.05383,-3.65234e-05,1.09947,-0.00757161,2.06193
9.356,-0.000730467,1.07531,-0.00720671,2.05374,0,1.09947,-0.00757161,2.06193
9.358,-0.000730467,1.07528,-0.00725233,2.05383,0,1.0995,-0.00761722,2.06193
9.36,-0.000730467,1.07528,-0.00725233,2.05383,-3.65234e-05,1.09952,-0.00757161,2.06201
9.362,-0.000730467,1.07528,-0.00725233,2.05383,-3.65234e-05,1.0995,-0.00761722,2.06201
9.364,-0.000730467,1.07528,-0.00725233,2.05383,-3.65234e-05,1.09947,-0.00757161,2.06193
9.366,-0.000730467,1.07528,-0.00725233,2.05383,0,1.09947,-0.00757161,2.06193
9.368,-0.000730467,1.07528,-0.00725233,2.05383,0,1.0995,-0.00761722,2.06193
9.37,-0.000730467,1.07528,-0.00725233,2.05383,0,1.0995,-0.007526,2.06201
9.372,-0.000730467,1.07528,-0.00725233,2.05383,3.65234e-05,1.0995,-0.007526,2.06201
9.374,-0.000730467,1.07525,-0.00720671,2.05383,0,1.0995,-0.00761722,2.06193
9.376,-0.000730467,1.07528,-0.00725233,2.05374,0,1.0995,-0.00761722,2.06193
9.378,-0.000730467,1.07528,-0.00725233,2.05383,3.65234e-05,1.0995,-0.00761722,2.06193
9.38,-0.000730467,1.07528,-0.00725233,2.05383,3.65234e-05,1.09947,-0.00757161,2.06201
9.382,-0.000730467,1.07528,-0.00725233,2.05383,0,1.09947,-0.00757161,2.06201
9.384,-0.000730467,1.07528,-0.00725233,2.05383,0,1.0995,-0.00761722,2.06193
9.386,-0.000730467,1.07528,-0.00725233,2.05383,0,1.09947,-0.00757161,2.06193
9.388,-0.000730467,1.07528,-0.00725233,2.05383,0,1.0995,-0.007526,2.06193
9.39,-0.00076699,1.07528,-0.00725233,2.05383,0,1.09947,-0.00766283,2.06201
9.392,-0.000730467,1.07528,-0.00725233,2.05383,-3.65234e-05,1.0995,-0.00761722,2.06193
9.394,-0.000730467,1.07528,-0.00725233,2.05383,-3.65234e-05,1.09947,-0.00757161,2.06193
9.396,-0.000730467,1.07531,-0.00720671,2.05383,0,1.09947,-0.00757161,2.06193
9.398,-0.000730467,1.07528,-0.00725233,2.05383,0,1.09944,-0.00761722,2.06193
9.4,-0.000730467,1.07528,-0.00725233,2.05383,0,1.09947,-0.00757161,2.06193
9.402,-0.000730467,1.07528,-0.00725233,2.05383,0,1.09947,-0.00757161,2.06193
9.404,-0.00076699,1.07531,-0.00720671,2.05383,0,1.09947,-0.00757161,2.06193
9.406,-0.000730467,1.07528,-0.00725233,2.05383,0,1.0995,-0.007526,2.06193
9.408,-0.000730467,1.07528,-0.00725233,2.05383,0,1.09947,-0.00757161,2.06201
9.41,-0.000730467,1.07528,-0.00725233,2.05383,0,1.0995,-0.00761722,2.06193
9.412,-0.000730467,1.07528,-0.00725233,2.05383,0,1.09947,-0.00757161,2.06193
9.414,-0.000730467,1.07528,-0.00725233,2.05374,0,1.09947,-0.00757161,2.06201
9.416,-0.000730467,1.07528,-0.00725233,2.05374,0,1.0995,-0.007526,2.06201
9.418,-0.000730467,1.07528,-0.00725233,2.05374,0,1.09947,-0.00757161,2.06201
9.42,-0.000730467,1.07528,-0.00725233,2.05374,-7.30467e-05,1.0995,-0.00761722,2.06193
9.422,-0.000730467,1.07528,-0.00725233,2.05383,3.65234e-05,1.0995,-0.00761722,2.06193
9.424,-0.000730467,1.07528,-0.00725233,2.05383,0,1.0995,-0.00761722,2.06201
9.426,-0.000730467,1.07528,-0.00725233,2.05383,-3.65234e-05,1.0995,-0.007526,2.06193
9.428,-0.000730467,1.07528,-0.00725233,2.05374,3.65234e-05,1.0995,-0.00761722,2.06193
9.43,-0.000730467,1.07528,-0.00725233,2.05374,0,1.09947,-0.00757161,2.06201
9.432,-0.000730467,1.07528,-0.00725233,2.05374,-3.65234e-05,1.0995,-0.00761722,2.06193
9.434,-0.000730467,1.07528,-0.00725233,2.05383,3.65234e-05,1.0995,-0.00761722,2.06193
9.436,-0.000730467,1.07528,-0.00725233,2.05383,0,1.09947,-0.00757161,2.06201
9.438,-0.000730467,1.07528,-0.00725233,2.05383,3.65234e-05,1.09947,-0.00757161,2.06193
9.44,-0.000730467,1.07528,-0.00725233,2.05383,0,1.0995,-0.00761722,2.06193
9.442,-0.000730467,1.07528,-0.00725233,2.05383,0,1.09947,-0.00757161,2.06193
9.444,-0.00076699,1.07528,-0.00725233,2.05374,0,1.09952,-0.00757161,2.06193
9.446,-0.000730467,1.07528,-0.00725233,2.05383,3.65234e-05,1.0995,-0.007526,2.06193
9.448,-0.000730467,1.07528,-0.00725233,2.05383,0,1.0995,-0.00761722,2.06201
9.45,-0.000730467,1.07531,-0.00720671,2.05383,0,1.09947,-0.00757161,2.06193
9.452,-0.000730467,1.07528,-0.00725233,2.05383,3.65234e-05,1.0995,-0.007526,2.06201
9.454,-0.000730467,1.07528,-0.00725233,2.05383,0,1.0995,-0.00761722,2.06193
9.456,-0.000730467,1.07528,-0.00725233,2.05374,3.65234e-05,1.09947,-0.00757161,2.06201
9.458,-0.000730467,1.07528,-0.00725233,2.05383,0,1.09947,-0.00757161,2.06193
9.46,-0.000730467,1.07528,-0.00725233,2.05383,0,1.09947,-0.00757161,2.06201
9.462,-0.000730467,1.07528,-0.00725233,2.05383,0,1.0995,-0.00761722,2.06193
9.464,-0.000730467,1.07528,-0.00725233,2.05383,3.65234e-05,1.09947,-0.00757161,2.06193
9.466,-0.000730467,1.07528,-0.00725233,2.05383,0,1.0995,-0.007526,2.06201
9.468,-0.000730467,1.07528,-0.00725233,2.05383,0,1.0995,-0.00761722,2.06193
9.47,-0.000730467,1.07528,-0.00725233,2.05383,0,1.0995,-0.00761722,2.06193
9.472,-0.000730467,1.07531,-0.00720671,2.05383,0,1.09947,-0.00757161,2.06201
9.474,-0.000730467,1.07528,-0.00725233,2.05383,0,1.09952,-0.00757161,2.06193
9.476,-0.000730467,1.07528,-0.00725233,2.05383,0,1.0995,-0.00761722,2.06193
9.478,-0.000730467,1.07528,-0.00725233,2.05383,3.65234e-05,1.0995,-0.00761722,2.06201
9.48,-0.000730467,1.07528,-0.00725233,2.05383,0,1.0995,-0.007526,2.06201
9.482,-0.000730467,1.07528,-0.00725233,2.05383,0,1.09947,-0.00757161,2.06201
9.484,-0.000730467,1.07528,-0.00725233,2.05374,0,1.09944,-0.00761722,2.06201
9.486,-0.000730467,1.07528,-0.00725233,2.05374,0,1.0995,-0.00761722,2.06193
9.488,-0.000730467,1.07528,-0.00725233,2.05383,0,1.09947,-0.00757161,2.06201
9.49,-0.000730467,1.07528,-0.00725233,2.05383,0,1.09947,-0.00757161,2.06201
9.492,-0.000730467,1.07528,-0.00725233,2.05383,-3.65234e-05,1.09947,-0.00757161,2.06201
9.494,-0.000730467,1.07528,-0.00725233,2.05383,0,1.09952,-0.00757161,2.06193
9.496,-0.000730467,1.07528,-0.00725233,2.05383,3.65234e-05,1.0995,-0.007526,2.06201
9.498,-0.000730467,1.07528,-0.00725233,2.05383,0,1.09947,-0.00757161,2.06193
9.5,-0.00076699,1.07528,-0.00725233,2.05383,3.65234e-05,1.09952,-0.00757161,2.06201
9.502,-0.00076699,1.07528,-0.00725233,2.05383,-3.65234e-05,1.0995,-0.00761722,2.06193
9.504,-0.00076699,1.07528,-0.00725233,2.05383,0,1.09947,-0.00757161,2.06193
9.506,-0.000730467,1.07528,-0.00725233,2.05383,0,1.09947,-0.00757161,2.06201
9.508,-0.000730467,1.07528,-0.00725233,2.05383,0,1.09952,-0.00757161,2.06193
9.51,-0.000730467,1.07528,-0.00725233,2.05383,0,1.09947,-0.00757161,2.06193
9.512,-0.000730467,1.07528,-0.00725233,2.05383,3.65234e-05,1.09947,-0.00757161,2.06201
9.514,-0.000730467,1.07525,-0.00720671,2.05383,0,1.09952,-0.00757161,2.06193
9.516,-0.00076699,1.07528,-0.00725233,2.05383,0,1.09947,-0.00757161,2.06201
9.518,-0.000730467,1.07528,-0.00725233,2.05383,-3.65234e-05,1.09947,-0.00757161,2.06201
9.52,-0.000730467,1.07528,-0.00725233,2.05383,3.65234e-05,1.09952,-0.00757161,2.06201
9.522,-0.000730467,1.07528,-0.00725233,2.05383,0,1.0995,-0.007526,2.06193
9.524,-0.000730467,1.07528,-0.00725233,2.05383,0,1.09947,-0.00757161,2.06193
9.526,-0.000730467,1.07528,-0.00725233,2.05374,3.65234e-05,1.0995,-0.00761722,2.06193
9.528,-0.000730467,1.07528,-0.00725233,2.05374,3.65234e-05,1.0995,-0.00761722,2.06193
9.53,-0.000730467,1.07528,-0.00725233,2.05383,0,1.0995,-0.007526,2.06201
9.532,-0.000730467,1.07525,-0.00720671,2.05383,0,1.0995,-0.00761722,2.06201
9.534,-0.000730467,1.07528,-0.00725233,2.05383,0,1.0995,-0.00761722,2.06193
9.536,-0.000730467,1.07528,-0.00725233,2.05383,0,1.0995,-0.007526,2.06193
9.538,-0.000730467,1.07528,-0.00725233,2.05374,0,1.0995,-0.00761722,2.06201
9.54,-0.000730467,1.07528,-0.00725233,2.05374,0,1.0995,-0.007526,2.06201
9.542,-0.00076699,1.07531,-0.00720671,2.05374,0,1.0995,-0.00761722,2.06193
9.544,-0.000730467,1.07528,-0.00725233,2.05383,0,1.0995,-0.00761722,2.06193
9.546,-0.000730467,1.07528,-0.00725233,2.05383,0,1.09947,-0.00757161,2.06193
9.548,-0.000730467,1.07528,-0.00725233,2.05383,0,1.09947,-0.00757161,2.06193
9.55,-0.000730467,1.07531,-0.00720671,2.05383,0,1.0995,-0.00761722,2.06201
9.552,-0.000730467,1.07528,-0.00725233,2.05383,-3.65234e-05,1.0995,-0.00761722,2.06193
9.554,-0.00076699,1.07528,-0.00725233,2.05383,0,1.09947,-0.00757161,2.06193
9.556,-0.000730467,1.07528,-0.00725233,2.05374,3.65234e-05,1.0995,-0.007526,2.06201
9.558,-0.000730467,1.07528,-0.00725233,2.05383,0,1.0995,-0.007526,2.06193
9.56,-0.000730467,1.07528,-0.00725233,2.05383,-3.65234e-05,1.09952,-0.00757161,2.06193
9.562,-0.000730467,1.07528,-0.00725233,2.05383,0,1.0995,-0.00761722,2.06193
9.564,-0.000730467,1.07528,-0.00725233,2.05383,3.65234e-05,1.0995,-0.007526,2.06193
9.566,-0.000730467,1.07528,-0.00725233,2.05383,3.65234e-05,1.0995,-0.007526,2.06193
9.568,-0.000730467,1.07528,-0.00725233,2.05383,0,1.09947,-0.00757161,2.06193
9.57,-0.000730467,1.07528,-0.00725233,2.05383,0,1.0995,-0.007526,2.06193
9.572,-0.000730467,1.07528,-0.00725233,2.05383,0,1.09947,-0.00757161,2.06193
9.574,-0.000730467,1.07528,-0.00725233,2.05374,0,1.09947,-0.00757161,2.06193
9.576,-0.000730467,1.07528,-0.00725233,2.05374,0,1.0995,-0.007526,2.06193
9.578,-0.000730467,1.07528,-0.00725233,2.05374,0,1.09947,-0.00757161,2.06201
9.58,-0.000730467,1.07528,-0.00725233,2.05383,-3.65234e-05,1.0995,-0.00761722,2.06201
9.582,-0.000730467,1.07528,-0.00725233,2.05383,0,1.09947,-0.00757161,2.06193
9.584,-0.000730467,1.07528,-0.00725233,2.05383,0,1.09952,-0.00757161,2.06193
9.586,-0.000730467,1.07528,-0.00725233,2.05383,3.65234e-05,1.09947,-0.00757161,2.06201
9.588,-0.000730467,1.07528,-0.00725233,2.05383,0,1.09947,-0.00757161,2.06201
9.59,-0.000730467,1.07528,-0.00725233,2.05374,0,1.0995,-0.007526,2.06193
9.592,-0.000730467,1.07528,-0.00725233,2.05374,-3.65234e-05,1.0995,-0.00761722,2.06193
9.594,-0.000730467,1.07528,-0.00725233,2.05374,0,1.09947,-0.00757161,2.06193
9.596,-0.000730467,1.07528,-0.00725233,2.05383,0,1.0995,-0.007526,2.06193
9.598,-0.000730467,1.07528,-0.00725233,2.05383,-3.65234e-05,1.09947,-0.00757161,2.06193
9.6,-0.000730467,1.07531,-0.00720671,2.05383,0,1.0995,-0.00761722,2.06193
9.602,-0.000730467,1.07528,-0.00725233,2.05383,0,1.0995,-0.00761722,2.06193
9.604,-0.000730467,1.07528,-0.00725233,2.05383,0,1.09947,-0.00757161,2.06201
9.606,-0.000730467,1.07528,-0.00725233,2.05374,0,1.0995,-0.00761722,2.06201
9.608,-0.000730467,1.07531,-0.00720671,2.05383,0,1.09947,-0.00757161,2.06193
9.61,-0.000730467,1.07528,-0.00725233,2.05383,0,1.0995,-0.007526,2.06201
9.612,-0.000730467,1.07528,-0.00725233,2.05383,0,1.0995,-0.00761722,2.06193
9.614,-0.000730467,1.07528,-0.00725233,2.05383,0,1.0995,-0.00761722,2.06193
9.616,-0.000730467,1.07528,-0.00725233,2.05374,3.65234e-05,1.0995,-0.00761722,2.06193
9.618,-0.000730467,1.07528,-0.00725233,2.05374,3.65234e-05,1.0995,-0.00761722,2.06193
9.62,-0.000730467,1.07528,-0.00725233,2.05383,0,1.0995,-0.00761722,2.06201
9.622,-0.000730467,1.07528,-0.00725233,2.05383,-3.65234e-05,1.09952,-0.00757161,2.06193
9.624,-0.000730467,1.07528,-0.00725233,2.05383,0,1.0995,-0.007526,2.06201
9.626,-0.000730467,1.07528,-0.00725233,2.05383,0,1.09947,-0.00757161,2.06193
9.628,-0.000730467,1.07528,-0.00725233,2.05374,0,1.09947,-0.00757161,2.06193
9.63,-0.000730467,1.07528,-0.00725233,2.05383,0,1.09947,-0.00757161,2.06201
9.632,-0.000730467,1.07531,-0.00720671,2.05383,-3.65234e-05,1.09947,-0.00757161,2.06201
9.634,-0.000730467,1.07531,-0.00720671,2.05383,0,1.0995,-0.007526,2.06201
9.636,-0.000730467,1.07525,-0.00720671,2.05383,0,1.09952,-0.00757161,2.06201
9.638,-0.000730467,1.07528,-0.00725233,2.05383,0,1.0995,-0.00761722,2.06193
9.64,-0.000730467,1.07528,-0.00725233,2.05383,3.65234e-05,1.09947,-0.00757161,2.06201
9.642,-0.000730467,1.07528,-0.00725233,2.05383,3.65234e-05,1.0995,-0.00761722,2.06201
9.644,-0.000730467,1.07531,-0.00720671,2.05383,3.65234e-05,1.09947,-0.00757161,2.06201
9.646,-0.000730467,1.07528,-0.00725233,2.05383,0,1.0995,-0.007526,2.06193
9.648,-0.000730467,1.07528,-0.00725233,2.05383,-3.65234e-05,1.09947,-0.00757161,2.06193
9.65,-0.000730467,1.07528,-0.00725233,2.05383,3.65234e-05,1.09947,-0.00757161,2.06193
9.652,-0.000730467,1.07528,-0.00725233,2.05383,0,1.09947,-0.00757161,2.06193
9.654,-0.000730467,1.07531,-0.00720671,2.05383,0,1.0995,-0.007526,2.06201
9.656,-0.000730467,1.07528,-0.00725233,2.05383,3.65234e-05,1.09952,-0.00757161,2.06201
9.658,-0.000730467,1.07528,-0.00725233,2.05383,0,1.09947,-0.00757161,2.06193
9.66,-0.000730467,1.07528,-0.00725233,2.05383,-7.30467e-05,1.09947,-0.00757161,2.06193
9.662,-0.000730467,1.07525,-0.00720671,2.05383,-3.65234e-05,1.0995,-0.00761722,2.06193
9.664,-0.000730467,1.07528,-0.00725233,2.05374,3.65234e-05,1.0995,-0.00761722,2.06201
9.666,-0.000730467,1.07528,-0.00725233,2.05383,-3.65234e-05,1.09947,-0.00757161,2.06201
9.668,-0.000730467,1.07528,-0.00725233,2.05383,3.65234e-05,1.09947,-0.00757161,2.06201
9.67,-0.000730467,1.07528,-0.00725233,2.05383,0,1.09947,-0.00757161,2.06201
9.672,-0.000730467,1.07528,-0.00725233,2.05383,0,1.0995,-0.00761722,2.06201
9.674,-0.000730467,1.07528,-0.00725233,2.05383,3.65234e-05,1.0995,-0.007526,2.06193
9.676,-0.000730467,1.07528,-0.00725233,2.05383,0,1.0995,-0.007526,2.06193
9.678,-0.000730467,1.07528,-0.00725233,2.05374,-3.65234e-05,1.0995,-0.00761722,2.06193
9.68,-0.000730467,1.07528,-0.00725233,2.05374,0,1.0995,-0.007526,2.06193
9.682,-0.000730467,1.07528,-0.00725233,2.05383,0,1.09947,-0.00757161,2.06201
9.684,-0.000730467,1.07528,-0.00725233,2.05383,0,1.0995,-0.00761722,2.06201
9.686,-0.000730467,1.07528,-0.00725233,2.05383,0,1.09952,-0.00757161,2.06193
9.688,-0.000730467,1.07528,-0.00725233,2.05383,0,1.09947,-0.00757161,2.06193
9.69,-0.000730467,1.07528,-0.00725233,2.05383,-3.65234e-05,1.0995,-0.00761722,2.06201
9.692,-0.000730467,1.07528,-0.00725233,2.05383,0,1.09952,-0.00757161,2.06201
9.694,-0.000730467,1.07528,-0.00725233,2.05383,0,1.09947,-0.00757161,2.06193
9.696,-0.000730467,1.07528,-0.00725233,2.05383,0,1.09947,-0.00757161,2.06193
9.698,-0.000730467,1.07531,-0.00720671,2.05383,0,1.09947,-0.00757161,2.06201
9.7,-0.000730467,1.07528,-0.00725233,2.05383,0,1.09947,-0.00757161,2.06193
9.702,-0.000730467,1.07531,-0.00720671,2.05383,0,1.0995,-0.00761722,2.06193
9.704,-0.000730467,1.07528,-0.00725233,2.05383,0,1.0995,-0.007526,2.06193
9.706,-0.000730467,1.07528,-0.00725233,2.05383,0,1.09952,-0.00757161,2.06201
9.708,-0.000730467,1.07531,-0.00720671,2.05383,3.65234e-05,1.0995,-0.007526,2.06201
9.71,-0.000730467,1.07528,-0.00725233,2.05374,3.65234e-05,1.09947,-0.00757161,2.06201
9.712,-0.000730467,1.07528,-0.00725233,2.05374,-3.65234e-05,1.0995,-0.007526,2.06193
9.714,-0.000730467,1.07528,-0.00725233,2.05374,-3.65234e-05,1.09947,-0.00757161,2.06193
9.716,-0.000730467,1.07531,-0.00720671,2.05374,0,1.09947,-0.00766283,2.06193
9.718,-0.000730467,1.07528,-0.00725233,2.05383,3.65234e-05,1.09947,-0.00757161,2.06201
9.72,-0.000730467,1.07528,-0.00725233,2.05383,3.65234e-05,1.09947,-0.00757161,2.06201
9.722,-0.000730467,1.07528,-0.00725233,2.05383,3.65234e-05,1.0995,-0.00761722,2.06193
9.724,-0.000730467,1.07528,-0.00725233,2.05383,0,1.0995,-0.00761722,2.06193
9.726,-0.000730467,1.07528,-0.00725233,2.05374,0,1.09952,-0.00757161,2.06201
9.728,-0.000730467,1.07528,-0.00725233,2.05374,3.65234e-05,1.0995,-0.00761722,2.06201
9.73,-0.000730467,1.07528,-0.00725233,2.05374,0,1.0995,-0.00761722,2.06201
9.732,-0.000730467,1.07528,-0.00725233,2.05374,0,1.09952,-0.00757161,2.06193
9.734,-0.000730467,1.07531,-0.00720671,2.05383,0,1.09944,-0.00761722,2.06193
9.736,-0.000730467,1.07528,-0.00725233,2.05383,0,1.0995,-0.007526,2.06193
9.738,-0.000730467,1.07528,-0.00725233,2.05383,0,1.0995,-0.007526,2.06201
9.74,-0.000730467,1.07528,-0.00725233,2.05383,-3.65234e-05,1.0995,-0.007526,2.06193
9.742,-0.000730467,1.07528,-0.00725233,2.05383,0,1.0995,-0.00761722,2.06193
9.744,-0.000730467,1.07528,-0.00725233,2.05383,0,1.09947,-0.00757161,2.06201
9.746,-0.000730467,1.07525,-0.00720671,2.05374,0,1.0995,-0.00761722,2.06201
9.748,-0.000730467,1.07528,-0.00725233,2.05374,0,1.0995,-0.007526,2.06201
9.75,-0.000730467,1.07528,-0.00725233,2.05383,0,1.0995,-0.007526,2.06201
9.752,-0.000730467,1.07528,-0.00725233,2.05392,0,1.09947,-0.00757161,2.06193
9.754,-0.000730467,1.07528,-0.00725233,2.05383,0,1.09947,-0.00757161,2.06193
9.756,-0.000730467,1.07531,-0.00720671,2.05383,3.65234e-05,1.09947,-0.00757161,2.06193
9.758,-0.000730467,1.07528,-0.00725233,2.05383,0,1.09947,-0.00757161,2.06193
9.76,-0.000730467,1.07525,-0.00720671,2.05383,0,1.09947,-0.00757161,2.06201
9.762,-0.000730467,1.07528,-0.00725233,2.05383,0,1.09952,-0.00757161,2.06201
9.764,-0.000730467,1.07528,-0.00725233,2.05374,0,1.09947,-0.00757161,2.06193
9.766,-0.000730467,1.07528,-0.00725233,2.05383,0,1.09947,-0.00757161,2.06193
9.768,-0.000730467,1.07528,-0.00725233,2.05374,0,1.09947,-0.00757161,2.06193
9.77,-0.000730467,1.07528,-0.00725233,2.05383,0,1.09947,-0.00757161,2.06193
9.772,-0.000730467,1.07528,-0.00725233,2.05383,3.65234e-05,1.0995,-0.00761722,2.06193
9.774,-0.000730467,1.07528,-0.00725233,2.05383,0,1.0995,-0.00761722,2.06201
9.776,-0.000730467,1.07528,-0.00725233,2.05383,0,1.0995,-0.007526,2.06201
9.778,-0.000730467,1.07528,-0.00725233,2.05383,0,1.0995,-0.00761722,2.06193
9.78,-0.000730467,1.07531,-0.00720671,2.05374,3.65234e-05,1.09947,-0.00757161,2.06193
9.782,-0.000730467,1.07528,-0.00725233,2.05374,0,1.0995,-0.00761722,2.06193
9.784,-0.000730467,1.07531,-0.00720671,2.05383,3.65234e-05,1.09947,-0.00757161,2.06193
9.786,-0.000730467,1.07528,-0.00725233,2.05383,0,1.0995,-0.00761722,2.06193
9.788,-0.000730467,1.07528,-0.00725233,2.05383,-3.65234e-05,1.0995,-0.00761722,2.06193
9.79,-0.000730467,1.07528,-0.00725233,2.05383,0,1.0995,-0.00761722,2.06193
9.792,-0.000730467,1.07528,-0.00725233,2.05383,0,1.09947,-0.00757161,2.06201
9.794,-0.000730467,1.07528,-0.00725233,2.05383,0,1.0995,-0.00761722,2.06193
9.796,-0.000730467,1.07528,-0.00725233,2.05383,0,1.09952,-0.00757161,2.06201
9.798,-0.000730467,1.07528,-0.00725233,2.05383,0,1.0995,-0.00761722,2.06193
9.8,-0.000730467,1.07528,-0.00725233,2.05374,0,1.0995,-0.007526,2.06193
9.802,-0.000730467,1.07528,-0.00725233,2.05383,0,1.0995,-0.007526,2.06201
9.804,-0.000730467,1.07528,-0.00725233,2.05383,0,1.09947,-0.00757161,2.06201
9.806,-0.000730467,1.07528,-0.00725233,2.05383,0,1.09947,-0.00757161,2.06193
9.808,-0.000730467,1.07525,-0.00720671,2.05383,3.65234e-05,1.09947,-0.00757161,2.06201
9.81,-0.000730467,1.07528,-0.00725233,2.05383,0,1.09947,-0.00757161,2.06193
9.812,-0.000730467,1.07528,-0.00725233,2.05374,0,1.09952,-0.00757161,2.06201
9.814,-0.000730467,1.07528,-0.00725233,2.05374,0,1.0995,-0.007526,2.06201
9.816,-0.000730467,1.07528,-0.00725233,2.05374,0,1.09947,-0.00757161,2.06193
9.818,-0.000730467,1.07531,-0.00720671,2.05374,0,1.09947,-0.00757161,2.06193
9.82,-0.000730467,1.07528,-0.00725233,2.05383,-3.65234e-05,1.09947,-0.00757161,2.06193
9.822,-0.000730467,1.07531,-0.00720671,2.05383,3.65234e-05,1.0995,-0.007526,2.06201
9.824,-0.000730467,1.07531,-0.00720671,2.05383,-3.65234e-05,1.09947,-0.00757161,2.06201
9.826,-0.000730467,1.07528,-0.00725233,2.05383,0,1.0995,-0.007526,2.06193
9.828,-0.000730467,1.07528,-0.00725233,2.05383,0,1.0995,-0.00761722,2.06201
9.83,-0.000730467,1.07528,-0.00725233,2.05374,0,1.09947,-0.00757161,2.06201
9.832,-0.000730467,1.07528,-0.00725233,2.05374,0,1.0995,-0.00761722,2.06193
9.834,-0.000730467,1.07531,-0.00720671,2.05374,3.65234e-05,1.09947,-0.00757161,2.06193
9.836,-0.000730467,1.07531,-0.00720671,2.05383,0,1.0995,-0.00761722,2.06201
9.838,-0.000730467,1.07531,-0.00720671,2.05383,3.65234e-05,1.09947,-0.00757161,2.06193
9.84,-0.000730467,1.07528,-0.00725233,2.05392,0,1.0995,-0.00761722,2.06201
9.842,-0.000730467,1.07531,-0.00720671,2.05383,0,1.09952,-0.00757161,2.06193
9.844,-0.000730467,1.07528,-0.00725233,2.05374,0,1.09947,-0.00757161,2.06193
9.846,-0.000730467,1.07528,-0.00725233,2.05374,0,1.09947,-0.00757161,2.06193
9.848,-0.000730467,1.07531,-0.00720671,2.05374,0,1.09947,-0.00757161,2.06193
9.85,-0.000730467,1.07531,-0.00720671,2.05383,3.65234e-05,1.0995,-0.007526,2.06201
9.852,-0.000730467,1.07528,-0.00725233,2.05383,0,1.09947,-0.00757161,2.06193
9.854,-0.000730467,1.07528,-0.00725233,2.05383,3.65234e-05,1.0995,-0.007526,2.06193
9.856,-0.000730467,1.07528,-0.00725233,2.05383,0,1.09947,-0.00757161,2.06193
9.858,-0.000730467,1.07528,-0.00725233,2.05383,0,1.09947,-0.00757161,2.06193
9.86,-0.000730467,1.07528,-0.00725233,2.05383,0,1.09947,-0.00757161,2.06193
9.862,-0.000730467,1.07528,-0.00725233,2.05374,0,1.0995,-0.00761722,2.06201
9.864,-0.000730467,1.07528,-0.00725233,2.05383,3.65234e-05,1.09947,-0.00757161,2.06193
9.866,-0.000730467,1.07528,-0.00725233,2.05383,-3.65234e-05,1.09947,-0.00757161,2.06201
9.868,-0.00076699,1.07528,-0.00725233,2.05383,0,1.09947,-0.00757161,2.06193
9.87,-0.00076699,1.07528,-0.00725233,2.05383,0,1.09947,-0.00757161,2.06193
9.872,-0.000730467,1.07528,-0.00725233,2.05383,3.65234e-05,1.09947,-0.00757161,2.06193
9.874,-0.000730467,1.07528,-0.00725233,2.05383,3.65234e-05,1.09947,-0.00757161,2.06193
9.876,-0.000730467,1.07528,-0.00725233,2.05383,0,1.09947,-0.00757161,2.06193
9.878,-0.000730467,1.07528,-0.00725233,2.05374,3.65234e-05,1.09947,-0.00757161,2.06193
9.88,-0.000730467,1.07528,-0.00725233,2.05374,0,1.09947,-0.00757161,2.06201
9.882,-0.000730467,1.07528,-0.00725233,2.05383,0,1.0995,-0.007526,2.06201
9.884,-0.000730467,1.07528,-0.00725233,2.05383,3.65234e-05,1.09947,-0.00757161,2.06193
9.886,-0.000730467,1.07528,-0.00725233,2.05383,0,1.09944,-0.00761722,2.06201
9.888,-0.000730467,1.07528,-0.00725233,2.05383,0,1.0995,-0.00761722,2.06201
9.89,-0.000730467,1.07531,-0.00720671,2.05383,7.30467e-05,1.09947,-0.00757161,2.06201
9.892,-0.000730467,1.07531,-0.00720671,2.05383,-3.65234e-05,1.0995,-0.00761722,2.06193
9.894,-0.000730467,1.07528,-0.00725233,2.05383,0,1.0995,-0.00761722,2.06193
9.896,-0.000730467,1.07528,-0.00725233,2.05374,0,1.09952,-0.00757161,2.06193
9.898,-0.000730467,1.07528,-0.00725233,2.05374,0,1.0995,-0.007526,2.06201
9.9,-0.000730467,1.07531,-0.00720671,2.05383,3.65234e-05,1.0995,-0.007526,2.06193
9.902,-0.000730467,1.07528,-0.00725233,2.05383,0,1.09947,-0.00757161,2.06201
9.904,-0.000730467,1.07531,-0.00720671,2.05383,7.30467e-05,1.09947,-0.00757161,2.06193
9.906,-0.00076699,1.07531,-0.00720671,2.05383,0,1.0995,-0.00761722,2.06193
9.908,-0.000730467,1.07528,-0.00725233,2.05383,-3.65234e-05,1.09952,-0.00757161,2.06201
9.91,-0.000730467,1.07528,-0.00725233,2.05374,-3.65234e-05,1.0995,-0.00761722,2.06193
9.912,-0.000730467,1.07525,-0.00720671,2.05383,0,1.09947,-0.00766283,2.06201
9.914,-0.000693944,1.07528,-0.00725233,2.05383,0,1.0995,-0.00761722,2.06201
9.916,-0.000730467,1.07528,-0.00725233,2.05383,0,1.0995,-0.00761722,2.06193
9.918,-0.000730467,1.07528,-0.00725233,2.05383,3.65234e-05,1.09947,-0.00766283,2.06193
9.92,-0.00076699,1.07528,-0.00725233,2.05383,0,1.0995,-0.007526,2.06193
9.922,-0.000730467,1.07528,-0.00725233,2.05383,0,1.09947,-0.00757161,2.06193
9.924,-0.000730467,1.07528,-0.00725233,2.05383,3.65234e-05,1.0995,-0.00761722,2.06201
9.926,-0.000730467,1.07528,-0.00725233,2.05383,0,1.0995,-0.00761722,2.06201
9.928,-0.000730467,1.07528,-0.00725233,2.05383,0,1.09952,-0.00757161,2.06193
9.93,-0.000730467,1.07528,-0.00725233,2.05383,-3.65234e-05,1.0995,-0.007526,2.06201
9.932,-0.000730467,1.07528,-0.00725233,2.05383,0,1.09947,-0.00757161,2.06201
9.934,-0.000730467,1.07528,-0.00725233,2.05383,3.65234e-05,1.09947,-0.00757161,2.06201
9.936,-0.000730467,1.07531,-0.00720671,2.05383,0,1.0995,-0.00761722,2.06201
9.938,-0.000730467,1.07531,-0.00720671,2.05383,0,1.09947,-0.00757161,2.06201
9.94,-0.000730467,1.07528,-0.00725233,2.05383,0,1.09947,-0.00757161,2.06193
9.942,-0.000730467,1.07528,-0.00725233,2.05383,0,1.09947,-0.00757161,2.06193
9.944,-0.000730467,1.07528,-0.00725233,2.05383,0,1.09947,-0.00757161,2.06201
9.946,-0.000730467,1.07528,-0.00725233,2.05383,-3.65234e-05,1.0995,-0.00761722,2.06201
9.948,-0.000730467,1.07528,-0.00725233,2.05383,0,1.09947,-0.00757161,2.06193
9.95,-0.000730467,1.07528,-0.00725233,2.05383,0,1.0995,-0.00761722,2.06193
9.952,-0.000730467,1.07528,-0.00725233,2.05383,3.65234e-05,1.0995,-0.007526,2.06193
9.954,-0.000730467,1.07528,-0.00725233,2.05383,0,1.09952,-0.00757161,2.06201
9.956,-0.000730467,1.07528,-0.00725233,2.05383,0,1.09952,-0.00757161,2.06201
9.958,-0.000730467,1.07531,-0.00720671,2.05374,0,1.09952,-0.00757161,2.06193
9.96,-0.000730467,1.07531,-0.00720671,2.05374,0,1.09947,-0.00757161,2.06201
9.962,-0.000730467,1.07531,-0.00720671,2.05383,0,1.09947,-0.00757161,2.06193
9.964,-0.000730467,1.07528,-0.00725233,2.05383,0,1.09947,-0.00757161,2.06201
9.966,-0.000730467,1.07528,-0.00725233,2.05383,0,1.09947,-0.00757161,2.06193
9.968,-0.000730467,1.07528,-0.00725233,2.05383,0,1.09947,-0.00757161,2.06193
9.97,-0.000730467,1.07528,-0.00725233,2.05374,3.65234e-05,1.09947,-0.00757161,2.06193
9.972,-0.000730467,1.07528,-0.00725233,2.05374,0,1.0995,-0.00761722,2.06201
9.974,-0.000730467,1.07528,-0.00725233,2.05383,0,1.09947,-0.00757161,2.06193
9.976,-0.000730467,1.07528,-0.00725233,2.05383,0,1.09947,-0.00757161,2.06201
9.978,-0.000730467,1.07528,-0.00725233,2.05383,0,1.09944,-0.00761722,2.06193
9.98,-0.000730467,1.07528,-0.00725233,2.05383,0,1.09947,-0.00757161,2.06201
9.982,-0.00076699,1.07531,-0.00720671,2.05383,0,1.09947,-0.00757161,2.06201
9.984,-0.00076699,1.07528,-0.00725233,2.05383,3.65234e-05,1.09947,-0.00757161,2.06193
9.986,-0.000730467,1.07528,-0.00725233,2.05383,0,1.09947,-0.00757161,2.06201
9.988,-0.000730467,1.07528,-0.00725233,2.05383,3.65234e-05,1.0995,-0.007526,2.06201
9.99,-0.000730467,1.07528,-0.00725233,2.05383,3.65234e-05,1.0995,-0.007526,2.06193
9.992,-0.000730467,1.07528,-0.00725233,2.05383,0,1.0995,-0.00761722,2.06201
9.994,-0.00076699,1.07528,-0.00725233,2.05383,3.65234e-05,1.0995,-0.00761722,2.06201
9.996,-0.000730467,1.07528,-0.00725233,2.05383,0,1.09947,-0.00757161,2.06201
9.998,-0.000730467,1.07528,-0.00725233,2.05383,0,1.09947,-0.00757161,2.06201
10,-0.000730467,1.07531,-0.00720671,2.05383,3.65234e-05,1.0995,-0.00761722,2.06201
10.002,-0.000730467,1.07531,-0.00720671,2.05383,3.65234e-05,1.0995,-0.007526,2.06201
10.004,-0.000730467,1.07528,-0.00725233,2.05383,0,1.09947,-0.00757161,2.06193
10.006,-0.000730467,1.07528,-0.00725233,2.05383,0,1.09952,-0.00757161,2.06193
10.008,-0.000730467,1.07528,-0.00725233,2.05383,7.30467e-05,1.09947,-0.00757161,2.06201
10.01,-0.000730467,1.07528,-0.00725233,2.05383,0,1.09947,-0.00757161,2.06201
10.012,-0.000730467,1.07528,-0.00725233,2.05383,3.65234e-05,1.0995,-0.00761722,2.06201
10.014,-0.000693944,1.07528,-0.00725233,2.05383,3.65234e-05,1.09947,-0.00757161,2.06193
10.016,-0.000730467,1.07531,-0.00720671,2.05374,0,1.0995,-0.00761722,2.06193
10.018,-0.000730467,1.07531,-0.00720671,2.05383,0,1.0995,-0.007526,2.06193
10.02,-0.000730467,1.07528,-0.00725233,2.05374,3.65234e-05,1.0995,-0.00761722,2.06201
10.022,-0.00076699,1.07528,-0.00725233,2.05383,0,1.09947,-0.00757161,2.06201
10.024,-0.000730467,1.07531,-0.00720671,2.05383,0,1.0995,-0.00761722,2.06193
10.026,-0.000730467,1.07528,-0.00725233,2.05383,0,1.09947,-0.00757161,2.06193
10.028,-0.000730467,1.07528,-0.00725233,2.05383,3.65234e-05,1.09947,-0.00757161,2.06193
10.03,-0.000730467,1.07528,-0.00725233,2.05383,-3.65234e-05,1.09947,-0.00757161,2.06201
10.032,-0.000730467,1.07528,-0.00725233,2.05383,0,1.09947,-0.00757161,2.06193
10.034,-0.00076699,1.07528,-0.00725233,2.05383,0,1.0995,-0.00761722,2.06193
10.036,-0.000730467,1.07528,-0.00725233,2.05383,0,1.0995,-0.00761722,2.06193
10.038,-0.000730467,1.07528,-0.00725233,2.05383,3.65234e-05,1.0995,-0.00761722,2.06201
10.04,-0.000730467,1.07528,-0.00725233,2.05383,0,1.0995,-0.00761722,2.06193
10.042,-0.000730467,1.07528,-0.00725233,2.05383,3.65234e-05,1.0995,-0.00761722,2.06193
10.044,-0.000730467,1.07528,-0.00725233,2.05383,0,1.09947,-0.00757161,2.06201
10.046,-0.000730467,1.07528,-0.00725233,2.05383,0,1.09947,-0.00757161,2.06193
10.048,-0.000730467,1.07528,-0.00725233,2.05383,3.65234e-05,1.09947,-0.00757161,2.06193
10.05,-0.000730467,1.07531,-0.00720671,2.05383,3.65234e-05,1.0995,-0.00761722,2.06193
10.052,-0.000730467,1.07528,-0.00725233,2.05383,0,1.0995,-0.00761722,2.06193
10.054,-0.000730467,1.07531,-0.00720671,2.05383,0,1.09947,-0.00757161,2.06201
10.056,-0.000730467,1.07528,-0.00725233,2.05383,3.65234e-05,1.0995,-0.007526,2.06193
10.058,-0.000730467,1.07528,-0.00725233,2.05383,0,1.09947,-0.00757161,2.06193
10.06,-0.000730467,1.07528,-0.00725233,2.05383,3.65234e-05,1.09947,-0.00757161,2.06193
10.062,-0.000730467,1.07528,-0.00725233,2.05383,-3.65234e-05,1.0995,-0.00761722,2.06193
10.064,-0.000730467,1.07528,-0.00725233,2.05383,-3.65234e-05,1.09947,-0.00757161,2.06193
10.066,-0.000730467,1.07528,-0.00725233,2.05374,0,1.0995,-0.00761722,2.06193
10.068,-0.000730467,1.07531,-0.00720671,2.05374,3.65234e-05,1.0995,-0.00761722,2.06201
10.07,-0.000730467,1.07528,-0.00725233,2.05374,0,1.0995,-0.007526,2.06201
10.072,-0.000730467,1.07528,-0.00725233,2.05383,0,1.0995,-0.00761722,2.06193
10.074,-0.000730467,1.07528,-0.00725233,2.05392,0,1.09952,-0.00757161,2.06193
10.076,-0.000730467,1.07531,-0.00720671,2.05383,3.65234e-05,1.09947,-0.00757161,2.06193
10.078,-0.000730467,1.07528,-0.00725233,2.05383,0,1.09947,-0.00757161,2.06201
10.08,-0.000730467,1.07528,-0.00725233,2.05383,0,1.0995,-0.00761722,2.06201
10.082,-0.000730467,1.07528,-0.00725233,2.05374,0,1.0995,-0.007526,2.06201
10.084,-0.000730467,1.07528,-0.00725233,2.05374,-3.65234e-05,1.0995,-0.00761722,2.06201
10.086,-0.000730467,1.07531,-0.00720671,2.05374,-3.65234e-05,1.0995,-0.007526,2.06193
10.088,-0.000730467,1.07528,-0.00725233,2.05383,0,1.09947,-0.00757161,2.06201
10.09,-0.000730467,1.07531,-0.00720671,2.05392,0,1.09947,-0.00757161,2.06201
10.092,-0.000730467,1.07531,-0.00720671,2.05383,0,1.09947,-0.00757161,2.06201
10.094,-0.000730467,1.07528,-0.00725233,2.05383,0,1.09952,-0.00757161,2.06193
10.096,-0.000730467,1.07528,-0.00725233,2.05383,-3.65234e-05,1.09952,-0.00757161,2.06193
10.098,-0.000730467,1.07525,-0.00720671,2.05374,0,1.0995,-0.00761722,2.06193
10.1,-0.000730467,1.07528,-0.00725233,2.05374,0,1.09947,-0.00757161,2.06201
10.102,-0.000730467,1.07528,-0.00725233,2.05383,0,1.0995,-0.007526,2.06193
10.104,-0.000730467,1.07531,-0.00720671,2.05383,0,1.0995,-0.007526,2.06193
10.106,-0.000730467,1.07528,-0.00725233,2.05383,-3.65234e-05,1.09947,-0.00757161,2.06193
10.108,-0.00076699,1.07528,-0.00725233,2.05383,3.65234e-05,1.09947,-0.00757161,2.06193
10.11,-0.000730467,1.07531,-0.00720671,2.05383,3.65234e-05,1.0995,-0.00761722,2.06201
10.112,-0.000730467,1.07531,-0.00720671,2.05383,-7.30467e-05,1.0995,-0.007526,2.06201
10.114,-0.000730467,1.07528,-0.00725233,2.05374,0,1.09947,-0.00757161,2.06193
10.116,-0.000730467,1.07528,-0.00725233,2.05374,-7.30467e-05,1.0995,-0.007526,2.06193
10.118,-0.000730467,1.07528,-0.00725233,2.05383,0,1.0995,-0.007526,2.06201
10.12,-0.00076699,1.07528,-0.00725233,2.05383,0,1.0995,-0.007526,2.06201
10.122,-0.000730467,1.07531,-0.00720671,2.05383,3.65234e-05,1.09947,-0.00757161,2.06193
10.124,-0.000730467,1.07531,-0.00720671,2.05383,0,1.09947,-0.00757161,2.06193
10.126,-0.00076699,1.07531,-0.00720671,2.05383,-3.65234e-05,1.09947,-0.00757161,2.06193
10.128,-0.000730467,1.07531,-0.00720671,2.05374,0,1.0995,-0.00761722,2.06193
10.13,-0.000730467,1.07528,-0.00725233,2.05374,0,1.09952,-0.00757161,2.06201
10.132,-0.000730467,1.07528,-0.00725233,2.05383,3.65234e-05,1.09947,-0.00757161,2.06193
10.134,-0.000730467,1.07528,-0.00725233,2.05383,0,1.09952,-0.00757161,2.06193
10.136,-0.000730467,1.07528,-0.00725233,2.05383,0,1.09947,-0.00757161,2.06193
10.138,-0.000730467,1.07528,-0.00725233,2.05383,3.65234e-05,1.0995,-0.007526,2.06193
10.14,-0.000730467,1.07528,-0.00725233,2.05383,0,1.09947,-0.00757161,2.06193
10.142,-0.000730467,1.07531,-0.00720671,2.05374,3.65234e-05,1.0995,-0.00761722,2.06201
10.144,-0.000730467,1.07528,-0.00725233,2.05374,0,1.09947,-0.00757161,2.06201
10.146,-0.000730467,1.07531,-0.00720671,2.05374,0,1.0995,-0.00761722,2.06201
10.148,-0.000730467,1.07528,-0.00725233,2.05374,3.65234e-05,1.09952,-0.00757161,2.06201
10.15,-0.000730467,1.07528,-0.00725233,2.05383,0,1.0995,-0.00761722,2.06201
10.152,-0.000730467,1.07531,-0.00720671,2.05383,0,1.0995,-0.007526,2.06201
10.154,-0.000730467,1.07531,-0.00720671,2.05383,0,1.0995,-0.00761722,2.06193
10.156,-0.000730467,1.07528,-0.00725233,2.05383,3.65234e-05,1.0995,-0.007526,2.06193
10.158,-0.000730467,1.07528,-0.00725233,2.05383,0,1.0995,-0.00761722,2.06201
10.16,-0.000730467,1.07528,-0.00725233,2.05374,0,1.0995,-0.00761722,2.06193
10.162,-0.000730467,1.07528,-0.00725233,2.05374,0,1.09947,-0.00757161,2.06193
10.164,-0.000730467,1.07531,-0.00720671,2.05383,0,1.0995,-0.007526,2.06193
10.166,-0.000730467,1.07531,-0.00720671,2.05383,0,1.0995,-0.00761722,2.06193
10.168,-0.000730467,1.07528,-0.00725233,2.05383,3.65234e-05,1.0995,-0.00761722,2.06193
10.17,-0.000730467,1.07531,-0.00720671,2.05383,3.65234e-05,1.0995,-0.007526,2.06193
10.172,-0.000730467,1.07528,-0.00725233,2.05383,-3.65234e-05,1.09947,-0.00757161,2.06201
10.174,-0.000730467,1.07528,-0.00725233,2.05383,0,1.09947,-0.00757161,2.06201
10.176,-0.000730467,1.07528,-0.00725233,2.05374,-3.65234e-05,1.0995,-0.00761722,2.06193
10.178,-0.000730467,1.07528,-0.00725233,2.05383,0,1.09947,-0.00757161,2.06193
10.18,-0.000730467,1.07528,-0.00725233,2.05383,0,1.0995,-0.00761722,2.06201
10.182,-0.000730467,1.07531,-0.00720671,2.05383,0,1.09952,-0.00757161,2.06201
10.184,-0.000730467,1.07531,-0.00720671,2.05383,-3.65234e-05,1.0995,-0.00761722,2.06193
10.186,-0.000730467,1.07528,-0.00725233,2.05383,3.65234e-05,1.0995,-0.007526,2.06201
10.188,-0.000730467,1.07531,-0.00720671,2.05374,0,1.09947,-0.00757161,2.06193
10.19,-0.000730467,1.07528,-0.00725233,2.05383,3.65234e-05,1.0995,-0.00761722,2.06193
10.192,-0.000730467,1.07528,-0.00725233,2.05383,0,1.0995,-0.007526,2.06193
10.194,-0.00076699,1.07531,-0.00720671,2.05374,0,1.09952,-0.00757161,2.06193
10.196,-0.000730467,1.07528,-0.00725233,2.05374,-3.65234e-05,1.0995,-0.00761722,2.06201
10.198,-0.000730467,1.07531,-0.00720671,2.05383,0,1.09947,-0.00757161,2.06193
10.2,-0.000730467,1.07528,-0.00725233,2.05383,-3.65234e-05,1.09952,-0.00757161,2.06201
10.202,-0.000730467,1.07528,-0.00725233,2.05383,-3.65234e-05,1.0995,-0.007526,2.06193
10.204,-0.000730467,1.07531,-0.00720671,2.05383,0,1.0995,-0.007526,2.06193
10.206,-0.000730467,1.07528,-0.00725233,2.05374,3.65234e-05,1.09947,-0.00757161,2.06201
10.208,-0.000730467,1.07528,-0.00725233,2.05374,0,1.0995,-0.00761722,2.06193
10.21,-0.000730467,1.07531,-0.00720671,2.05383,0,1.0995,-0.00761722,2.06201
10.212,-0.000730467,1.07528,-0.00725233,2.05383,-3.65234e-05,1.09947,-0.00757161,2.06201
10.214,-0.000730467,1.07528,-0.00725233,2.05383,-3.65234e-05,1.09952,-0.00757161,2.06201
10.216,-0.000730467,1.07528,-0.00725233,2.05383,0,1.0995,-0.00761722,2.06193
10.218,-0.000730467,1.07528,-0.00725233,2.05383,3.65234e-05,1.09947,-0.00757161,2.06193
10.22,-0.000730467,1.07528,-0.00725233,2.05383,0,1.09947,-0.00757161,2.06193
10.222,-0.000730467,1.07528,-0.00725233,2.05383,0,1.09947,-0.00766283,2.06193
10.224,-0.000730467,1.07531,-0.00720671,2.05383,-3.65234e-05,1.09947,-0.00757161,2.06193
10.226,-0.000730467,1.07531,-0.00720671,2.05383,-3.65234e-05,1.09947,-0.00757161,2.06201
10.228,-0.000730467,1.07528,-0.00725233,2.05383,0,1.09947,-0.00757161,2.06201
10.23,-0.000730467,1.07528,-0.00725233,2.05383,0,1.09947,-0.00757161,2.06201
10.232,-0.000730467,1.07528,-0.00725233,2.05383,0,1.0995,-0.00761722,2.06193
10.234,-0.000730467,1.07528,-0.00725233,2.05383,0,1.0995,-0.00761722,2.06201
10.236,-0.000730467,1.07531,-0.00720671,2.05383,3.65234e-05,1.09952,-0.00757161,2.06201
10.238,-0.000730467,1.07528,-0.00725233,2.05383,3.65234e-05,1.0995,-0.00761722,2.06193
10.24,-0.000730467,1.07528,-0.00725233,2.05383,3.65234e-05,1.09947,-0.00757161,2.06193
10.242,-0.000730467,1.07528,-0.00725233,2.05374,3.65234e-05,1.09947,-0.00757161,2.06193
10.244,-0.000730467,1.07528,-0.00725233,2.05374,3.65234e-05,1.09947,-0.00757161,2.06201
10.246,-0.000730467,1.07528,-0.00725233,2.05374,0,1.09947,-0.00757161,2.06193
10.248,-0.000730467,1.07531,-0.00720671,2.05383,-3.65234e-05,1.09952,-0.00757161,2.06201
10.25,-0.000730467,1.07528,-0.00725233,2.05383,-3.65234e-05,1.09947,-0.00757161,2.06201
10.252,-0.000730467,1.07525,-0.00720671,2.05383,0,1.0995,-0.007526,2.06201
10.254,-0.000730467,1.07525,-0.00720671,2.05374,0,1.09947,-0.00757161,2.06193
10.256,-0.000730467,1.07528,-0.00725233,2.05383,0,1.09944,-0.00761722,2.06193
10.258,-0.000730467,1.07528,-0.00725233,2.05383,-3.65234e-05,1.0995,-0.00761722,2.06201
10.26,-0.000730467,1.07531,-0.00720671,2.05374,3.65234e-05,1.09947,-0.00757161,2.06201
10.262,-0.000730467,1.07528,-0.00725233,2.05383,0,1.09947,-0.00757161,2.06193
10.264,-0.000730467,1.07528,-0.00725233,2.05383,0,1.09952,-0.00757161,2.06193
10.266,-0.000730467,1.07531,-0.00720671,2.05383,-3.65234e-05,1.09952,-0.00757161,2.06201
10.268,-0.000730467,1.07528,-0.00725233,2.05383,3.65234e-05,1.09952,-0.00757161,2.06201
10.27,-0.000730467,1.07528,-0.00725233,2.05383,0,1.09952,-0.00757161,2.06193
10.272,-0.000730467,1.07528,-0.00725233,2.05383,0,1.09947,-0.00757161,2.06193
10.274,-0.00076699,1.07528,-0.00725233,2.05374,3.65234e-05,1.09947,-0.00757161,2.06193
10.276,-0.000730467,1.07528,-0.00725233,2.05383,0,1.09952,-0.00757161,2.06193
10.278,-0.000730467,1.07528,-0.0071611,2.05374,0,1.09947,-0.00757161,2.06201
10.28,-0.000730467,1.07528,-0.00725233,2.05383,0,1.09947,-0.00757161,2.06193
10.282,-0.000730467,1.07528,-0.00725233,2.05374,3.65234e-05,1.09947,-0.00757161,2.06193
10.284,-0.000730467,1.07528,-0.00725233,2.05383,0,1.09947,-0.00757161,2.06201
10.286,-0.000730467,1.07528,-0.00725233,2.05383,0,1.09947,-0.00757161,2.06201
10.288,-0.000730467,1.07528,-0.00725233,2.05383,0,1.09947,-0.00757161,2.06193
10.29,-0.000730467,1.07528,-0.00725233,2.05383,0,1.0995,-0.00761722,2.06201
10.292,-0.000730467,1.07528,-0.00725233,2.05383,3.65234e-05,1.0995,-0.007526,2.06193
10.294,-0.000730467,1.07528,-0.00725233,2.05383,3.65234e-05,1.0995,-0.00761722,2.06193
10.296,-0.000730467,1.07528,-0.00725233,2.05383,0,1.0995,-0.007526,2.06193
10.298,-0.000730467,1.07528,-0.00725233,2.05383,0,1.0995,-0.00761722,2.06193
10.3,-0.00076699,1.07528,-0.00725233,2.05383,0,1.0995,-0.007526,2.06201
10.302,-0.000730467,1.07528,-0.00725233,2.05383,-3.65234e-05,1.0995,-0.007526,2.06201
10.304,-0.000730467,1.07528,-0.00725233,2.05383,0,1.09947,-0.00757161,2.06193
10.306,-0.000730467,1.07528,-0.00725233,2.05383,0,1.09952,-0.00757161,2.06201
10.308,-0.000730467,1.07528,-0.00725233,2.05383,0,1.09947,-0.00757161,2.06201
10.31,-0.000730467,1.07528,-0.00725233,2.05383,0,1.0995,-0.00761722,2.06193
10.312,-0.000730467,1.07528,-0.00725233,2.05383,0,1.0995,-0.007526,2.06201
10.314,-0.000730467,1.07528,-0.00725233,2.05383,0,1.0995,-0.00761722,2.06201
10.316,-0.000730467,1.07531,-0.00720671,2.05383,-3.65234e-05,1.09947,-0.00757161,2.06201
10.318,-0.000730467,1.07528,-0.00725233,2.05383,0,1.09952,-0.00757161,2.06201
10.32,-0.000730467,1.07528,-0.00725233,2.05383,0,1.0995,-0.007526,2.06201
10.322,-0.00076699,1.07528,-0.00725233,2.05383,0,1.0995,-0.00761722,2.06201
10.324,-0.000730467,1.07528,-0.00725233,2.05383,0,1.09947,-0.00757161,2.06201
10.326,-0.000730467,1.07531,-0.00720671,2.05383,0,1.09947,-0.00757161,2.06201
10.328,-0.000730467,1.07528,-0.00725233,2.05383,0,1.09947,-0.00766283,2.06201
10.33,-0.000730467,1.07528,-0.00725233,2.05383,0,1.0995,-0.00761722,2.06193
10.332,-0.000730467,1.07528,-0.00725233,2.05383,0,1.0995,-0.00761722,2.06193
10.334,-0.000730467,1.07528,-0.00725233,2.05383,3.65234e-05,1.09947,-0.00757161,2.06193
10.336,-0.000730467,1.07528,-0.00725233,2.05383,0,1.09947,-0.00757161,2.06193
10.338,-0.000730467,1.07528,-0.00725233,2.05383,0,1.09947,-0.00757161,2.06193
10.34,-0.000730467,1.07528,-0.00725233,2.05383,3.65234e-05,1.09947,-0.00757161,2.06201
10.342,-0.000730467,1.07528,-0.00725233,2.05383,0,1.0995,-0.00761722,2.06201
10.344,-0.000730467,1.07528,-0.00725233,2.05383,0,1.0995,-0.00761722,2.06201
10.346,-0.000730467,1.07528,-0.00725233,2.05383,0,1.09947,-0.00757161,2.06201
10.348,-0.000730467,1.07528,-0.00725233,2.05383,0,1.0995,-0.00761722,2.06193
10.35,-0.000730467,1.07528,-0.00725233,2.05383,-3.65234e-05,1.09947,-0.00757161,2.06201
10.352,-0.000730467,1.07528,-0.00725233,2.05383,0,1.09952,-0.00757161,2.06201
10.354,-0.000730467,1.07528,-0.00725233,2.05383,-3.65234e-05,1.09947,-0.00757161,2.06201
10.356,-0.000730467,1.07528,-0.00725233,2.05383,0,1.0995,-0.007526,2.06201
10.358,-0.000730467,1.07531,-0.00720671,2.05383,0,1.0995,-0.00761722,2.06193
10.36,-0.000730467,1.07528,-0.00725233,2.05383,0,1.0995,-0.00761722,2.06193
10.362,-0.000730467,1.07528,-0.00725233,2.05383,3.65234e-05,1.09952,-0.00757161,2.06201
10.364,-0.000730467,1.07528,-0.00725233,2.05374,-3.65234e-05,1.0995,-0.007526,2.06201
10.366,-0.000730467,1.07528,-0.00725233,2.05383,3.65234e-05,1.09952,-0.00757161,2.06193
10.368,-0.000730467,1.07531,-0.00720671,2.05383,-3.65234e-05,1.09947,-0.00757161,2.06201
10.37,-0.000730467,1.07528,-0.00725233,2.05383,0,1.09947,-0.00757161,2.06193
10.372,-0.000730467,1.07528,-0.00725233,2.05383,0,1.09947,-0.00757161,2.06193
10.374,-0.000730467,1.07528,-0.00725233,2.05383,0,1.09947,-0.00757161,2.06201
10.376,-0.000730467,1.07528,-0.00725233,2.05383,0,1.09947,-0.00757161,2.06201
10.378,-0.000730467,1.07528,-0.00725233,2.05383,0,1.0995,-0.00761722,2.06201
10.38,-0.000730467,1.07528,-0.00725233,2.05383,0,1.09947,-0.00757161,2.06193
10.382,-0.000730467,1.07528,-0.00725233,2.05383,3.65234e-05,1.09947,-0.00757161,2.06193
10.384,-0.000730467,1.07531,-0.00720671,2.05383,0,1.0995,-0.007526,2.06201
10.386,-0.000730467,1.07528,-0.00725233,2.05374,0,1.09947,-0.00757161,2.06193
10.388,-0.000730467,1.07528,-0.00725233,2.05383,0,1.09947,-0.00757161,2.06201
10.39,-0.000730467,1.07528,-0.00725233,2.05383,0,1.09947,-0.00757161,2.06193
10.392,-0.000730467,1.07528,-0.00725233,2.05383,3.65234e-05,1.0995,-0.007526,2.06193
10.394,-0.000730467,1.07528,-0.00725233,2.05383,3.65234e-05,1.09947,-0.00757161,2.06193
10.396,-0.000730467,1.07528,-0.00725233,2.05383,0,1.0995,-0.00761722,2.06201
10.398,-0.000730467,1.07528,-0.00725233,2.05383,0,1.09952,-0.00757161,2.06193
10.4,-0.000730467,1.07528,-0.00725233,2.05374,0,1.0995,-0.007526,2.06193
10.402,-0.000730467,1.07528,-0.00725233,2.05383,0,1.09947,-0.00757161,2.06193
10.404,-0.000730467,1.07528,-0.00725233,2.05374,3.65234e-05,1.09952,-0.00757161,2.06193
10.406,-0.000730467,1.07531,-0.00720671,2.05383,0,1.09947,-0.00757161,2.06201
10.408,-0.000730467,1.07531,-0.00720671,2.05383,-3.65234e-05,1.09947,-0.00757161,2.06193
10.41,-0.000730467,1.07531,-0.00720671,2.05383,-3.65234e-05,1.0995,-0.00761722,2.06201
10.412,-0.000730467,1.07528,-0.00725233,2.05383,3.65234e-05,1.0995,-0.007526,2.06193
10.414,-0.000730467,1.07528,-0.00725233,2.05383,0,1.09947,-0.00757161,2.06201
10.416,-0.000730467,1.07528,-0.00725233,2.05374,0,1.09947,-0.00757161,2.06201
10.418,-0.000730467,1.07528,-0.00725233,2.05383,0,1.0995,-0.00761722,2.06193
10.42,-0.000730467,1.07531,-0.00720671,2.05383,0,1.0995,-0.00761722,2.06201
10.422,-0.000730467,1.07528,-0.00725233,2.05383,-3.65234e-05,1.09947,-0.00757161,2.06201
10.424,-0.000730467,1.07528,-0.00725233,2.05383,0,1.0995,-0.00761722,2.06193
10.426,-0.000730467,1.07528,-0.00725233,2.05383,0,1.0995,-0.00761722,2.06201
10.428,-0.000730467,1.07528,-0.00725233,2.05383,-3.65234e-05,1.09947,-0.00757161,2.06201
10.43,-0.000730467,1.07528,-0.00725233,2.05383,0,1.0995,-0.007526,2.06193
10.432,-0.000730467,1.07528,-0.00725233,2.05374,0,1.0995,-0.00761722,2.06201
10.434,-0.000730467,1.07528,-0.00725233,2.05383,0,1.09947,-0.00757161,2.06201
10.436,-0.000730467,1.07528,-0.00725233,2.05383,0,1.09947,-0.00757161,2.06193
10.438,-0.000730467,1.07531,-0.00720671,2.05383,-3.65234e-05,1.0995,-0.00761722,2.06193
10.44,-0.000730467,1.07531,-0.00720671,2.05383,-3.65234e-05,1.0995,-0.00761722,2.06193
10.442,-0.000730467,1.07531,-0.00720671,2.05383,0,1.0995,-0.00761722,2.06201
10.444,-0.000730467,1.07528,-0.00725233,2.05383,0,1.09952,-0.00757161,2.06193
10.446,-0.000730467,1.07528,-0.00725233,2.05383,0,1.09947,-0.00757161,2.06193
10.448,-0.000730467,1.07528,-0.00725233,2.05383,0,1.0995,-0.007526,2.06193
10.45,-0.000730467,1.07528,-0.00725233,2.05383,3.65234e-05,1.09947,-0.00757161,2.06193
10.452,-0.000730467,1.07528,-0.00725233,2.05383,-3.65234e-05,1.0995,-0.007526,2.06201
10.454,-0.000730467,1.07531,-0.00720671,2.05383,0,1.0995,-0.00761722,2.06193
10.456,-0.000730467,1.07531,-0.00720671,2.05383,0,1.09947,-0.00757161,2.06201
10.458,-0.000730467,1.07528,-0.00725233,2.05383,-3.65234e-05,1.0995,-0.00761722,2.06193
10.46,-0.000730467,1.07528,-0.00725233,2.05383,3.65234e-05,1.0995,-0.00761722,2.06201
10.462,-0.000730467,1.07528,-0.00725233,2.05383,3.65234e-05,1.0995,-0.007526,2.06201
10.464,-0.000730467,1.07528,-0.00725233,2.05383,0,1.0995,-0.007526,2.06201
10.466,-0.000730467,1.07528,-0.00725233,2.05383,0,1.0995,-0.007526,2.06193
10.468,-0.000730467,1.07528,-0.00725233,2.05383,0,1.0995,-0.00761722,2.06193
10.47,-0.000730467,1.07531,-0.00720671,2.05383,-3.65234e-05,1.09947,-0.00757161,2.06201
10.472,-0.000730467,1.07531,-0.00720671,2.05383,3.65234e-05,1.0995,-0.00761722,2.06201
10.474,-0.000730467,1.07531,-0.00720671,2.05383,0,1.0995,-0.00761722,2.06201
10.476,-0.000730467,1.07528,-0.00725233,2.05383,0,1.09947,-0.00757161,2.06193
10.478,-0.000730467,1.07528,-0.00725233,2.05383,-3.65234e-05,1.0995,-0.00761722,2.06201
10.48,-0.000730467,1.07528,-0.00725233,2.05383,0,1.0995,-0.00761722,2.06193
10.482,-0.000730467,1.07528,-0.00725233,2.05383,3.65234e-05,1.0995,-0.007526,2.06201
10.484,-0.000730467,1.07528,-0.00725233,2.05383,3.65234e-05,1.09947,-0.00757161,2.06193
10.486,-0.000730467,1.07525,-0.00720671,2.05383,0,1.09947,-0.00757161,2.06201
10.488,-0.000730467,1.07528,-0.00725233,2.05383,0,1.0995,-0.00761722,2.06201
10.49,-0.000730467,1.07528,-0.00725233,2.05374,0,1.0995,-0.00761722,2.06201
10.492,-0.000730467,1.07531,-0.00720671,2.05383,0,1.0995,-0.00761722,2.06193
10.494,-0.000730467,1.07528,-0.00725233,2.05383,-3.65234e-05,1.09952,-0.00757161,2.06193
10.496,-0.000730467,1.07528,-0.00725233,2.05383,0,1.0995,-0.007526,2.06193
10.498,-0.000730467,1.07531,-0.00720671,2.05383,0,1.09947,-0.00757161,2.06201
10.5,-0.000730467,1.07528,-0.00725233,2.05374,-3.65234e-05,1.09947,-0.00757161,2.06193
10.502,-0.000730467,1.07528,-0.00725233,2.05383,0,1.09952,-0.00757161,2.06193
10.504,-0.000730467,1.07528,-0.00725233,2.05374,0,1.0995,-0.00761722,2.06193
10.506,-0.000730467,1.07528,-0.00725233,2.05374,3.65234e-05,1.0995,-0.00761722,2.06193
10.508,-0.000730467,1.07528,-0.00725233,2.05383,0,1.09947,-0.00757161,2.06201
10.51,-0.000730467,1.07528,-0.00725233,2.05374,0,1.0995,-0.007526,2.06193
10.512,-0.000730467,1.07528,-0.00725233,2.05374,0,1.0995,-0.00761722,2.06201
10.514,-0.000730467,1.07528,-0.00725233,2.05383,-3.65234e-05,1.09947,-0.00757161,2.06193
10.516,-0.000730467,1.07528,-0.00725233,2.05383,0,1.09947,-0.00757161,2.06193
10.518,-0.000730467,1.07528,-0.00725233,2.05374,0,1.0995,-0.007526,2.06193
10.52,-0.000730467,1.07528,-0.00725233,2.05383,3.65234e-05,1.0995,-0.00761722,2.06193
10.522,-0.000730467,1.07528,-0.00725233,2.05374,0,1.09947,-0.00757161,2.06193
10.524,-0.000730467,1.07528,-0.00725233,2.05383,0,1.0995,-0.007526,2.06193
10.526,-0.000730467,1.07528,-0.00725233,2.05383,0,1.0995,-0.00761722,2.06193
10.528,-0.00076699,1.07528,-0.00725233,2.05383,-3.65234e-05,1.09947,-0.00757161,2.06201
10.53,-0.00076699,1.07531,-0.00720671,2.05383,0,1.09952,-0.00757161,2.06193
10.532,-0.000730467,1.07531,-0.00720671,2.05374,0,1.09952,-0.00757161,2.06193
10.534,-0.000730467,1.07528,-0.00725233,2.05383,0,1.0995,-0.007526,2.06201
10.536,-0.000730467,1.07528,-0.00725233,2.05383,0,1.09947,-0.00757161,2.06193
10.538,-0.000730467,1.07528,-0.00725233,2.05383,0,1.0995,-0.00761722,2.06193
10.54,-0.000730467,1.07531,-0.00720671,2.05383,0,1.0995,-0.00761722,2.06193
10.542,-0.000730467,1.07531,-0.00720671,2.05383,-3.65234e-05,1.09947,-0.00757161,2.06201
10.544,-0.000730467,1.07528,-0.00725233,2.05383,0,1.09947,-0.00757161,2.06201
10.546,-0.000730467,1.07528,-0.00725233,2.05383,0,1.09947,-0.00757161,2.06201
10.548,-0.000730467,1.07528,-0.00725233,2.05383,0,1.0995,-0.007526,2.06201
10.55,-0.000730467,1.07531,-0.00720671,2.05383,0,1.09947,-0.00757161,2.06193
10.552,-0.000730467,1.07528,-0.00725233,2.05383,-3.65234e-05,1.09952,-0.00757161,2.06193
10.554,-0.000730467,1.07531,-0.00720671,2.05383,3.65234e-05,1.09952,-0.00757161,2.06201
10.556,-0.000730467,1.07528,-0.00725233,2.05383,0,1.0995,-0.00761722,2.06201
10.558,-0.000730467,1.07528,-0.00725233,2.05383,0,1.0995,-0.00761722,2.06193
10.56,-0.000730467,1.07528,-0.00725233,2.05383,3.65234e-05,1.0995,-0.007526,2.06201
10.562,-0.000730467,1.07528,-0.00725233,2.05383,0,1.09947,-0.00757161,2.06201
10.564,-0.000730467,1.07531,-0.00720671,2.05392,3.65234e-05,1.0995,-0.00761722,2.06193
10.566,-0.000730467,1.07528,-0.00725233,2.05383,3.65234e-05,1.09947,-0.00757161,2.06193
10.568,-0.000730467,1.07528,-0.00725233,2.05383,0,1.0995,-0.007526,2.06201
10.57,-0.000730467,1.07528,-0.00725233,2.05383,-3.65234e-05,1.0995,-0.00761722,2.06201
10.572,-0.000730467,1.07528,-0.00725233,2.05383,0,1.09952,-0.00757161,2.06201
10.574,-0.000730467,1.07528,-0.00725233,2.05383,0,1.09947,-0.00757161,2.06193
10.576,-0.000730467,1.07528,-0.00725233,2.05383,0,1.09947,-0.00757161,2.06193
10.578,-0.000730467,1.07528,-0.00725233,2.05383,0,1.0995,-0.007526,2.06201
10.58,-0.000730467,1.07528,-0.00725233,2.05383,3.65234e-05,1.09944,-0.00761722,2.06201
10.582,-0.000730467,1.07528,-0.00725233,2.05383,0,1.0995,-0.007526,2.06193
10.584,-0.000730467,1.07528,-0.00725233,2.05383,3.65234e-05,1.09947,-0.00757161,2.06193
10.586,-0.000730467,1.07531,-0.00720671,2.05374,0,1.0995,-0.007526,2.06193
10.588,-0.000730467,1.07531,-0.00720671,2.05374,0,1.09944,-0.00761722,2.06193
10.59,-0.000730467,1.07528,-0.00725233,2.05383,3.65234e-05,1.0995,-0.007526,2.06193
10.592,-0.000730467,1.07528,-0.00725233,2.05383,0,1.09947,-0.00757161,2.06193
10.594,-0.000730467,1.07528,-0.00725233,2.05383,0,1.09947,-0.00757161,2.06201
10.596,-0.000730467,1.07528,-0.00725233,2.05374,0,1.0995,-0.007526,2.06193
10.598,-0.000730467,1.07528,-0.00725233,2.05383,0,1.0995,-0.007526,2.06201
10.6,-0.000730467,1.07531,-0.00720671,2.05374,0,1.09947,-0.00757161,2.06193
10.602,-0.000730467,1.07528,-0.00725233,2.05383,-3.65234e-05,1.09952,-0.00757161,2.06201
10.604,-0.000730467,1.07528,-0.00725233,2.05383,0,1.09947,-0.00757161,2.06193
10.606,-0.000730467,1.07528,-0.00725233,2.05383,0,1.0995,-0.007526,2.06193
10.608,-0.000730467,1.07528,-0.00725233,2.05383,0,1.09947,-0.00757161,2.06201
10.61,-0.000730467,1.07531,-0.00720671,2.05383,-3.65234e-05,1.09947,-0.00757161,2.06193
10.612,-0.000730467,1.07528,-0.00725233,2.05383,-3.65234e-05,1.09952,-0.00757161,2.06193
10.614,-0.000730467,1.07528,-0.00725233,2.05383,-3.65234e-05,1.09947,-0.00757161,2.06201
10.616,-0.000730467,1.07528,-0.00725233,2.05383,0,1.0995,-0.00761722,2.06193
10.618,-0.000730467,1.07528,-0.00725233,2.05383,0,1.09952,-0.00757161,2.06193
10.62,-0.000730467,1.07528,-0.00725233,2.05383,-3.65234e-05,1.09947,-0.00757161,2.06201
10.622,-0.000730467,1.07528,-0.00725233,2.05383,0,1.0995,-0.00761722,2.06201
10.624,-0.000730467,1.07528,-0.00725233,2.05374,-3.65234e-05,1.09947,-0.00757161,2.06193
10.626,-0.000730467,1.07531,-0.00720671,2.05374,-3.65234e-05,1.0995,-0.00761722,2.06193
10.628,-0.000730467,1.07531,-0.00720671,2.05383,0,1.0995,-0.007526,2.06193
10.63,-0.000730467,1.07528,-0.00725233,2.05383,3.65234e-05,1.0995,-0.00761722,2.06201
10.632,-0.000730467,1.07528,-0.00725233,2.05374,0,1.09947,-0.00757161,2.06193
10.634,-0.000730467,1.07528,-0.00725233,2.05383,3.65234e-05,1.0995,-0.00761722,2.06193
10.636,-0.000730467,1.07531,-0.00720671,2.05374,-3.65234e-05,1.0995,-0.00761722,2.06201
10.638,-0.000730467,1.07528,-0.00725233,2.05374,-3.65234e-05,1.09947,-0.00757161,2.06193
10.64,-0.000730467,1.07528,-0.00725233,2.05374,0,1.0995,-0.00761722,2.06193
10.642,-0.000730467,1.07528,-0.00725233,2.05374,0,1.09952,-0.00757161,2.06193
10.644,-0.000730467,1.07531,-0.00720671,2.05374,-3.65234e-05,1.09947,-0.00757161,2.06201
10.646,-0.00076699,1.07531,-0.00720671,2.05383,3.65234e-05,1.09947,-0.00757161,2.06193
10.648,-0.000730467,1.07528,-0.00725233,2.05383,3.65234e-05,1.0995,-0.007526,2.06193
10.65,-0.000730467,1.07531,-0.00720671,2.05383,0,1.09947,-0.00757161,2.06193
10.652,-0.000730467,1.07528,-0.00725233,2.05383,0,1.09947,-0.00757161,2.06193
10.654,-0.000730467,1.07528,-0.00725233,2.05383,0,1.0995,-0.007526,2.06193
10.656,-0.000730467,1.07528,-0.00725233,2.05383,-3.65234e-05,1.0995,-0.00761722,2.06201
10.658,-0.000730467,1.07528,-0.00725233,2.05383,3.65234e-05,1.09947,-0.00757161,2.06193
10.66,-0.000730467,1.07528,-0.00725233,2.05383,0,1.09947,-0.00757161,2.06193
10.662,-0.000730467,1.07528,-0.00725233,2.05383,0,1.0995,-0.007526,2.06201
10.664,-0.000730467,1.07528,-0.00725233,2.05383,0,1.09947,-0.00757161,2.06193
10.666,-0.000730467,1.07528,-0.00725233,2.05383,0,1.09947,-0.00757161,2.06193
10.668,-0.000730467,1.07528,-0.00725233,2.05383,0,1.0995,-0.00761722,2.06193
10.67,-0.000730467,1.07528,-0.00725233,2.05383,0,1.09947,-0.00757161,2.06201
10.672,-0.000730467,1.07528,-0.00725233,2.05383,0,1.09952,-0.00757161,2.06201
10.674,-0.000730467,1.07528,-0.00725233,2.05383,0,1.0995,-0.00761722,2.06193
10.676,-0.000730467,1.07528,-0.00725233,2.05383,3.65234e-05,1.0995,-0.00761722,2.06201
10.678,-0.000730467,1.07528,-0.00725233,2.05383,0,1.09952,-0.00757161,2.06193
10.68,-0.000730467,1.07531,-0.00720671,2.05383,3.65234e-05,1.09947,-0.00757161,2.06201
10.682,-0.000730467,1.07531,-0.00720671,2.05383,0,1.09947,-0.00757161,2.06193
10.684,-0.000730467,1.07528,-0.00725233,2.05383,3.65234e-05,1.09947,-0.00757161,2.06193
10.686,-0.000730467,1.07531,-0.00720671,2.05383,0,1.0995,-0.007526,2.06193
10.688,-0.000730467,1.07528,-0.00725233,2.05374,-3.65234e-05,1.09947,-0.00757161,2.06193
10.69,-0.000730467,1.07528,-0.00725233,2.05374,0,1.09947,-0.00757161,2.06193
10.692,-0.000730467,1.07528,-0.00725233,2.05383,0,1.09947,-0.00757161,2.06193
10.694,-0.000730467,1.07528,-0.00725233,2.05383,0,1.09947,-0.00757161,2.06201
10.696,-0.000730467,1.07531,-0.00720671,2.05383,0,1.0995,-0.007526,2.06193
10.698,-0.000730467,1.07528,-0.00725233,2.05383,3.65234e-05,1.09952,-0.00757161,2.06193
10.7,-0.000730467,1.07528,-0.00725233,2.05383,0,1.0995,-0.00761722,2.06201
10.702,-0.000730467,1.07528,-0.00725233,2.05383,0,1.0995,-0.007526,2.06201
10.704,-0.000730467,1.07528,-0.00725233,2.05383,0,1.0995,-0.00761722,2.06201
10.706,-0.000730467,1.07531,-0.00720671,2.05383,0,1.0995,-0.00761722,2.06193
10.708,-0.000730467,1.07531,-0.00720671,2.05383,0,1.09947,-0.00757161,2.06193
10.71,-0.000730467,1.07528,-0.00725233,2.05383,0,1.09952,-0.00757161,2.06193
10.712,-0.000730467,1.07531,-0.00720671,2.05383,7.30467e-05,1.0995,-0.00761722,2.06193
10.714,-0.000730467,1.07528,-0.00725233,2.05383,3.65234e-05,1.0995,-0.007526,2.06201
10.716,-0.000730467,1.07528,-0.00725233,2.05383,-3.65234e-05,1.0995,-0.00761722,2.06193
10.718,-0.000730467,1.07528,-0.00725233,2.05383,0,1.0995,-0.007526,2.06193
10.72,-0.000730467,1.07528,-0.00725233,2.05383,3.65234e-05,1.0995,-0.007526,2.06201
10.722,-0.000730467,1.07531,-0.00720671,2.05383,3.65234e-05,1.0995,-0.007526,2.06193
10.724,-0.000730467,1.07528,-0.00725233,2.05374,3.65234e-05,1.0995,-0.007526,2.06201
10.726,-0.000730467,1.07528,-0.00725233,2.05383,0,1.09947,-0.00757161,2.06193
10.728,-0.000730467,1.07528,-0.00725233,2.05383,0,1.09947,-0.00757161,2.06193
10.73,-0.000730467,1.07531,-0.00720671,2.05383,0,1.0995,-0.00761722,2.06201
10.732,-0.000730467,1.07531,-0.00720671,2.05383,0,1.09944,-0.00761722,2.06193
10.734,-0.000730467,1.07528,-0.00725233,2.05383,0,1.09947,-0.00757161,2.06201
10.736,-0.00076699,1.07528,-0.00725233,2.05383,3.65234e-05,1.0995,-0.007526,2.06193
10.738,-0.000730467,1.07528,-0.00725233,2.05383,0,1.09952,-0.00757161,2.06193
10.74,-0.000730467,1.07531,-0.00720671,2.05383,0,1.09947,-0.00757161,2.06193
10.742,-0.000730467,1.07528,-0.00725233,2.05383,-7.30467e-05,1.09947,-0.00757161,2.06193
10.744,-0.000730467,1.07528,-0.00725233,2.05383,-3.65234e-05,1.09947,-0.00757161,2.06193
10.746,-0.000730467,1.07531,-0.00720671,2.05374,0,1.09947,-0.00757161,2.06201
10.748,-0.000730467,1.07528,-0.00725233,2.05374,3.65234e-05,1.09952,-0.00757161,2.06193
10.75,-0.000730467,1.07528,-0.00725233,2.05383,0,1.09947,-0.00757161,2.06201
10.752,-0.000730467,1.07528,-0.00725233,2.05383,0,1.0995,-0.007526,2.06193
10.754,-0.000730467,1.07531,-0.00720671,2.05383,-3.65234e-05,1.09952,-0.00757161,2.06193
10.756,-0.000730467,1.07531,-0.00720671,2.05383,0,1.0995,-0.00761722,2.06193
10.758,-0.000730467,1.07531,-0.00720671,2.05383,-3.65234e-05,1.09947,-0.00757161,2.06201
10.76,-0.000730467,1.07528,-0.00725233,2.05383,3.65234e-05,1.0995,-0.007526,2.06201
10.762,-0.000730467,1.07528,-0.00725233,2.05383,0,1.09947,-0.00757161,2.06201
10.764,-0.000730467,1.07531,-0.00720671,2.05383,-3.65234e-05,1.0995,-0.007526,2.06193
10.766,-0.000730467,1.07528,-0.00725233,2.05383,-3.65234e-05,1.09947,-0.00757161,2.06193
10.768,-0.000730467,1.07531,-0.00720671,2.05383,0,1.09947,-0.00757161,2.06201
10.77,-0.000730467,1.07528,-0.00725233,2.05383,0,1.09947,-0.00757161,2.06201
10.772,-0.000730467,1.07531,-0.00720671,2.05383,0,1.0995,-0.007526,2.06193
10.774,-0.000730467,1.07528,-0.00725233,2.05383,0,1.09952,-0.00757161,2.06193
10.776,-0.000730467,1.07528,-0.00725233,2.05383,3.65234e-05,1.09947,-0.00757161,2.06193
10.778,-0.000730467,1.07531,-0.00720671,2.05374,-3.65234e-05,1.0995,-0.007526,2.06193
10.78,-0.000730467,1.07528,-0.00725233,2.05383,-3.65234e-05,1.09952,-0.00757161,2.06201
10.782,-0.000730467,1.07528,-0.00725233,2.05374,3.65234e-05,1.0995,-0.00761722,2.06201
10.784,-0.000730467,1.07528,-0.00725233,2.05374,3.65234e-05,1.0995,-0.00761722,2.06193
10.786,-0.000730467,1.07531,-0.00720671,2.05374,0,1.0995,-0.00761722,2.06193
10.788,-0.000730467,1.07528,-0.00725233,2.05383,0,1.0995,-0.007526,2.06193
10.79,-0.000730467,1.07531,-0.00720671,2.05383,0,1.0995,-0.00761722,2.06193
10.792,-0.000730467,1.07528,-0.00725233,2.05374,0,1.0995,-0.00761722,2.06201
10.794,-0.000730467,1.07531,-0.00720671,2.05383,0,1.0995,-0.00761722,2.06201
10.796,-0.000730467,1.07528,-0.00725233,2.05383,0,1.0995,-0.007526,2.06201
10.798,-0.000730467,1.07531,-0.00729794,2.05383,0,1.0995,-0.007526,2.06193
10.8,-0.00076699,1.07528,-0.00725233,2.05383,-3.65234e-05,1.09947,-0.00757161,2.06193
10.802,-0.000730467,1.07531,-0.00720671,2.05383,0,1.09947,-0.00757161,2.06201
10.804,-0.000730467,1.07528,-0.00725233,2.05383,-3.65234e-05,1.09947,-0.00757161,2.06193
10.806,-0.000730467,1.07531,-0.00720671,2.05383,0,1.09947,-0.00757161,2.06201
10.808,-0.000730467,1.07531,-0.00720671,2.05383,0,1.0995,-0.007526,2.06193
10.81,-0.000730467,1.07528,-0.00725233,2.05383,3.65234e-05,1.09952,-0.00757161,2.06201
10.812,-0.000730467,1.07531,-0.00720671,2.05383,3.65234e-05,1.0995,-0.007526,2.06193
10.814,-0.00076699,1.07528,-0.00725233,2.05383,3.65234e-05,1.0995,-0.007526,2.06201
10.816,-0.000730467,1.07528,-0.00725233,2.05383,3.65234e-05,1.09947,-0.00757161,2.06193
10.818,-0.000730467,1.07528,-0.00725233,2.05383,0,1.09947,-0.00757161,2.06201
10.82,-0.000730467,1.07528,-0.00725233,2.05383,-3.65234e-05,1.0995,-0.00761722,2.06201
10.822,-0.000730467,1.07528,-0.00725233,2.05383,0,1.09947,-0.00757161,2.06193
10.824,-0.000730467,1.07528,-0.00725233,2.05383,0,1.0995,-0.007526,2.06193
10.826,-0.000730467,1.07528,-0.00725233,2.05374,0,1.09947,-0.00757161,2.06201
10.828,-0.000730467,1.07528,-0.00725233,2.05374,3.65234e-05,1.09947,-0.00757161,2.06201
10.83,-0.000730467,1.07528,-0.00725233,2.05383,0,1.0995,-0.007526,2.06193
10.832,-0.000730467,1.07528,-0.00725233,2.05383,0,1.09947,-0.00757161,2.06193
10.834,-0.000730467,1.07528,-0.00725233,2.05383,0,1.09947,-0.00757161,2.06201
10.836,-0.000730467,1.07528,-0.00725233,2.05383,3.65234e-05,1.09947,-0.00757161,2.06193
10.838,-0.000730467,1.07531,-0.00720671,2.05383,0,1.0995,-0.00761722,2.06193
10.84,-0.000730467,1.07528,-0.00725233,2.05374,0,1.0995,-0.00761722,2.06201
10.842,-0.000730467,1.07528,-0.00725233,2.05383,3.65234e-05,1.09947,-0.00757161,2.06201
10.844,-0.000730467,1.07531,-0.00720671,2.05374,-3.65234e-05,1.0995,-0.007526,2.06201
10.846,-0.000730467,1.07528,-0.00725233,2.05383,-3.65234e-05,1.09952,-0.00757161,2.06201
10.848,-0.000730467,1.07528,-0.00725233,2.05374,0,1.0995,-0.00761722,2.06193
10.85,-0.000730467,1.07528,-0.00725233,2.05374,0,1.0995,-0.007526,2.06201
10.852,-0.000730467,1.07531,-0.00720671,2.05374,0,1.09947,-0.00757161,2.06201
10.854,-0.000730467,1.07531,-0.00720671,2.05383,0,1.09947,-0.00757161,2.06193
10.856,-0.000730467,1.07528,-0.00725233,2.05383,3.65234e-05,1.0995,-0.00761722,2.06193
10.858,-0.000730467,1.07533,-0.00725233,2.05383,-3.65234e-05,1.09947,-0.00757161,2.06193
10.86,-0.000730467,1.07528,-0.00725233,2.05374,0,1.09952,-0.00757161,2.06193
10.862,-0.000730467,1.07528,-0.00725233,2.05383,-3.65234e-05,1.0995,-0.007526,2.06193
10.864,-0.000730467,1.07531,-0.00720671,2.05383,3.65234e-05,1.09947,-0.00757161,2.06193
10.866,-0.000730467,1.07528,-0.00725233,2.05383,0,1.09952,-0.00757161,2.06201
10.868,-0.000730467,1.07528,-0.00725233,2.05383,3.65234e-05,1.09947,-0.00757161,2.06193
10.87,-0.000730467,1.07531,-0.00720671,2.05383,0,1.0995,-0.00761722,2.06201
10.872,-0.000730467,1.07531,-0.00720671,2.05383,0,1.09947,-0.00757161,2.06201
10.874,-0.000730467,1.07531,-0.00720671,2.05383,0,1.09952,-0.00757161,2.06201
10.876,-0.000730467,1.07531,-0.00720671,2.05383,-3.65234e-05,1.09952,-0.00757161,2.06193
10.878,-0.000730467,1.07528,-0.00725233,2.05383,3.65234e-05,1.09947,-0.00757161,2.06193
10.88,-0.000730467,1.07528,-0.00725233,2.05383,0,1.0995,-0.007526,2.06201
10.882,-0.000730467,1.07528,-0.00725233,2.05383,0,1.09947,-0.00757161,2.06201
10.884,-0.000730467,1.07528,-0.00725233,2.05383,0,1.0995,-0.007526,2.06201
10.886,-0.000730467,1.07531,-0.00720671,2.05383,0,1.0995,-0.00761722,2.06193
10.888,-0.000730467,1.07531,-0.00720671,2.05383,3.65234e-05,1.0995,-0.00761722,2.06193
10.89,-0.000730467,1.07528,-0.00725233,2.05383,0,1.09947,-0.00757161,2.06193
10.892,-0.000730467,1.07528,-0.00725233,2.05374,0,1.0995,-0.00761722,2.06193
10.894,-0.000730467,1.07528,-0.00725233,2.05383,3.65234e-05,1.0995,-0.007526,2.06193
10.896,-0.000730467,1.07528,-0.00725233,2.05383,3.65234e-05,1.09947,-0.00757161,2.06201
10.898,-0.000730467,1.07528,-0.00725233,2.05383,0,1.0995,-0.007526,2.06193
10.9,-0.000730467,1.07528,-0.00725233,2.05383,0,1.0995,-0.00761722,2.06201
10.902,-0.00076699,1.07528,-0.00725233,2.05383,0,1.09947,-0.00757161,2.06193
10.904,-0.000730467,1.07528,-0.00725233,2.05383,0,1.0995,-0.00761722,2.06193
10.906,-0.000730467,1.07531,-0.00720671,2.05383,0,1.0995,-0.007526,2.06201
10.908,-0.000730467,1.07528,-0.00725233,2.05383,0,1.0995,-0.00761722,2.06193
10.91,-0.000730467,1.07528,-0.00725233,2.05383,0,1.09947,-0.00757161,2.06201
10.912,-0.000730467,1.07528,-0.00725233,2.05374,0,1.0995,-0.00761722,2.06201
10.914,-0.000730467,1.07531,-0.00720671,2.05383,0,1.09947,-0.00757161,2.06201
10.916,-0.000730467,1.07531,-0.00720671,2.05383,0,1.09947,-0.00757161,2.06201
10.918,-0.00076699,1.07528,-0.00725233,2.05383,0,1.09947,-0.00757161,2.06193
10.92,-0.000730467,1.07528,-0.00725233,2.05383,0,1.09947,-0.00757161,2.06193
10.922,-0.000730467,1.07528,-0.00725233,2.05383,0,1.0995,-0.007526,2.06193
10.924,-0.000730467,1.07531,-0.00720671,2.05383,-3.65234e-05,1.0995,-0.00761722,2.06201
10.926,-0.000730467,1.07533,-0.00725233,2.05383,0,1.09947,-0.00757161,2.06193
10.928,-0.000730467,1.07531,-0.00720671,2.05374,0,1.09947,-0.00757161,2.06201
10.93,-0.000730467,1.07528,-0.00725233,2.05374,0,1.09952,-0.00757161,2.06193
10.932,-0.000730467,1.07531,-0.00720671,2.05374,3.65234e-05,1.0995,-0.007526,2.06201
10.934,-0.000730467,1.07531,-0.00720671,2.05374,0,1.09947,-0.00757161,2.06201
10.936,-0.000730467,1.07528,-0.00725233,2.05374,0,1.09952,-0.00757161,2.06193
10.938,-0.000730467,1.07528,-0.00725233,2.05383,0,1.09952,-0.00757161,2.06193
10.94,-0.000730467,1.07531,-0.00720671,2.05383,0,1.0995,-0.00761722,2.06193
10.942,-0.000730467,1.07528,-0.00725233,2.05383,0,1.09952,-0.00757161,2.06201
10.944,-0.000730467,1.07531,-0.00720671,2.05383,0,1.09947,-0.00757161,2.06193
10.946,-0.000730467,1.07528,-0.00725233,2.05383,0,1.0995,-0.007526,2.06193
10.948,-0.000730467,1.07531,-0.00720671,2.05374,0,1.09947,-0.00757161,2.06201
10.95,-0.000730467,1.07528,-0.00725233,2.05374,3.65234e-05,1.0995,-0.007526,2.06193
10.952,-0.000730467,1.07528,-0.00725233,2.05383,0,1.0995,-0.00761722,2.06193
10.954,-0.000730467,1.07528,-0.00725233,2.05383,0,1.09944,-0.00761722,2.06201
10.956,-0.000730467,1.07531,-0.00720671,2.05383,-3.65234e-05,1.0995,-0.007526,2.06193
10.958,-0.000730467,1.07528,-0.00725233,2.05383,3.65234e-05,1.09947,-0.00757161,2.06201
10.96,-0.000730467,1.07528,-0.00725233,2.05383,0,1.0995,-0.007526,2.06193
10.962,-0.000730467,1.07528,-0.00725233,2.05383,0,1.09947,-0.00757161,2.06201
10.964,-0.000730467,1.07528,-0.00725233,2.05383,-3.65234e-05,1.09947,-0.00757161,2.06193
10.966,-0.000730467,1.07528,-0.00725233,2.05383,3.65234e-05,1.09947,-0.00757161,2.06193
10.968,-0.000730467,1.07528,-0.00725233,2.05383,0,1.09947,-0.00757161,2.06201
10.97,-0.000730467,1.07528,-0.00725233,2.05383,-3.65234e-05,1.0995,-0.007526,2.06193
10.972,-0.000730467,1.07531,-0.00720671,2.05383,3.65234e-05,1.09947,-0.00757161,2.06193
10.974,-0.000730467,1.07528,-0.00725233,2.05383,0,1.0995,-0.00761722,2.06193
10.976,-0.000730467,1.07531,-0.00720671,2.05383,3.65234e-05,1.09947,-0.00757161,2.06201
10.978,-0.000730467,1.07531,-0.00720671,2.05383,0,1.09952,-0.00757161,2.06201
10.98,-0.000730467,1.07528,-0.0071611,2.05374,-3.65234e-05,1.09947,-0.00757161,2.06193
10.982,-0.000730467,1.07528,-0.00725233,2.05383,0,1.09947,-0.00757161,2.06193
10.984,-0.000730467,1.07528,-0.00725233,2.05383,0,1.09947,-0.00757161,2.06193
10.986,-0.000730467,1.07528,-0.00725233,2.05383,-3.65234e-05,1.09947,-0.00757161,2.06201
10.988,-0.000730467,1.07531,-0.00720671,2.05383,3.65234e-05,1.09947,-0.00757161,2.06193
10.99,-0.000730467,1.07531,-0.00720671,2.05383,0,1.0995,-0.00761722,2.06201
10.992,-0.000730467,1.07531,-0.00720671,2.05383,0,1.0995,-0.00761722,2.06201
10.994,-0.000730467,1.07531,-0.00720671,2.05383,0,1.09955,-0.007526,2.06193
10.996,-0.000730467,1.07528,-0.00725233,2.05383,-3.65234e-05,1.09947,-0.00757161,2.06193
10.998,-0.000730467,1.07528,-0.00725233,2.05383,0,1.09947,-0.00757161,2.06201
11,-0.000730467,1.07531,-0.00720671,2.05383,0,1.0995,-0.007526,2.06193
11.002,-0.000730467,1.07528,-0.00725233,2.05383,0,1.09947,-0.00757161,2.06201
11.004,-0.000730467,1.07531,-0.00720671,2.05383,0,1.09947,-0.00757161,2.06201
11.006,-0.000730467,1.07531,-0.00720671,2.05383,3.65234e-05,1.0995,-0.00761722,2.06193
11.008,-0.00076699,1.07528,-0.00725233,2.05383,-3.65234e-05,1.0995,-0.007526,2.06201
11.01,-0.000730467,1.07528,-0.00725233,2.05383,0,1.09952,-0.00757161,2.06193
11.012,-0.00076699,1.07528,-0.00725233,2.05383,0,1.09947,-0.00757161,2.06193
11.014,-0.000730467,1.07531,-0.00720671,2.05383,0,1.0995,-0.007526,2.06193
11.016,-0.000730467,1.07531,-0.00720671,2.05383,0,1.0995,-0.00761722,2.06201
11.018,-0.000730467,1.07531,-0.00720671,2.05383,-3.65234e-05,1.0995,-0.00761722,2.06201
11.02,-0.000730467,1.07528,-0.00725233,2.05383,0,1.0995,-0.00761722,2.06193
11.022,-0.000730467,1.07528,-0.00725233,2.05383,0,1.09947,-0.00757161,2.06193
11.024,-0.00076699,1.07528,-0.00725233,2.05383,0,1.0995,-0.00761722,2.06201
11.026,-0.00076699,1.07528,-0.00725233,2.05383,0,1.0995,-0.00761722,2.06193
11.028,-0.00076699,1.07531,-0.00720671,2.05383,-3.65234e-05,1.09947,-0.00757161,2.06193
11.03,-0.000730467,1.07531,-0.00720671,2.05383,-3.65234e-05,1.0995,-0.00761722,2.06201
11.032,-0.000730467,1.07531,-0.00720671,2.05374,0,1.0995,-0.007526,2.06201
11.034,-0.000730467,1.07528,-0.00725233,2.05383,-3.65234e-05,1.0995,-0.00761722,2.06201
11.036,-0.000730467,1.07528,-0.00725233,2.05383,0,1.09947,-0.00757161,2.06201
11.038,-0.000730467,1.07528,-0.00725233,2.05383,0,1.09952,-0.00757161,2.06201
11.04,-0.00076699,1.07531,-0.00720671,2.05383,0,1.0995,-0.007526,2.06201
11.042,-0.00076699,1.07528,-0.00725233,2.05383,3.65234e-05,1.09947,-0.00757161,2.06201
11.044,-0.000730467,1.07528,-0.00725233,2.05383,0,1.0995,-0.00761722,2.06201
11.046,-0.000730467,1.07528,-0.00725233,2.05374,0,1.0995,-0.007526,2.06193
11.048,-0.000730467,1.07528,-0.00725233,2.05383,0,1.0995,-0.00761722,2.06201
11.05,-0.000730467,1.07528,-0.00725233,2.05383,0,1.0995,-0.00761722,2.06193
11.052,-0.000730467,1.07531,-0.00720671,2.05383,3.65234e-05,1.0995,-0.007526,2.06193
11.054,-0.000730467,1.07528,-0.00725233,2.05383,3.65234e-05,1.09947,-0.00757161,2.06193
11.056,-0.000730467,1.07531,-0.00720671,2.05383,-3.65234e-05,1.09947,-0.00757161,2.06201
11.058,-0.00076699,1.07528,-0.00725233,2.05383,0,1.09947,-0.00757161,2.06201
11.06,-0.000730467,1.07528,-0.00725233,2.05383,3.65234e-05,1.09947,-0.00757161,2.06193
11.062,-0.000730467,1.07528,-0.00725233,2.05383,0,1.0995,-0.007526,2.06201
11.064,-0.000730467,1.07528,-0.00725233,2.05383,3.65234e-05,1.0995,-0.00761722,2.06193
11.066,-0.000730467,1.07531,-0.00720671,2.05383,0,1.0995,-0.00761722,2.06201
11.068,-0.000730467,1.07531,-0.00720671,2.05383,0,1.09947,-0.00757161,2.06201
11.07,-0.000730467,1.07531,-0.00720671,2.05383,0,1.09947,-0.00757161,2.06201
11.072,-0.000730467,1.07528,-0.00725233,2.05383,0,1.09947,-0.00757161,2.06193
11.074,-0.000730467,1.07528,-0.00725233,2.05383,0,1.09947,-0.00757161,2.06201
11.076,-0.00076699,1.07531,-0.00720671,2.05383,0,1.09947,-0.00757161,2.06201
11.078,-0.00076699,1.07528,-0.00725233,2.05374,0,1.09947,-0.00757161,2.06201
11.08,-0.000730467,1.07531,-0.00720671,2.05374,0,1.0995,-0.00761722,2.06193
11.082,-0.000730467,1.07528,-0.00725233,2.05374,0,1.0995,-0.00761722,2.06193
11.084,-0.000730467,1.07528,-0.00725233,2.05374,0,1.0995,-0.00761722,2.06193
11.086,-0.000730467,1.07531,-0.00720671,2.05374,0,1.0995,-0.007526,2.06201
11.088,-0.000730467,1.07531,-0.00720671,2.05374,0,1.09947,-0.00757161,2.06201
11.09,-0.000730467,1.07528,-0.00725233,2.05374,0,1.09947,-0.00757161,2.06193
11.092,-0.000730467,1.07528,-0.00725233,2.05374,3.65234e-05,1.09947,-0.00757161,2.06201
11.094,-0.000730467,1.07528,-0.00725233,2.05374,3.65234e-05,1.0995,-0.00761722,2.06193
11.096,-0.000730467,1.07528,-0.00725233,2.05383,3.65234e-05,1.0995,-0.007526,2.06193
11.098,-0.000730467,1.07531,-0.00720671,2.05383,-3.65234e-05,1.0995,-0.00761722,2.06193
11.1,-0.000730467,1.07531,-0.00720671,2.05383,3.65234e-05,1.0995,-0.00761722,2.06193
11.102,-0.000730467,1.07528,-0.00725233,2.05383,3.65234e-05,1.0995,-0.00761722,2.06193
11.104,-0.000730467,1.07528,-0.00725233,2.05383,-3.65234e-05,1.09947,-0.00757161,2.06193
11.106,-0.00076699,1.07531,-0.00720671,2.05383,-3.65234e-05,1.0995,-0.007526,2.06193
11.108,-0.000730467,1.07528,-0.00725233,2.05374,0,1.0995,-0.007526,2.06193
11.11,-0.000730467,1.07528,-0.00725233,2.05374,0,1.0995,-0.00761722,2.06201
11.112,-0.000730467,1.07528,-0.00725233,2.05374,0,1.09947,-0.00757161,2.06201
11.114,-0.000730467,1.07531,-0.00720671,2.05383,0,1.0995,-0.007526,2.06201
11.116,-0.00076699,1.07531,-0.00720671,2.05383,3.65234e-05,1.09947,-0.00757161,2.06201
11.118,-0.000730467,1.07528,-0.00725233,2.05374,0,1.0995,-0.00761722,2.06193
11.12,-0.000730467,1.07528,-0.00725233,2.05383,3.65234e-05,1.09947,-0.00757161,2.06193
11.122,-0.000730467,1.07528,-0.00725233,2.05383,3.65234e-05,1.0995,-0.00761722,2.06201
11.124,-0.000730467,1.07528,-0.00725233,2.05383,0,1.0995,-0.007526,2.06193
11.126,-0.000730467,1.07528,-0.00725233,2.05383,0,1.0995,-0.007526,2.06193
11.128,-0.00076699,1.07531,-0.00720671,2.05383,-3.65234e-05,1.0995,-0.00761722,2.06193
11.13,-0.000730467,1.07531,-0.00720671,2.05383,3.65234e-05,1.09952,-0.00757161,2.06201
11.132,-0.000730467,1.07528,-0.00725233,2.05383,0,1.0995,-0.00761722,2.06201
11.134,-0.000730467,1.07528,-0.00725233,2.05383,-3.65234e-05,1.09947,-0.00757161,2.06201
11.136,-0.00076699,1.07531,-0.00720671,2.05374,-3.65234e-05,1.09952,-0.00757161,2.06201
11.138,-0.000730467,1.07531,-0.00720671,2.05383,0,1.0995,-0.007526,2.06201
11.14,-0.000730467,1.07531,-0.00720671,2.05383,3.65234e-05,1.09952,-0.00757161,2.06201
11.142,-0.000730467,1.07528,-0.00725233,2.05383,0,1.09952,-0.00757161,2.06201
11.144,-0.000730467,1.07528,-0.00725233,2.05383,0,1.09947,-0.00757161,2.06193
11.146,-0.000730467,1.07531,-0.00720671,2.05383,0,1.09947,-0.00757161,2.06201
11.148,-0.000730467,1.07531,-0.00720671,2.05383,0,1.0995,-0.00761722,2.06201
11.15,-0.000730467,1.07531,-0.00720671,2.05383,0,1.09947,-0.00757161,2.06201
11.152,-0.000730467,1.07528,-0.00725233,2.05383,0,1.09947,-0.00757161,2.06193
11.154,-0.000730467,1.07528,-0.00725233,2.05383,0,1.09944,-0.00761722,2.06201
11.156,-0.000730467,1.07528,-0.00725233,2.05383,0,1.09947,-0.00757161,2.06193
11.158,-0.00076699,1.07531,-0.00720671,2.05383,0,1.0995,-0.00761722,2.06184
11.16,-0.000730467,1.07531,-0.00720671,2.05383,-3.65234e-05,1.0995,-0.007526,2.06193
11.162,-0.000730467,1.07528,-0.00725233,2.05383,3.65234e-05,1.0995,-0.007526,2.06201
11.164,-0.000730467,1.07528,-0.00725233,2.05383,0,1.0995,-0.00761722,2.06201
11.166,-0.000730467,1.07528,-0.00725233,2.05383,0,1.0995,-0.00761722,2.06201
11.168,-0.000730467,1.07528,-0.00725233,2.05383,0,1.09947,-0.00757161,2.06201
11.17,-0.000730467,1.07531,-0.00720671,2.05383,0,1.09947,-0.00757161,2.06201
11.172,-0.000730467,1.07531,-0.00720671,2.05383,0,1.09947,-0.00757161,2.06201
11.174,-0.00076699,1.07528,-0.00725233,2.05383,3.65234e-05,1.09947,-0.00757161,2.06193
11.176,-0.000730467,1.07528,-0.00725233,2.05383,0,1.0995,-0.007526,2.06193
11.178,-0.000730467,1.07528,-0.00725233,2.05374,0,1.09947,-0.00757161,2.06193
11.18,-0.000730467,1.07528,-0.00725233,2.05374,-3.65234e-05,1.0995,-0.00761722,2.06193
11.182,-0.000730467,1.07528,-0.00725233,2.05383,0,1.0995,-0.00761722,2.06193
11.184,-0.000730467,1.07528,-0.00725233,2.05383,0,1.09947,-0.00757161,2.06193
11.186,-0.000730467,1.07528,-0.00725233,2.05383,0,1.09947,-0.00757161,2.06193
11.188,-0.00076699,1.07528,-0.00725233,2.05383,-3.65234e-05,1.09947,-0.00757161,2.06201
11.19,-0.00076699,1.07533,-0.00725233,2.05383,3.65234e-05,1.09947,-0.00757161,2.06201
11.192,-0.000730467,1.07531,-0.00720671,2.05383,0,1.09947,-0.00757161,2.06193
11.194,-0.000730467,1.07531,-0.00720671,2.05383,0,1.09952,-0.00757161,2.06193
11.196,-0.000730467,1.07528,-0.00725233,2.05383,3.65234e-05,1.09952,-0.00757161,2.06201
11.198,-0.000730467,1.07528,-0.00725233,2.05383,3.65234e-05,1.09947,-0.00757161,2.06193
11.2,-0.000730467,1.07528,-0.00725233,2.05383,0,1.0995,-0.00761722,2.06193
11.202,-0.000730467,1.07528,-0.00725233,2.05383,-3.65234e-05,1.09947,-0.00757161,2.06193
11.204,-0.000730467,1.07531,-0.00720671,2.05383,0,1.09947,-0.00757161,2.06193
11.206,-0.000730467,1.07531,-0.00720671,2.05383,-3.65234e-05,1.09947,-0.00757161,2.06193
11.208,-0.000730467,1.07531,-0.00720671,2.05374,0,1.0995,-0.007526,2.06193
11.21,-0.000730467,1.07528,-0.00725233,2.05383,-3.65234e-05,1.0995,-0.00761722,2.06193
11.212,-0.000730467,1.07528,-0.00725233,2.05374,3.65234e-05,1.09947,-0.00757161,2.06201
11.214,-0.000730467,1.07528,-0.00725233,2.05383,3.65234e-05,1.0995,-0.00761722,2.06193
11.216,-0.000730467,1.07528,-0.00725233,2.05383,3.65234e-05,1.09947,-0.00757161,2.06193
11.218,-0.000730467,1.07531,-0.00720671,2.05383,3.65234e-05,1.09952,-0.00757161,2.06201
11.22,-0.000730467,1.07528,-0.00725233,2.05383,3.65234e-05,1.0995,-0.00761722,2.06193
11.222,-0.000730467,1.07528,-0.00725233,2.05383,3.65234e-05,1.0995,-0.007526,2.06193
11.224,-0.000730467,1.07531,-0.00720671,2.05374,3.65234e-05,1.09947,-0.00757161,2.06201
11.226,-0.000730467,1.07531,-0.00720671,2.05374,0,1.0995,-0.00761722,2.06193
11.228,-0.000730467,1.07528,-0.00725233,2.05374,0,1.09952,-0.00757161,2.06201
11.23,-0.000730467,1.07531,-0.00720671,2.05383,0,1.0995,-0.007526,2.06193
11.232,-0.000730467,1.07528,-0.00725233,2.05383,0,1.09947,-0.00757161,2.06193
11.234,-0.000730467,1.07528,-0.00725233,2.05383,-3.65234e-05,1.09947,-0.00757161,2.06201
11.236,-0.000730467,1.07528,-0.00725233,2.05383,3.65234e-05,1.09947,-0.00757161,2.06193
11.238,-0.00076699,1.07531,-0.00720671,2.05383,-3.65234e-05,1.0995,-0.00761722,2.06193
11.24,-0.000730467,1.07528,-0.00725233,2.05383,0,1.0995,-0.00761722,2.06201
11.242,-0.000730467,1.07531,-0.00720671,2.05383,0,1.0995,-0.007526,2.06193
11.244,-0.000730467,1.07528,-0.00725233,2.05383,0,1.09947,-0.00757161,2.06201
11.246,-0.000730467,1.07528,-0.00725233,2.05383,0,1.09947,-0.00757161,2.06201
11.248,-0.000730467,1.07531,-0.00720671,2.05374,0,1.09952,-0.00757161,2.06193
11.25,-0.00076699,1.07528,-0.00725233,2.05383,3.65234e-05,1.09947,-0.00757161,2.06193
11.252,-0.000730467,1.07531,-0.00720671,2.05383,0,1.09947,-0.00757161,2.06201
11.254,-0.000730467,1.07528,-0.00725233,2.05383,0,1.0995,-0.007526,2.06201
11.256,-0.000730467,1.07528,-0.00725233,2.05374,-3.65234e-05,1.0995,-0.007526,2.06201
11.258,-0.000730467,1.07531,-0.00720671,2.05374,3.65234e-05,1.09947,-0.00757161,2.06193
11.26,-0.000730467,1.07531,-0.00720671,2.05383,0,1.0995,-0.00761722,2.06193
11.262,-0.000730467,1.07528,-0.00725233,2.05383,0,1.09947,-0.00757161,2.06193
11.264,-0.000730467,1.07531,-0.00720671,2.05383,-3.65234e-05,1.09952,-0.00757161,2.06201
11.266,-0.000730467,1.07528,-0.00725233,2.05383,-3.65234e-05,1.0995,-0.00761722,2.06201
11.268,-0.00076699,1.07531,-0.00720671,2.05383,0,1.0995,-0.00761722,2.06201
11.27,-0.000730467,1.07528,-0.00725233,2.05383,0,1.0995,-0.007526,2.06193
11.272,-0.000730467,1.07531,-0.00720671,2.05383,0,1.09947,-0.00757161,2.06193
11.274,-0.000730467,1.07528,-0.00725233,2.05383,0,1.0995,-0.00761722,2.06193
11.276,-0.000730467,1.07531,-0.00720671,2.05383,0,1.0995,-0.007526,2.06201
11.278,-0.000730467,1.07528,-0.00725233,2.05383,0,1.09947,-0.00757161,2.06193
11.28,-0.000730467,1.07528,-0.00725233,2.05383,0,1.09944,-0.00761722,2.06193
11.282,-0.000730467,1.07531,-0.00720671,2.05383,0,1.09947,-0.00757161,2.06193
11.284,-0.000730467,1.07528,-0.00725233,2.05383,0,1.0995,-0.00761722,2.06193
11.286,-0.000730467,1.07528,-0.00725233,2.05383,0,1.09947,-0.00757161,2.06193
11.288,-0.000730467,1.07528,-0.00725233,2.05383,0,1.0995,-0.007526,2.06193
11.29,-0.000730467,1.07528,-0.00725233,2.05383,3.65234e-05,1.0995,-0.007526,2.06193
11.292,-0.000730467,1.07528,-0.00725233,2.05383,0,1.0995,-0.00761722,2.06193
11.294,-0.000730467,1.07528,-0.00725233,2.05383,0,1.09947,-0.00757161,2.06201
11.296,-0.000730467,1.07531,-0.00720671,2.05383,3.65234e-05,1.0995,-0.00761722,2.06201
11.298,-0.000730467,1.07531,-0.00720671,2.05383,0,1.09947,-0.00757161,2.06193
11.3,-0.000730467,1.07528,-0.00725233,2.05374,0,1.09947,-0.00757161,2.06193
11.302,-0.000730467,1.07528,-0.00725233,2.05383,0,1.0995,-0.007526,2.06193
11.304,-0.000730467,1.07528,-0.00725233,2.05383,3.65234e-05,1.09952,-0.00757161,2.06193
11.306,-0.000730467,1.07528,-0.00725233,2.05383,0,1.0995,-0.007526,2.06193
11.308,-0.000730467,1.07531,-0.00720671,2.05383,3.65234e-05,1.09947,-0.00757161,2.06193
11.31,-0.000730467,1.07528,-0.00725233,2.05383,0,1.09952,-0.00757161,2.06201
11.312,-0.000730467,1.07528,-0.00725233,2.05383,0,1.0995,-0.00761722,2.06201
11.314,-0.000730467,1.07528,-0.00725233,2.05383,-3.65234e-05,1.09952,-0.00757161,2.06193
11.316,-0.000730467,1.07531,-0.00720671,2.05383,-3.65234e-05,1.09947,-0.00757161,2.06201
11.318,-0.000730467,1.07531,-0.00720671,2.05383,0,1.09947,-0.00757161,2.06193
11.32,-0.000730467,1.07533,-0.00725233,2.05383,0,1.0995,-0.007526,2.06201
11.322,-0.000730467,1.07528,-0.00725233,2.05383,0,1.09944,-0.00761722,2.06193
11.324,-0.000730467,1.07528,-0.00725233,2.05383,0,1.0995,-0.007526,2.06193
11.326,-0.000730467,1.07525,-0.00720671,2.05383,0,1.0995,-0.007526,2.06201
11.328,-0.000730467,1.07528,-0.00725233,2.05383,0,1.09947,-0.00757161,2.06193
11.33,-0.000730467,1.07528,-0.00725233,2.05383,-3.65234e-05,1.0995,-0.00761722,2.06193
11.332,-0.000730467,1.07528,-0.00725233,2.05374,3.65234e-05,1.0995,-0.00761722,2.06193
11.334,-0.000730467,1.07528,-0.00725233,2.05374,0,1.09947,-0.00757161,2.06201
11.336,-0.000730467,1.07531,-0.00720671,2.05383,0,1.09952,-0.00757161,2.06201
11.338,-0.000730467,1.07531,-0.00720671,2.05374,0,1.0995,-0.007526,2.06201
11.34,-0.00076699,1.07528,-0.00725233,2.05383,-3.65234e-05,1.0995,-0.007526,2.06193
11.342,-0.000730467,1.07528,-0.00725233,2.05383,-3.65234e-05,1.0995,-0.00761722,2.06193
11.344,-0.000730467,1.07531,-0.00720671,2.05383,0,1.09952,-0.00757161,2.06201
11.346,-0.000730467,1.07531,-0.00720671,2.05383,3.65234e-05,1.0995,-0.00761722,2.06201
11.348,-0.000730467,1.07531,-0.00720671,2.05383,0,1.0995,-0.00761722,2.06193
11.35,-0.000730467,1.07528,-0.00725233,2.05374,3.65234e-05,1.0995,-0.00761722,2.06201
11.352,-0.000730467,1.07528,-0.00725233,2.05383,0,1.0995,-0.007526,2.06201
11.354,-0.000730467,1.07528,-0.00725233,2.05383,3.65234e-05,1.09947,-0.00757161,2.06201
11.356,-0.000730467,1.07528,-0.00725233,2.05383,0,1.09947,-0.00757161,2.06201
11.358,-0.000730467,1.07531,-0.00720671,2.05374,0,1.09947,-0.00757161,2.06193
11.36,-0.000730467,1.07531,-0.00720671,2.05383,0,1.0995,-0.007526,2.06193
11.362,-0.000730467,1.07528,-0.00725233,2.05383,3.65234e-05,1.0995,-0.00761722,2.06201
11.364,-0.000730467,1.07531,-0.00720671,2.05383,3.65234e-05,1.09947,-0.00757161,2.06201
11.366,-0.000730467,1.07528,-0.00725233,2.05383,3.65234e-05,1.0995,-0.007526,2.06201
11.368,-0.000730467,1.07528,-0.00725233,2.05383,-3.65234e-05,1.0995,-0.007526,2.06201
11.37,-0.00076699,1.07531,-0.00720671,2.05383,0,1.09947,-0.00757161,2.06193
11.372,-0.000730467,1.07531,-0.00720671,2.05383,3.65234e-05,1.09947,-0.00757161,2.06193
11.374,-0.000730467,1.07528,-0.00725233,2.05383,0,1.09947,-0.00757161,2.06201
11.376,-0.000730467,1.07531,-0.00720671,2.05383,0,1.09947,-0.00757161,2.06193
11.378,-0.000730467,1.07528,-0.00725233,2.05383,0,1.09947,-0.00757161,2.06201
11.38,-0.000730467,1.07528,-0.00725233,2.05383,0,1.0995,-0.007526,2.06193
11.382,-0.000730467,1.07528,-0.00725233,2.05383,-3.65234e-05,1.09952,-0.00757161,2.06201
11.384,-0.000730467,1.07528,-0.00725233,2.05383,0,1.09952,-0.00757161,2.06201
11.386,-0.000730467,1.07528,-0.00725233,2.05383,0,1.09952,-0.00757161,2.06193
11.388,-0.000730467,1.07531,-0.00720671,2.05383,0,1.09947,-0.00757161,2.06201
11.39,-0.000730467,1.07528,-0.00725233,2.05374,-3.65234e-05,1.0995,-0.00761722,2.06193
11.392,-0.000730467,1.07531,-0.00720671,2.05383,3.65234e-05,1.0995,-0.007526,2.06201
11.394,-0.000730467,1.07528,-0.00725233,2.05383,0,1.09947,-0.00757161,2.06193
11.396,-0.000730467,1.07531,-0.00720671,2.05383,0,1.0995,-0.007526,2.06201
11.398,-0.000730467,1.07531,-0.00720671,2.05383,0,1.09947,-0.00757161,2.06193
11.4,-0.000730467,1.07528,-0.00725233,2.05383,0,1.09947,-0.00757161,2.06193
11.402,-0.000730467,1.07528,-0.00725233,2.05383,3.65234e-05,1.09947,-0.00757161,2.06201
11.404,-0.000730467,1.07531,-0.00720671,2.05383,0,1.0995,-0.00761722,2.06201
11.406,-0.000730467,1.07528,-0.00725233,2.05383,0,1.0995,-0.007526,2.06193
11.408,-0.000730467,1.07528,-0.00725233,2.05383,3.65234e-05,1.0995,-0.007526,2.06193
11.41,-0.000730467,1.07531,-0.00720671,2.05383,0,1.0995,-0.00761722,2.06201
11.412,-0.000730467,1.07531,-0.00720671,2.05383,-3.65234e-05,1.09947,-0.00757161,2.06193
11.414,-0.000730467,1.07528,-0.00725233,2.05383,3.65234e-05,1.0995,-0.00761722,2.06201
11.416,-0.000730467,1.07528,-0.00725233,2.05383,3.65234e-05,1.0995,-0.00761722,2.06193
11.418,-0.000730467,1.07528,-0.00725233,2.05383,0,1.09952,-0.00757161,2.06201
11.42,-0.000730467,1.07528,-0.00725233,2.05383,0,1.0995,-0.007526,2.06201
11.422,-0.000730467,1.07528,-0.00725233,2.05383,3.65234e-05,1.0995,-0.007526,2.06193
11.424,-0.000730467,1.07528,-0.00725233,2.05383,0,1.09947,-0.00757161,2.06201
11.426,-0.000730467,1.07531,-0.00720671,2.05374,0,1.0995,-0.007526,2.06193
11.428,-0.000730467,1.07533,-0.00725233,2.05383,0,1.09947,-0.00757161,2.06201
11.43,-0.000730467,1.07528,-0.00725233,2.05374,0,1.0995,-0.00761722,2.06201
11.432,-0.000730467,1.07533,-0.00725233,2.05383,0,1.09947,-0.00757161,2.06201
11.434,-0.000730467,1.07531,-0.00720671,2.05374,-3.65234e-05,1.0995,-0.00761722,2.06201
11.436,-0.000730467,1.07531,-0.00720671,2.05383,3.65234e-05,1.09947,-0.00757161,2.06193
11.438,-0.000730467,1.07531,-0.00720671,2.05383,3.65234e-05,1.09952,-0.00757161,2.06193
11.44,-0.000730467,1.07531,-0.00720671,2.05383,0,1.0995,-0.00761722,2.06193
11.442,-0.000730467,1.07528,-0.00725233,2.05383,0,1.09947,-0.00757161,2.06193
11.444,-0.000730467,1.07528,-0.00725233,2.05383,0,1.0995,-0.007526,2.06201
11.446,-0.000730467,1.07531,-0.00720671,2.05383,-3.65234e-05,1.0995,-0.007526,2.06201
11.448,-0.000730467,1.07528,-0.00725233,2.05383,0,1.09947,-0.00757161,2.06201
11.45,-0.000730467,1.07531,-0.00720671,2.05383,0,1.0995,-0.007526,2.06193
11.452,-0.000730467,1.07531,-0.00720671,2.05383,0,1.0995,-0.007526,2.06193
11.454,-0.000730467,1.07531,-0.00720671,2.05374,0,1.09947,-0.00757161,2.06193
11.456,-0.000730467,1.07528,-0.00725233,2.05383,-3.65234e-05,1.0995,-0.007526,2.06193
11.458,-0.000730467,1.07528,-0.00725233,2.05383,0,1.09952,-0.00757161,2.06201
11.46,-0.000730467,1.07528,-0.00725233,2.05383,-3.65234e-05,1.09952,-0.00757161,2.06193
11.462,-0.000730467,1.07528,-0.00725233,2.05383,0,1.0995,-0.00761722,2.06193
11.464,-0.000730467,1.07528,-0.00725233,2.05383,3.65234e-05,1.0995,-0.00761722,2.06201
11.466,-0.000730467,1.07528,-0.00725233,2.05374,3.65234e-05,1.0995,-0.00761722,2.06193
11.468,-0.000730467,1.07528,-0.00725233,2.05374,0,1.09947,-0.00757161,2.06193
11.47,-0.000730467,1.07528,-0.00725233,2.05374,3.65234e-05,1.0995,-0.007526,2.06193
11.472,-0.000730467,1.07528,-0.00725233,2.05374,0,1.09947,-0.00757161,2.06193
11.474,-0.00076699,1.07531,-0.00720671,2.05374,0,1.0995,-0.007526,2.06193
11.476,-0.000730467,1.07528,-0.00725233,2.05383,3.65234e-05,1.09944,-0.00761722,2.06193
11.478,-0.000730467,1.07528,-0.00725233,2.05383,0,1.0995,-0.00761722,2.06193
11.48,-0.000730467,1.07528,-0.00725233,2.05374,3.65234e-05,1.09952,-0.00757161,2.06193
11.482,-0.000730467,1.07528,-0.00725233,2.05383,0,1.0995,-0.00761722,2.06201
11.484,-0.000730467,1.07528,-0.00725233,2.05383,3.65234e-05,1.0995,-0.007526,2.06193
11.486,-0.000730467,1.07531,-0.00720671,2.05383,0,1.09947,-0.00757161,2.06201
11.488,-0.000730467,1.07531,-0.00720671,2.05383,0,1.09947,-0.00757161,2.06193
11.49,-0.000730467,1.07528,-0.00725233,2.05383,0,1.09947,-0.00757161,2.06193
11.492,-0.000730467,1.07528,-0.00725233,2.05383,0,1.0995,-0.007526,2.06201
11.494,-0.000730467,1.07528,-0.00725233,2.05383,0,1.0995,-0.007526,2.06201
11.496,-0.000730467,1.07528,-0.00725233,2.05383,0,1.09947,-0.00757161,2.06201
11.498,-0.000730467,1.07528,-0.00725233,2.05383,0,1.09952,-0.00757161,2.06193
11.5,-0.000730467,1.07528,-0.00725233,2.05383,0,1.09952,-0.00757161,2.06201
11.502,-0.000730467,1.07531,-0.00720671,2.05392,0,1.09952,-0.00757161,2.06193
11.504,-0.000730467,1.07528,-0.00725233,2.05383,0,1.09947,-0.00757161,2.06193
11.506,-0.000730467,1.07531,-0.00720671,2.05383,0,1.09952,-0.00757161,2.06193
11.508,-0.000730467,1.07531,-0.00720671,2.05383,0,1.09947,-0.00757161,2.06201
11.51,-0.000730467,1.07531,-0.00720671,2.05383,3.65234e-05,1.0995,-0.007526,2.06193
11.512,-0.000730467,1.07531,-0.00720671,2.05383,0,1.09947,-0.00757161,2.06201
11.514,-0.000730467,1.07531,-0.00720671,2.05383,3.65234e-05,1.09947,-0.00757161,2.06193
11.516,-0.000730467,1.07528,-0.00725233,2.05383,0,1.0995,-0.00761722,2.06193
11.518,-0.000730467,1.07528,-0.00725233,2.05383,-3.65234e-05,1.0995,-0.007526,2.06201
11.52,-0.000730467,1.07528,-0.00725233,2.05374,0,1.09947,-0.00757161,2.06201
11.522,-0.000730467,1.07528,-0.00725233,2.05374,3.65234e-05,1.09947,-0.00757161,2.06193
11.524,-0.000730467,1.07528,-0.00725233,2.05374,0,1.09947,-0.00757161,2.06193
11.526,-0.000730467,1.07531,-0.00729794,2.05383,0,1.09952,-0.00757161,2.06193
11.528,-0.000730467,1.07531,-0.00729794,2.05383,0,1.09944,-0.00761722,2.06193
11.53,-0.000730467,1.07531,-0.00720671,2.05383,-3.65234e-05,1.09952,-0.00757161,2.06201
11.532,-0.000730467,1.07531,-0.00720671,2.05383,0,1.0995,-0.007526,2.06201
11.534,-0.000730467,1.07531,-0.00720671,2.05383,0,1.0995,-0.00761722,2.06201
11.536,-0.000730467,1.07528,-0.00725233,2.05383,0,1.09947,-0.00757161,2.06193
11.538,-0.000730467,1.07528,-0.00725233,2.05383,0,1.09947,-0.00757161,2.06193
11.54,-0.000730467,1.07528,-0.00725233,2.05383,3.65234e-05,1.09947,-0.00757161,2.06193
11.542,-0.000730467,1.07528,-0.00725233,2.05383,3.65234e-05,1.09947,-0.00757161,2.06193
11.544,-0.000730467,1.07528,-0.00725233,2.05383,0,1.09947,-0.00757161,2.06201
11.546,-0.000730467,1.07528,-0.00725233,2.05383,0,1.0995,-0.00761722,2.06193
11.548,-0.000730467,1.07528,-0.00725233,2.05383,0,1.09947,-0.00757161,2.06201
11.55,-0.000730467,1.07528,-0.00725233,2.05383,0,1.0995,-0.007526,2.06193
11.552,-0.000730467,1.07528,-0.00725233,2.05383,0,1.0995,-0.00761722,2.06201
11.554,-0.000730467,1.07528,-0.00725233,2.05383,0,1.09947,-0.00757161,2.06193
11.556,-0.000730467,1.07528,-0.00725233,2.05383,3.65234e-05,1.0995,-0.007526,2.06193
11.558,-0.000730467,1.07531,-0.00720671,2.05383,3.65234e-05,1.0995,-0.007526,2.06193
11.56,-0.000730467,1.07531,-0.00720671,2.05383,0,1.0995,-0.007526,2.06201
11.562,-0.000730467,1.07528,-0.00725233,2.05383,3.65234e-05,1.0995,-0.007526,2.06193
11.564,-0.000730467,1.07528,-0.00725233,2.05383,-3.65234e-05,1.09947,-0.00757161,2.06193
11.566,-0.000730467,1.07531,-0.00720671,2.05383,0,1.09947,-0.00757161,2.06201
11.568,-0.000730467,1.07531,-0.00720671,2.05383,3.65234e-05,1.0995,-0.00761722,2.06201
11.57,-0.000730467,1.07531,-0.00720671,2.05383,-3.65234e-05,1.09947,-0.00757161,2.06201
11.572,-0.000730467,1.07531,-0.00720671,2.05383,0,1.0995,-0.007526,2.06201
11.574,-0.000730467,1.07528,-0.00725233,2.05392,0,1.09947,-0.00757161,2.06193
11.576,-0.000730467,1.07528,-0.00725233,2.05383,0,1.09947,-0.00757161,2.06201
11.578,-0.000730467,1.07528,-0.00725233,2.05383,3.65234e-05,1.09947,-0.00757161,2.06193
11.58,-0.000730467,1.07531,-0.00720671,2.05383,3.65234e-05,1.09952,-0.00757161,2.06193
11.582,-0.000730467,1.07531,-0.00720671,2.05383,0,1.09952,-0.00757161,2.06201
11.584,-0.000730467,1.07531,-0.00720671,2.05383,-3.65234e-05,1.0995,-0.00761722,2.06193
11.586,-0.000730467,1.07528,-0.00725233,2.05383,0,1.09952,-0.00757161,2.06201
11.588,-0.000730467,1.07528,-0.00725233,2.05383,3.65234e-05,1.09947,-0.00757161,2.06201
11.59,-0.000730467,1.07531,-0.00720671,2.05383,0,1.0995,-0.00761722,2.06193
11.592,-0.000730467,1.07531,-0.00720671,2.05383,0,1.09947,-0.00757161,2.06201
11.594,-0.00076699,1.07528,-0.00725233,2.05383,0,1.09947,-0.00757161,2.06193
11.596,-0.00076699,1.07528,-0.00725233,2.05383,-3.65234e-05,1.0995,-0.007526,2.06201
11.598,-0.000730467,1.07528,-0.00725233,2.05383,0,1.09952,-0.00757161,2.06193
11.6,-0.000730467,1.07531,-0.00720671,2.05383,3.65234e-05,1.0995,-0.00761722,2.06193
11.602,-0.000730467,1.07528,-0.00725233,2.05383,0,1.0995,-0.00761722,2.06193
11.604,-0.000730467,1.07531,-0.00720671,2.05383,3.65234e-05,1.09947,-0.00757161,2.06201
11.606,-0.000730467,1.07528,-0.00725233,2.05383,3.65234e-05,1.09947,-0.00757161,2.06193
11.608,-0.000730467,1.07528,-0.00725233,2.05383,0,1.0995,-0.007526,2.06201
11.61,-0.000730467,1.07528,-0.00725233,2.05383,0,1.0995,-0.007526,2.06193
11.612,-0.000730467,1.07528,-0.00725233,2.05374,0,1.0995,-0.007526,2.06201
11.614,-0.000730467,1.07528,-0.00725233,2.05383,0,1.09952,-0.00757161,2.06201
11.616,-0.000730467,1.07528,-0.00725233,2.05383,3.65234e-05,1.0995,-0.00761722,2.06201
11.618,-0.000730467,1.07528,-0.00725233,2.05374,0,1.0995,-0.00761722,2.06201
11.62,-0.000730467,1.07528,-0.00725233,2.05383,0,1.0995,-0.007526,2.06193
11.622,-0.00076699,1.07528,-0.00725233,2.05374,0,1.0995,-0.007526,2.06193
11.624,-0.000730467,1.07531,-0.00729794,2.05383,0,1.0995,-0.00761722,2.06193
11.626,-0.000730467,1.07528,-0.00725233,2.05383,-3.65234e-05,1.0995,-0.007526,2.06193
11.628,-0.000730467,1.07528,-0.00725233,2.05383,0,1.0995,-0.00761722,2.06193
11.63,-0.000730467,1.07528,-0.00725233,2.05383,-3.65234e-05,1.0995,-0.00761722,2.06193
11.632,-0.000730467,1.07528,-0.00725233,2.05383,0,1.0995,-0.00761722,2.06201
11.634,-0.000730467,1.07528,-0.00725233,2.05383,0,1.09947,-0.00757161,2.06193
11.636,-0.000730467,1.07531,-0.00720671,2.05383,0,1.09947,-0.00757161,2.06201
11.638,-0.000730467,1.07528,-0.00725233,2.05383,0,1.09947,-0.00757161,2.06201
11.64,-0.000730467,1.07528,-0.00725233,2.05383,3.65234e-05,1.09947,-0.00757161,2.06193
11.642,-0.000730467,1.07528,-0.00725233,2.05383,3.65234e-05,1.09947,-0.00766283,2.06201
11.644,-0.000730467,1.07528,-0.00725233,2.05383,3.65234e-05,1.0995,-0.00761722,2.06193
11.646,-0.000730467,1.07531,-0.00720671,2.05374,0,1.09947,-0.00757161,2.06201
11.648,-0.000730467,1.07528,-0.00725233,2.05383,0,1.09947,-0.00757161,2.06193
11.65,-0.000730467,1.07528,-0.00725233,2.05383,0,1.09947,-0.00757161,2.06201
11.652,-0.000730467,1.07528,-0.00725233,2.05383,0,1.0995,-0.007526,2.06201
11.654,-0.000730467,1.07528,-0.00725233,2.05383,0,1.0995,-0.007526,2.06201
11.656,-0.000730467,1.07528,-0.00725233,2.05383,0,1.09947,-0.00757161,2.06201
11.658,-0.00076699,1.07528,-0.00725233,2.05374,0,1.09947,-0.00757161,2.06201
11.66,-0.000730467,1.07528,-0.00725233,2.05374,0,1.09952,-0.00757161,2.06201
11.662,-0.000730467,1.07528,-0.00725233,2.05383,0,1.0995,-0.00761722,2.06201
11.664,-0.000730467,1.07531,-0.00720671,2.05383,0,1.09947,-0.00757161,2.06193
11.666,-0.000730467,1.07531,-0.00720671,2.05383,-3.65234e-05,1.0995,-0.007526,2.06201
11.668,-0.000730467,1.07531,-0.00720671,2.05383,0,1.09947,-0.00757161,2.06193
11.67,-0.000730467,1.07528,-0.00725233,2.05383,3.65234e-05,1.09947,-0.00757161,2.06193
11.672,-0.000730467,1.07528,-0.00725233,2.05383,0,1.0995,-0.007526,2.06193
11.674,-0.00076699,1.07531,-0.00720671,2.05383,0,1.09947,-0.00757161,2.06201
11.676,-0.00076699,1.07528,-0.00725233,2.05383,0,1.09947,-0.00757161,2.06193
11.678,-0.000730467,1.07528,-0.00725233,2.05374,-3.65234e-05,1.09947,-0.00757161,2.06201
11.68,-0.000730467,1.07528,-0.00725233,2.05383,0,1.09947,-0.00757161,2.06193
11.682,-0.000730467,1.07531,-0.00720671,2.05383,-3.65234e-05,1.09947,-0.00757161,2.06193
11.684,-0.000730467,1.07531,-0.00720671,2.05383,0,1.09947,-0.00757161,2.06193
11.686,-0.00076699,1.07528,-0.00725233,2.05383,0,1.0995,-0.007526,2.06193
11.688,-0.000730467,1.07528,-0.00725233,2.05383,0,1.09947,-0.00757161,2.06193
11.69,-0.000730467,1.07528,-0.00725233,2.05374,3.65234e-05,1.0995,-0.00761722,2.06193
11.692,-0.000730467,1.07531,-0.00720671,2.05383,0,1.0995,-0.00761722,2.06193
11.694,-0.000730467,1.07528,-0.00725233,2.05383,0,1.09952,-0.00757161,2.06193
11.696,-0.000730467,1.07533,-0.00725233,2.05383,7.30467e-05,1.0995,-0.00761722,2.06193
11.698,-0.000730467,1.07528,-0.00725233,2.05383,3.65234e-05,1.09952,-0.00757161,2.06193
11.7,-0.000730467,1.07533,-0.00725233,2.05383,0,1.09947,-0.00757161,2.06201
11.702,-0.000730467,1.07533,-0.00725233,2.05392,3.65234e-05,1.0995,-0.007526,2.06193
11.704,-0.000730467,1.07528,-0.00725233,2.05383,0,1.0995,-0.00761722,2.06193
11.706,-0.000730467,1.07528,-0.00725233,2.05383,0,1.09947,-0.00757161,2.06193
11.708,-0.000730467,1.07528,-0.00725233,2.05383,0,1.09947,-0.00757161,2.06193
11.71,-0.000730467,1.07528,-0.00725233,2.05383,0,1.09947,-0.00757161,2.06193
11.712,-0.000730467,1.07528,-0.00725233,2.05383,0,1.09947,-0.00757161,2.06201
11.714,-0.000730467,1.07531,-0.00720671,2.05383,0,1.09947,-0.00757161,2.06201
11.716,-0.000730467,1.07531,-0.00720671,2.05374,3.65234e-05,1.09947,-0.00757161,2.06193
11.718,-0.000730467,1.07528,-0.00725233,2.05383,-3.65234e-05,1.09947,-0.00757161,2.06193
11.72,-0.000730467,1.07528,-0.00725233,2.05383,0,1.0995,-0.00761722,2.06201
11.722,-0.000730467,1.07528,-0.00725233,2.05374,0,1.0995,-0.007526,2.06201
11.724,-0.000730467,1.07531,-0.00720671,2.05383,0,1.09947,-0.00757161,2.06193
11.726,-0.000730467,1.07531,-0.00720671,2.05374,3.65234e-05,1.0995,-0.007526,2.06201
11.728,-0.00076699,1.07528,-0.00725233,2.05383,3.65234e-05,1.09947,-0.00757161,2.06201
11.73,-0.000730467,1.07528,-0.00725233,2.05383,3.65234e-05,1.09952,-0.00757161,2.06201
11.732,-0.000730467,1.07528,-0.00725233,2.05374,0,1.09947,-0.00757161,2.06193
11.734,-0.000730467,1.07531,-0.00720671,2.05383,0,1.0995,-0.007526,2.06201
11.736,-0.000730467,1.07531,-0.00720671,2.05383,0,1.0995,-0.00761722,2.06201
11.738,-0.000730467,1.07531,-0.00720671,2.05383,0,1.0995,-0.00761722,2.06193
11.74,-0.000730467,1.07531,-0.00729794,2.05383,3.65234e-05,1.0995,-0.00761722,2.06193
11.742,-0.000730467,1.07531,-0.00720671,2.05383,0,1.09952,-0.00757161,2.06193
11.744,-0.00076699,1.07531,-0.00720671,2.05383,3.65234e-05,1.0995,-0.007526,2.06201
11.746,-0.000730467,1.07528,-0.00725233,2.05383,0,1.09952,-0.00757161,2.06193
11.748,-0.00076699,1.07528,-0.00725233,2.05383,0,1.0995,-0.00761722,2.06193
11.75,-0.000730467,1.07528,-0.00725233,2.05383,3.65234e-05,1.0995,-0.00761722,2.06201
11.752,-0.000730467,1.07531,-0.00720671,2.05383,0,1.09952,-0.00757161,2.06193
11.754,-0.00076699,1.07531,-0.00720671,2.05383,0,1.09952,-0.00757161,2.06201
11.756,-0.000730467,1.07528,-0.00725233,2.05383,3.65234e-05,1.0995,-0.00761722,2.06193
11.758,-0.000730467,1.07528,-0.00725233,2.05383,0,1.09947,-0.00757161,2.06193
11.76,-0.000730467,1.07528,-0.00725233,2.05383,3.65234e-05,1.09952,-0.00757161,2.06201
11.762,-0.000730467,1.07528,-0.00725233,2.05383,3.65234e-05,1.09947,-0.00757161,2.06193
11.764,-0.00076699,1.07531,-0.00720671,2.05383,3.65234e-05,1.09952,-0.00757161,2.06193
11.766,-0.000730467,1.07528,-0.00725233,2.05383,0,1.09947,-0.00757161,2.06193
11.768,-0.00076699,1.07528,-0.00725233,2.05383,0,1.09947,-0.00757161,2.06201
11.77,-0.000730467,1.07531,-0.00720671,2.05383,-3.65234e-05,1.09947,-0.00757161,2.06201
11.772,-0.000730467,1.07531,-0.00720671,2.05374,0,1.09947,-0.00757161,2.06201
11.774,-0.000730467,1.07528,-0.00725233,2.05374,3.65234e-05,1.0995,-0.00761722,2.06193
11.776,-0.000730467,1.07531,-0.00720671,2.05383,3.65234e-05,1.0995,-0.00761722,2.06193
11.778,-0.000730467,1.07531,-0.00720671,2.05383,3.65234e-05,1.0995,-0.007526,2.06193
11.78,-0.000730467,1.07528,-0.00725233,2.05383,0,1.0995,-0.007526,2.06201
11.782,-0.000730467,1.07528,-0.00725233,2.05383,0,1.0995,-0.007526,2.06201
11.784,-0.000730467,1.07528,-0.00725233,2.05383,0,1.0995,-0.007526,2.06201
11.786,-0.000730467,1.07528,-0.00725233,2.05383,0,1.0995,-0.00761722,2.06193
11.788,-0.000730467,1.07531,-0.00720671,2.05383,-3.65234e-05,1.0995,-0.00761722,2.06193
11.79,-0.000730467,1.07531,-0.00720671,2.05383,-3.65234e-05,1.0995,-0.00761722,2.06193
11.792,-0.000730467,1.07533,-0.00725233,2.05383,0,1.09947,-0.00757161,2.06201
11.794,-0.000730467,1.07533,-0.00725233,2.05383,3.65234e-05,1.0995,-0.007526,2.06201
11.796,-0.000730467,1.07528,-0.00725233,2.05383,0,1.0995,-0.007526,2.06201
11.798,-0.000730467,1.07531,-0.00720671,2.05383,0,1.0995,-0.007526,2.06193
11.8,-0.000730467,1.07531,-0.00720671,2.05374,0,1.09947,-0.00757161,2.06193
11.802,-0.000730467,1.07528,-0.00725233,2.05383,0,1.09947,-0.00757161,2.06193
11.804,-0.000730467,1.07531,-0.00720671,2.05383,-3.65234e-05,1.09947,-0.00757161,2.06193
11.806,-0.000730467,1.07531,-0.00720671,2.05383,3.65234e-05,1.09952,-0.00757161,2.06193
11.808,-0.000730467,1.07531,-0.00720671,2.05383,0,1.0995,-0.007526,2.06201
11.81,-0.000730467,1.07528,-0.00725233,2.05383,0,1.0995,-0.007526,2.06193
11.812,-0.000730467,1.07531,-0.00720671,2.05383,0,1.0995,-0.00761722,2.06193
11.814,-0.000730467,1.07531,-0.00720671,2.05374,0,1.09952,-0.00757161,2.06193
11.816,-0.000730467,1.07531,-0.00720671,2.05383,-3.65234e-05,1.0995,-0.00761722,2.06193
11.818,-0.000730467,1.07528,-0.00725233,2.05374,0,1.0995,-0.007526,2.06193
11.82,-0.000730467,1.07528,-0.00725233,2.05383,0,1.09952,-0.00757161,2.06201
11.822,-0.000730467,1.07531,-0.00720671,2.05383,-3.65234e-05,1.0995,-0.00761722,2.06201
11.824,-0.000730467,1.07531,-0.00720671,2.05374,0,1.09952,-0.00757161,2.06193
11.826,-0.000730467,1.07531,-0.00720671,2.05374,0,1.0995,-0.007526,2.06201
11.828,-0.000730467,1.07531,-0.00720671,2.05374,3.65234e-05,1.0995,-0.007526,2.06201
11.83,-0.000730467,1.07531,-0.00720671,2.05383,0,1.09947,-0.00757161,2.06193
11.832,-0.000730467,1.07531,-0.00720671,2.05383,0,1.09947,-0.00757161,2.06201
11.834,-0.000730467,1.07531,-0.00720671,2.05383,-3.65234e-05,1.09947,-0.00757161,2.06193
11.836,-0.000730467,1.07531,-0.00720671,2.05383,0,1.09947,-0.00757161,2.06193
11.838,-0.000730467,1.07531,-0.00720671,2.05383,0,1.0995,-0.00761722,2.06201
11.84,-0.000730467,1.07528,-0.00725233,2.05383,3.65234e-05,1.0995,-0.007526,2.06201
11.842,-0.000730467,1.07528,-0.00725233,2.05383,0,1.09947,-0.00757161,2.06201
11.844,-0.000730467,1.07528,-0.00725233,2.05383,3.65234e-05,1.0995,-0.00761722,2.06193
11.846,-0.000730467,1.07531,-0.00720671,2.05383,3.65234e-05,1.0995,-0.00761722,2.06193
11.848,-0.000730467,1.07531,-0.00720671,2.05383,0,1.09947,-0.00757161,2.06193
11.85,-0.000730467,1.07531,-0.00720671,2.05383,0,1.09947,-0.00757161,2.06193
11.852,-0.000730467,1.07531,-0.00720671,2.05383,0,1.09947,-0.00757161,2.06193
11.854,-0.000730467,1.07531,-0.00729794,2.05383,0,1.0995,-0.007526,2.06193
11.856,-0.000730467,1.07531,-0.00720671,2.05383,0,1.09952,-0.00757161,2.06193
