0.002,-0.00244706,1.07694,-0.00884875,2.03252,-0.00252011,1.10189,-0.00843824,2.04173
0.004,-0.00241054,1.07696,-0.00889436,2.03252,-0.00255663,1.10186,-0.00848385,2.04181
0.006,-0.00241054,1.07696,-0.00889436,2.03261,-0.00255663,1.10189,-0.00843824,2.04181
0.008,-0.00241054,1.07699,-0.00884875,2.03261,-0.00252011,1.10189,-0.00843824,2.04181
0.01,-0.00244706,1.07696,-0.00889436,2.03252,-0.00255663,1.10189,-0.00843824,2.04181
0.012,-0.00241054,1.07696,-0.00889436,2.03252,-0.00252011,1.10189,-0.00843824,2.04181
0.014,-0.00244706,1.07696,-0.00889436,2.03252,-0.00252011,1.10189,-0.00843824,2.04181
0.016,-0.00244706,1.07696,-0.00889436,2.03252,-0.00255663,1.10189,-0.00843824,2.04181
0.018,-0.00244706,1.07696,-0.00889436,2.03261,-0.00255663,1.10189,-0.00843824,2.04181
0.02,-0.00244706,1.07696,-0.00889436,2.03261,-0.00252011,1.10189,-0.00843824,2.04181
0.022,-0.00244706,1.07696,-0.00889436,2.03252,-0.00255663,1.10189,-0.00843824,2.04181
0.024,-0.00244706,1.07696,-0.00889436,2.03261,-0.00252011,1.10189,-0.00843824,2.04181
0.026,-0.00244706,1.07696,-0.00889436,2.03261,-0.00255663,1.10189,-0.00843824,2.04181
0.028,-0.00241054,1.07696,-0.00889436,2.03252,-0.00248359,1.10189,-0.00843824,2.04173
0.03,-0.00241054,1.07696,-0.00889436,2.03252,-0.00252011,1.10189,-0.00843824,2.04173
0.032,-0.00244706,1.07696,-0.00889436,2.03252,-0.00255663,1.10191,-0.00848385,2.04181
0.034,-0.00241054,1.07696,-0.00889436,2.03261,-0.00255663,1.10191,-0.00839263,2.04173
0.036,-0.00241054,1.07696,-0.00889436,2.03252,-0.00255663,1.10189,-0.00843824,2.04181
0.038,-0.00244706,1.07696,-0.00889436,2.03252,-0.00255663,1.10189,-0.00843824,2.04181
0.04,-0.00244706,1.07696,-0.00889436,2.03252,-0.00252011,1.10189,-0.00843824,2.04181
0.042,-0.00241054,1.07696,-0.00889436,2.03252,-0.00255663,1.10189,-0.00843824,2.04181
0.044,-0.00241054,1.07699,-0.00884875,2.03252,-0.00252011,1.10186,-0.00848385,2.04173
0.046,-0.00241054,1.07696,-0.00889436,2.03252,-0.00255663,1.10189,-0.00843824,2.04173
0.048,-0.00241054,1.07696,-0.00889436,2.03252,-0.00255663,1.10189,-0.00843824,2.04181
0.05,-0.00244706,1.07696,-0.00889436,2.03261,-0.00252011,1.10189,-0.00843824,2.04181
0.052,-0.00241054,1.07699,-0.00884875,2.03252,-0.00252011,1.10191,-0.00839263,2.04181
0.054,-0.00244706,1.07699,-0.00884875,2.03252,-0.00252011,1.10189,-0.00843824,2.04181
0.056,-0.00244706,1.07696,-0.00889436,2.03261,-0.00252011,1.10189,-0.00843824,2.04173
0.058,-0.00244706,1.07696,-0.00889436,2.03261,-0.00252011,1.10186,-0.00848385,2.04181
0.06,-0.00244706,1.07696,-0.00889436,2.03261,-0.00255663,1.10191,-0.00839263,2.04181
0.062,-0.00241054,1.07696,-0.00889436,2.03252,-0.00255663,1.10189,-0.00843824,2.04181
0.064,-0.00244706,1.07696,-0.00889436,2.03261,-0.00252011,1.10189,-0.00843824,2.04181
0.066,-0.00244706,1.07696,-0.00889436,2.03252,-0.00259316,1.10191,-0.00848385,2.04181
0.068,-0.00244706,1.07696,-0.00889436,2.03252,-0.00252011,1.10189,-0.00843824,2.04181
0.07,-0.00244706,1.07699,-0.00884875,2.03261,-0.00255663,1.10189,-0.00843824,2.04181
0.072,-0.00241054,1.07696,-0.00889436,2.03252,-0.00252011,1.10189,-0.00843824,2.04173
0.074,-0.00241054,1.07699,-0.00884875,2.03252,-0.00248359,1.10186,-0.00848385,2.04173
0.076,-0.00241054,1.07696,-0.00889436,2.03261,-0.00252011,1.10189,-0.00843824,2.04181
0.078,-0.00244706,1.07699,-0.00884875,2.03252,-0.00255663,1.10189,-0.00843824,2.04181
0.08,-0.00241054,1.07696,-0.00889436,2.03252,-0.00255663,1.10191,-0.00839263,2.04181
0.082,-0.00241054,1.07696,-0.00889436,2.03252,-0.00259316,1.10194,-0.00843824,2.04173
0.084,-0.00241054,1.07696,-0.00889436,2.03252,-0.00255663,1.10194,-0.00843824,2.04173
0.086,-0.00241054,1.07696,-0.00889436,2.03252,-0.00255663,1.10189,-0.00843824,2.04173
0.088,-0.00244706,1.07699,-0.00884875,2.03261,-0.00252011,1.10189,-0.00843824,2.04173
0.09,-0.00244706,1.07696,-0.00889436,2.03261,-0.00255663,1.10189,-0.00843824,2.04173
0.092,-0.00241054,1.07696,-0.00889436,2.03261,-0.00252011,1.10194,-0.00843824,2.04181
0.094,-0.00244706,1.07696,-0.00889436,2.03252,-0.00252011,1.10189,-0.00852946,2.04181
0.096,-0.00241054,1.07696,-0.00889436,2.03252,-0.00255663,1.10189,-0.00843824,2.04173
0.098,-0.00241054,1.07699,-0.00884875,2.03252,-0.00259316,1.10189,-0.00843824,2.04181
0.1,-0.00244706,1.07699,-0.00884875,2.03252,-0.00255663,1.10189,-0.00843824,2.04173
0.102,-0.00241054,1.07696,-0.00889436,2.03261,-0.00255663,1.10186,-0.00848385,2.04181
0.104,-0.00241054,1.07696,-0.00889436,2.03261,-0.00252011,1.10191,-0.00839263,2.04181
0.106,-0.00244706,1.07696,-0.00889436,2.03261,-0.00255663,1.10189,-0.00843824,2.04181
0.108,-0.00244706,1.07699,-0.00884875,2.03261,-0.00255663,1.10186,-0.00848385,2.04181
0.11,-0.00244706,1.07699,-0.00884875,2.03261,-0.00252011,1.10191,-0.00839263,2.04181
0.112,-0.00244706,1.07696,-0.00889436,2.03252,-0.00255663,1.10191,-0.00848385,2.04181
0.114,-0.00244706,1.07696,-0.00889436,2.03261,-0.00252011,1.10189,-0.00843824,2.04181
0.116,-0.00244706,1.07696,-0.00889436,2.03261,-0.00252011,1.10189,-0.00843824,2.04173
0.118,-0.00244706,1.07696,-0.00889436,2.03261,-0.00259316,1.10189,-0.00843824,2.04173
0.12,-0.00244706,1.07696,-0.00889436,2.03261,-0.00255663,1.10189,-0.00843824,2.04181
0.122,-0.00241054,1.07699,-0.00884875,2.03261,-0.00252011,1.10189,-0.00843824,2.04173
0.124,-0.00244706,1.07696,-0.00889436,2.03261,-0.00255663,1.10189,-0.00843824,2.04173
0.126,-0.00241054,1.07696,-0.00889436,2.03261,-0.00252011,1.10189,-0.00852946,2.04181
0.128,-0.00244706,1.07696,-0.00889436,2.03252,-0.00255663,1.10189,-0.00843824,2.04181
0.13,-0.00241054,1.07699,-0.00884875,2.03252,-0.00259316,1.10189,-0.00843824,2.04181
0.132,-0.00244706,1.07696,-0.00889436,2.03252,-0.00248359,1.10191,-0.00839263,2.04181
0.134,-0.00241054,1.07696,-0.00889436,2.03252,-0.00255663,1.10191,-0.00848385,2.04173
0.136,-0.00241054,1.07696,-0.00889436,2.03261,-0.00255663,1.10189,-0.00843824,2.04181
0.138,-0.00244706,1.07696,-0.00889436,2.03261,-0.00252011,1.10191,-0.00848385,2.04181
0.14,-0.00241054,1.07696,-0.00889436,2.03261,-0.00255663,1.10189,-0.00852946,2.04173
0.142,-0.00241054,1.07699,-0.00884875,2.03261,-0.00255663,1.10189,-0.00843824,2.04181
0.144,-0.00244706,1.07696,-0.00889436,2.03261,-0.00252011,1.10189,-0.00843824,2.04181
0.146,-0.00241054,1.07696,-0.00889436,2.03261,-0.00255663,1.10186,-0.00848385,2.04173
0.148,-0.00241054,1.07696,-0.00889436,2.03252,-0.00255663,1.10191,-0.00848385,2.04181
0.15,-0.00241054,1.07696,-0.00889436,2.03261,-0.00252011,1.10189,-0.00843824,2.04181
0.152,-0.00241054,1.07696,-0.00889436,2.03261,-0.00259316,1.10189,-0.00843824,2.04181
0.154,-0.00241054,1.07699,-0.00884875,2.03261,-0.00252011,1.10189,-0.00843824,2.04173
0.156,-0.00241054,1.07696,-0.00889436,2.03261,-0.00252011,1.10189,-0.00843824,2.04173
0.158,-0.00244706,1.07696,-0.00889436,2.03252,-0.00252011,1.10189,-0.00843824,2.04173
0.16,-0.00241054,1.07696,-0.00889436,2.03252,-0.00255663,1.10189,-0.00843824,2.04181
0.162,-0.00244706,1.07696,-0.00889436,2.03261,-0.00255663,1.10191,-0.00848385,2.04181
0.164,-0.00244706,1.07696,-0.00889436,2.03252,-0.00252011,1.10191,-0.00839263,2.04181
0.166,-0.00244706,1.07696,-0.00889436,2.03261,-0.00255663,1.10189,-0.00843824,2.04173
0.168,-0.00241054,1.07699,-0.00884875,2.03261,-0.00255663,1.10189,-0.00843824,2.04173
0.17,-0.00244706,1.07696,-0.00889436,2.03252,-0.00255663,1.10194,-0.00843824,2.04173
0.172,-0.00244706,1.07699,-0.00884875,2.03252,-0.00252011,1.10189,-0.00843824,2.04181
0.174,-0.00241054,1.07696,-0.00889436,2.03252,-0.00255663,1.10191,-0.00848385,2.04173
0.176,-0.00244706,1.07696,-0.00889436,2.03252,-0.00255663,1.10189,-0.00843824,2.04181
0.178,-0.00244706,1.07696,-0.00889436,2.03261,-0.00255663,1.10189,-0.00843824,2.04173
0.18,-0.00241054,1.07699,-0.00884875,2.03261,-0.00248359,1.10191,-0.00839263,2.04181
0.182,-0.00244706,1.07696,-0.00889436,2.03261,-0.00255663,1.10189,-0.00843824,2.04173
0.184,-0.00244706,1.07699,-0.00884875,2.03252,-0.00255663,1.10189,-0.00843824,2.04173
0.186,-0.00241054,1.07699,-0.00884875,2.03252,-0.00259316,1.10189,-0.00843824,2.04181
0.188,-0.00241054,1.07696,-0.00889436,2.03252,-0.00255663,1.10191,-0.00848385,2.04181
0.19,-0.00241054,1.07696,-0.00889436,2.03252,-0.00252011,1.10189,-0.00843824,2.04181
0.192,-0.00244706,1.07696,-0.00889436,2.03252,-0.00255663,1.10191,-0.00848385,2.04173
0.194,-0.00241054,1.07696,-0.00889436,2.03252,-0.00255663,1.10186,-0.00848385,2.04181
0.196,-0.00241054,1.07696,-0.00889436,2.03252,-0.00255663,1.10189,-0.00843824,2.04173
0.198,-0.00244706,1.07696,-0.00889436,2.03252,-0.00252011,1.10189,-0.00843824,2.04181
0.2,-0.00241054,1.07696,-0.00889436,2.03252,-0.00248359,1.10189,-0.00843824,2.04181
0.202,-0.00241054,1.07696,-0.00889436,2.03252,-0.00259316,1.10189,-0.00843824,2.04181
0.204,-0.00244706,1.07696,-0.00889436,2.03252,-0.00255663,1.10191,-0.00848385,2.04173
0.206,-0.00244706,1.07696,-0.00889436,2.03252,-0.00259316,1.10189,-0.00843824,2.04181
0.208,-0.00244706,1.07696,-0.00889436,2.03252,-0.00255663,1.10189,-0.00843824,2.04173
0.21,-0.00241054,1.07696,-0.00889436,2.03261,-0.00255663,1.10189,-0.00843824,2.04173
0.212,-0.00244706,1.07699,-0.00884875,2.03261,-0.00255663,1.10191,-0.00839263,2.04181
0.214,-0.00241054,1.07696,-0.00889436,2.03261,-0.00259316,1.10189,-0.00843824,2.04181
0.216,-0.00241054,1.07699,-0.00884875,2.03261,-0.00255663,1.10191,-0.00839263,2.04181
0.218,-0.00241054,1.07696,-0.00889436,2.03252,-0.00255663,1.10191,-0.00848385,2.04181
0.22,-0.00241054,1.07696,-0.00889436,2.03252,-0.00252011,1.10191,-0.00848385,2.04181
0.222,-0.00244706,1.07696,-0.00889436,2.03252,-0.00255663,1.10189,-0.00843824,2.04181
0.224,-0.00244706,1.07699,-0.00884875,2.03252,-0.00252011,1.10189,-0.00843824,2.04181
0.226,-0.00244706,1.07699,-0.00884875,2.03261,-0.00255663,1.10189,-0.00843824,2.04173
0.228,-0.00244706,1.07696,-0.00889436,2.03261,-0.00252011,1.10189,-0.00843824,2.04181
0.23,-0.00244706,1.07696,-0.00889436,2.03261,-0.00252011,1.10189,-0.00843824,2.04181
0.232,-0.00244706,1.07696,-0.00889436,2.03261,-0.00252011,1.10191,-0.00848385,2.04181
0.234,-0.00241054,1.07696,-0.00889436,2.03252,-0.00259316,1.10189,-0.00843824,2.04173
0.236,-0.00241054,1.07696,-0.00889436,2.03244,-0.00255663,1.10191,-0.00839263,2.04173
0.238,-0.00244706,1.07696,-0.00889436,2.03252,-0.00252011,1.10194,-0.00843824,2.04181
0.24,-0.00241054,1.07696,-0.00889436,2.03252,-0.00252011,1.10191,-0.00839263,2.04181
0.242,-0.00241054,1.07696,-0.00889436,2.03252,-0.00255663,1.10186,-0.00848385,2.04181
0.244,-0.00244706,1.07699,-0.00884875,2.03252,-0.00255663,1.10191,-0.00848385,2.04173
0.246,-0.00244706,1.07699,-0.00884875,2.03261,-0.00252011,1.10189,-0.00843824,2.04181
0.248,-0.00241054,1.07696,-0.00889436,2.03252,-0.00252011,1.10189,-0.00843824,2.04173
0.25,-0.00241054,1.07696,-0.00889436,2.03252,-0.00255663,1.10189,-0.00843824,2.04181
0.252,-0.00241054,1.07696,-0.00889436,2.03261,-0.00255663,1.10189,-0.00843824,2.04181
0.254,-0.00241054,1.07696,-0.00889436,2.03261,-0.00255663,1.10189,-0.00843824,2.04181
0.256,-0.00244706,1.07696,-0.00889436,2.03261,-0.00252011,1.10189,-0.00843824,2.04173
0.258,-0.00244706,1.07696,-0.00889436,2.03261,-0.00255663,1.10189,-0.00843824,2.04181
0.26,-0.00244706,1.07696,-0.00889436,2.03252,-0.00255663,1.10191,-0.00839263,2.04181
0.262,-0.00244706,1.07699,-0.00884875,2.03261,-0.00255663,1.10191,-0.00848385,2.04181
0.264,-0.00244706,1.07696,-0.00889436,2.03261,-0.00252011,1.10189,-0.00843824,2.04173
0.266,-0.00244706,1.07696,-0.00889436,2.03261,-0.00255663,1.10189,-0.00843824,2.04181
0.268,-0.00241054,1.07699,-0.00884875,2.03252,-0.00255663,1.10189,-0.00843824,2.04181
0.27,-0.00244706,1.07696,-0.00889436,2.03252,-0.00255663,1.10189,-0.00843824,2.04181
0.272,-0.00244706,1.07696,-0.00889436,2.03252,-0.00252011,1.10191,-0.00848385,2.04181
0.274,-0.00244706,1.07696,-0.00889436,2.03261,-0.00255663,1.10189,-0.00843824,2.04173
0.276,-0.00241054,1.07696,-0.00889436,2.03261,-0.00259316,1.10189,-0.00843824,2.04173
0.278,-0.00244706,1.07694,-0.00884875,2.03261,-0.00252011,1.10191,-0.00839263,2.04181
0.28,-0.00244706,1.07696,-0.00889436,2.03252,-0.00252011,1.10186,-0.00848385,2.04181
0.282,-0.00244706,1.07699,-0.00884875,2.03252,-0.00259316,1.10189,-0.00843824,2.04181
0.284,-0.00244706,1.07696,-0.00889436,2.03252,-0.00252011,1.10191,-0.00848385,2.04181
0.286,-0.00241054,1.07696,-0.00889436,2.03252,-0.00255663,1.10189,-0.00843824,2.04181
0.288,-0.00241054,1.07696,-0.00889436,2.03252,-0.00252011,1.10189,-0.00852946,2.04181
0.29,-0.00241054,1.07696,-0.00889436,2.03252,-0.00252011,1.10189,-0.00843824,2.04173
0.292,-0.00241054,1.07696,-0.00889436,2.03261,-0.00259316,1.10191,-0.00848385,2.04181
0.294,-0.00244706,1.07696,-0.00889436,2.03252,-0.00259316,1.10189,-0.00843824,2.04173
0.296,-0.00244706,1.07699,-0.00884875,2.03252,-0.00255663,1.10189,-0.00843824,2.04181
0.298,-0.00241054,1.07696,-0.00889436,2.03252,-0.00252011,1.10191,-0.00848385,2.04181
0.3,-0.00244706,1.07696,-0.00889436,2.03252,-0.00255663,1.10191,-0.00848385,2.04181
0.302,-0.00244706,1.07696,-0.00889436,2.03252,-0.00252011,1.10191,-0.00839263,2.04173
0.304,-0.00241054,1.07699,-0.00884875,2.03252,-0.00255663,1.10191,-0.00839263,2.04181
0.306,-0.00244706,1.07699,-0.00884875,2.03252,-0.00259316,1.10189,-0.00843824,2.04173
0.308,-0.00241054,1.07696,-0.00889436,2.03261,-0.00255663,1.10189,-0.00843824,2.04173
0.31,-0.00241054,1.07699,-0.00884875,2.03252,-0.00255663,1.10189,-0.00843824,2.04181
0.312,-0.00244706,1.07696,-0.00889436,2.03252,-0.00248359,1.10189,-0.00843824,2.04181
0.314,-0.00244706,1.07696,-0.00889436,2.03252,-0.00252011,1.10191,-0.00839263,2.04173
0.316,-0.00244706,1.07699,-0.00884875,2.03252,-0.00252011,1.10189,-0.00843824,2.04181
0.318,-0.00244706,1.07696,-0.00889436,2.03252,-0.00255663,1.10189,-0.00843824,2.04181
0.32,-0.00241054,1.07699,-0.00884875,2.03261,-0.00255663,1.10191,-0.00839263,2.04181
0.322,-0.00244706,1.07699,-0.00884875,2.03252,-0.00255663,1.10189,-0.00843824,2.04181
0.324,-0.00241054,1.07699,-0.00884875,2.03261,-0.00252011,1.10189,-0.00843824,2.04173
0.326,-0.00241054,1.07699,-0.00884875,2.03261,-0.00255663,1.10191,-0.00839263,2.04181
0.328,-0.00241054,1.07699,-0.00884875,2.03261,-0.00252011,1.10191,-0.00839263,2.04181
0.33,-0.00241054,1.07696,-0.00889436,2.03261,-0.00252011,1.10191,-0.00839263,2.04173
0.332,-0.00241054,1.07696,-0.00889436,2.03252,-0.00252011,1.10191,-0.00848385,2.04181
0.334,-0.00244706,1.07696,-0.00889436,2.03261,-0.00255663,1.10189,-0.00843824,2.04181
0.336,-0.00244706,1.07696,-0.00889436,2.03261,-0.00252011,1.10191,-0.00848385,2.04173
0.338,-0.00244706,1.07696,-0.00889436,2.03261,-0.00255663,1.10189,-0.00843824,2.04181
0.34,-0.00241054,1.07699,-0.00884875,2.03252,-0.00255663,1.10189,-0.00843824,2.04173
0.342,-0.00241054,1.07696,-0.00889436,2.03252,-0.00252011,1.10189,-0.00843824,2.04181
0.344,-0.00241054,1.07696,-0.00889436,2.03252,-0.00255663,1.10189,-0.00843824,2.04173
0.346,-0.00241054,1.07699,-0.00884875,2.03252,-0.00252011,1.10189,-0.00843824,2.04181
0.348,-0.00241054,1.07696,-0.00889436,2.03252,-0.00255663,1.10189,-0.00843824,2.04181
0.35,-0.00244706,1.07696,-0.00889436,2.03261,-0.00255663,1.10191,-0.00848385,2.04173
0.352,-0.00244706,1.07699,-0.00884875,2.03252,-0.00252011,1.10191,-0.00848385,2.04181
0.354,-0.00244706,1.07699,-0.00884875,2.03252,-0.00255663,1.10191,-0.00848385,2.04173
0.356,-0.00244706,1.07696,-0.00889436,2.03252,-0.00255663,1.10189,-0.00843824,2.04181
0.358,-0.00244706,1.07696,-0.00889436,2.03252,-0.00252011,1.10189,-0.00843824,2.04181
0.36,-0.00241054,1.07696,-0.00889436,2.03252,-0.00252011,1.10189,-0.00843824,2.04173
0.362,-0.00241054,1.07699,-0.00884875,2.03252,-0.00252011,1.10189,-0.00843824,2.04173
0.364,-0.00244706,1.07699,-0.00884875,2.03252,-0.00255663,1.10189,-0.00843824,2.04173
0.366,-0.00244706,1.07699,-0.00884875,2.03252,-0.00255663,1.10189,-0.00843824,2.04173
0.368,-0.00244706,1.07699,-0.00884875,2.03261,-0.00255663,1.10189,-0.00843824,2.04181
0.37,-0.00244706,1.07696,-0.00889436,2.03252,-0.00255663,1.10189,-0.00843824,2.04181
0.372,-0.00241054,1.07694,-0.00884875,2.03252,-0.00248359,1.10189,-0.00843824,2.04181
0.374,-0.00241054,1.07699,-0.00884875,2.03252,-0.00252011,1.10189,-0.00843824,2.04181
0.376,-0.00244706,1.07699,-0.00884875,2.03252,-0.00259316,1.10189,-0.00843824,2.04173
0.378,-0.00244706,1.07696,-0.00889436,2.03252,-0.00252011,1.10189,-0.00843824,2.04173
0.38,-0.00244706,1.07699,-0.00884875,2.03261,-0.00255663,1.10191,-0.00848385,2.04173
0.382,-0.00241054,1.07696,-0.00889436,2.03252,-0.00255663,1.10191,-0.00839263,2.04181
0.384,-0.00241054,1.07696,-0.00889436,2.03252,-0.00262968,1.10189,-0.00843824,2.04173
0.386,-0.00241054,1.07696,-0.00889436,2.03252,-0.00255663,1.10189,-0.00843824,2.04173
0.388,-0.00244706,1.07699,-0.00884875,2.03252,-0.00252011,1.10189,-0.00843824,2.04181
0.39,-0.00241054,1.07699,-0.00884875,2.03261,-0.00255663,1.10186,-0.00848385,2.04173
0.392,-0.00241054,1.07696,-0.00889436,2.03261,-0.00248359,1.10189,-0.00843824,2.04181
0.394,-0.00244706,1.07696,-0.00889436,2.03261,-0.00255663,1.10189,-0.00843824,2.04181
0.396,-0.00241054,1.07696,-0.00889436,2.03252,-0.00252011,1.10189,-0.00843824,2.04181
0.398,-0.00241054,1.07699,-0.00884875,2.03252,-0.00255663,1.10189,-0.00843824,2.04181
0.4,-0.00241054,1.07696,-0.00889436,2.03252,-0.00255663,1.10191,-0.00839263,2.04181
0.402,-0.00241054,1.07699,-0.00884875,2.03252,-0.00255663,1.10189,-0.00843824,2.04173
0.404,-0.00241054,1.07699,-0.00884875,2.03252,-0.00255663,1.10186,-0.00848385,2.04173
0.406,-0.00244706,1.07699,-0.00884875,2.03261,-0.00255663,1.10189,-0.00843824,2.04181
0.408,-0.00244706,1.07699,-0.00884875,2.03252,-0.00255663,1.10194,-0.00843824,2.04181
0.41,-0.00244706,1.07696,-0.00889436,2.03252,-0.00252011,1.10189,-0.00843824,2.04173
0.412,-0.00244706,1.07696,-0.00889436,2.03252,-0.00255663,1.10189,-0.00843824,2.04181
0.414,-0.00241054,1.07699,-0.00884875,2.03252,-0.00255663,1.10191,-0.00848385,2.04181
0.416,-0.00241054,1.07699,-0.00884875,2.03252,-0.00255663,1.10191,-0.00848385,2.04173
0.418,-0.00241054,1.07696,-0.00889436,2.03252,-0.00252011,1.10189,-0.00843824,2.04173
0.42,-0.00241054,1.07696,-0.00889436,2.03261,-0.00255663,1.10186,-0.00848385,2.04173
0.422,-0.00244706,1.07696,-0.00889436,2.03261,-0.00255663,1.10191,-0.00848385,2.04181
0.424,-0.00244706,1.07696,-0.00889436,2.03252,-0.00255663,1.10189,-0.00843824,2.04181
0.426,-0.00244706,1.07696,-0.00889436,2.03252,-0.00255663,1.10191,-0.00839263,2.04181
0.428,-0.00244706,1.07694,-0.00884875,2.03252,-0.00252011,1.10191,-0.00848385,2.04173
0.43,-0.00244706,1.07699,-0.00884875,2.03252,-0.00252011,1.10189,-0.00843824,2.04181
0.432,-0.00244706,1.07696,-0.00889436,2.03252,-0.00255663,1.10189,-0.00843824,2.04173
0.434,-0.00241054,1.07696,-0.00889436,2.03261,-0.00255663,1.10189,-0.00843824,2.04173
0.436,-0.00241054,1.07696,-0.00889436,2.03261,-0.00252011,1.10189,-0.00843824,2.04181
0.438,-0.00241054,1.07699,-0.00884875,2.03252,-0.00252011,1.10189,-0.00843824,2.04181
0.44,-0.00241054,1.07696,-0.00889436,2.03252,-0.00252011,1.10189,-0.00843824,2.04181
0.442,-0.00244706,1.07696,-0.00889436,2.03252,-0.00252011,1.10189,-0.00843824,2.04173
0.444,-0.00244706,1.07696,-0.00889436,2.03252,-0.00259316,1.10189,-0.00843824,2.04173
0.446,-0.00244706,1.07694,-0.00884875,2.03252,-0.00255663,1.10189,-0.00843824,2.04173
0.448,-0.00241054,1.07699,-0.00884875,2.03261,-0.00252011,1.10189,-0.00843824,2.04173
0.45,-0.00244706,1.07696,-0.00889436,2.03261,-0.00255663,1.10189,-0.00843824,2.04173
0.452,-0.00244706,1.07699,-0.00884875,2.03252,-0.00255663,1.10189,-0.00843824,2.04181
0.454,-0.00241054,1.07696,-0.00889436,2.03252,-0.00255663,1.10189,-0.00843824,2.04173
0.456,-0.00241054,1.07696,-0.00889436,2.03252,-0.00255663,1.10189,-0.00843824,2.04173
0.458,-0.00244706,1.07696,-0.00889436,2.03252,-0.00255663,1.10189,-0.00843824,2.04181
0.46,-0.00244706,1.07696,-0.00889436,2.03252,-0.00252011,1.10189,-0.00843824,2.04173
0.462,-0.00244706,1.07699,-0.00884875,2.03261,-0.00255663,1.10189,-0.00843824,2.04173
0.464,-0.00244706,1.07696,-0.00889436,2.03252,-0.00255663,1.10189,-0.00843824,2.04181
0.466,-0.00244706,1.07696,-0.00889436,2.03252,-0.00255663,1.10189,-0.00843824,2.04181
0.468,-0.00241054,1.07696,-0.00889436,2.03252,-0.00252011,1.10191,-0.00839263,2.04181
0.47,-0.00241054,1.07696,-0.00889436,2.03252,-0.00248359,1.10189,-0.00843824,2.04181
0.472,-0.00244706,1.07696,-0.00889436,2.03252,-0.00255663,1.10191,-0.00848385,2.04181
0.474,-0.00244706,1.07696,-0.00889436,2.03252,-0.00252011,1.10189,-0.00843824,2.04173
0.476,-0.00241054,1.07699,-0.00884875,2.03261,-0.00255663,1.10189,-0.00843824,2.04181
0.478,-0.00241054,1.07696,-0.00889436,2.03261,-0.00255663,1.10189,-0.00843824,2.04181
0.48,-0.00244706,1.07696,-0.00889436,2.03261,-0.00252011,1.10189,-0.00843824,2.04173
0.482,-0.00241054,1.07699,-0.00884875,2.03252,-0.00255663,1.10189,-0.00843824,2.04173
0.484,-0.00244706,1.07699,-0.00884875,2.03252,-0.00255663,1.10189,-0.00843824,2.04173
0.486,-0.00244706,1.07699,-0.00884875,2.03252,-0.00252011,1.10189,-0.00843824,2.04181
0.488,-0.00241054,1.07699,-0.00884875,2.03252,-0.00255663,1.10191,-0.00848385,2.04173
0.49,-0.00241054,1.07699,-0.00884875,2.03252,-0.00255663,1.10189,-0.00843824,2.04173
0.492,-0.00244706,1.07699,-0.00884875,2.03261,-0.00252011,1.10191,-0.00839263,2.04173
0.494,-0.00241054,1.07696,-0.00889436,2.03252,-0.00255663,1.10189,-0.00843824,2.04181
0.496,-0.00244706,1.07699,-0.00884875,2.03261,-0.00252011,1.10189,-0.00843824,2.04181
0.498,-0.00241054,1.07699,-0.00884875,2.03252,-0.00252011,1.10189,-0.00843824,2.04181
0.5,-0.00244706,1.07699,-0.00884875,2.03252,-0.00255663,1.10189,-0.00843824,2.04181
0.502,-0.00241054,1.07699,-0.00884875,2.03252,-0.00252011,1.10189,-0.00843824,2.04173
0.504,-0.00241054,1.07696,-0.00889436,2.03252,-0.00255663,1.10194,-0.00843824,2.04173
0.506,-0.00241054,1.07696,-0.00889436,2.03261,-0.00255663,1.10189,-0.00843824,2.04173
0.508,-0.00241054,1.07696,-0.00889436,2.03261,-0.00255663,1.10191,-0.00839263,2.04181
0.51,-0.00244706,1.07699,-0.00884875,2.03261,-0.00255663,1.10189,-0.00843824,2.04173
0.512,-0.00244706,1.07699,-0.00884875,2.03252,-0.00252011,1.10189,-0.00843824,2.04173
0.514,-0.00244706,1.07696,-0.00889436,2.03252,-0.00252011,1.10189,-0.00843824,2.04181
0.516,-0.00244706,1.07699,-0.00884875,2.03252,-0.00255663,1.10189,-0.00843824,2.04173
0.518,-0.00241054,1.07699,-0.00884875,2.03252,-0.00255663,1.10189,-0.00843824,2.04173
0.52,-0.00241054,1.07699,-0.00884875,2.03261,-0.00252011,1.10191,-0.00839263,2.04173
0.522,-0.00241054,1.07699,-0.00884875,2.03261,-0.00252011,1.10191,-0.00848385,2.04173
0.524,-0.00244706,1.07699,-0.00884875,2.03261,-0.00248359,1.10189,-0.00843824,2.04173
0.526,-0.00244706,1.07696,-0.00889436,2.03252,-0.00252011,1.10191,-0.00839263,2.04181
0.528,-0.00241054,1.07696,-0.00889436,2.03252,-0.00255663,1.10189,-0.00843824,2.04173
0.53,-0.00241054,1.07699,-0.00884875,2.03252,-0.00259316,1.10189,-0.00843824,2.04181
0.532,-0.00244706,1.07699,-0.00884875,2.03261,-0.00252011,1.10191,-0.00839263,2.04181
0.534,-0.00244706,1.07696,-0.00889436,2.03261,-0.00259316,1.10189,-0.00843824,2.04173
0.536,-0.00244706,1.07699,-0.00884875,2.03261,-0.00252011,1.10189,-0.00843824,2.04181
0.538,-0.00244706,1.07699,-0.00884875,2.03252,-0.00252011,1.10189,-0.00843824,2.04173
0.54,-0.00244706,1.07699,-0.00884875,2.03261,-0.00252011,1.10191,-0.00839263,2.04181
0.542,-0.00244706,1.07699,-0.00884875,2.03252,-0.00259316,1.10189,-0.00843824,2.04181
0.544,-0.00244706,1.07699,-0.00884875,2.03252,-0.00255663,1.10191,-0.00839263,2.04181
0.546,-0.00241054,1.07696,-0.00889436,2.03261,-0.00255663,1.10189,-0.00843824,2.04173
0.548,-0.00244706,1.07696,-0.00889436,2.03261,-0.00252011,1.10189,-0.00843824,2.04173
0.55,-0.00241054,1.07699,-0.00884875,2.03261,-0.00252011,1.10191,-0.00848385,2.04173
0.552,-0.00244706,1.07699,-0.00884875,2.03261,-0.00252011,1.10189,-0.00843824,2.04181
0.554,-0.00244706,1.07699,-0.00884875,2.03252,-0.00252011,1.10189,-0.00843824,2.04181
0.556,-0.00244706,1.07696,-0.00889436,2.03252,-0.00259316,1.10186,-0.00848385,2.04181
0.558,-0.00241054,1.07696,-0.00889436,2.03252,-0.00252011,1.10191,-0.00848385,2.04173
0.56,-0.00241054,1.07696,-0.00889436,2.03252,-0.00259316,1.10189,-0.00843824,2.04173
0.562,-0.00241054,1.07699,-0.00884875,2.03252,-0.00259316,1.10189,-0.00843824,2.04173
0.564,-0.00244706,1.07699,-0.00884875,2.03252,-0.00255663,1.10191,-0.00839263,2.04173
0.566,-0.00241054,1.07699,-0.00884875,2.03252,-0.00252011,1.10189,-0.00843824,2.04173
0.568,-0.00241054,1.07696,-0.00889436,2.03252,-0.00255663,1.10189,-0.00843824,2.04181
0.57,-0.00244706,1.07696,-0.00889436,2.03252,-0.00252011,1.10191,-0.00848385,2.04181
0.572,-0.00241054,1.07696,-0.00889436,2.03252,-0.00252011,1.10191,-0.00848385,2.04173
0.574,-0.00241054,1.07696,-0.00889436,2.03252,-0.00248359,1.10189,-0.00843824,2.04181
0.576,-0.00241054,1.07696,-0.00889436,2.03261,-0.00255663,1.10189,-0.00843824,2.04173
0.578,-0.00241054,1.07699,-0.00884875,2.03252,-0.00255663,1.10189,-0.00843824,2.04181
0.58,-0.00241054,1.07699,-0.00884875,2.03252,-0.00255663,1.10189,-0.00843824,2.04181
0.582,-0.00241054,1.07696,-0.00889436,2.03252,-0.00252011,1.10189,-0.00843824,2.04181
0.584,-0.00241054,1.07699,-0.00884875,2.03252,-0.00255663,1.10189,-0.00843824,2.04181
0.586,-0.00241054,1.07694,-0.00884875,2.03252,-0.00255663,1.10189,-0.00843824,2.04181
0.588,-0.00244706,1.07696,-0.00889436,2.03261,-0.00252011,1.10189,-0.00843824,2.04181
0.59,-0.00244706,1.07696,-0.00889436,2.03252,-0.00255663,1.10186,-0.00848385,2.04173
0.592,-0.00244706,1.07699,-0.00884875,2.03252,-0.00255663,1.10191,-0.00839263,2.04173
0.594,-0.00244706,1.07696,-0.00889436,2.03252,-0.00255663,1.10189,-0.00843824,2.04181
0.596,-0.00241054,1.07696,-0.00889436,2.03261,-0.00255663,1.10189,-0.00843824,2.04181
0.598,-0.00244706,1.07699,-0.00884875,2.03261,-0.00255663,1.10189,-0.00843824,2.04181
0.6,-0.00244706,1.07699,-0.00884875,2.03261,-0.00252011,1.10189,-0.00843824,2.04173
0.602,-0.00244706,1.07699,-0.00884875,2.03252,-0.00255663,1.10189,-0.00843824,2.04173
0.604,-0.00244706,1.07696,-0.00889436,2.03261,-0.00252011,1.10189,-0.00843824,2.04173
0.606,-0.00241054,1.07699,-0.00884875,2.03252,-0.00255663,1.10189,-0.00843824,2.04181
0.608,-0.00241054,1.07699,-0.00884875,2.03252,-0.00259316,1.10189,-0.00843824,2.04173
0.61,-0.00241054,1.07696,-0.00889436,2.03252,-0.00252011,1.10191,-0.00839263,2.04173
0.612,-0.00241054,1.07696,-0.00889436,2.03261,-0.00255663,1.10189,-0.00843824,2.04181
0.614,-0.00244706,1.07699,-0.00884875,2.03261,-0.00252011,1.10189,-0.00843824,2.04181
0.616,-0.00244706,1.07696,-0.00889436,2.03261,-0.00255663,1.10189,-0.00843824,2.04173
0.618,-0.00241054,1.07699,-0.00884875,2.03261,-0.00252011,1.10189,-0.00843824,2.04173
0.62,-0.00241054,1.07699,-0.00884875,2.03252,-0.00255663,1.10189,-0.00843824,2.04181
0.622,-0.00241054,1.07696,-0.00889436,2.03252,-0.00255663,1.10189,-0.00843824,2.04173
0.624,-0.00241054,1.07696,-0.00889436,2.03252,-0.00252011,1.10191,-0.00839263,2.04173
0.626,-0.00241054,1.07696,-0.00889436,2.03252,-0.00252011,1.10191,-0.00848385,2.04181
0.628,-0.00244706,1.07699,-0.00884875,2.03261,-0.00252011,1.10191,-0.00839263,2.04181
0.63,-0.00244706,1.07699,-0.00884875,2.03261,-0.00252011,1.10191,-0.00848385,2.04173
0.632,-0.00241054,1.07696,-0.00889436,2.03261,-0.00252011,1.10189,-0.00843824,2.04181
0.634,-0.00244706,1.07699,-0.00884875,2.03252,-0.00255663,1.10189,-0.00843824,2.04173
0.636,-0.00241054,1.07696,-0.00889436,2.03252,-0.00255663,1.10189,-0.00843824,2.04181
0.638,-0.00244706,1.07699,-0.00884875,2.03252,-0.00252011,1.10191,-0.00839263,2.04181
0.64,-0.00241054,1.07696,-0.00889436,2.03252,-0.00252011,1.10189,-0.00843824,2.04173
0.642,-0.00244706,1.07696,-0.00889436,2.03261,-0.00255663,1.10189,-0.00843824,2.04181
0.644,-0.00244706,1.07696,-0.00889436,2.03261,-0.00252011,1.10189,-0.00843824,2.04181
0.646,-0.00241054,1.07699,-0.00884875,2.03252,-0.00255663,1.10189,-0.00843824,2.04173
0.648,-0.00241054,1.07699,-0.00884875,2.03252,-0.00252011,1.10191,-0.00848385,2.04173
0.65,-0.00244706,1.07699,-0.00884875,2.03252,-0.00255663,1.10189,-0.00843824,2.04181
0.652,-0.00241054,1.07696,-0.00889436,2.03252,-0.00255663,1.10189,-0.00843824,2.04181
0.654,-0.00241054,1.07696,-0.00889436,2.03252,-0.00255663,1.10189,-0.00843824,2.04181
0.656,-0.00241054,1.07696,-0.00889436,2.03252,-0.00255663,1.10191,-0.00839263,2.04181
0.658,-0.00244706,1.07699,-0.00884875,2.03252,-0.00255663,1.10191,-0.00848385,2.04173
0.66,-0.00244706,1.07699,-0.00884875,2.03252,-0.00252011,1.10189,-0.00843824,2.04181
0.662,-0.00244706,1.07699,-0.00884875,2.03261,-0.00255663,1.10189,-0.00843824,2.04181
0.664,-0.00244706,1.07699,-0.00884875,2.03261,-0.00252011,1.10186,-0.00848385,2.04181
0.666,-0.00241054,1.07696,-0.00889436,2.03252,-0.00255663,1.10189,-0.00843824,2.04181
0.668,-0.00241054,1.07699,-0.00884875,2.03252,-0.00252011,1.10191,-0.00839263,2.04173
0.67,-0.00241054,1.07696,-0.00889436,2.03252,-0.00252011,1.10189,-0.00843824,2.04181
0.672,-0.00241054,1.07699,-0.00884875,2.03252,-0.00259316,1.10189,-0.00843824,2.04181
0.674,-0.00241054,1.07699,-0.00884875,2.03252,-0.00252011,1.10189,-0.00843824,2.04173
0.676,-0.00241054,1.07699,-0.00884875,2.03261,-0.00255663,1.10191,-0.00848385,2.04181
0.678,-0.00241054,1.07699,-0.00884875,2.03261,-0.00248359,1.10189,-0.00843824,2.04173
0.68,-0.00244706,1.07699,-0.00884875,2.03261,-0.00255663,1.10189,-0.00843824,2.04173
0.682,-0.00241054,1.07694,-0.00884875,2.03261,-0.00252011,1.10189,-0.00843824,2.04181
0.684,-0.00244706,1.07696,-0.00889436,2.03252,-0.00252011,1.10191,-0.00848385,2.04181
0.686,-0.00241054,1.07696,-0.00889436,2.03252,-0.00252011,1.10189,-0.00843824,2.04173
0.688,-0.00241054,1.07699,-0.00884875,2.03252,-0.00255663,1.10189,-0.00843824,2.04181
0.69,-0.00241054,1.07699,-0.00884875,2.03252,-0.00255663,1.10191,-0.00848385,2.04173
0.692,-0.00241054,1.07696,-0.00889436,2.03261,-0.00255663,1.10189,-0.00843824,2.04181
0.694,-0.00244706,1.07696,-0.00889436,2.03261,-0.00255663,1.10191,-0.00839263,2.04181
0.696,-0.00244706,1.07696,-0.00889436,2.03261,-0.00255663,1.10191,-0.00848385,2.04173
0.698,-0.00244706,1.07696,-0.00889436,2.03261,-0.00255663,1.10191,-0.00839263,2.04181
0.7,-0.00241054,1.07699,-0.00884875,2.03252,-0.00252011,1.10189,-0.00843824,2.04181
0.702,-0.00244706,1.07699,-0.00884875,2.03252,-0.00255663,1.10191,-0.00839263,2.04173
0.704,-0.00241054,1.07694,-0.00884875,2.03252,-0.00255663,1.10186,-0.00839263,2.04181
0.706,-0.00241054,1.07696,-0.00889436,2.03252,-0.00255663,1.10189,-0.00843824,2.04173
0.708,-0.00241054,1.07696,-0.00889436,2.03252,-0.00255663,1.10191,-0.00839263,2.04181
0.71,-0.00241054,1.07699,-0.00884875,2.03252,-0.00255663,1.10191,-0.00839263,2.04181
0.712,-0.00244706,1.07699,-0.00884875,2.03261,-0.00255663,1.10191,-0.00848385,2.04181
0.714,-0.00244706,1.07696,-0.00889436,2.03261,-0.00259316,1.10191,-0.00848385,2.04181
0.716,-0.00244706,1.07699,-0.00884875,2.03252,-0.00255663,1.10189,-0.00843824,2.04173
0.718,-0.00244706,1.07699,-0.00884875,2.03261,-0.00255663,1.10189,-0.00843824,2.04181
0.72,-0.00244706,1.07696,-0.00889436,2.03261,-0.00255663,1.10191,-0.00839263,2.04173
0.722,-0.00244706,1.07699,-0.00884875,2.03261,-0.00252011,1.10189,-0.00843824,2.04173
0.724,-0.00241054,1.07699,-0.00884875,2.03261,-0.00255663,1.10191,-0.00839263,2.04173
0.726,-0.00244706,1.07699,-0.00884875,2.03252,-0.00252011,1.10189,-0.00843824,2.04181
0.728,-0.00244706,1.07699,-0.00884875,2.03252,-0.00255663,1.10189,-0.00843824,2.04173
0.73,-0.00241054,1.07696,-0.00889436,2.03252,-0.00252011,1.10189,-0.00843824,2.04181
0.732,-0.00244706,1.07696,-0.00889436,2.03261,-0.00255663,1.10189,-0.00843824,2.04173
0.734,-0.00241054,1.07699,-0.00884875,2.03252,-0.00255663,1.10189,-0.00843824,2.04173
0.736,-0.00241054,1.07699,-0.00884875,2.03252,-0.00252011,1.10191,-0.00839263,2.04181
0.738,-0.00244706,1.07696,-0.00889436,2.03261,-0.00255663,1.10189,-0.00843824,2.04173
0.74,-0.00241054,1.07696,-0.00889436,2.03252,-0.00252011,1.10189,-0.00843824,2.04173
0.742,-0.00241054,1.07699,-0.00884875,2.03261,-0.00255663,1.10189,-0.00843824,2.04181
0.744,-0.00244706,1.07699,-0.00884875,2.03252,-0.00255663,1.10189,-0.00843824,2.04181
0.746,-0.00244706,1.07696,-0.00889436,2.03252,-0.00252011,1.10189,-0.00843824,2.04181
0.748,-0.00241054,1.07696,-0.00889436,2.03252,-0.00255663,1.10189,-0.00843824,2.04173
0.75,-0.00244706,1.07699,-0.00884875,2.03261,-0.00252011,1.10189,-0.00843824,2.04181
0.752,-0.00241054,1.07696,-0.00889436,2.03261,-0.00252011,1.10191,-0.00839263,2.04181
0.754,-0.00244706,1.07699,-0.00884875,2.03261,-0.00255663,1.10189,-0.00843824,2.04173
0.756,-0.00244706,1.07696,-0.00889436,2.03261,-0.00259316,1.10194,-0.00843824,2.04181
0.758,-0.00244706,1.07699,-0.00884875,2.03261,-0.00255663,1.10189,-0.00843824,2.04181
0.76,-0.00244706,1.07699,-0.00884875,2.03252,-0.00252011,1.10191,-0.00848385,2.04181
0.762,-0.00244706,1.07699,-0.00884875,2.03252,-0.00252011,1.10189,-0.00843824,2.04173
0.764,-0.00244706,1.07699,-0.00884875,2.03252,-0.00252011,1.10189,-0.00843824,2.04181
0.766,-0.00241054,1.07699,-0.00884875,2.03261,-0.00255663,1.10189,-0.00843824,2.04181
0.768,-0.00241054,1.07696,-0.00889436,2.03252,-0.00252011,1.10189,-0.00843824,2.04173
0.77,-0.00241054,1.07696,-0.00889436,2.03261,-0.00252011,1.10189,-0.00843824,2.04173
0.772,-0.00241054,1.07696,-0.00889436,2.03252,-0.00255663,1.10189,-0.00843824,2.04181
0.774,-0.00241054,1.07699,-0.00884875,2.03252,-0.00252011,1.10189,-0.00843824,2.04181
0.776,-0.00241054,1.07696,-0.00889436,2.03252,-0.00252011,1.10189,-0.00843824,2.04181
0.778,-0.00241054,1.07699,-0.00884875,2.03252,-0.00252011,1.10189,-0.00843824,2.04173
0.78,-0.00241054,1.07699,-0.00884875,2.03252,-0.00252011,1.10191,-0.00839263,2.04173
0.782,-0.00241054,1.07699,-0.00884875,2.03261,-0.00255663,1.10189,-0.00843824,2.04181
0.784,-0.00241054,1.07699,-0.00884875,2.03252,-0.00259316,1.10189,-0.00843824,2.04181
0.786,-0.00241054,1.07696,-0.00889436,2.03252,-0.00255663,1.10189,-0.00843824,2.04181
0.788,-0.00241054,1.07694,-0.00884875,2.03252,-0.00255663,1.10189,-0.00843824,2.04173
0.79,-0.00241054,1.07696,-0.00889436,2.03252,-0.00255663,1.10189,-0.00843824,2.04181
0.792,-0.00244706,1.07696,-0.00889436,2.03252,-0.00248359,1.10189,-0.00843824,2.04181
0.794,-0.00244706,1.07696,-0.00889436,2.03252,-0.00252011,1.10189,-0.00843824,2.04181
0.796,-0.00244706,1.07696,-0.00889436,2.03261,-0.00255663,1.10191,-0.00839263,2.04181
0.798,-0.00241054,1.07696,-0.00889436,2.03261,-0.00252011,1.10189,-0.00843824,2.04173
0.8,-0.00241054,1.07699,-0.00884875,2.03252,-0.00252011,1.10189,-0.00843824,2.04181
0.802,-0.00241054,1.07696,-0.00889436,2.03252,-0.00252011,1.10189,-0.00843824,2.04181
0.804,-0.00241054,1.07699,-0.00884875,2.03252,-0.00252011,1.10186,-0.00848385,2.04181
0.806,-0.00244706,1.07696,-0.00889436,2.03252,-0.00255663,1.10189,-0.00843824,2.04181
0.808,-0.00244706,1.07699,-0.00884875,2.03252,-0.00259316,1.10189,-0.00843824,2.04173
0.81,-0.00244706,1.07696,-0.00889436,2.03252,-0.00255663,1.10189,-0.00843824,2.04181
0.812,-0.00244706,1.07699,-0.00884875,2.03261,-0.00252011,1.10189,-0.00843824,2.04173
0.814,-0.00241054,1.07699,-0.00884875,2.03252,-0.00252011,1.10189,-0.00843824,2.04181
0.816,-0.00244706,1.07696,-0.00889436,2.03252,-0.00252011,1.10191,-0.00848385,2.04181
0.818,-0.00244706,1.07696,-0.00889436,2.03252,-0.00255663,1.10189,-0.00843824,2.04181
0.82,-0.00244706,1.07696,-0.00889436,2.03261,-0.00255663,1.10189,-0.00843824,2.04173
0.822,-0.00241054,1.07699,-0.00884875,2.03252,-0.00255663,1.10189,-0.00843824,2.04173
0.824,-0.00241054,1.07696,-0.00889436,2.03261,-0.00255663,1.10189,-0.00843824,2.04181
0.826,-0.00241054,1.07699,-0.00884875,2.03261,-0.00252011,1.10189,-0.00843824,2.04181
0.828,-0.00244706,1.07696,-0.00889436,2.03252,-0.00255663,1.10189,-0.00843824,2.04181
0.83,-0.00241054,1.07699,-0.00884875,2.03252,-0.00252011,1.10189,-0.00843824,2.04181
0.832,-0.00244706,1.07699,-0.00884875,2.03252,-0.00252011,1.10189,-0.00843824,2.04181
0.834,-0.00241054,1.07699,-0.00884875,2.03252,-0.00252011,1.10189,-0.00843824,2.04173
0.836,-0.00241054,1.07696,-0.00889436,2.03261,-0.00255663,1.10189,-0.00843824,2.04181
0.838,-0.00241054,1.07696,-0.00889436,2.03261,-0.00255663,1.10189,-0.00843824,2.04173
0.84,-0.00241054,1.07696,-0.00889436,2.03261,-0.00252011,1.10189,-0.00843824,2.04173
0.842,-0.00244706,1.07696,-0.00889436,2.03252,-0.00248359,1.10189,-0.00843824,2.04173
0.844,-0.00244706,1.07696,-0.00889436,2.03252,-0.00252011,1.10191,-0.00848385,2.04181
0.846,-0.00244706,1.07696,-0.00889436,2.03252,-0.00252011,1.10189,-0.00843824,2.04173
0.848,-0.00244706,1.07699,-0.00884875,2.03252,-0.00255663,1.10191,-0.00848385,2.04181
0.85,-0.00244706,1.07696,-0.00889436,2.03261,-0.00255663,1.10189,-0.00843824,2.04173
0.852,-0.00244706,1.07699,-0.00884875,2.03261,-0.00259316,1.10191,-0.00848385,2.04173
0.854,-0.00241054,1.07696,-0.00889436,2.03261,-0.00255663,1.10189,-0.00843824,2.04173
0.856,-0.00241054,1.07696,-0.00889436,2.03261,-0.00252011,1.10189,-0.00843824,2.04181
0.858,-0.00244706,1.07699,-0.00884875,2.03261,-0.00255663,1.10189,-0.00843824,2.04181
0.86,-0.00241054,1.07696,-0.00889436,2.03252,-0.00255663,1.10189,-0.00843824,2.04173
0.862,-0.00244706,1.07696,-0.00889436,2.03261,-0.00252011,1.10189,-0.00843824,2.04173
0.864,-0.00244706,1.07696,-0.00889436,2.03252,-0.00252011,1.10189,-0.00843824,2.04173
0.866,-0.00244706,1.07696,-0.00889436,2.03261,-0.00255663,1.10189,-0.00843824,2.04173
0.868,-0.00241054,1.07696,-0.00889436,2.03252,-0.00252011,1.10189,-0.00843824,2.04181
0.87,-0.00241054,1.07696,-0.00889436,2.03252,-0.00252011,1.10189,-0.00843824,2.04181
0.872,-0.00241054,1.07696,-0.00889436,2.03252,-0.00248359,1.10189,-0.00843824,2.04181
0.874,-0.00241054,1.07699,-0.00884875,2.03252,-0.00255663,1.10191,-0.00848385,2.04173
0.876,-0.00241054,1.07699,-0.00884875,2.03252,-0.00252011,1.10191,-0.00839263,2.04181
0.878,-0.00241054,1.07696,-0.00889436,2.03252,-0.00252011,1.10189,-0.00843824,2.04173
0.88,-0.00241054,1.07699,-0.00884875,2.03261,-0.00255663,1.10191,-0.00839263,2.04173
0.882,-0.00241054,1.07699,-0.00884875,2.03252,-0.00255663,1.10191,-0.00839263,2.04181
0.884,-0.00241054,1.07699,-0.00884875,2.03261,-0.00252011,1.10189,-0.00843824,2.04173
0.886,-0.00241054,1.07699,-0.00884875,2.03261,-0.00259316,1.10189,-0.00843824,2.04181
0.888,-0.00241054,1.07699,-0.00884875,2.03261,-0.00255663,1.10191,-0.00848385,2.04173
0.89,-0.00241054,1.07696,-0.00889436,2.03252,-0.00252011,1.10186,-0.00848385,2.04173
0.892,-0.00244706,1.07699,-0.00884875,2.03261,-0.00255663,1.10189,-0.00843824,2.04173
0.894,-0.00241054,1.07699,-0.00884875,2.03261,-0.00255663,1.10189,-0.00843824,2.04181
0.896,-0.00244706,1.07696,-0.00889436,2.03261,-0.00255663,1.10191,-0.00839263,2.04181
0.898,-0.00244706,1.07699,-0.00884875,2.03261,-0.00255663,1.10189,-0.00843824,2.04181
0.9,-0.00244706,1.07696,-0.00889436,2.03252,-0.00255663,1.10189,-0.00843824,2.04181
0.902,-0.00244706,1.07699,-0.00884875,2.03252,-0.00255663,1.10186,-0.00848385,2.04181
0.904,-0.00244706,1.07696,-0.00889436,2.03261,-0.00255663,1.10189,-0.00843824,2.04173
0.906,-0.00244706,1.07696,-0.00889436,2.03252,-0.00259316,1.10189,-0.00843824,2.04181
0.908,-0.00244706,1.07696,-0.00889436,2.03252,-0.00255663,1.10189,-0.00843824,2.04181
0.91,-0.00244706,1.07696,-0.00889436,2.03252,-0.00252011,1.10189,-0.00843824,2.04181
0.912,-0.00244706,1.07699,-0.00884875,2.03261,-0.00252011,1.10189,-0.00843824,2.04181
0.914,-0.00244706,1.07699,-0.00884875,2.03252,-0.00252011,1.10191,-0.00848385,2.04173
0.916,-0.00244706,1.07696,-0.00889436,2.03252,-0.00255663,1.10191,-0.00839263,2.04173
0.918,-0.00241054,1.07696,-0.00889436,2.03261,-0.00255663,1.10191,-0.00848385,2.04173
0.92,-0.00241054,1.07696,-0.00889436,2.03261,-0.00252011,1.10189,-0.00843824,2.04181
0.922,-0.00244706,1.07696,-0.00889436,2.03261,-0.00252011,1.10189,-0.00843824,2.04181
0.924,-0.00244706,1.07696,-0.00889436,2.03252,-0.00252011,1.10191,-0.00839263,2.04181
0.926,-0.00241054,1.07696,-0.00889436,2.03252,-0.00255663,1.10189,-0.00843824,2.04181
0.928,-0.00241054,1.07699,-0.00884875,2.03252,-0.00252011,1.10189,-0.00843824,2.04181
0.93,-0.00241054,1.07696,-0.00889436,2.03261,-0.00255663,1.10189,-0.00843824,2.04173
0.932,-0.00241054,1.07699,-0.00884875,2.03252,-0.00248359,1.10189,-0.00843824,2.04181
0.934,-0.00244706,1.07699,-0.00884875,2.03252,-0.00255663,1.10186,-0.00848385,2.04181
0.936,-0.00241054,1.07699,-0.00884875,2.03252,-0.00255663,1.10189,-0.00843824,2.04181
0.938,-0.00244706,1.07696,-0.00889436,2.03252,-0.00255663,1.10189,-0.00843824,2.04173
0.94,-0.00241054,1.07699,-0.00884875,2.03252,-0.00252011,1.10194,-0.00843824,2.04173
0.942,-0.00241054,1.07699,-0.00884875,2.03252,-0.00248359,1.10189,-0.00843824,2.04173
0.944,-0.00241054,1.07699,-0.00884875,2.03252,-0.00255663,1.10191,-0.00839263,2.04181
0.946,-0.00241054,1.07699,-0.00884875,2.03261,-0.00252011,1.10191,-0.00839263,2.04173
0.948,-0.00241054,1.07696,-0.00889436,2.03261,-0.00252011,1.10191,-0.00848385,2.04173
0.95,-0.00241054,1.07696,-0.00889436,2.03252,-0.00255663,1.10191,-0.00848385,2.04181
0.952,-0.00244706,1.07696,-0.00889436,2.03252,-0.00255663,1.10191,-0.00848385,2.04181
0.954,-0.00244706,1.07699,-0.00884875,2.03252,-0.00255663,1.10189,-0.00843824,2.04181
0.956,-0.00244706,1.07699,-0.00884875,2.03252,-0.00252011,1.10189,-0.00843824,2.04181
0.958,-0.00241054,1.07699,-0.00884875,2.03261,-0.00252011,1.10189,-0.00843824,2.04181
0.96,-0.00244706,1.07699,-0.00884875,2.03261,-0.00255663,1.10189,-0.00843824,2.04173
0.962,-0.00244706,1.07696,-0.00889436,2.03261,-0.00255663,1.10189,-0.00852946,2.04181
0.964,-0.00241054,1.07696,-0.00889436,2.03261,-0.00252011,1.10191,-0.00848385,2.04181
0.966,-0.00244706,1.07696,-0.00889436,2.03252,-0.00248359,1.10189,-0.00843824,2.04173
0.968,-0.00241054,1.07696,-0.00889436,2.03252,-0.00252011,1.10189,-0.00843824,2.04173
0.97,-0.00244706,1.07699,-0.00884875,2.03252,-0.00255663,1.10191,-0.00839263,2.04181
0.972,-0.00244706,1.07696,-0.00889436,2.03261,-0.00252011,1.10189,-0.00843824,2.04181
0.974,-0.00244706,1.07696,-0.00889436,2.03261,-0.00252011,1.10189,-0.00843824,2.04173
0.976,-0.00244706,1.07696,-0.00889436,2.03261,-0.00255663,1.10189,-0.00843824,2.04181
0.978,-0.00244706,1.07699,-0.00884875,2.03261,-0.00255663,1.10189,-0.00843824,2.04173
0.98,-0.00241054,1.07696,-0.00889436,2.03261,-0.00255663,1.10186,-0.00848385,2.04181
0.982,-0.00241054,1.07696,-0.00889436,2.03261,-0.00255663,1.10189,-0.00843824,2.04173
0.984,-0.00241054,1.07696,-0.00889436,2.03252,-0.00252011,1.10189,-0.00843824,2.04173
0.986,-0.00241054,1.07696,-0.00889436,2.03252,-0.00252011,1.10189,-0.00843824,2.04173
0.988,-0.00244706,1.07696,-0.00889436,2.03261,-0.00255663,1.10186,-0.00848385,2.04173
0.99,-0.00244706,1.07699,-0.00884875,2.03261,-0.00252011,1.10189,-0.00843824,2.04181
0.992,-0.00244706,1.07699,-0.00884875,2.03252,-0.00255663,1.10189,-0.00843824,2.04173
0.994,-0.00241054,1.07696,-0.00889436,2.03252,-0.00252011,1.10191,-0.00848385,2.04173
0.996,-0.00241054,1.07696,-0.00889436,2.03252,-0.00252011,1.10189,-0.00843824,2.04181
0.998,-0.00241054,1.07696,-0.00889436,2.03252,-0.00255663,1.10189,-0.00843824,2.04181
1,-0.00241054,1.07696,-0.00889436,2.03252,-0.00255663,1.10189,-0.00843824,2.04173
1.002,-0.00241054,1.07696,-0.00889436,2.03261,-0.00255663,1.10189,-0.00843824,2.04181
1.004,-0.00241054,1.07699,-0.00884875,2.03261,-0.00255663,1.10189,-0.00843824,2.04181
1.006,-0.00244706,1.07696,-0.00889436,2.03261,-0.00252011,1.10189,-0.00843824,2.04181
1.008,-0.00241054,1.07699,-0.00884875,2.03252,-0.00255663,1.10189,-0.00843824,2.04173
1.01,-0.00244706,1.07699,-0.00884875,2.03261,-0.00255663,1.10191,-0.00839263,2.04181
1.012,-0.00244706,1.07699,-0.00884875,2.03261,-0.00255663,1.10189,-0.00843824,2.04181
1.014,-0.00244706,1.07699,-0.00884875,2.03261,-0.00252011,1.10189,-0.00843824,2.04181
1.016,-0.00241054,1.07699,-0.00884875,2.03252,-0.00252011,1.10189,-0.00843824,2.04181
1.018,-0.00241054,1.07699,-0.00884875,2.03261,-0.00255663,1.10189,-0.00843824,2.04173
1.02,-0.00244706,1.07696,-0.00889436,2.03261,-0.00255663,1.10189,-0.00843824,2.04181
1.022,-0.00241054,1.07696,-0.00889436,2.03261,-0.00255663,1.10189,-0.00843824,2.04181
1.024,-0.00244706,1.07696,-0.00889436,2.03261,-0.00252011,1.10191,-0.00839263,2.04181
1.026,-0.00244706,1.07699,-0.00884875,2.03261,-0.00252011,1.10189,-0.00843824,2.04173
1.028,-0.00244706,1.07699,-0.00884875,2.03252,-0.00255663,1.10189,-0.00843824,2.04173
1.03,-0.00241054,1.07699,-0.00884875,2.03252,-0.00255663,1.10189,-0.00843824,2.04173
1.032,-0.00244706,1.07699,-0.00884875,2.03252,-0.00255663,1.10189,-0.00843824,2.04181
1.034,-0.00241054,1.07696,-0.00889436,2.03252,-0.00255663,1.10191,-0.00848385,2.04173
1.036,-0.00244706,1.07696,-0.00889436,2.03252,-0.00255663,1.10189,-0.00843824,2.04173
1.038,-0.00241054,1.07696,-0.00889436,2.03252,-0.00252011,1.10189,-0.00843824,2.04173
1.04,-0.00244706,1.07699,-0.00884875,2.03252,-0.00255663,1.10189,-0.00843824,2.04181
1.042,-0.00244706,1.07699,-0.00884875,2.03252,-0.00255663,1.10194,-0.00843824,2.04173
1.044,-0.00241054,1.07696,-0.00889436,2.03252,-0.00252011,1.10189,-0.00843824,2.04181
1.046,-0.00241054,1.07696,-0.00889436,2.03252,-0.00259316,1.10186,-0.00848385,2.04173
1.048,-0.00241054,1.07696,-0.00889436,2.03252,-0.00255663,1.10189,-0.00843824,2.04173
1.05,-0.00241054,1.07699,-0.00884875,2.03261,-0.00252011,1.10189,-0.00843824,2.04181
1.052,-0.00241054,1.07699,-0.00884875,2.03252,-0.00255663,1.10189,-0.00843824,2.04181
1.054,-0.00241054,1.07699,-0.00884875,2.03252,-0.00255663,1.10189,-0.00843824,2.04181
1.056,-0.00241054,1.07696,-0.00889436,2.03261,-0.00252011,1.10189,-0.00843824,2.04173
1.058,-0.00241054,1.07699,-0.00884875,2.03252,-0.00255663,1.10189,-0.00843824,2.04181
1.06,-0.00244706,1.07696,-0.00889436,2.03252,-0.00252011,1.10189,-0.00843824,2.04173
1.062,-0.00244706,1.07699,-0.00884875,2.03261,-0.00255663,1.10189,-0.00843824,2.04173
1.064,-0.00244706,1.07699,-0.00884875,2.03261,-0.00252011,1.10191,-0.00848385,2.04181
1.066,-0.00241054,1.07696,-0.00889436,2.03261,-0.00259316,1.10189,-0.00843824,2.04173
1.068,-0.00241054,1.07699,-0.00884875,2.03261,-0.00255663,1.10189,-0.00843824,2.04181
1.07,-0.00241054,1.07696,-0.00889436,2.03261,-0.00255663,1.10191,-0.00839263,2.04173
1.072,-0.00244706,1.07696,-0.00889436,2.03261,-0.00255663,1.10186,-0.00848385,2.04181
1.074,-0.00244706,1.07696,-0.00889436,2.03261,-0.00252011,1.10189,-0.00843824,2.04181
1.076,-0.00244706,1.07696,-0.00889436,2.03261,-0.00255663,1.10189,-0.00843824,2.04181
1.078,-0.00244706,1.07699,-0.00884875,2.03252,-0.00255663,1.10189,-0.00843824,2.04181
1.08,-0.00241054,1.07696,-0.00889436,2.03261,-0.00252011,1.10189,-0.00843824,2.04173
1.082,-0.00241054,1.07696,-0.00889436,2.03261,-0.00255663,1.10189,-0.00843824,2.04173
1.084,-0.00241054,1.07699,-0.00884875,2.03261,-0.00252011,1.10189,-0.00843824,2.04173
1.086,-0.00241054,1.07699,-0.00884875,2.03261,-0.00255663,1.10189,-0.00843824,2.04181
1.088,-0.00241054,1.07696,-0.00889436,2.03252,-0.00255663,1.10189,-0.00843824,2.04181
1.09,-0.00244706,1.07696,-0.00889436,2.03261,-0.00255663,1.10186,-0.00848385,2.04181
1.092,-0.00241054,1.07696,-0.00889436,2.03252,-0.00255663,1.10189,-0.00843824,2.04173
1.094,-0.00241054,1.07699,-0.00884875,2.03261,-0.00255663,1.10186,-0.00848385,2.04181
1.096,-0.00241054,1.07699,-0.00884875,2.03261,-0.00252011,1.10189,-0.00843824,2.04181
1.098,-0.00244706,1.07696,-0.00889436,2.03252,-0.00255663,1.10189,-0.00843824,2.04173
1.1,-0.00244706,1.07696,-0.00889436,2.03252,-0.00255663,1.10189,-0.00843824,2.04181
1.102,-0.00244706,1.07696,-0.00889436,2.03252,-0.00252011,1.10189,-0.00843824,2.04181
1.104,-0.00241054,1.07696,-0.00889436,2.03252,-0.00255663,1.10189,-0.00843824,2.04181
1.106,-0.00241054,1.07696,-0.00889436,2.03252,-0.00252011,1.10194,-0.00843824,2.04181
1.108,-0.00244706,1.07696,-0.00889436,2.03252,-0.00252011,1.10189,-0.00843824,2.04181
1.11,-0.00244706,1.07699,-0.00884875,2.03252,-0.00252011,1.10194,-0.00843824,2.04173
1.112,-0.00244706,1.07696,-0.00889436,2.03261,-0.00252011,1.10189,-0.00843824,2.04181
1.114,-0.00244706,1.07699,-0.00884875,2.03261,-0.00255663,1.10189,-0.00843824,2.04181
1.116,-0.00244706,1.07696,-0.00889436,2.03252,-0.00255663,1.10189,-0.00843824,2.04181
1.118,-0.00241054,1.07696,-0.00889436,2.03252,-0.00252011,1.10191,-0.00839263,2.04181
1.12,-0.00244706,1.07696,-0.00889436,2.03252,-0.00255663,1.10189,-0.00843824,2.04173
1.122,-0.00244706,1.07696,-0.00889436,2.03261,-0.00255663,1.10191,-0.00839263,2.04181
1.124,-0.00244706,1.07696,-0.00889436,2.03261,-0.00255663,1.10189,-0.00843824,2.04173
1.126,-0.00241054,1.07696,-0.00889436,2.03252,-0.00252011,1.10191,-0.00839263,2.04173
1.128,-0.00241054,1.07699,-0.00884875,2.03261,-0.00255663,1.10189,-0.00843824,2.04181
1.13,-0.00241054,1.07696,-0.00889436,2.03261,-0.00252011,1.10189,-0.00843824,2.04181
1.132,-0.00244706,1.07696,-0.00889436,2.03252,-0.00255663,1.10189,-0.00843824,2.04181
1.134,-0.00244706,1.07696,-0.00889436,2.03252,-0.00252011,1.10189,-0.00843824,2.04181
1.136,-0.00241054,1.07699,-0.00884875,2.03252,-0.00255663,1.10189,-0.00843824,2.04181
1.138,-0.00241054,1.07696,-0.00889436,2.03261,-0.00255663,1.10189,-0.00843824,2.04173
1.14,-0.00244706,1.07696,-0.00889436,2.03261,-0.00252011,1.10191,-0.00848385,2.04181
1.142,-0.00241054,1.07699,-0.00884875,2.03261,-0.00255663,1.10189,-0.00843824,2.04181
1.144,-0.00241054,1.07699,-0.00884875,2.03261,-0.00252011,1.10191,-0.00839263,2.04173
1.146,-0.00241054,1.07696,-0.00889436,2.03252,-0.00252011,1.10189,-0.00843824,2.04181
1.148,-0.00244706,1.07696,-0.00889436,2.03261,-0.00252011,1.10189,-0.00843824,2.04181
1.15,-0.00244706,1.07696,-0.00889436,2.03252,-0.00255663,1.10191,-0.00839263,2.04181
1.152,-0.00244706,1.07699,-0.00884875,2.03252,-0.00255663,1.10189,-0.00843824,2.04181
1.154,-0.00241054,1.07699,-0.00884875,2.03261,-0.00248359,1.10186,-0.00848385,2.04173
1.156,-0.00244706,1.07699,-0.00884875,2.03261,-0.00255663,1.10189,-0.00843824,2.04173
1.158,-0.00241054,1.07696,-0.00889436,2.03261,-0.00252011,1.10191,-0.00848385,2.04173
1.16,-0.00241054,1.07696,-0.00889436,2.03252,-0.00255663,1.10189,-0.00843824,2.04173
1.162,-0.00241054,1.07696,-0.00889436,2.03261,-0.00255663,1.10186,-0.00848385,2.04181
1.164,-0.00241054,1.07699,-0.00884875,2.03261,-0.00252011,1.10189,-0.00843824,2.04181
1.166,-0.00241054,1.07696,-0.00889436,2.03261,-0.00248359,1.10189,-0.00843824,2.04173
1.168,-0.00241054,1.07696,-0.00889436,2.03261,-0.00255663,1.10189,-0.00843824,2.04181
1.17,-0.00244706,1.07696,-0.00889436,2.03261,-0.00255663,1.10189,-0.00843824,2.04173
1.172,-0.00244706,1.07696,-0.00889436,2.03261,-0.00252011,1.10189,-0.00843824,2.04181
1.174,-0.00241054,1.07696,-0.00889436,2.03261,-0.00252011,1.10189,-0.00843824,2.04181
1.176,-0.00241054,1.07699,-0.00884875,2.03252,-0.00252011,1.10191,-0.00839263,2.04181
1.178,-0.00244706,1.07696,-0.00889436,2.03261,-0.00259316,1.10191,-0.00848385,2.04181
1.18,-0.00241054,1.07696,-0.00889436,2.03261,-0.00255663,1.10189,-0.00843824,2.04181
1.182,-0.00244706,1.07696,-0.00889436,2.03261,-0.00255663,1.10189,-0.00843824,2.04173
1.184,-0.00241054,1.07699,-0.00884875,2.03261,-0.00255663,1.10189,-0.00843824,2.04173
1.186,-0.00241054,1.07699,-0.00884875,2.03252,-0.00252011,1.10189,-0.00843824,2.04181
1.188,-0.00241054,1.07696,-0.00889436,2.03261,-0.00255663,1.10191,-0.00839263,2.04173
1.19,-0.00244706,1.07696,-0.00889436,2.03261,-0.00255663,1.10194,-0.00843824,2.04181
1.192,-0.00241054,1.07696,-0.00889436,2.03261,-0.00252011,1.10191,-0.00848385,2.04173
1.194,-0.00244706,1.07699,-0.00884875,2.03261,-0.00252011,1.10189,-0.00843824,2.04173
1.196,-0.00241054,1.07699,-0.00884875,2.03252,-0.00255663,1.10189,-0.00843824,2.04181
1.198,-0.00244706,1.07696,-0.00889436,2.03252,-0.00255663,1.10189,-0.00843824,2.04181
1.2,-0.00244706,1.07699,-0.00884875,2.03252,-0.00255663,1.10189,-0.00843824,2.04181
1.202,-0.00244706,1.07699,-0.00884875,2.03252,-0.00248359,1.10189,-0.00843824,2.04173
1.204,-0.00244706,1.07699,-0.00884875,2.03261,-0.00255663,1.10189,-0.00843824,2.04173
1.206,-0.00244706,1.07696,-0.00889436,2.03261,-0.00255663,1.10189,-0.00843824,2.04181
1.208,-0.00244706,1.07699,-0.00884875,2.03261,-0.00259316,1.10189,-0.00843824,2.04181
1.21,-0.00241054,1.07699,-0.00884875,2.03261,-0.00255663,1.10191,-0.00839263,2.04181
1.212,-0.00241054,1.07696,-0.00889436,2.03261,-0.00255663,1.10189,-0.00843824,2.04173
1.214,-0.00241054,1.07696,-0.00889436,2.03261,-0.00255663,1.10189,-0.00843824,2.04181
1.216,-0.00244706,1.07696,-0.00889436,2.03252,-0.00255663,1.10189,-0.00843824,2.04173
1.218,-0.00241054,1.07699,-0.00884875,2.03261,-0.00252011,1.10189,-0.00843824,2.04173
1.22,-0.00244706,1.07696,-0.00889436,2.03261,-0.00259316,1.10189,-0.00843824,2.04181
1.222,-0.00244706,1.07696,-0.00889436,2.03261,-0.00259316,1.10191,-0.00839263,2.04181
1.224,-0.00241054,1.07696,-0.00889436,2.03261,-0.00255663,1.10191,-0.00848385,2.04173
1.226,-0.00241054,1.07694,-0.00884875,2.03252,-0.00252011,1.10189,-0.00843824,2.04181
1.228,-0.00244706,1.07699,-0.00884875,2.03261,-0.00255663,1.10186,-0.00848385,2.04181
1.23,-0.00244706,1.07699,-0.00884875,2.03261,-0.00255663,1.10189,-0.00843824,2.04173
1.232,-0.00244706,1.07696,-0.00889436,2.03261,-0.00255663,1.10191,-0.00848385,2.04173
1.234,-0.00241054,1.07696,-0.00889436,2.03261,-0.00255663,1.10191,-0.00839263,2.04173
1.236,-0.00244706,1.07699,-0.00884875,2.03261,-0.00259316,1.10189,-0.00843824,2.04173
1.238,-0.00241054,1.07696,-0.00889436,2.03261,-0.00255663,1.10191,-0.00848385,2.04181
1.24,-0.00241054,1.07696,-0.00889436,2.03252,-0.00259316,1.10189,-0.00843824,2.04181
1.242,-0.00241054,1.07699,-0.00884875,2.03252,-0.00255663,1.10189,-0.00843824,2.04181
1.244,-0.00241054,1.07696,-0.00889436,2.03252,-0.00252011,1.10189,-0.00843824,2.04181
1.246,-0.00244706,1.07699,-0.00884875,2.03261,-0.00252011,1.10189,-0.00843824,2.04181
1.248,-0.00244706,1.07696,-0.00889436,2.03261,-0.00255663,1.10191,-0.00839263,2.04173
1.25,-0.00241054,1.07699,-0.00884875,2.03261,-0.00252011,1.10191,-0.00848385,2.04173
1.252,-0.00241054,1.07696,-0.00889436,2.03252,-0.00255663,1.10191,-0.00848385,2.04173
1.254,-0.00244706,1.07696,-0.00889436,2.03252,-0.00252011,1.10189,-0.00843824,2.04181
1.256,-0.00241054,1.07699,-0.00884875,2.03252,-0.00255663,1.10191,-0.00839263,2.04173
1.258,-0.00241054,1.07696,-0.00889436,2.03252,-0.00255663,1.10191,-0.00848385,2.04173
1.26,-0.00244706,1.07696,-0.00889436,2.03252,-0.00255663,1.10189,-0.00843824,2.04173
1.262,-0.00241054,1.07696,-0.00889436,2.03261,-0.00255663,1.10189,-0.00843824,2.04173
1.264,-0.00244706,1.07696,-0.00889436,2.03252,-0.00252011,1.10189,-0.00843824,2.04181
1.266,-0.00244706,1.07699,-0.00884875,2.03261,-0.00255663,1.10189,-0.00843824,2.04173
1.268,-0.00244706,1.07696,-0.00889436,2.03252,-0.00255663,1.10191,-0.00839263,2.04181
1.27,-0.00241054,1.07699,-0.00884875,2.03252,-0.00255663,1.10189,-0.00843824,2.04173
1.272,-0.00244706,1.07696,-0.00889436,2.03252,-0.00255663,1.10189,-0.00843824,2.04181
1.274,-0.00241054,1.07696,-0.00889436,2.03252,-0.00255663,1.10189,-0.00843824,2.04181
1.276,-0.00241054,1.07696,-0.00889436,2.03261,-0.00252011,1.10189,-0.00843824,2.04173
1.278,-0.00244706,1.07696,-0.00889436,2.03261,-0.00252011,1.10189,-0.00843824,2.04173
1.28,-0.00241054,1.07699,-0.00884875,2.03261,-0.00252011,1.10191,-0.00839263,2.04173
1.282,-0.00241054,1.07696,-0.00889436,2.03252,-0.00259316,1.10191,-0.00839263,2.04181
1.284,-0.00241054,1.07696,-0.00889436,2.03252,-0.00255663,1.10191,-0.00839263,2.04173
1.286,-0.00241054,1.07699,-0.00884875,2.03252,-0.00259316,1.10189,-0.00843824,2.04181
1.288,-0.00244706,1.07699,-0.00884875,2.03252,-0.00252011,1.10189,-0.00843824,2.04173
1.29,-0.00244706,1.07699,-0.00884875,2.03252,-0.00255663,1.10191,-0.00839263,2.04173
1.292,-0.00244706,1.07696,-0.00889436,2.03261,-0.00255663,1.10189,-0.00843824,2.04173
1.294,-0.00244706,1.07696,-0.00889436,2.03261,-0.00259316,1.10189,-0.00843824,2.04181
1.296,-0.00241054,1.07699,-0.00884875,2.03261,-0.00255663,1.10189,-0.00852946,2.04181
1.298,-0.00241054,1.07696,-0.00889436,2.03261,-0.00255663,1.10189,-0.00843824,2.04173
1.3,-0.00241054,1.07696,-0.00889436,2.03252,-0.00252011,1.10191,-0.00848385,2.04181
1.302,-0.00244706,1.07696,-0.00889436,2.03252,-0.00255663,1.10189,-0.00843824,2.04173
1.304,-0.00244706,1.07696,-0.00889436,2.03252,-0.00255663,1.10191,-0.00839263,2.04181
1.306,-0.00244706,1.07696,-0.00889436,2.03261,-0.00252011,1.10189,-0.00843824,2.04181
1.308,-0.00244706,1.07699,-0.00884875,2.03261,-0.00252011,1.10189,-0.00843824,2.04181
1.31,-0.00241054,1.07699,-0.00884875,2.03261,-0.00252011,1.10189,-0.00843824,2.04173
1.312,-0.00241054,1.07699,-0.00884875,2.03261,-0.00252011,1.10186,-0.00848385,2.04173
1.314,-0.00244706,1.07696,-0.00889436,2.03252,-0.00255663,1.10186,-0.00839263,2.04181
1.316,-0.00244706,1.07699,-0.00884875,2.03261,-0.00255663,1.10189,-0.00843824,2.04173
1.318,-0.00241054,1.07696,-0.00889436,2.03261,-0.00252011,1.10189,-0.00843824,2.04181
1.32,-0.00244706,1.07696,-0.00889436,2.03252,-0.00252011,1.10189,-0.00843824,2.04181
1.322,-0.00241054,1.07696,-0.00889436,2.03252,-0.00255663,1.10191,-0.00848385,2.04181
1.324,-0.00241054,1.07699,-0.00884875,2.03261,-0.00255663,1.10189,-0.00843824,2.04173
1.326,-0.00244706,1.07699,-0.00884875,2.03261,-0.00252011,1.10189,-0.00843824,2.04173
1.328,-0.00244706,1.07699,-0.00884875,2.03261,-0.00255663,1.10194,-0.00843824,2.04181
1.33,-0.00244706,1.07699,-0.00893997,2.03261,-0.00248359,1.10189,-0.00843824,2.04173
1.332,-0.00244706,1.07702,-0.00889436,2.03261,-0.00252011,1.10189,-0.00843824,2.04173
1.334,-0.00244706,1.07699,-0.00884875,2.03252,-0.00255663,1.10191,-0.00839263,2.04181
1.336,-0.00241054,1.07696,-0.00889436,2.03261,-0.00255663,1.10189,-0.00843824,2.04173
1.338,-0.00241054,1.07696,-0.00889436,2.03261,-0.00259316,1.10186,-0.00848385,2.04173
1.34,-0.00241054,1.07696,-0.00889436,2.03261,-0.00252011,1.10189,-0.00843824,2.04181
1.342,-0.00244706,1.07696,-0.00889436,2.03261,-0.00252011,1.10189,-0.00843824,2.04181
1.344,-0.00241054,1.07696,-0.00889436,2.03252,-0.00255663,1.10189,-0.00843824,2.04181
1.346,-0.00244706,1.07696,-0.00889436,2.03252,-0.00255663,1.10189,-0.00843824,2.04173
1.348,-0.00241054,1.07699,-0.00884875,2.03252,-0.00255663,1.10189,-0.00843824,2.04181
1.35,-0.00241054,1.07699,-0.00884875,2.03252,-0.00252011,1.10189,-0.00843824,2.04181
1.352,-0.00241054,1.07699,-0.00884875,2.03261,-0.00252011,1.10189,-0.00843824,2.04181
1.354,-0.00241054,1.07699,-0.00884875,2.03252,-0.00252011,1.10189,-0.00843824,2.04173
1.356,-0.00241054,1.07696,-0.00889436,2.03252,-0.00255663,1.10189,-0.00843824,2.04181
1.358,-0.00244706,1.07696,-0.00889436,2.03252,-0.00255663,1.10189,-0.00843824,2.04181
1.36,-0.00241054,1.07696,-0.00889436,2.03252,-0.00255663,1.10191,-0.00839263,2.04173
1.362,-0.00241054,1.07696,-0.00889436,2.03252,-0.00255663,1.10191,-0.00839263,2.04173
1.364,-0.00244706,1.07699,-0.00884875,2.03261,-0.00252011,1.10189,-0.00843824,2.04173
1.366,-0.00244706,1.07699,-0.00884875,2.03252,-0.00248359,1.10189,-0.00843824,2.04173
1.368,-0.00241054,1.07699,-0.00884875,2.03261,-0.00255663,1.10189,-0.00843824,2.04173
1.37,-0.00244706,1.07696,-0.00889436,2.03252,-0.00255663,1.10189,-0.00843824,2.04173
1.372,-0.00244706,1.07699,-0.00884875,2.03252,-0.00255663,1.10191,-0.00839263,2.04181
1.374,-0.00241054,1.07696,-0.00889436,2.03252,-0.00252011,1.10189,-0.00843824,2.04181
1.376,-0.00241054,1.07694,-0.00884875,2.03252,-0.00252011,1.10189,-0.00843824,2.04181
1.378,-0.00241054,1.07696,-0.00889436,2.03261,-0.00255663,1.10189,-0.00843824,2.04181
1.38,-0.00241054,1.07699,-0.00884875,2.03261,-0.00255663,1.10189,-0.00843824,2.04181
1.382,-0.00244706,1.07699,-0.00884875,2.03261,-0.00252011,1.10186,-0.00848385,2.04181
1.384,-0.00241054,1.07696,-0.00889436,2.03252,-0.00255663,1.10189,-0.00843824,2.04173
1.386,-0.00244706,1.07696,-0.00889436,2.03252,-0.00255663,1.10191,-0.00839263,2.04181
1.388,-0.00244706,1.07696,-0.00889436,2.03252,-0.00252011,1.10189,-0.00843824,2.04173
1.39,-0.00241054,1.07696,-0.00889436,2.03261,-0.00252011,1.10189,-0.00843824,2.04181
1.392,-0.00241054,1.07699,-0.00884875,2.03261,-0.00248359,1.10191,-0.00848385,2.04181
1.394,-0.00241054,1.07696,-0.00889436,2.03261,-0.00255663,1.10191,-0.00839263,2.04181
1.396,-0.00241054,1.07696,-0.00889436,2.03261,-0.00255663,1.10189,-0.00843824,2.04173
1.398,-0.00244706,1.07696,-0.00889436,2.03261,-0.00255663,1.10189,-0.00843824,2.04181
1.4,-0.00241054,1.07696,-0.00889436,2.03252,-0.00252011,1.10189,-0.00843824,2.04181
1.402,-0.00241054,1.07696,-0.00889436,2.03252,-0.00255663,1.10191,-0.00839263,2.04173
1.404,-0.00244706,1.07699,-0.00884875,2.03252,-0.00252011,1.10189,-0.00852946,2.04181
1.406,-0.00241054,1.07699,-0.00884875,2.03261,-0.00252011,1.10189,-0.00843824,2.04181
1.408,-0.00244706,1.07699,-0.00884875,2.03261,-0.00252011,1.10189,-0.00843824,2.04181
1.41,-0.00244706,1.07699,-0.00884875,2.03252,-0.00255663,1.10191,-0.00839263,2.04181
1.412,-0.00241054,1.07696,-0.00889436,2.03252,-0.00255663,1.10189,-0.00843824,2.04181
1.414,-0.00241054,1.07699,-0.00884875,2.03261,-0.00255663,1.10191,-0.00839263,2.04181
1.416,-0.00241054,1.07699,-0.00884875,2.03252,-0.00252011,1.10189,-0.00843824,2.04181
1.418,-0.00244706,1.07696,-0.00889436,2.03261,-0.00252011,1.10191,-0.00848385,2.04181
1.42,-0.00244706,1.07696,-0.00889436,2.03261,-0.00259316,1.10189,-0.00843824,2.04181
1.422,-0.00244706,1.07696,-0.00889436,2.03261,-0.00255663,1.10189,-0.00843824,2.04173
1.424,-0.00241054,1.07696,-0.00889436,2.03261,-0.00255663,1.10189,-0.00843824,2.04181
1.426,-0.00241054,1.07696,-0.00889436,2.03261,-0.00255663,1.10189,-0.00843824,2.04181
1.428,-0.00244706,1.07699,-0.00884875,2.03261,-0.00252011,1.10189,-0.00843824,2.04173
1.43,-0.00244706,1.07696,-0.00889436,2.03252,-0.00255663,1.10186,-0.00848385,2.04181
1.432,-0.00241054,1.07696,-0.00889436,2.03261,-0.00252011,1.10189,-0.00843824,2.04181
1.434,-0.00241054,1.07699,-0.00884875,2.03252,-0.00255663,1.10189,-0.00843824,2.04181
1.436,-0.00241054,1.07696,-0.00889436,2.03252,-0.00252011,1.10189,-0.00843824,2.04173
1.438,-0.00241054,1.07696,-0.00889436,2.03252,-0.00255663,1.10189,-0.00843824,2.04181
1.44,-0.00241054,1.07696,-0.00889436,2.03261,-0.00255663,1.10189,-0.00843824,2.04181
1.442,-0.00241054,1.07699,-0.00884875,2.03261,-0.00255663,1.10189,-0.00852946,2.04181
1.444,-0.00244706,1.07699,-0.00884875,2.03252,-0.00255663,1.10191,-0.00848385,2.04181
1.446,-0.00244706,1.07699,-0.00884875,2.03252,-0.00255663,1.10189,-0.00843824,2.04181
1.448,-0.00244706,1.07696,-0.00889436,2.03252,-0.00255663,1.10189,-0.00843824,2.04173
1.45,-0.00244706,1.07699,-0.00884875,2.03252,-0.00255663,1.10189,-0.00843824,2.04181
1.452,-0.00241054,1.07696,-0.00889436,2.03261,-0.00259316,1.10191,-0.00839263,2.04173
1.454,-0.00241054,1.07696,-0.00889436,2.03261,-0.00259316,1.10189,-0.00843824,2.04181
1.456,-0.00241054,1.07699,-0.00884875,2.03252,-0.00252011,1.10191,-0.00839263,2.04181
1.458,-0.00241054,1.07696,-0.00889436,2.03261,-0.00252011,1.10191,-0.00848385,2.04181
1.46,-0.00244706,1.07696,-0.00889436,2.03252,-0.00255663,1.10189,-0.00843824,2.04173
1.462,-0.00241054,1.07699,-0.00884875,2.03252,-0.00255663,1.10189,-0.00843824,2.04173
1.464,-0.00244706,1.07696,-0.00889436,2.03252,-0.00255663,1.10189,-0.00843824,2.04181
1.466,-0.00244706,1.07696,-0.00889436,2.03261,-0.00255663,1.10189,-0.00843824,2.04181
1.468,-0.00244706,1.07699,-0.00884875,2.03261,-0.00255663,1.10191,-0.00839263,2.04173
1.47,-0.00241054,1.07696,-0.00889436,2.03252,-0.00252011,1.10189,-0.00843824,2.04173
1.472,-0.00241054,1.07696,-0.00889436,2.03261,-0.00255663,1.10189,-0.00843824,2.04181
1.474,-0.00241054,1.07696,-0.00889436,2.03252,-0.00255663,1.10189,-0.00843824,2.04181
1.476,-0.00241054,1.07696,-0.00889436,2.03252,-0.00255663,1.10189,-0.00843824,2.04173
1.478,-0.00241054,1.07696,-0.00889436,2.03252,-0.00255663,1.10189,-0.00843824,2.04173
1.48,-0.00241054,1.07696,-0.00889436,2.03252,-0.00255663,1.10191,-0.00848385,2.04181
1.482,-0.00241054,1.07699,-0.00884875,2.03252,-0.00252011,1.10189,-0.00843824,2.04181
1.484,-0.00244706,1.07699,-0.00884875,2.03252,-0.00255663,1.10189,-0.00843824,2.04173
1.486,-0.00241054,1.07699,-0.00884875,2.03252,-0.00252011,1.10189,-0.00843824,2.04181
1.488,-0.00244706,1.07699,-0.00884875,2.03252,-0.00255663,1.10189,-0.00843824,2.04181
1.49,-0.00241054,1.07696,-0.00889436,2.03252,-0.00255663,1.10189,-0.00843824,2.04173
1.492,-0.00241054,1.07699,-0.00884875,2.03252,-0.00252011,1.10189,-0.00843824,2.04173
1.494,-0.00241054,1.07699,-0.00884875,2.03261,-0.00255663,1.10189,-0.00843824,2.04173
1.496,-0.00241054,1.07699,-0.00884875,2.03261,-0.00252011,1.10189,-0.00843824,2.04173
1.498,-0.00241054,1.07696,-0.00889436,2.03261,-0.00255663,1.10189,-0.00843824,2.04181
1.5,-0.00241054,1.07699,-0.00884875,2.03261,-0.00252011,1.10186,-0.00848385,2.04181
1.502,-0.00241054,1.07696,-0.00889436,2.03261,-0.00255663,1.10189,-0.00843824,2.04181
1.504,-0.00241054,1.07696,-0.00889436,2.03261,-0.00255663,1.10189,-0.00843824,2.04181
1.506,-0.00241054,1.07696,-0.00889436,2.03261,-0.00252011,1.10189,-0.00843824,2.04181
1.508,-0.00241054,1.07699,-0.00884875,2.03252,-0.00252011,1.10189,-0.00843824,2.04173
1.51,-0.00241054,1.07699,-0.00884875,2.03261,-0.00255663,1.10189,-0.00843824,2.04173
1.512,-0.00244706,1.07696,-0.00889436,2.03261,-0.00252011,1.10189,-0.00843824,2.04181
1.514,-0.00241054,1.07699,-0.00884875,2.03261,-0.00252011,1.10189,-0.00843824,2.04181
1.516,-0.00241054,1.07699,-0.00884875,2.03252,-0.00252011,1.10189,-0.00843824,2.04173
1.518,-0.00244706,1.07696,-0.00889436,2.03261,-0.00252011,1.10189,-0.00843824,2.04181
1.52,-0.00241054,1.07696,-0.00889436,2.03252,-0.00252011,1.10189,-0.00843824,2.04181
1.522,-0.00241054,1.07696,-0.00889436,2.03261,-0.00252011,1.10189,-0.00843824,2.04173
1.524,-0.00244706,1.07699,-0.00884875,2.03261,-0.00255663,1.10189,-0.00843824,2.04173
1.526,-0.00241054,1.07696,-0.00889436,2.03261,-0.00259316,1.10191,-0.00839263,2.04181
1.528,-0.00241054,1.07696,-0.00889436,2.03252,-0.00252011,1.10189,-0.00843824,2.04173
1.53,-0.00244706,1.07696,-0.00889436,2.03261,-0.00252011,1.10189,-0.00843824,2.04173
1.532,-0.00244706,1.07699,-0.00884875,2.03252,-0.00255663,1.10191,-0.00839263,2.04173
1.534,-0.00244706,1.07699,-0.00884875,2.03252,-0.00259316,1.10189,-0.00843824,2.04173
1.536,-0.00244706,1.07696,-0.00889436,2.03261,-0.00255663,1.10189,-0.00843824,2.04181
1.538,-0.00241054,1.07699,-0.00884875,2.03261,-0.00252011,1.10189,-0.00843824,2.04181
1.54,-0.00241054,1.07696,-0.00889436,2.03261,-0.00252011,1.10189,-0.00843824,2.04181
1.542,-0.00241054,1.07699,-0.00884875,2.03252,-0.00252011,1.10186,-0.00848385,2.04173
1.544,-0.00241054,1.07696,-0.00889436,2.03252,-0.00255663,1.10189,-0.00843824,2.04173
1.546,-0.00244706,1.07699,-0.00884875,2.03252,-0.00252011,1.10189,-0.00843824,2.04173
1.548,-0.00241054,1.07696,-0.00889436,2.03252,-0.00255663,1.10191,-0.00839263,2.04181
1.55,-0.00244706,1.07699,-0.00884875,2.03252,-0.00248359,1.10191,-0.00839263,2.04181
1.552,-0.00241054,1.07696,-0.00889436,2.03261,-0.00255663,1.10191,-0.00839263,2.04181
1.554,-0.00241054,1.07699,-0.00884875,2.03261,-0.00259316,1.10186,-0.00848385,2.04181
1.556,-0.00241054,1.07696,-0.00889436,2.03252,-0.00255663,1.10189,-0.00843824,2.04173
1.558,-0.00244706,1.07696,-0.00889436,2.03261,-0.00255663,1.10189,-0.00843824,2.04173
1.56,-0.00244706,1.07696,-0.00889436,2.03252,-0.00252011,1.10191,-0.00839263,2.04173
1.562,-0.00244706,1.07699,-0.00884875,2.03252,-0.00255663,1.10189,-0.00843824,2.04181
1.564,-0.00244706,1.07696,-0.00889436,2.03261,-0.00252011,1.10191,-0.00839263,2.04173
1.566,-0.00244706,1.07696,-0.00889436,2.03252,-0.00252011,1.10189,-0.00843824,2.04181
1.568,-0.00244706,1.07699,-0.00884875,2.03252,-0.00252011,1.10189,-0.00843824,2.04181
1.57,-0.00241054,1.07696,-0.00889436,2.03252,-0.00252011,1.10189,-0.00843824,2.04173
1.572,-0.00241054,1.07696,-0.00889436,2.03261,-0.00252011,1.10191,-0.00839263,2.04173
1.574,-0.00244706,1.07696,-0.00889436,2.03252,-0.00255663,1.10183,-0.00843824,2.04181
1.576,-0.00244706,1.07696,-0.00889436,2.03261,-0.00255663,1.10189,-0.00843824,2.04181
1.578,-0.00244706,1.07696,-0.00889436,2.03261,-0.00255663,1.10191,-0.00848385,2.04173
1.58,-0.00241054,1.07699,-0.00884875,2.03261,-0.00255663,1.10191,-0.00848385,2.04181
1.582,-0.00241054,1.07699,-0.00884875,2.03252,-0.00248359,1.10189,-0.00843824,2.04181
1.584,-0.00244706,1.07696,-0.00889436,2.03252,-0.00255663,1.10189,-0.00843824,2.04181
1.586,-0.00244706,1.07699,-0.00884875,2.03252,-0.00255663,1.10189,-0.00843824,2.04173
1.588,-0.00241054,1.07696,-0.00889436,2.03252,-0.00255663,1.10189,-0.00843824,2.04181
1.59,-0.00244706,1.07699,-0.00884875,2.03261,-0.00255663,1.10191,-0.00848385,2.04181
1.592,-0.00241054,1.07699,-0.00884875,2.03252,-0.00252011,1.10189,-0.00843824,2.04181
1.594,-0.00241054,1.07696,-0.00889436,2.03261,-0.00252011,1.10189,-0.00843824,2.04173
1.596,-0.00244706,1.07696,-0.00889436,2.03252,-0.00252011,1.10186,-0.00848385,2.04173
1.598,-0.00244706,1.07696,-0.00889436,2.03261,-0.00252011,1.10189,-0.00843824,2.04173
1.6,-0.00241054,1.07699,-0.00884875,2.03261,-0.00255663,1.10189,-0.00843824,2.04181
1.602,-0.00241054,1.07699,-0.00884875,2.03252,-0.00259316,1.10189,-0.00843824,2.04173
1.604,-0.00241054,1.07699,-0.00884875,2.03252,-0.00252011,1.10189,-0.00843824,2.04181
1.606,-0.00241054,1.07699,-0.00884875,2.03261,-0.00252011,1.10191,-0.00848385,2.04173
1.608,-0.00241054,1.07699,-0.00884875,2.03261,-0.00255663,1.10189,-0.00843824,2.04181
1.61,-0.00244706,1.07699,-0.00884875,2.03252,-0.00252011,1.10186,-0.00848385,2.04173
1.612,-0.00241054,1.07699,-0.00884875,2.03252,-0.00255663,1.10191,-0.00839263,2.04181
1.614,-0.00244706,1.07699,-0.00884875,2.03261,-0.00255663,1.10186,-0.00848385,2.04181
1.616,-0.00241054,1.07699,-0.00884875,2.03261,-0.00255663,1.10189,-0.00843824,2.04181
1.618,-0.00241054,1.07696,-0.00889436,2.03261,-0.00252011,1.10191,-0.00848385,2.04181
1.62,-0.00241054,1.07696,-0.00889436,2.03261,-0.00252011,1.10189,-0.00843824,2.04173
1.622,-0.00241054,1.07696,-0.00889436,2.03252,-0.00255663,1.10189,-0.00843824,2.04181
1.624,-0.00244706,1.07696,-0.00889436,2.03252,-0.00255663,1.10191,-0.00839263,2.04181
1.626,-0.00244706,1.07699,-0.00884875,2.03252,-0.00252011,1.10189,-0.00843824,2.04173
1.628,-0.00244706,1.07699,-0.00884875,2.03252,-0.00255663,1.10189,-0.00843824,2.04181
1.63,-0.00244706,1.07696,-0.00889436,2.03252,-0.00252011,1.10189,-0.00843824,2.04181
1.632,-0.00241054,1.07699,-0.00884875,2.03261,-0.00248359,1.10189,-0.00843824,2.04181
1.634,-0.00244706,1.07699,-0.00884875,2.03261,-0.00252011,1.10186,-0.00848385,2.04181
1.636,-0.00241054,1.07696,-0.00889436,2.03261,-0.00252011,1.10189,-0.00843824,2.04181
1.638,-0.00241054,1.07696,-0.00889436,2.03252,-0.00252011,1.10189,-0.00843824,2.04181
1.64,-0.00241054,1.07696,-0.00889436,2.03252,-0.00252011,1.10189,-0.00843824,2.04181
1.642,-0.00244706,1.07696,-0.00889436,2.03252,-0.00252011,1.10189,-0.00843824,2.04181
1.644,-0.00244706,1.07699,-0.00884875,2.03252,-0.00252011,1.10189,-0.00843824,2.04173
1.646,-0.00244706,1.07699,-0.00884875,2.03252,-0.00259316,1.10191,-0.00848385,2.04181
1.648,-0.00244706,1.07696,-0.00889436,2.03252,-0.00255663,1.10194,-0.00843824,2.04173
1.65,-0.00244706,1.07699,-0.00884875,2.03261,-0.00255663,1.10189,-0.00843824,2.04173
1.652,-0.00241054,1.07699,-0.00884875,2.03252,-0.00252011,1.10191,-0.00839263,2.04181
1.654,-0.00244706,1.07696,-0.00889436,2.03252,-0.00252011,1.10189,-0.00843824,2.04181
1.656,-0.00241054,1.07699,-0.00884875,2.03252,-0.00255663,1.10189,-0.00843824,2.04173
1.658,-0.00241054,1.07696,-0.00889436,2.03252,-0.00255663,1.10186,-0.00848385,2.04181
1.66,-0.00241054,1.07699,-0.00884875,2.03252,-0.00252011,1.10191,-0.00848385,2.04173
1.662,-0.00241054,1.07699,-0.00884875,2.03261,-0.00252011,1.10189,-0.00843824,2.04173
1.664,-0.00241054,1.07696,-0.00889436,2.03261,-0.00255663,1.10189,-0.00843824,2.04181
1.666,-0.00241054,1.07696,-0.00889436,2.03261,-0.00252011,1.10189,-0.00843824,2.04181
1.668,-0.00241054,1.07696,-0.00889436,2.03261,-0.00255663,1.10189,-0.00843824,2.04181
1.67,-0.00241054,1.07696,-0.00889436,2.03252,-0.00252011,1.10189,-0.00843824,2.04181
1.672,-0.00241054,1.07699,-0.00884875,2.03252,-0.00255663,1.10189,-0.00843824,2.04181
1.674,-0.00241054,1.07699,-0.00884875,2.03252,-0.00255663,1.10191,-0.00839263,2.04173
1.676,-0.00244706,1.07696,-0.00889436,2.03261,-0.00252011,1.10189,-0.00843824,2.04181
1.678,-0.00244706,1.07696,-0.00889436,2.03261,-0.00252011,1.10191,-0.00839263,2.04181
1.68,-0.00244706,1.07696,-0.00889436,2.03252,-0.00255663,1.10189,-0.00843824,2.04181
1.682,-0.00241054,1.07699,-0.00884875,2.03252,-0.00255663,1.10189,-0.00843824,2.04173
1.684,-0.00244706,1.07699,-0.00884875,2.03261,-0.00252011,1.10191,-0.00848385,2.04173
1.686,-0.00244706,1.07699,-0.00884875,2.03252,-0.00255663,1.10189,-0.00843824,2.04181
1.688,-0.00241054,1.07699,-0.00884875,2.03252,-0.00259316,1.10186,-0.00848385,2.04173
1.69,-0.00241054,1.07696,-0.00889436,2.03252,-0.00255663,1.10189,-0.00843824,2.04173
1.692,-0.00244706,1.07696,-0.00889436,2.03252,-0.00255663,1.10189,-0.00843824,2.04173
1.694,-0.00244706,1.07699,-0.00884875,2.03261,-0.00252011,1.10189,-0.00843824,2.04181
1.696,-0.00244706,1.07696,-0.00889436,2.03252,-0.00255663,1.10186,-0.00848385,2.04173
1.698,-0.00241054,1.07696,-0.00889436,2.03261,-0.00259316,1.10189,-0.00843824,2.04181
1.7,-0.00241054,1.07696,-0.00889436,2.03261,-0.00252011,1.10189,-0.00843824,2.04173
1.702,-0.00241054,1.07696,-0.00889436,2.03261,-0.00255663,1.10189,-0.00843824,2.04181
1.704,-0.00241054,1.07699,-0.00884875,2.03261,-0.00252011,1.10189,-0.00843824,2.04181
1.706,-0.00241054,1.07696,-0.00889436,2.03261,-0.00255663,1.10191,-0.00848385,2.04181
1.708,-0.00244706,1.07696,-0.00889436,2.03261,-0.00255663,1.10189,-0.00843824,2.04181
1.71,-0.00244706,1.07696,-0.00889436,2.03252,-0.00252011,1.10186,-0.00848385,2.04173
1.712,-0.00244706,1.07699,-0.00884875,2.03252,-0.00255663,1.10191,-0.00839263,2.04181
1.714,-0.00244706,1.07696,-0.00889436,2.03261,-0.00255663,1.10189,-0.00843824,2.04181
1.716,-0.00244706,1.07699,-0.00884875,2.03261,-0.00248359,1.10191,-0.00839263,2.04173
1.718,-0.00241054,1.07699,-0.00884875,2.03252,-0.00252011,1.10186,-0.00848385,2.04181
1.72,-0.00241054,1.07699,-0.00884875,2.03261,-0.00252011,1.10189,-0.00843824,2.04173
1.722,-0.00244706,1.07696,-0.00889436,2.03261,-0.00255663,1.10189,-0.00843824,2.04181
1.724,-0.00244706,1.07696,-0.00889436,2.03261,-0.00255663,1.10191,-0.00839263,2.04181
1.726,-0.00241054,1.07696,-0.00889436,2.03252,-0.00248359,1.10191,-0.00839263,2.04173
1.728,-0.00241054,1.07696,-0.00889436,2.03261,-0.00252011,1.10189,-0.00843824,2.04173
1.73,-0.00241054,1.07699,-0.00884875,2.03261,-0.00255663,1.10189,-0.00843824,2.04173
1.732,-0.00244706,1.07699,-0.00884875,2.03252,-0.00255663,1.10191,-0.00839263,2.04173
1.734,-0.00244706,1.07699,-0.00884875,2.03252,-0.00255663,1.10189,-0.00843824,2.04173
1.736,-0.00241054,1.07696,-0.00889436,2.03261,-0.00252011,1.10186,-0.00848385,2.04173
1.738,-0.00241054,1.07699,-0.00884875,2.03252,-0.00255663,1.10189,-0.00843824,2.04173
1.74,-0.00241054,1.07699,-0.00884875,2.03261,-0.00255663,1.10189,-0.00843824,2.04181
1.742,-0.00241054,1.07699,-0.00884875,2.03252,-0.00252011,1.10189,-0.00843824,2.04181
1.744,-0.00244706,1.07696,-0.00889436,2.03261,-0.00255663,1.10189,-0.00843824,2.04173
1.746,-0.00244706,1.07696,-0.00889436,2.03261,-0.00259316,1.10191,-0.00848385,2.04173
1.748,-0.00241054,1.07696,-0.00889436,2.03261,-0.00255663,1.10191,-0.00839263,2.04181
1.75,-0.00241054,1.07696,-0.00889436,2.03252,-0.00255663,1.10189,-0.00843824,2.04181
1.752,-0.00241054,1.07696,-0.00889436,2.03252,-0.00252011,1.10189,-0.00843824,2.04181
1.754,-0.00244706,1.07699,-0.00884875,2.03252,-0.00259316,1.10189,-0.00843824,2.04181
1.756,-0.00244706,1.07699,-0.00884875,2.03252,-0.00252011,1.10186,-0.00848385,2.04181
1.758,-0.00244706,1.07699,-0.00884875,2.03261,-0.00255663,1.10189,-0.00843824,2.04173
1.76,-0.00244706,1.07699,-0.00884875,2.03261,-0.00255663,1.10189,-0.00843824,2.04181
1.762,-0.00244706,1.07696,-0.00889436,2.03261,-0.00255663,1.10191,-0.00839263,2.04173
1.764,-0.00241054,1.07696,-0.00889436,2.03261,-0.00252011,1.10189,-0.00843824,2.04173
1.766,-0.00244706,1.07696,-0.00889436,2.03261,-0.00259316,1.10189,-0.00843824,2.04181
1.768,-0.00241054,1.07696,-0.00889436,2.03261,-0.00252011,1.10189,-0.00843824,2.04181
1.77,-0.00241054,1.07699,-0.00884875,2.03252,-0.00252011,1.10189,-0.00843824,2.04181
1.772,-0.00244706,1.07696,-0.00889436,2.03252,-0.00252011,1.10186,-0.00848385,2.04173
1.774,-0.00244706,1.07696,-0.00889436,2.03261,-0.00252011,1.10189,-0.00843824,2.04173
1.776,-0.00241054,1.07699,-0.00884875,2.03261,-0.00255663,1.10191,-0.00839263,2.04173
1.778,-0.00241054,1.07699,-0.00884875,2.03261,-0.00255663,1.10189,-0.00843824,2.04181
1.78,-0.00244706,1.07699,-0.00884875,2.03261,-0.00248359,1.10191,-0.00839263,2.04181
1.782,-0.00244706,1.07696,-0.00889436,2.03252,-0.00255663,1.10189,-0.00843824,2.04181
1.784,-0.00244706,1.07696,-0.00889436,2.03252,-0.00255663,1.10189,-0.00843824,2.04181
1.786,-0.00241054,1.07696,-0.00889436,2.03261,-0.00255663,1.10189,-0.00843824,2.04181
1.788,-0.00241054,1.07699,-0.00884875,2.03261,-0.00259316,1.10189,-0.00843824,2.04173
1.79,-0.00241054,1.07696,-0.00889436,2.03261,-0.00255663,1.10189,-0.00843824,2.04181
1.792,-0.00244706,1.07699,-0.00884875,2.03261,-0.00259316,1.10189,-0.00843824,2.04173
1.794,-0.00244706,1.07699,-0.00884875,2.03261,-0.00255663,1.10189,-0.00843824,2.04173
1.796,-0.00244706,1.07699,-0.00884875,2.03252,-0.00252011,1.10189,-0.00843824,2.04181
1.798,-0.00244706,1.07699,-0.00884875,2.03252,-0.00255663,1.10189,-0.00843824,2.04173
1.8,-0.00241054,1.07699,-0.00884875,2.03252,-0.00252011,1.10189,-0.00843824,2.04181
1.802,-0.00241054,1.07696,-0.00889436,2.03252,-0.00252011,1.10189,-0.00843824,2.04181
1.804,-0.00241054,1.07699,-0.00884875,2.03261,-0.00255663,1.10189,-0.00843824,2.04181
1.806,-0.00241054,1.07696,-0.00889436,2.03261,-0.00252011,1.10186,-0.00848385,2.04173
1.808,-0.00241054,1.07696,-0.00889436,2.03252,-0.00255663,1.10194,-0.00843824,2.04181
1.81,-0.00244706,1.07696,-0.00889436,2.03252,-0.00255663,1.10189,-0.00843824,2.04181
1.812,-0.00241054,1.07699,-0.00884875,2.03261,-0.00252011,1.10189,-0.00843824,2.04181
1.814,-0.00241054,1.07696,-0.00889436,2.03252,-0.00255663,1.10194,-0.00843824,2.04173
1.816,-0.00241054,1.07699,-0.00884875,2.03261,-0.00252011,1.10189,-0.00843824,2.04173
1.818,-0.00241054,1.07699,-0.00884875,2.03261,-0.00259316,1.10186,-0.00848385,2.04181
1.82,-0.00244706,1.07699,-0.00884875,2.03252,-0.00255663,1.10189,-0.00843824,2.04181
1.822,-0.00244706,1.07696,-0.00889436,2.03252,-0.00255663,1.10189,-0.00843824,2.04181
1.824,-0.00244706,1.07696,-0.00889436,2.03252,-0.00255663,1.10189,-0.00843824,2.04173
1.826,-0.00244706,1.07696,-0.00889436,2.03252,-0.00252011,1.10189,-0.00843824,2.04173
1.828,-0.00241054,1.07696,-0.00889436,2.03252,-0.00252011,1.10189,-0.00843824,2.04173
1.83,-0.00244706,1.07696,-0.00889436,2.03252,-0.00252011,1.10189,-0.00843824,2.04173
1.832,-0.00241054,1.07699,-0.00884875,2.03261,-0.00255663,1.10191,-0.00839263,2.04181
1.834,-0.00244706,1.07699,-0.00884875,2.03261,-0.00255663,1.10191,-0.00848385,2.04181
1.836,-0.00241054,1.07699,-0.00884875,2.03252,-0.00252011,1.10189,-0.00843824,2.04181
1.838,-0.00241054,1.07696,-0.00889436,2.03252,-0.00255663,1.10189,-0.00843824,2.04173
1.84,-0.00241054,1.07696,-0.00889436,2.03252,-0.00255663,1.10189,-0.00843824,2.04173
1.842,-0.00241054,1.07696,-0.00889436,2.03252,-0.00259316,1.10189,-0.00843824,2.04181
1.844,-0.00241054,1.07699,-0.00884875,2.03261,-0.00252011,1.10189,-0.00843824,2.04173
1.846,-0.00241054,1.07699,-0.00884875,2.03252,-0.00255663,1.10189,-0.00843824,2.04181
1.848,-0.00241054,1.07696,-0.00889436,2.03261,-0.00255663,1.10189,-0.00852946,2.04173
1.85,-0.00244706,1.07696,-0.00889436,2.03252,-0.00255663,1.10191,-0.00839263,2.04173
1.852,-0.00241054,1.07696,-0.00889436,2.03261,-0.00255663,1.10189,-0.00843824,2.04181
1.854,-0.00241054,1.07699,-0.00884875,2.03252,-0.00252011,1.10189,-0.00843824,2.04173
1.856,-0.00241054,1.07696,-0.00889436,2.03252,-0.00255663,1.10189,-0.00843824,2.04173
1.858,-0.00244706,1.07696,-0.00889436,2.03252,-0.00252011,1.10189,-0.00843824,2.04181
1.86,-0.00241054,1.07699,-0.00884875,2.03252,-0.00255663,1.10189,-0.00843824,2.04181
1.862,-0.00244706,1.07696,-0.00889436,2.03252,-0.00252011,1.10189,-0.00843824,2.04181
1.864,-0.00241054,1.07699,-0.00884875,2.03261,-0.00255663,1.10191,-0.00839263,2.04173
1.866,-0.00244706,1.07696,-0.00889436,2.03252,-0.00255663,1.10189,-0.00843824,2.04181
1.868,-0.00244706,1.07699,-0.00884875,2.03261,-0.00252011,1.10186,-0.00848385,2.04181
1.87,-0.00241054,1.07699,-0.00884875,2.03261,-0.00252011,1.10191,-0.00848385,2.04181
1.872,-0.00241054,1.07699,-0.00884875,2.03252,-0.00252011,1.10189,-0.00843824,2.04181
1.874,-0.00244706,1.07699,-0.00884875,2.03261,-0.00255663,1.10189,-0.00843824,2.04181
1.876,-0.00244706,1.07699,-0.00884875,2.03261,-0.00255663,1.10191,-0.00839263,2.04181
1.878,-0.00244706,1.07696,-0.00889436,2.03261,-0.00255663,1.10191,-0.00848385,2.04181
1.88,-0.00241054,1.07699,-0.00884875,2.03261,-0.00255663,1.10189,-0.00843824,2.04173
1.882,-0.00241054,1.07699,-0.00884875,2.03252,-0.00255663,1.10189,-0.00843824,2.04181
1.884,-0.00244706,1.07699,-0.00884875,2.03261,-0.00255663,1.10189,-0.00843824,2.04181
1.886,-0.00244706,1.07696,-0.00889436,2.03261,-0.00255663,1.10189,-0.00843824,2.04173
1.888,-0.00241054,1.07696,-0.00889436,2.03261,-0.00255663,1.10189,-0.00843824,2.04173
1.89,-0.00244706,1.07699,-0.00884875,2.03252,-0.00255663,1.10189,-0.00843824,2.04173
1.892,-0.00244706,1.07699,-0.00884875,2.03261,-0.00252011,1.10191,-0.00839263,2.04173
1.894,-0.00241054,1.07699,-0.00884875,2.03261,-0.00255663,1.10191,-0.00848385,2.04173
1.896,-0.00241054,1.07699,-0.00884875,2.03261,-0.00255663,1.10189,-0.00843824,2.04181
1.898,-0.00244706,1.07699,-0.00884875,2.03252,-0.00259316,1.10191,-0.00848385,2.04181
1.9,-0.00244706,1.07699,-0.00884875,2.03252,-0.00252011,1.10189,-0.00843824,2.04181
1.902,-0.00241054,1.07699,-0.00884875,2.03261,-0.00255663,1.10186,-0.00848385,2.04173
1.904,-0.00244706,1.07699,-0.00884875,2.03261,-0.00255663,1.10189,-0.00843824,2.04173
1.906,-0.00244706,1.07696,-0.00889436,2.03261,-0.00255663,1.10189,-0.00843824,2.04173
1.908,-0.00244706,1.07699,-0.00884875,2.03252,-0.00252011,1.10189,-0.00843824,2.04181
1.91,-0.00241054,1.07696,-0.00889436,2.03261,-0.00252011,1.10189,-0.00843824,2.04173
1.912,-0.00241054,1.07699,-0.00884875,2.03252,-0.00255663,1.10189,-0.00843824,2.04181
1.914,-0.00241054,1.07696,-0.00889436,2.03252,-0.00252011,1.10189,-0.00843824,2.04181
1.916,-0.00241054,1.07699,-0.00884875,2.03252,-0.00255663,1.10186,-0.00848385,2.04173
1.918,-0.00244706,1.07699,-0.00884875,2.03252,-0.00255663,1.10191,-0.00839263,2.04181
1.92,-0.00244706,1.07696,-0.00889436,2.03261,-0.00255663,1.10186,-0.00848385,2.04181
1.922,-0.00241054,1.07699,-0.00884875,2.03261,-0.00252011,1.10189,-0.00843824,2.04181
1.924,-0.00244706,1.07699,-0.00884875,2.03261,-0.00255663,1.10189,-0.00843824,2.04173
1.926,-0.00244706,1.07696,-0.00889436,2.03261,-0.00255663,1.10189,-0.00843824,2.04181
1.928,-0.00244706,1.07696,-0.00889436,2.03252,-0.00255663,1.10189,-0.00843824,2.04181
1.93,-0.00244706,1.07696,-0.00889436,2.03252,-0.00252011,1.10189,-0.00843824,2.04173
1.932,-0.00244706,1.07699,-0.00884875,2.03252,-0.00255663,1.10189,-0.00843824,2.04181
1.934,-0.00241054,1.07699,-0.00884875,2.03261,-0.00255663,1.10189,-0.00843824,2.04181
1.936,-0.00244706,1.07699,-0.00884875,2.03261,-0.00255663,1.10189,-0.00843824,2.04173
1.938,-0.00241054,1.07699,-0.00884875,2.03252,-0.00252011,1.10191,-0.00848385,2.04173
1.94,-0.00244706,1.07696,-0.00889436,2.03252,-0.00255663,1.10189,-0.00843824,2.04173
1.942,-0.00241054,1.07696,-0.00889436,2.03252,-0.00255663,1.10189,-0.00843824,2.04173
1.944,-0.00241054,1.07696,-0.00889436,2.03252,-0.00255663,1.10189,-0.00843824,2.04181
1.946,-0.00241054,1.07699,-0.00884875,2.03261,-0.00255663,1.10189,-0.00843824,2.04181
1.948,-0.00241054,1.07699,-0.00884875,2.03252,-0.00255663,1.10186,-0.00848385,2.04181
1.95,-0.00244706,1.07699,-0.00884875,2.03261,-0.00259316,1.10191,-0.00848385,2.04181
1.952,-0.00244706,1.07699,-0.00884875,2.03252,-0.00255663,1.10189,-0.00843824,2.04173
1.954,-0.00241054,1.07696,-0.00889436,2.03261,-0.00255663,1.10191,-0.00839263,2.04181
1.956,-0.00241054,1.07699,-0.00884875,2.03252,-0.00255663,1.10189,-0.00843824,2.04181
1.958,-0.00244706,1.07699,-0.00884875,2.03252,-0.00255663,1.10189,-0.00843824,2.04181
1.96,-0.00244706,1.07699,-0.00884875,2.03261,-0.00255663,1.10191,-0.00848385,2.04181
1.962,-0.00244706,1.07696,-0.00889436,2.03252,-0.00252011,1.10189,-0.00843824,2.04181
1.964,-0.00244706,1.07696,-0.00889436,2.03252,-0.00252011,1.10189,-0.00843824,2.04173
1.966,-0.00244706,1.07699,-0.00884875,2.03261,-0.00252011,1.10189,-0.00843824,2.04181
1.968,-0.00241054,1.07699,-0.00884875,2.03261,-0.00255663,1.10191,-0.00839263,2.04173
1.97,-0.00244706,1.07699,-0.00884875,2.03252,-0.00259316,1.10189,-0.00843824,2.04173
1.972,-0.00244706,1.07696,-0.00889436,2.03261,-0.00259316,1.10189,-0.00843824,2.04181
1.974,-0.00244706,1.07696,-0.00889436,2.03252,-0.00255663,1.10191,-0.00839263,2.04173
1.976,-0.00244706,1.07699,-0.00884875,2.03252,-0.00252011,1.10189,-0.00843824,2.04181
1.978,-0.00244706,1.07699,-0.00884875,2.03252,-0.00252011,1.10189,-0.00843824,2.04173
1.98,-0.00244706,1.07696,-0.00889436,2.03261,-0.00252011,1.10189,-0.00843824,2.04181
1.982,-0.00241054,1.07696,-0.00889436,2.03252,-0.00255663,1.10189,-0.00843824,2.04173
1.984,-0.00244706,1.07699,-0.00884875,2.03252,-0.00259316,1.10189,-0.00843824,2.04181
1.986,-0.00241054,1.07699,-0.00884875,2.03252,-0.00252011,1.10189,-0.00843824,2.04181
1.988,-0.00244706,1.07696,-0.00889436,2.03252,-0.00255663,1.10191,-0.00839263,2.04181
1.99,-0.00244706,1.07696,-0.00889436,2.03261,-0.00248359,1.10189,-0.00843824,2.04173
1.992,-0.00244706,1.07696,-0.00889436,2.03261,-0.00252011,1.10189,-0.00843824,2.04181
1.994,-0.00244706,1.07696,-0.00889436,2.03261,-0.00255663,1.10189,-0.00843824,2.04181
1.996,-0.00244706,1.07699,-0.00884875,2.03261,-0.00252011,1.10189,-0.00843824,2.04173
1.998,-0.00241054,1.07699,-0.00884875,2.03261,-0.00255663,1.10189,-0.00843824,2.04181
2,-0.00241054,1.07696,-0.00889436,2.03252,-0.00255663,1.10189,-0.00843824,2.04181
2.002,-0.00241054,1.07696,-0.00889436,2.03252,-0.00259316,1.10191,-0.00839263,2.04181
2.004,-0.00244706,1.07699,-0.00884875,2.03252,-0.00255663,1.10191,-0.00839263,2.04181
2.006,-0.00241054,1.07699,-0.00884875,2.03261,-0.00259316,1.10189,-0.00843824,2.04173
2.008,-0.00244706,1.07696,-0.00889436,2.03261,-0.00255663,1.10186,-0.00848385,2.04173
2.01,-0.00241054,1.07696,-0.00889436,2.03261,-0.00252011,1.10191,-0.00848385,2.04173
2.012,-0.00241054,1.07696,-0.00889436,2.03261,-0.00255663,1.10189,-0.00843824,2.04181
2.014,-0.00241054,1.07699,-0.00884875,2.03261,-0.00248359,1.10189,-0.00843824,2.04173
2.016,-0.00241054,1.07696,-0.00889436,2.03261,-0.00255663,1.10189,-0.00843824,2.04173
2.018,-0.00244706,1.07699,-0.00884875,2.03252,-0.00248359,1.10191,-0.00848385,2.04173
2.02,-0.00241054,1.07696,-0.00889436,2.03252,-0.00259316,1.10189,-0.00843824,2.04173
2.022,-0.00241054,1.07699,-0.00884875,2.03261,-0.00252011,1.10186,-0.00848385,2.04173
2.024,-0.00241054,1.07699,-0.00884875,2.03261,-0.00252011,1.10189,-0.00843824,2.04173
2.026,-0.00241054,1.07699,-0.00884875,2.03261,-0.00255663,1.10189,-0.00843824,2.04173
2.028,-0.00244706,1.07699,-0.00884875,2.03261,-0.00255663,1.10189,-0.00843824,2.04181
2.03,-0.00244706,1.07696,-0.00889436,2.03252,-0.00252011,1.10189,-0.00843824,2.04181
2.032,-0.00244706,1.07699,-0.00884875,2.03252,-0.00255663,1.10191,-0.00839263,2.04181
2.034,-0.00244706,1.07696,-0.00889436,2.03252,-0.00252011,1.10189,-0.00843824,2.04181
2.036,-0.00244706,1.07699,-0.00884875,2.03252,-0.00255663,1.10191,-0.00839263,2.04173
2.038,-0.00244706,1.07699,-0.00884875,2.03261,-0.00255663,1.10189,-0.00843824,2.04181
2.04,-0.00244706,1.07699,-0.00884875,2.03261,-0.00259316,1.10189,-0.00843824,2.04181
2.042,-0.00241054,1.07696,-0.00889436,2.03261,-0.00255663,1.10191,-0.00848385,2.04173
2.044,-0.00241054,1.07699,-0.00884875,2.03261,-0.00252011,1.10189,-0.00843824,2.04181
2.046,-0.00241054,1.07696,-0.00889436,2.03252,-0.00252011,1.10186,-0.00848385,2.04181
2.048,-0.00244706,1.07696,-0.00889436,2.03252,-0.00252011,1.10189,-0.00843824,2.04181
2.05,-0.00241054,1.07696,-0.00889436,2.03252,-0.00255663,1.10189,-0.00843824,2.04181
2.052,-0.00244706,1.07699,-0.00884875,2.03261,-0.00255663,1.10189,-0.00843824,2.04181
2.054,-0.00241054,1.07696,-0.00889436,2.03261,-0.00255663,1.10189,-0.00843824,2.04173
2.056,-0.00241054,1.07699,-0.00884875,2.03261,-0.00255663,1.10189,-0.00843824,2.04181
2.058,-0.00241054,1.07699,-0.00884875,2.03261,-0.00255663,1.10189,-0.00843824,2.04181
2.06,-0.00244706,1.07699,-0.00884875,2.03261,-0.00252011,1.10191,-0.00839263,2.04173
2.062,-0.00244706,1.07696,-0.00889436,2.03261,-0.00252011,1.10189,-0.00843824,2.04181
2.064,-0.00244706,1.07699,-0.00884875,2.03252,-0.00255663,1.10189,-0.00843824,2.04181
2.066,-0.00244706,1.07699,-0.00884875,2.03252,-0.00255663,1.10191,-0.00848385,2.04173
2.068,-0.00241054,1.07696,-0.00889436,2.03261,-0.00252011,1.10189,-0.00843824,2.04181
2.07,-0.00241054,1.07699,-0.00884875,2.03261,-0.00255663,1.10191,-0.00839263,2.04173
2.072,-0.00241054,1.07699,-0.00884875,2.03261,-0.00255663,1.10189,-0.00843824,2.04181
2.074,-0.00244706,1.07696,-0.00889436,2.03261,-0.00255663,1.10189,-0.00843824,2.04181
2.076,-0.00244706,1.07696,-0.00889436,2.03252,-0.00255663,1.10189,-0.00843824,2.04181
2.078,-0.00244706,1.07696,-0.00889436,2.03252,-0.00255663,1.10189,-0.00843824,2.04181
2.08,-0.00244706,1.07696,-0.00889436,2.03252,-0.00252011,1.10191,-0.00839263,2.04173
2.082,-0.00241054,1.07699,-0.00884875,2.03261,-0.00252011,1.10189,-0.00843824,2.04181
2.084,-0.00241054,1.07699,-0.00884875,2.03261,-0.00255663,1.10191,-0.00839263,2.04173
2.086,-0.00241054,1.07699,-0.00884875,2.03261,-0.00252011,1.10189,-0.00843824,2.04181
2.088,-0.00241054,1.07696,-0.00889436,2.03261,-0.00252011,1.10189,-0.00843824,2.04181
2.09,-0.00244706,1.07699,-0.00884875,2.03261,-0.00252011,1.10189,-0.00843824,2.04181
2.092,-0.00244706,1.07699,-0.00884875,2.03261,-0.00252011,1.10189,-0.00843824,2.04181
2.094,-0.00244706,1.07699,-0.00884875,2.03261,-0.00255663,1.10189,-0.00843824,2.04181
2.096,-0.00244706,1.07696,-0.00889436,2.03261,-0.00255663,1.10189,-0.00843824,2.04181
2.098,-0.00244706,1.07699,-0.00884875,2.03261,-0.00255663,1.10191,-0.00848385,2.04173
2.1,-0.00241054,1.07699,-0.00884875,2.03252,-0.00255663,1.10189,-0.00843824,2.04173
2.102,-0.00241054,1.07696,-0.00889436,2.03261,-0.00255663,1.10189,-0.00843824,2.04181
2.104,-0.00244706,1.07696,-0.00889436,2.03261,-0.00252011,1.10191,-0.00839263,2.04181
2.106,-0.00241054,1.07699,-0.00884875,2.03252,-0.00255663,1.10189,-0.00843824,2.04181
2.108,-0.00241054,1.07699,-0.00884875,2.03261,-0.00252011,1.10191,-0.00839263,2.04173
2.11,-0.00241054,1.07696,-0.00889436,2.03261,-0.00255663,1.10189,-0.00843824,2.04173
2.112,-0.00241054,1.07699,-0.00884875,2.03261,-0.00252011,1.10194,-0.00843824,2.04173
2.114,-0.00244706,1.07696,-0.00889436,2.03252,-0.00252011,1.10189,-0.00843824,2.04181
2.116,-0.00244706,1.07696,-0.00889436,2.03252,-0.00255663,1.10189,-0.00843824,2.04181
2.118,-0.00241054,1.07699,-0.00884875,2.03252,-0.00255663,1.10189,-0.00843824,2.04181
2.12,-0.00241054,1.07699,-0.00884875,2.03261,-0.00252011,1.10191,-0.00848385,2.04181
2.122,-0.00244706,1.07696,-0.00889436,2.03261,-0.00252011,1.10189,-0.00843824,2.04173
2.124,-0.00244706,1.07699,-0.00884875,2.03261,-0.00252011,1.10189,-0.00843824,2.04181
2.126,-0.00244706,1.07699,-0.00884875,2.03252,-0.00259316,1.10191,-0.00839263,2.04173
2.128,-0.00244706,1.07696,-0.00889436,2.03252,-0.00252011,1.10189,-0.00843824,2.04173
2.13,-0.00241054,1.07699,-0.00884875,2.03252,-0.00252011,1.10191,-0.00839263,2.04181
2.132,-0.00241054,1.07699,-0.00884875,2.03261,-0.00255663,1.10189,-0.00843824,2.04181
2.134,-0.00244706,1.07699,-0.00884875,2.03261,-0.00255663,1.10189,-0.00843824,2.04181
2.136,-0.00244706,1.07699,-0.00884875,2.03261,-0.00252011,1.10191,-0.00839263,2.04181
2.138,-0.00241054,1.07696,-0.00889436,2.03261,-0.00259316,1.10189,-0.00843824,2.04181
2.14,-0.00244706,1.07699,-0.00884875,2.03252,-0.00259316,1.10189,-0.00843824,2.04181
2.142,-0.00244706,1.07699,-0.00884875,2.03252,-0.00255663,1.10189,-0.00852946,2.04173
2.144,-0.00244706,1.07699,-0.00884875,2.03261,-0.00255663,1.10189,-0.00843824,2.04181
2.146,-0.00241054,1.07699,-0.00884875,2.03261,-0.00255663,1.10189,-0.00843824,2.04173
2.148,-0.00241054,1.07696,-0.00889436,2.03252,-0.00255663,1.10189,-0.00843824,2.04173
2.15,-0.00241054,1.07696,-0.00889436,2.03252,-0.00255663,1.10189,-0.00843824,2.04181
2.152,-0.00244706,1.07696,-0.00889436,2.03252,-0.00252011,1.10186,-0.00848385,2.04181
2.154,-0.00244706,1.07699,-0.00884875,2.03252,-0.00252011,1.10191,-0.00848385,2.04173
2.156,-0.00244706,1.07699,-0.00884875,2.03261,-0.00255663,1.10186,-0.00848385,2.04181
2.158,-0.00244706,1.07699,-0.00884875,2.03252,-0.00252011,1.10189,-0.00843824,2.04173
2.16,-0.00244706,1.07696,-0.00889436,2.03261,-0.00259316,1.10191,-0.00839263,2.04181
2.162,-0.00241054,1.07696,-0.00889436,2.03261,-0.00252011,1.10189,-0.00843824,2.04181
2.164,-0.00241054,1.07699,-0.00884875,2.03261,-0.00252011,1.10189,-0.00843824,2.04173
2.166,-0.00244706,1.07699,-0.00884875,2.03261,-0.00252011,1.10191,-0.00848385,2.04173
2.168,-0.00241054,1.07696,-0.00889436,2.03261,-0.00255663,1.10189,-0.00843824,2.0419
2.17,-0.00241054,1.07699,-0.00884875,2.03261,-0.00255663,1.10189,-0.00843824,2.04181
2.172,-0.00241054,1.07699,-0.00884875,2.03261,-0.00255663,1.10189,-0.00843824,2.04181
2.174,-0.00244706,1.07696,-0.00889436,2.03261,-0.00255663,1.10189,-0.00843824,2.04173
2.176,-0.00244706,1.07699,-0.00884875,2.03252,-0.00255663,1.10189,-0.00843824,2.04181
2.178,-0.00244706,1.07696,-0.00889436,2.03252,-0.00255663,1.10189,-0.00843824,2.04173
2.18,-0.00244706,1.07696,-0.00889436,2.03252,-0.00255663,1.10189,-0.00843824,2.04181
2.182,-0.00241054,1.07699,-0.00884875,2.03252,-0.00255663,1.10189,-0.00843824,2.04181
2.184,-0.00241054,1.07696,-0.00889436,2.03252,-0.00252011,1.10189,-0.00843824,2.04181
2.186,-0.00241054,1.07696,-0.00889436,2.03252,-0.00255663,1.10191,-0.00848385,2.04181
2.188,-0.00241054,1.07696,-0.00889436,2.03252,-0.00252011,1.10189,-0.00843824,2.04173
2.19,-0.00244706,1.07699,-0.00884875,2.03252,-0.00252011,1.10191,-0.00839263,2.04173
2.192,-0.00241054,1.07699,-0.00884875,2.03252,-0.00255663,1.10191,-0.00839263,2.04173
2.194,-0.00244706,1.07696,-0.00889436,2.03252,-0.00252011,1.10189,-0.00843824,2.04173
2.196,-0.00241054,1.07699,-0.00884875,2.03252,-0.00255663,1.10186,-0.00848385,2.04181
2.198,-0.00241054,1.07699,-0.00884875,2.03252,-0.00255663,1.10189,-0.00843824,2.04173
2.2,-0.00241054,1.07699,-0.00884875,2.03252,-0.00252011,1.10186,-0.00848385,2.04181
2.202,-0.00241054,1.07696,-0.00889436,2.03252,-0.00259316,1.10189,-0.00843824,2.04181
2.204,-0.00244706,1.07696,-0.00889436,2.03261,-0.00252011,1.10191,-0.00839263,2.04173
2.206,-0.00244706,1.07699,-0.00884875,2.03261,-0.00255663,1.10191,-0.00839263,2.04173
2.208,-0.00241054,1.07696,-0.00889436,2.03261,-0.00255663,1.10189,-0.00843824,2.04173
2.21,-0.00241054,1.07699,-0.00884875,2.03261,-0.00259316,1.10189,-0.00843824,2.04181
2.212,-0.00241054,1.07699,-0.00884875,2.03261,-0.00255663,1.10191,-0.00848385,2.04173
2.214,-0.00241054,1.07699,-0.00884875,2.03261,-0.00252011,1.10189,-0.00843824,2.04173
2.216,-0.00241054,1.07699,-0.00884875,2.03261,-0.00255663,1.10191,-0.00848385,2.04181
2.218,-0.00244706,1.07696,-0.00889436,2.03261,-0.00252011,1.10189,-0.00843824,2.04181
2.22,-0.00241054,1.07699,-0.00884875,2.03252,-0.00252011,1.10189,-0.00843824,2.04181
2.222,-0.00241054,1.07696,-0.00889436,2.03252,-0.00255663,1.10189,-0.00843824,2.04181
2.224,-0.00244706,1.07696,-0.00889436,2.03261,-0.00255663,1.10189,-0.00843824,2.04181
2.226,-0.00241054,1.07699,-0.00884875,2.03261,-0.00255663,1.10189,-0.00843824,2.04173
2.228,-0.00244706,1.07699,-0.00884875,2.03261,-0.00255663,1.10191,-0.00848385,2.04173
2.23,-0.00241054,1.07699,-0.00884875,2.03261,-0.00255663,1.10189,-0.00843824,2.04181
2.232,-0.00244706,1.07696,-0.00889436,2.03261,-0.00255663,1.10189,-0.00843824,2.04181
2.234,-0.00241054,1.07699,-0.00884875,2.03252,-0.00255663,1.10189,-0.00843824,2.04173
2.236,-0.00244706,1.07699,-0.00884875,2.03252,-0.00255663,1.10189,-0.00843824,2.04181
2.238,-0.00244706,1.07699,-0.00884875,2.03252,-0.00252011,1.10191,-0.00839263,2.04181
2.24,-0.00241054,1.07699,-0.00884875,2.03261,-0.00255663,1.10191,-0.00839263,2.04181
2.242,-0.00241054,1.07696,-0.00889436,2.03261,-0.00255663,1.10189,-0.00843824,2.04181
2.244,-0.00241054,1.07696,-0.00889436,2.03261,-0.00255663,1.10189,-0.00843824,2.04173
2.246,-0.00241054,1.07699,-0.00884875,2.03261,-0.00252011,1.10189,-0.00843824,2.04181
2.248,-0.00241054,1.07699,-0.00884875,2.03261,-0.00255663,1.10189,-0.00843824,2.04181
2.25,-0.00241054,1.07699,-0.00884875,2.03252,-0.00252011,1.10191,-0.00839263,2.04181
2.252,-0.00241054,1.07696,-0.00889436,2.03252,-0.00252011,1.10191,-0.00839263,2.04181
2.254,-0.00241054,1.07696,-0.00889436,2.03252,-0.00255663,1.10189,-0.00843824,2.04181
2.256,-0.00244706,1.07699,-0.00884875,2.03261,-0.00255663,1.10189,-0.00843824,2.04181
2.258,-0.00244706,1.07699,-0.00884875,2.03261,-0.00252011,1.10189,-0.00843824,2.04173
2.26,-0.00241054,1.07699,-0.00884875,2.03261,-0.00255663,1.10189,-0.00843824,2.04181
2.262,-0.00241054,1.07696,-0.00889436,2.03261,-0.00252011,1.10189,-0.00843824,2.04173
2.264,-0.00244706,1.07699,-0.00884875,2.03252,-0.00255663,1.10189,-0.00843824,2.04173
2.266,-0.00241054,1.07696,-0.00889436,2.03252,-0.00252011,1.10186,-0.00848385,2.04181
2.268,-0.00241054,1.07696,-0.00889436,2.03252,-0.00252011,1.10189,-0.00843824,2.04173
2.27,-0.00244706,1.07696,-0.00889436,2.03261,-0.00255663,1.10189,-0.00843824,2.04181
2.272,-0.00241054,1.07696,-0.00889436,2.03261,-0.00252011,1.10189,-0.00843824,2.04181
2.274,-0.00241054,1.07699,-0.00884875,2.03261,-0.00252011,1.10189,-0.00843824,2.04173
2.276,-0.00241054,1.07696,-0.00889436,2.03261,-0.00255663,1.10189,-0.00843824,2.04181
2.278,-0.00241054,1.07696,-0.00889436,2.03252,-0.00252011,1.10189,-0.00843824,2.04181
2.28,-0.00241054,1.07696,-0.00889436,2.03252,-0.00252011,1.10189,-0.00843824,2.04181
2.282,-0.00241054,1.07696,-0.00889436,2.03261,-0.00252011,1.10189,-0.00843824,2.04181
2.284,-0.00241054,1.07696,-0.00889436,2.03252,-0.00252011,1.10189,-0.00843824,2.04181
2.286,-0.00241054,1.07696,-0.00889436,2.03252,-0.00255663,1.10189,-0.00843824,2.04181
2.288,-0.00241054,1.07696,-0.00889436,2.03261,-0.00259316,1.10189,-0.00843824,2.04181
2.29,-0.00241054,1.07696,-0.00889436,2.03261,-0.00255663,1.10189,-0.00843824,2.04181
2.292,-0.00241054,1.07699,-0.00884875,2.03261,-0.00252011,1.10189,-0.00843824,2.04173
2.294,-0.00241054,1.07696,-0.00889436,2.03261,-0.00252011,1.10189,-0.00843824,2.04181
2.296,-0.00241054,1.07699,-0.00884875,2.03252,-0.00259316,1.10189,-0.00843824,2.04173
2.298,-0.00244706,1.07696,-0.00889436,2.03252,-0.00252011,1.10191,-0.00848385,2.04173
2.3,-0.00244706,1.07696,-0.00889436,2.03252,-0.00255663,1.10189,-0.00843824,2.04181
2.302,-0.00241054,1.07696,-0.00889436,2.03261,-0.00255663,1.10189,-0.00843824,2.04173
2.304,-0.00241054,1.07696,-0.00889436,2.03261,-0.00255663,1.10191,-0.00839263,2.04173
2.306,-0.00241054,1.07696,-0.00889436,2.03261,-0.00252011,1.10191,-0.00839263,2.04181
2.308,-0.00241054,1.07699,-0.00884875,2.03252,-0.00255663,1.10191,-0.00848385,2.04173
2.31,-0.00241054,1.07696,-0.00889436,2.03261,-0.00252011,1.10191,-0.00848385,2.04181
2.312,-0.00241054,1.07699,-0.00884875,2.03261,-0.00252011,1.10189,-0.00843824,2.04173
2.314,-0.00241054,1.07699,-0.00884875,2.03252,-0.00255663,1.10189,-0.00843824,2.04173
2.316,-0.00241054,1.07699,-0.00884875,2.03252,-0.00252011,1.10191,-0.00848385,2.04181
2.318,-0.00244706,1.07696,-0.00889436,2.03261,-0.00252011,1.10189,-0.00843824,2.04173
2.32,-0.00244706,1.07696,-0.00889436,2.03261,-0.00252011,1.10189,-0.00843824,2.04181
2.322,-0.00241054,1.07699,-0.00884875,2.03261,-0.00255663,1.10189,-0.00843824,2.04173
2.324,-0.00241054,1.07699,-0.00884875,2.03261,-0.00252011,1.10189,-0.00843824,2.04181
2.326,-0.00244706,1.07699,-0.00884875,2.03261,-0.00259316,1.10194,-0.00843824,2.04173
2.328,-0.00241054,1.07696,-0.00889436,2.03261,-0.00252011,1.10189,-0.00843824,2.04181
2.33,-0.00241054,1.07699,-0.00884875,2.03252,-0.00255663,1.10189,-0.00843824,2.04181
2.332,-0.00244706,1.07696,-0.00889436,2.03261,-0.00255663,1.10191,-0.00839263,2.04173
2.334,-0.00244706,1.07699,-0.00884875,2.03252,-0.00252011,1.10191,-0.00839263,2.04181
2.336,-0.00244706,1.07696,-0.00889436,2.03261,-0.00252011,1.10189,-0.00843824,2.04173
2.338,-0.00241054,1.07699,-0.00884875,2.03261,-0.00255663,1.10189,-0.00843824,2.04181
2.34,-0.00241054,1.07699,-0.00884875,2.03261,-0.00255663,1.10191,-0.00848385,2.04173
2.342,-0.00241054,1.07699,-0.00884875,2.03261,-0.00255663,1.10189,-0.00843824,2.04173
2.344,-0.00241054,1.07699,-0.00884875,2.03252,-0.00248359,1.10189,-0.00843824,2.04173
2.346,-0.00241054,1.07696,-0.00889436,2.03252,-0.00255663,1.10189,-0.00843824,2.04181
2.348,-0.00244706,1.07696,-0.00889436,2.03252,-0.00255663,1.10191,-0.00839263,2.04173
2.35,-0.00244706,1.07696,-0.00889436,2.03252,-0.00252011,1.10189,-0.00843824,2.04181
2.352,-0.00244706,1.07696,-0.00889436,2.03252,-0.00255663,1.10189,-0.00843824,2.04173
2.354,-0.00241054,1.07699,-0.00884875,2.03261,-0.00252011,1.10189,-0.00843824,2.04181
2.356,-0.00241054,1.07699,-0.00884875,2.03252,-0.00259316,1.10189,-0.00843824,2.04181
2.358,-0.00241054,1.07699,-0.00884875,2.03261,-0.00255663,1.10189,-0.00843824,2.04181
2.36,-0.00241054,1.07696,-0.00889436,2.03252,-0.00255663,1.10189,-0.00843824,2.04173
2.362,-0.00244706,1.07696,-0.00889436,2.03261,-0.00252011,1.10189,-0.00843824,2.04181
2.364,-0.00244706,1.07699,-0.00884875,2.03261,-0.00252011,1.10194,-0.00834702,2.04181
2.366,-0.00244706,1.07696,-0.00889436,2.03261,-0.00252011,1.10189,-0.00843824,2.04181
2.368,-0.00244706,1.07696,-0.00889436,2.03261,-0.00255663,1.10189,-0.00843824,2.04181
2.37,-0.00241054,1.07699,-0.00884875,2.03252,-0.00252011,1.10189,-0.00843824,2.04173
2.372,-0.00244706,1.07699,-0.00884875,2.03261,-0.00255663,1.10191,-0.00848385,2.04173
2.374,-0.00241054,1.07696,-0.00889436,2.03261,-0.00255663,1.10183,-0.00843824,2.04181
2.376,-0.00244706,1.07696,-0.00889436,2.03261,-0.00248359,1.10189,-0.00843824,2.04173
2.378,-0.00244706,1.07696,-0.00889436,2.03252,-0.00252011,1.10191,-0.00839263,2.04173
2.38,-0.00244706,1.07699,-0.00884875,2.03252,-0.00252011,1.10186,-0.00848385,2.04181
2.382,-0.00241054,1.07696,-0.00889436,2.03261,-0.00252011,1.10189,-0.00843824,2.04173
2.384,-0.00241054,1.07696,-0.00889436,2.03252,-0.00255663,1.10189,-0.00843824,2.04173
2.386,-0.00244706,1.07696,-0.00889436,2.03252,-0.00252011,1.10189,-0.00843824,2.04181
2.388,-0.00241054,1.07699,-0.00884875,2.03261,-0.00252011,1.10189,-0.00843824,2.04173
2.39,-0.00241054,1.07696,-0.00889436,2.03252,-0.00255663,1.10189,-0.00843824,2.04173
2.392,-0.00241054,1.07699,-0.00884875,2.03252,-0.00252011,1.10186,-0.00848385,2.04181
2.394,-0.00241054,1.07699,-0.00884875,2.03261,-0.00255663,1.10189,-0.00843824,2.04181
2.396,-0.00241054,1.07699,-0.00884875,2.03261,-0.00252011,1.10189,-0.00843824,2.04173
2.398,-0.00244706,1.07696,-0.00889436,2.03252,-0.00252011,1.10189,-0.00843824,2.04173
2.4,-0.00244706,1.07699,-0.00884875,2.03261,-0.00255663,1.10189,-0.00843824,2.04173
2.402,-0.00241054,1.07699,-0.00884875,2.03261,-0.00252011,1.10191,-0.00839263,2.04173
2.404,-0.00241054,1.07699,-0.00884875,2.03261,-0.00255663,1.10189,-0.00843824,2.04173
2.406,-0.00241054,1.07696,-0.00889436,2.03261,-0.00252011,1.10194,-0.00843824,2.04181
2.408,-0.00241054,1.07699,-0.00884875,2.03261,-0.00252011,1.10189,-0.00843824,2.04173
2.41,-0.00241054,1.07696,-0.00889436,2.03252,-0.00252011,1.10189,-0.00843824,2.04173
2.412,-0.00241054,1.07699,-0.00884875,2.03252,-0.00252011,1.10189,-0.00843824,2.04173
2.414,-0.00244706,1.07696,-0.00889436,2.03252,-0.00252011,1.10189,-0.00843824,2.04181
2.416,-0.00244706,1.07699,-0.00884875,2.03252,-0.00252011,1.10189,-0.00843824,2.04181
2.418,-0.00241054,1.07699,-0.00893997,2.03261,-0.00252011,1.10191,-0.00848385,2.04181
2.42,-0.00241054,1.07696,-0.00889436,2.03261,-0.00252011,1.10189,-0.00843824,2.04181
2.422,-0.00241054,1.07696,-0.00889436,2.03261,-0.00248359,1.10189,-0.00843824,2.04181
2.424,-0.00241054,1.07699,-0.00884875,2.03252,-0.00255663,1.10191,-0.00848385,2.04173
2.426,-0.00244706,1.07696,-0.00889436,2.03252,-0.00255663,1.10194,-0.00843824,2.04181
2.428,-0.00244706,1.07696,-0.00889436,2.03252,-0.00255663,1.10189,-0.00843824,2.04181
2.43,-0.00244706,1.07699,-0.00884875,2.03261,-0.00252011,1.10189,-0.00843824,2.04173
2.432,-0.00241054,1.07696,-0.00889436,2.03261,-0.00255663,1.10189,-0.00843824,2.04173
2.434,-0.00244706,1.07699,-0.00884875,2.03261,-0.00252011,1.10189,-0.00843824,2.04173
2.436,-0.00241054,1.07699,-0.00884875,2.03261,-0.00252011,1.10189,-0.00843824,2.04181
2.438,-0.00241054,1.07699,-0.00884875,2.03252,-0.00255663,1.10189,-0.00843824,2.04181
2.44,-0.00241054,1.07696,-0.00889436,2.03261,-0.00259316,1.10189,-0.00843824,2.04181
2.442,-0.00241054,1.07696,-0.00889436,2.03261,-0.00252011,1.10194,-0.00843824,2.04181
2.444,-0.00244706,1.07699,-0.00884875,2.03252,-0.00255663,1.10189,-0.00843824,2.04173
2.446,-0.00241054,1.07696,-0.00889436,2.03261,-0.00252011,1.10189,-0.00843824,2.04173
2.448,-0.00241054,1.07699,-0.00884875,2.03261,-0.00255663,1.10186,-0.00848385,2.04173
2.45,-0.00241054,1.07699,-0.00884875,2.03261,-0.00252011,1.10191,-0.00848385,2.04181
2.452,-0.00241054,1.07699,-0.00884875,2.03252,-0.00252011,1.10189,-0.00843824,2.04181
2.454,-0.00244706,1.07699,-0.00884875,2.03252,-0.00252011,1.10189,-0.00843824,2.04181
2.456,-0.00241054,1.07699,-0.00884875,2.03252,-0.00255663,1.10186,-0.00848385,2.04173
2.458,-0.00241054,1.07699,-0.00884875,2.03252,-0.00255663,1.10191,-0.00848385,2.04181
2.46,-0.00244706,1.07696,-0.00889436,2.03252,-0.00252011,1.10189,-0.00843824,2.04173
2.462,-0.00241054,1.07699,-0.00884875,2.03261,-0.00255663,1.10189,-0.00843824,2.04181
2.464,-0.00241054,1.07696,-0.00889436,2.03261,-0.00255663,1.10189,-0.00843824,2.04173
2.466,-0.00244706,1.07696,-0.00889436,2.03261,-0.00252011,1.10189,-0.00843824,2.04181
2.468,-0.00244706,1.07699,-0.00884875,2.03252,-0.00252011,1.10191,-0.00848385,2.04173
2.47,-0.00241054,1.07699,-0.00884875,2.03252,-0.00255663,1.10191,-0.00839263,2.04181
2.472,-0.00241054,1.07696,-0.00889436,2.03252,-0.00252011,1.10189,-0.00843824,2.04181
2.474,-0.00241054,1.07696,-0.00889436,2.03252,-0.00255663,1.10189,-0.00843824,2.04173
2.476,-0.00241054,1.07696,-0.00889436,2.03252,-0.00252011,1.10189,-0.00843824,2.04181
2.478,-0.00241054,1.07699,-0.00884875,2.03261,-0.00252011,1.10189,-0.00843824,2.04181
2.48,-0.00241054,1.07699,-0.00884875,2.03261,-0.00252011,1.10189,-0.00843824,2.04181
2.482,-0.00241054,1.07696,-0.00889436,2.03261,-0.00252011,1.10189,-0.00843824,2.04181
2.484,-0.00241054,1.07699,-0.00884875,2.03261,-0.00255663,1.10191,-0.00839263,2.04181
2.486,-0.00241054,1.07696,-0.00889436,2.03261,-0.00252011,1.10189,-0.00843824,2.04181
2.488,-0.00244706,1.07699,-0.00884875,2.03261,-0.00255663,1.10191,-0.00839263,2.04181
2.49,-0.00241054,1.07699,-0.00884875,2.03252,-0.00255663,1.10189,-0.00843824,2.04181
2.492,-0.00241054,1.07699,-0.00884875,2.03261,-0.00255663,1.10189,-0.00843824,2.04181
2.494,-0.00241054,1.07699,-0.00884875,2.03261,-0.00255663,1.10189,-0.00843824,2.04181
2.496,-0.00241054,1.07696,-0.00889436,2.03261,-0.00255663,1.10191,-0.00848385,2.04173
2.498,-0.00241054,1.07696,-0.00889436,2.03261,-0.00252011,1.10189,-0.00843824,2.04181
2.5,-0.00241054,1.07696,-0.00889436,2.03252,-0.00255663,1.10189,-0.00843824,2.04181
2.502,-0.00244706,1.07699,-0.00884875,2.03252,-0.00252011,1.10189,-0.00843824,2.04173
2.504,-0.00241054,1.07696,-0.00889436,2.03261,-0.00255663,1.10189,-0.00843824,2.04173
2.506,-0.00241054,1.07699,-0.00884875,2.03261,-0.00255663,1.10186,-0.00848385,2.04181
2.508,-0.00244706,1.07696,-0.00889436,2.03261,-0.00252011,1.10191,-0.00839263,2.04181
2.51,-0.00244706,1.07699,-0.00884875,2.03261,-0.00255663,1.10189,-0.00843824,2.04181
2.512,-0.00241054,1.07696,-0.00889436,2.03252,-0.00255663,1.10189,-0.00843824,2.04181
2.514,-0.00244706,1.07696,-0.00889436,2.03261,-0.00252011,1.10189,-0.00843824,2.04181
2.516,-0.00244706,1.07696,-0.00889436,2.03261,-0.00255663,1.10189,-0.00843824,2.04181
2.518,-0.00241054,1.07696,-0.00889436,2.03261,-0.00255663,1.10189,-0.00843824,2.04181
2.52,-0.00241054,1.07699,-0.00884875,2.03261,-0.00255663,1.10189,-0.00843824,2.04173
2.522,-0.00244706,1.07699,-0.00884875,2.03261,-0.00252011,1.10189,-0.00843824,2.04173
2.524,-0.00244706,1.07696,-0.00889436,2.03252,-0.00252011,1.10189,-0.00843824,2.04173
2.526,-0.00244706,1.07696,-0.00889436,2.03252,-0.00255663,1.10189,-0.00843824,2.04181
2.528,-0.00244706,1.07696,-0.00889436,2.03261,-0.00252011,1.10189,-0.00843824,2.04173
2.53,-0.00241054,1.07696,-0.00889436,2.03261,-0.00252011,1.10191,-0.00848385,2.04181
2.532,-0.00241054,1.07696,-0.00889436,2.03261,-0.00255663,1.10189,-0.00843824,2.04173
2.534,-0.00241054,1.07699,-0.00884875,2.03261,-0.00259316,1.10186,-0.00848385,2.04173
2.536,-0.00241054,1.07696,-0.00889436,2.03261,-0.00255663,1.10189,-0.00843824,2.04173
2.538,-0.00241054,1.07696,-0.00889436,2.03261,-0.00255663,1.10189,-0.00843824,2.04181
2.54,-0.00241054,1.07696,-0.00889436,2.03252,-0.00252011,1.10191,-0.00839263,2.04181
2.542,-0.00241054,1.07696,-0.00889436,2.03252,-0.00252011,1.10189,-0.00843824,2.04181
2.544,-0.00241054,1.07699,-0.00884875,2.03261,-0.00255663,1.10189,-0.00843824,2.04173
2.546,-0.00241054,1.07699,-0.00884875,2.03261,-0.00255663,1.10189,-0.00843824,2.04173
2.548,-0.00241054,1.07699,-0.00884875,2.03261,-0.00255663,1.10189,-0.00843824,2.04173
2.55,-0.00241054,1.07699,-0.00893997,2.03261,-0.00255663,1.10189,-0.00843824,2.04173
2.552,-0.00241054,1.07696,-0.00889436,2.03261,-0.00255663,1.10189,-0.00843824,2.04181
2.554,-0.00244706,1.07696,-0.00889436,2.03252,-0.00255663,1.10189,-0.00843824,2.04181
2.556,-0.00244706,1.07696,-0.00889436,2.03252,-0.00255663,1.10189,-0.00843824,2.04181
2.558,-0.00244706,1.07696,-0.00889436,2.03252,-0.00255663,1.10189,-0.00843824,2.04173
2.56,-0.00241054,1.07699,-0.00884875,2.03261,-0.00252011,1.10186,-0.00848385,2.04181
2.562,-0.00241054,1.07699,-0.00884875,2.03261,-0.00255663,1.10189,-0.00843824,2.04181
2.564,-0.00244706,1.07699,-0.00884875,2.03261,-0.00252011,1.10186,-0.00848385,2.04181
2.566,-0.00241054,1.07699,-0.00884875,2.03261,-0.00252011,1.10189,-0.00843824,2.04173
2.568,-0.00244706,1.07696,-0.00889436,2.03261,-0.00255663,1.10189,-0.00843824,2.04181
2.57,-0.00241054,1.07699,-0.00884875,2.03252,-0.00252011,1.10186,-0.00848385,2.04173
2.572,-0.00241054,1.07696,-0.00889436,2.03252,-0.00259316,1.10191,-0.00839263,2.04181
2.574,-0.00241054,1.07699,-0.00884875,2.03261,-0.00255663,1.10186,-0.00848385,2.04181
2.576,-0.00241054,1.07699,-0.00884875,2.03261,-0.00252011,1.10189,-0.00843824,2.04181
2.578,-0.00241054,1.07699,-0.00884875,2.03261,-0.00255663,1.10189,-0.00843824,2.04181
2.58,-0.00241054,1.07696,-0.00889436,2.03261,-0.00252011,1.10189,-0.00843824,2.04173
2.582,-0.00244706,1.07699,-0.00884875,2.03261,-0.00259316,1.10189,-0.00843824,2.04181
2.584,-0.00244706,1.07696,-0.00889436,2.03261,-0.00252011,1.10191,-0.00839263,2.04181
2.586,-0.00244706,1.07696,-0.00889436,2.03261,-0.00255663,1.10189,-0.00843824,2.04181
2.588,-0.00241054,1.07699,-0.00884875,2.03261,-0.00252011,1.10189,-0.00843824,2.04173
2.59,-0.00241054,1.07699,-0.00884875,2.03261,-0.00252011,1.10189,-0.00843824,2.04181
2.592,-0.00244706,1.07696,-0.00889436,2.03252,-0.00255663,1.10191,-0.00839263,2.04181
2.594,-0.00241054,1.07696,-0.00889436,2.03261,-0.00252011,1.10191,-0.00848385,2.04181
2.596,-0.00244706,1.07699,-0.00884875,2.03261,-0.00255663,1.10186,-0.00839263,2.04181
2.598,-0.00241054,1.07696,-0.00889436,2.03261,-0.00252011,1.10189,-0.00843824,2.04181
2.6,-0.00241054,1.07699,-0.00884875,2.03261,-0.00252011,1.10189,-0.00843824,2.04181
2.602,-0.00241054,1.07699,-0.00884875,2.03261,-0.00255663,1.10189,-0.00843824,2.04181
2.604,-0.00244706,1.07699,-0.00884875,2.03261,-0.00252011,1.10189,-0.00843824,2.04173
2.606,-0.00241054,1.07696,-0.00889436,2.03261,-0.00255663,1.10189,-0.00843824,2.04181
2.608,-0.00244706,1.07696,-0.00889436,2.03252,-0.00255663,1.10191,-0.00839263,2.04181
2.61,-0.00244706,1.07696,-0.00889436,2.03261,-0.00255663,1.10189,-0.00843824,2.04181
2.612,-0.00241054,1.07696,-0.00889436,2.03261,-0.00255663,1.10189,-0.00843824,2.04173
2.614,-0.00241054,1.07699,-0.00884875,2.03261,-0.00255663,1.10189,-0.00843824,2.04181
2.616,-0.00244706,1.07696,-0.00889436,2.03261,-0.00259316,1.10189,-0.00843824,2.04173
2.618,-0.00241054,1.07696,-0.00889436,2.03261,-0.00255663,1.10189,-0.00843824,2.04173
2.62,-0.00241054,1.07699,-0.00884875,2.03252,-0.00255663,1.10189,-0.00843824,2.04181
2.622,-0.00244706,1.07696,-0.00889436,2.03252,-0.00252011,1.10189,-0.00843824,2.04181
2.624,-0.00241054,1.07696,-0.00889436,2.03261,-0.00255663,1.10191,-0.00848385,2.04173
2.626,-0.00241054,1.07696,-0.00889436,2.03261,-0.00252011,1.10189,-0.00843824,2.04181
2.628,-0.00244706,1.07699,-0.00884875,2.03252,-0.00252011,1.10186,-0.00848385,2.04173
2.63,-0.00244706,1.07699,-0.00884875,2.03261,-0.00255663,1.10191,-0.00839263,2.04181
2.632,-0.00244706,1.07696,-0.00889436,2.03261,-0.00252011,1.10189,-0.00843824,2.04181
2.634,-0.00241054,1.07699,-0.00884875,2.03252,-0.00255663,1.10189,-0.00843824,2.04181
2.636,-0.00241054,1.07699,-0.00884875,2.03261,-0.00252011,1.10189,-0.00843824,2.04181
2.638,-0.00241054,1.07699,-0.00884875,2.03261,-0.00252011,1.10189,-0.00843824,2.04173
2.64,-0.00244706,1.07696,-0.00889436,2.03261,-0.00252011,1.10189,-0.00843824,2.04164
2.642,-0.00241054,1.07696,-0.00889436,2.03261,-0.00255663,1.10189,-0.00843824,2.04181
2.644,-0.00244706,1.07699,-0.00884875,2.03261,-0.00252011,1.10191,-0.00848385,2.04181
2.646,-0.00244706,1.07699,-0.00884875,2.03261,-0.00255663,1.10191,-0.00839263,2.04173
2.648,-0.00244706,1.07696,-0.00889436,2.03261,-0.00248359,1.10191,-0.00839263,2.04181
2.65,-0.00241054,1.07699,-0.00884875,2.03261,-0.00255663,1.10189,-0.00843824,2.04173
2.652,-0.00244706,1.07696,-0.00889436,2.03261,-0.00252011,1.10191,-0.00848385,2.04181
2.654,-0.00241054,1.07699,-0.00884875,2.03261,-0.00252011,1.10189,-0.00843824,2.04173
2.656,-0.00241054,1.07696,-0.00889436,2.03261,-0.00255663,1.10189,-0.00843824,2.04173
2.658,-0.00244706,1.07699,-0.00884875,2.03261,-0.00255663,1.10186,-0.00848385,2.04181
2.66,-0.00241054,1.07696,-0.00889436,2.03252,-0.00255663,1.10189,-0.00843824,2.04181
2.662,-0.00244706,1.07696,-0.00889436,2.03252,-0.00255663,1.10189,-0.00843824,2.04181
2.664,-0.00244706,1.07696,-0.00889436,2.03261,-0.00255663,1.10189,-0.00843824,2.04181
2.666,-0.00244706,1.07699,-0.00884875,2.03252,-0.00255663,1.10189,-0.00843824,2.04181
2.668,-0.00241054,1.07699,-0.00884875,2.03252,-0.00252011,1.10189,-0.00843824,2.04173
2.67,-0.00244706,1.07696,-0.00889436,2.03261,-0.00255663,1.10189,-0.00843824,2.04173
2.672,-0.00244706,1.07699,-0.00893997,2.03261,-0.00255663,1.10189,-0.00843824,2.04181
2.674,-0.00241054,1.07696,-0.00889436,2.03261,-0.00255663,1.10189,-0.00843824,2.04173
2.676,-0.00244706,1.07699,-0.00884875,2.03252,-0.00252011,1.10189,-0.00843824,2.04181
2.678,-0.00241054,1.07696,-0.00889436,2.03252,-0.00252011,1.10189,-0.00843824,2.04181
2.68,-0.00241054,1.07696,-0.00889436,2.03261,-0.00255663,1.10186,-0.00848385,2.04181
2.682,-0.00241054,1.07696,-0.00889436,2.03252,-0.00252011,1.10189,-0.00843824,2.04181
2.684,-0.00244706,1.07699,-0.00884875,2.03252,-0.00255663,1.10189,-0.00843824,2.04181
2.686,-0.00244706,1.07696,-0.00889436,2.03252,-0.00255663,1.10191,-0.00848385,2.04181
2.688,-0.00244706,1.07699,-0.00884875,2.03261,-0.00252011,1.10189,-0.00843824,2.04173
2.69,-0.00244706,1.07696,-0.00889436,2.03252,-0.00252011,1.10191,-0.00848385,2.04181
2.692,-0.00241054,1.07699,-0.00884875,2.03261,-0.00252011,1.10189,-0.00843824,2.04173
2.694,-0.00244706,1.07699,-0.00884875,2.03261,-0.00255663,1.10191,-0.00839263,2.04181
2.696,-0.00241054,1.07696,-0.00889436,2.03252,-0.00259316,1.10189,-0.00843824,2.04181
2.698,-0.00241054,1.07696,-0.00889436,2.03252,-0.00255663,1.10189,-0.00843824,2.04173
2.7,-0.00241054,1.07696,-0.00889436,2.03261,-0.00252011,1.10186,-0.00848385,2.04173
2.702,-0.00241054,1.07699,-0.00884875,2.03261,-0.00255663,1.10189,-0.00843824,2.04181
2.704,-0.00241054,1.07696,-0.00889436,2.03261,-0.00252011,1.10189,-0.00843824,2.04181
2.706,-0.00244706,1.07699,-0.00884875,2.03261,-0.00252011,1.10189,-0.00843824,2.04173
2.708,-0.00241054,1.07696,-0.00889436,2.03261,-0.00252011,1.10189,-0.00843824,2.04173
2.71,-0.00244706,1.07696,-0.00889436,2.03252,-0.00255663,1.10189,-0.00843824,2.04173
2.712,-0.00241054,1.07699,-0.00884875,2.03252,-0.00255663,1.10191,-0.00839263,2.04173
2.714,-0.00241054,1.07699,-0.00884875,2.03252,-0.00248359,1.10189,-0.00843824,2.04173
2.716,-0.00244706,1.07696,-0.00889436,2.03252,-0.00255663,1.10189,-0.00843824,2.04181
2.718,-0.00241054,1.07696,-0.00889436,2.03261,-0.00252011,1.10189,-0.00843824,2.04181
2.72,-0.00241054,1.07699,-0.00884875,2.03261,-0.00248359,1.10191,-0.00848385,2.04181
2.722,-0.00241054,1.07699,-0.00884875,2.03261,-0.00252011,1.10189,-0.00843824,2.04173
2.724,-0.00244706,1.07696,-0.00889436,2.03252,-0.00259316,1.10191,-0.00839263,2.04181
2.726,-0.00244706,1.07696,-0.00889436,2.03252,-0.00252011,1.10189,-0.00843824,2.04181
2.728,-0.00241054,1.07696,-0.00889436,2.03252,-0.00255663,1.10191,-0.00848385,2.04181
2.73,-0.00241054,1.07699,-0.00884875,2.03261,-0.00252011,1.10186,-0.00848385,2.04173
2.732,-0.00244706,1.07696,-0.00889436,2.03261,-0.00252011,1.10189,-0.00843824,2.04181
2.734,-0.00241054,1.07696,-0.00889436,2.03261,-0.00255663,1.10191,-0.00848385,2.04181
2.736,-0.00241054,1.07699,-0.00884875,2.03252,-0.00252011,1.10189,-0.00843824,2.04181
2.738,-0.00241054,1.07696,-0.00889436,2.03252,-0.00255663,1.10189,-0.00843824,2.04181
2.74,-0.00241054,1.07696,-0.00889436,2.03252,-0.00248359,1.10191,-0.00839263,2.04173
2.742,-0.00244706,1.07699,-0.00884875,2.03252,-0.00255663,1.10189,-0.00843824,2.04181
2.744,-0.00244706,1.07696,-0.00889436,2.03261,-0.00252011,1.10189,-0.00843824,2.04181
2.746,-0.00244706,1.07699,-0.00884875,2.03252,-0.00255663,1.10191,-0.00848385,2.04181
2.748,-0.00241054,1.07696,-0.00889436,2.03261,-0.00252011,1.10186,-0.00848385,2.04173
2.75,-0.00241054,1.07696,-0.00889436,2.03252,-0.00255663,1.10191,-0.00839263,2.04181
2.752,-0.00241054,1.07696,-0.00889436,2.03261,-0.00255663,1.10189,-0.00843824,2.04181
2.754,-0.00244706,1.07696,-0.00889436,2.03261,-0.00255663,1.10189,-0.00843824,2.04181
2.756,-0.00241054,1.07696,-0.00889436,2.03252,-0.00252011,1.10191,-0.00839263,2.04181
2.758,-0.00241054,1.07696,-0.00889436,2.03252,-0.00255663,1.10191,-0.00839263,2.04173
2.76,-0.00241054,1.07699,-0.00884875,2.03252,-0.00255663,1.10191,-0.00848385,2.04181
2.762,-0.00241054,1.07696,-0.00889436,2.03261,-0.00255663,1.10191,-0.00839263,2.04181
2.764,-0.00244706,1.07696,-0.00889436,2.03261,-0.00252011,1.10189,-0.00843824,2.04181
2.766,-0.00244706,1.07696,-0.00889436,2.03261,-0.00255663,1.10189,-0.00843824,2.04181
2.768,-0.00244706,1.07702,-0.00889436,2.03261,-0.00252011,1.10189,-0.00843824,2.04173
2.77,-0.00241054,1.07699,-0.00884875,2.03261,-0.00252011,1.10189,-0.00843824,2.04181
2.772,-0.00244706,1.07699,-0.00884875,2.03252,-0.00252011,1.10191,-0.00848385,2.04181
2.774,-0.00241054,1.07696,-0.00889436,2.03252,-0.00255663,1.10189,-0.00843824,2.04181
2.776,-0.00244706,1.07696,-0.00889436,2.03252,-0.00252011,1.10189,-0.00843824,2.04173
2.778,-0.00241054,1.07699,-0.00884875,2.03261,-0.00252011,1.10186,-0.00848385,2.04181
2.78,-0.00241054,1.07699,-0.00893997,2.03261,-0.00255663,1.10189,-0.00843824,2.04181
2.782,-0.00241054,1.07699,-0.00893997,2.03261,-0.00259316,1.10189,-0.00843824,2.04173
2.784,-0.00244706,1.07696,-0.00889436,2.03261,-0.00252011,1.10189,-0.00843824,2.04173
2.786,-0.00244706,1.07696,-0.00889436,2.03261,-0.00255663,1.10189,-0.00843824,2.04181
2.788,-0.00241054,1.07696,-0.00889436,2.03252,-0.00255663,1.10189,-0.00843824,2.04181
2.79,-0.00241054,1.07696,-0.00889436,2.03252,-0.00255663,1.10189,-0.00843824,2.04173
2.792,-0.00241054,1.07696,-0.00889436,2.03252,-0.00252011,1.10186,-0.00848385,2.04173
2.794,-0.00241054,1.07699,-0.00884875,2.03261,-0.00252011,1.10191,-0.00839263,2.04181
2.796,-0.00244706,1.07699,-0.00893997,2.03261,-0.00252011,1.10189,-0.00843824,2.04181
2.798,-0.00244706,1.07696,-0.00889436,2.03261,-0.00252011,1.10189,-0.00843824,2.04181
2.8,-0.00244706,1.07696,-0.00889436,2.03252,-0.00252011,1.10191,-0.00848385,2.04173
2.802,-0.00241054,1.07699,-0.00884875,2.03252,-0.00252011,1.10189,-0.00843824,2.04181
2.804,-0.00241054,1.07696,-0.00889436,2.03252,-0.00255663,1.10189,-0.00843824,2.04173
2.806,-0.00244706,1.07699,-0.00884875,2.03252,-0.00252011,1.10189,-0.00843824,2.04181
2.808,-0.00244706,1.07699,-0.00893997,2.03252,-0.00255663,1.10189,-0.00843824,2.04173
2.81,-0.00244706,1.07699,-0.00884875,2.03252,-0.00252011,1.10189,-0.00843824,2.04181
2.812,-0.00244706,1.07699,-0.00893997,2.03252,-0.00255663,1.10189,-0.00843824,2.04181
2.814,-0.00241054,1.07696,-0.00889436,2.03252,-0.00255663,1.10189,-0.00843824,2.04181
2.816,-0.00241054,1.07696,-0.00889436,2.03261,-0.00252011,1.10191,-0.00839263,2.04173
2.818,-0.00244706,1.07699,-0.00884875,2.03252,-0.00255663,1.10189,-0.00843824,2.04173
2.82,-0.00244706,1.07699,-0.00893997,2.03252,-0.00255663,1.10189,-0.00843824,2.04181
2.822,-0.00244706,1.07696,-0.00889436,2.03252,-0.00252011,1.10191,-0.00839263,2.04173
2.824,-0.00241054,1.07699,-0.00893997,2.03252,-0.00255663,1.10189,-0.00843824,2.04181
2.826,-0.00241054,1.07699,-0.00893997,2.03261,-0.00252011,1.10189,-0.00843824,2.04181
2.828,-0.00244706,1.07702,-0.00889436,2.03261,-0.00255663,1.10189,-0.00843824,2.04181
2.83,-0.00241054,1.07702,-0.00889436,2.03261,-0.00252011,1.10191,-0.00848385,2.04173
2.832,-0.00241054,1.07696,-0.00889436,2.03261,-0.00255663,1.10189,-0.00843824,2.04173
2.834,-0.00244706,1.07696,-0.00889436,2.03261,-0.00255663,1.10191,-0.00839263,2.04181
2.836,-0.00241054,1.07699,-0.00884875,2.03261,-0.00252011,1.10189,-0.00843824,2.04181
2.838,-0.00241054,1.07699,-0.00884875,2.03261,-0.00252011,1.10189,-0.00843824,2.04181
2.84,-0.00244706,1.07696,-0.00889436,2.03261,-0.00255663,1.10186,-0.00848385,2.04181
2.842,-0.00241054,1.07696,-0.00889436,2.03261,-0.00255663,1.10189,-0.00843824,2.04181
2.844,-0.00241054,1.07696,-0.00889436,2.03261,-0.00252011,1.10191,-0.00839263,2.04181
2.846,-0.00241054,1.07699,-0.00884875,2.03261,-0.00252011,1.10191,-0.00839263,2.04181
2.848,-0.00244706,1.07699,-0.00884875,2.03261,-0.00255663,1.10189,-0.00843824,2.04181
2.85,-0.00244706,1.07699,-0.00884875,2.03261,-0.00252011,1.10189,-0.00843824,2.04181
2.852,-0.00241054,1.07699,-0.00893997,2.03252,-0.00252011,1.10191,-0.00848385,2.04173
2.854,-0.00241054,1.07699,-0.00884875,2.03252,-0.00252011,1.10189,-0.00843824,2.04181
2.856,-0.00244706,1.07696,-0.00889436,2.03252,-0.00259316,1.10191,-0.00839263,2.04173
2.858,-0.00244706,1.07696,-0.00889436,2.03252,-0.00259316,1.10189,-0.00843824,2.04173
2.86,-0.00244706,1.07699,-0.00884875,2.03252,-0.00252011,1.10189,-0.00843824,2.04173
2.862,-0.00244706,1.07699,-0.00884875,2.03261,-0.00255663,1.10191,-0.00848385,2.04181
2.864,-0.00244706,1.07699,-0.00884875,2.03261,-0.00255663,1.10191,-0.00839263,2.04173
2.866,-0.00244706,1.07699,-0.00884875,2.03261,-0.00252011,1.10189,-0.00843824,2.04173
2.868,-0.00241054,1.07699,-0.00884875,2.03261,-0.00255663,1.10189,-0.00843824,2.04181
2.87,-0.00244706,1.07696,-0.00889436,2.03252,-0.00259316,1.10189,-0.00843824,2.04173
2.872,-0.00244706,1.07699,-0.00884875,2.03252,-0.00252011,1.10191,-0.00839263,2.04173
2.874,-0.00241054,1.07696,-0.00889436,2.03261,-0.00255663,1.10189,-0.00843824,2.04173
2.876,-0.00241054,1.07699,-0.00884875,2.03261,-0.00252011,1.10186,-0.00848385,2.04173
2.878,-0.00241054,1.07699,-0.00884875,2.03261,-0.00255663,1.10189,-0.00843824,2.04181
2.88,-0.00241054,1.07696,-0.00889436,2.03261,-0.00252011,1.10191,-0.00839263,2.04173
2.882,-0.00244706,1.07699,-0.00884875,2.03261,-0.00252011,1.10189,-0.00843824,2.04181
2.884,-0.00241054,1.07696,-0.00889436,2.03252,-0.00252011,1.10191,-0.00848385,2.04173
2.886,-0.00241054,1.07696,-0.00889436,2.03252,-0.00252011,1.10189,-0.00843824,2.04173
2.888,-0.00241054,1.07699,-0.00884875,2.03252,-0.00252011,1.10189,-0.00843824,2.04181
2.89,-0.00241054,1.07699,-0.00884875,2.03261,-0.00255663,1.10189,-0.00843824,2.04181
2.892,-0.00244706,1.07699,-0.00893997,2.03252,-0.00255663,1.10189,-0.00843824,2.04181
2.894,-0.00244706,1.07702,-0.00889436,2.03252,-0.00252011,1.10189,-0.00843824,2.04173
2.896,-0.00244706,1.07696,-0.00889436,2.03261,-0.00252011,1.10189,-0.00843824,2.04181
2.898,-0.00244706,1.07696,-0.00889436,2.03261,-0.00252011,1.10191,-0.00839263,2.04181
2.9,-0.00241054,1.07696,-0.00889436,2.03252,-0.00255663,1.10189,-0.00843824,2.04181
2.902,-0.00241054,1.07696,-0.00889436,2.03252,-0.00255663,1.10189,-0.00843824,2.04173
2.904,-0.00241054,1.07696,-0.00889436,2.03252,-0.00255663,1.10189,-0.00843824,2.04173
2.906,-0.00244706,1.07699,-0.00884875,2.03252,-0.00255663,1.10189,-0.00843824,2.04181
2.908,-0.00244706,1.07702,-0.00889436,2.03261,-0.00252011,1.10189,-0.00843824,2.04181
2.91,-0.00244706,1.07702,-0.00889436,2.03261,-0.00252011,1.10189,-0.00843824,2.04181
2.912,-0.00244706,1.07699,-0.00884875,2.03261,-0.00255663,1.10189,-0.00843824,2.04181
2.914,-0.00244706,1.07699,-0.00884875,2.03261,-0.00252011,1.10191,-0.00839263,2.04181
2.916,-0.00244706,1.07696,-0.00889436,2.03252,-0.00252011,1.10189,-0.00843824,2.04181
2.918,-0.00241054,1.07696,-0.00889436,2.03252,-0.00252011,1.10191,-0.00848385,2.04181
2.92,-0.00241054,1.07696,-0.00889436,2.03252,-0.00252011,1.10191,-0.00839263,2.04173
2.922,-0.00241054,1.07699,-0.00884875,2.03261,-0.00255663,1.10189,-0.00843824,2.04181
2.924,-0.00244706,1.07699,-0.00884875,2.03261,-0.00255663,1.10189,-0.00843824,2.04181
2.926,-0.00241054,1.07699,-0.00884875,2.03261,-0.00255663,1.10189,-0.00843824,2.04181
2.928,-0.00244706,1.07699,-0.00884875,2.03252,-0.00255663,1.10189,-0.00843824,2.04181
2.93,-0.00241054,1.07699,-0.00884875,2.03252,-0.00252011,1.10191,-0.00839263,2.04181
2.932,-0.00244706,1.07696,-0.00889436,2.03252,-0.00255663,1.10189,-0.00843824,2.04181
2.934,-0.00244706,1.07699,-0.00884875,2.03252,-0.00252011,1.10189,-0.00843824,2.04181
2.936,-0.00241054,1.07699,-0.00884875,2.03252,-0.00255663,1.10191,-0.00848385,2.04173
2.938,-0.00244706,1.07696,-0.00889436,2.03261,-0.00252011,1.10189,-0.00843824,2.04173
2.94,-0.00241054,1.07699,-0.00884875,2.03252,-0.00252011,1.10189,-0.00843824,2.04173
2.942,-0.00244706,1.07702,-0.00889436,2.03252,-0.00255663,1.10191,-0.00839263,2.04181
2.944,-0.00241054,1.07699,-0.00884875,2.03252,-0.00252011,1.10189,-0.00843824,2.04181
2.946,-0.00241054,1.07699,-0.00884875,2.03252,-0.00252011,1.10191,-0.00848385,2.04173
2.948,-0.00241054,1.07699,-0.00884875,2.03252,-0.00255663,1.10189,-0.00843824,2.04173
2.95,-0.00241054,1.07702,-0.00889436,2.03261,-0.00252011,1.10191,-0.00848385,2.04173
2.952,-0.00241054,1.07699,-0.00884875,2.03261,-0.00252011,1.10189,-0.00843824,2.04181
2.954,-0.00241054,1.07699,-0.00884875,2.03261,-0.00252011,1.10189,-0.00843824,2.04173
2.956,-0.00244706,1.07696,-0.00889436,2.03261,-0.00255663,1.10189,-0.00843824,2.04181
2.958,-0.00241054,1.07696,-0.00889436,2.03261,-0.00252011,1.10191,-0.00839263,2.04181
2.96,-0.00244706,1.07696,-0.00889436,2.03252,-0.00255663,1.10189,-0.00843824,2.04181
2.962,-0.00244706,1.07699,-0.00884875,2.03252,-0.00252011,1.10191,-0.00848385,2.04173
2.964,-0.00244706,1.07699,-0.00884875,2.03252,-0.00248359,1.10189,-0.00843824,2.04181
2.966,-0.00241054,1.07699,-0.00884875,2.03261,-0.00252011,1.10189,-0.00843824,2.04173
2.968,-0.00241054,1.07699,-0.00884875,2.03261,-0.00255663,1.10189,-0.00843824,2.04181
2.97,-0.00244706,1.07699,-0.00884875,2.03261,-0.00255663,1.10189,-0.00843824,2.04181
2.972,-0.00241054,1.07696,-0.00889436,2.03261,-0.00252011,1.10189,-0.00843824,2.04181
2.974,-0.00244706,1.07699,-0.00884875,2.03261,-0.00252011,1.10189,-0.00843824,2.04181
2.976,-0.00241054,1.07696,-0.00889436,2.03252,-0.00252011,1.10189,-0.00843824,2.04181
2.978,-0.00241054,1.07699,-0.00884875,2.03261,-0.00255663,1.10189,-0.00843824,2.04173
2.98,-0.00241054,1.07699,-0.00893997,2.03261,-0.00255663,1.10189,-0.00843824,2.04173
2.982,-0.00244706,1.07699,-0.00884875,2.03261,-0.00255663,1.10191,-0.00839263,2.04181
2.984,-0.00241054,1.07696,-0.00889436,2.03261,-0.00255663,1.10189,-0.00843824,2.04173
2.986,-0.00244706,1.07696,-0.00889436,2.03261,-0.00252011,1.10189,-0.00843824,2.04173
2.988,-0.00241054,1.07699,-0.00893997,2.03261,-0.00252011,1.10189,-0.00843824,2.04173
2.99,-0.00244706,1.07699,-0.00884875,2.03261,-0.00255663,1.10189,-0.00843824,2.04173
2.992,-0.00244706,1.07699,-0.00884875,2.03261,-0.00252011,1.10186,-0.00848385,2.04181
2.994,-0.00244706,1.07699,-0.00884875,2.03261,-0.00252011,1.10191,-0.00839263,2.04181
2.996,-0.00241054,1.07699,-0.00884875,2.03261,-0.00252011,1.10189,-0.00843824,2.04173
2.998,-0.00241054,1.07696,-0.00889436,2.03261,-0.00255663,1.10189,-0.00843824,2.04181
3,-0.00244706,1.07699,-0.00884875,2.03261,-0.00252011,1.10191,-0.00839263,2.04173
3.002,-0.00244706,1.07699,-0.00884875,2.03252,-0.00255663,1.10191,-0.00839263,2.04173
3.004,-0.00241054,1.07699,-0.00884875,2.03252,-0.00252011,1.10189,-0.00843824,2.04181
3.006,-0.00244706,1.07699,-0.00884875,2.03244,-0.00255663,1.10186,-0.00839263,2.04181
3.008,-0.00241054,1.07699,-0.00884875,2.03252,-0.00252011,1.10189,-0.00843824,2.04181
3.01,-0.00241054,1.07699,-0.00884875,2.03252,-0.00259316,1.10189,-0.00843824,2.04181
3.012,-0.00244706,1.07699,-0.00884875,2.03261,-0.00255663,1.10191,-0.00848385,2.04181
3.014,-0.00244706,1.07699,-0.00884875,2.03261,-0.00255663,1.10189,-0.00843824,2.04181
3.016,-0.00241054,1.07699,-0.00884875,2.03261,-0.00255663,1.10191,-0.00839263,2.04173
3.018,-0.00241054,1.07696,-0.00889436,2.03252,-0.00248359,1.10189,-0.00843824,2.04173
3.02,-0.00241054,1.07696,-0.00889436,2.03252,-0.00252011,1.10189,-0.00843824,2.04181
3.022,-0.00244706,1.07696,-0.00889436,2.03252,-0.00252011,1.10189,-0.00843824,2.04181
3.024,-0.00241054,1.07699,-0.00884875,2.03252,-0.00252011,1.10191,-0.00839263,2.04181
3.026,-0.00244706,1.07699,-0.00884875,2.03261,-0.00255663,1.10191,-0.00848385,2.04181
3.028,-0.00241054,1.07699,-0.00884875,2.03261,-0.00255663,1.10191,-0.00848385,2.04173
3.03,-0.00241054,1.07699,-0.00884875,2.03261,-0.00255663,1.10189,-0.00843824,2.04181
3.032,-0.00241054,1.07696,-0.00889436,2.03252,-0.00255663,1.10189,-0.00843824,2.04173
3.034,-0.00241054,1.07699,-0.00884875,2.03252,-0.00255663,1.10194,-0.00843824,2.04181
3.036,-0.00244706,1.07699,-0.00884875,2.03252,-0.00252011,1.10189,-0.00843824,2.04181
3.038,-0.00241054,1.07699,-0.00884875,2.03252,-0.00252011,1.10189,-0.00843824,2.04181
3.04,-0.00244706,1.07702,-0.00889436,2.03261,-0.00252011,1.10189,-0.00843824,2.04173
3.042,-0.00244706,1.07702,-0.00889436,2.03261,-0.00255663,1.10191,-0.00839263,2.04173
3.044,-0.00244706,1.07699,-0.00884875,2.03261,-0.00255663,1.10189,-0.00843824,2.04173
3.046,-0.00241054,1.07699,-0.00884875,2.03261,-0.00259316,1.10189,-0.00843824,2.04181
3.048,-0.00241054,1.07699,-0.00884875,2.03252,-0.00252011,1.10189,-0.00843824,2.04181
3.05,-0.00241054,1.07699,-0.00884875,2.03252,-0.00255663,1.10191,-0.00839263,2.04181
3.052,-0.00244706,1.07699,-0.00884875,2.03252,-0.00252011,1.10189,-0.00843824,2.04181
3.054,-0.00244706,1.07696,-0.00889436,2.03252,-0.00252011,1.10189,-0.00843824,2.04181
3.056,-0.00244706,1.07699,-0.00893997,2.03252,-0.00255663,1.10189,-0.00843824,2.04181
3.058,-0.00244706,1.07702,-0.00889436,2.03261,-0.00255663,1.10186,-0.00848385,2.04181
3.06,-0.00244706,1.07699,-0.00884875,2.03261,-0.00255663,1.10189,-0.00843824,2.04181
3.062,-0.00244706,1.07699,-0.00884875,2.03261,-0.00252011,1.10189,-0.00843824,2.04173
3.064,-0.00244706,1.07699,-0.00884875,2.03261,-0.00252011,1.10189,-0.00843824,2.04181
3.066,-0.00241054,1.07699,-0.00884875,2.03252,-0.00255663,1.10191,-0.00839263,2.04173
3.068,-0.00244706,1.07696,-0.00889436,2.03252,-0.00255663,1.10189,-0.00843824,2.04181
3.07,-0.00244706,1.07696,-0.00889436,2.03252,-0.00259316,1.10189,-0.00843824,2.04173
3.072,-0.00244706,1.07696,-0.00889436,2.03261,-0.00255663,1.10189,-0.00843824,2.04181
3.074,-0.00241054,1.07699,-0.00884875,2.03261,-0.00252011,1.10191,-0.00839263,2.04181
3.076,-0.00241054,1.07699,-0.00884875,2.03261,-0.00255663,1.10189,-0.00843824,2.04173
3.078,-0.00244706,1.07699,-0.00884875,2.03261,-0.00255663,1.10189,-0.00843824,2.04181
3.08,-0.00241054,1.07699,-0.00884875,2.03261,-0.00252011,1.10186,-0.00848385,2.04181
3.082,-0.00244706,1.07696,-0.00889436,2.03252,-0.00252011,1.10189,-0.00843824,2.04181
3.084,-0.00244706,1.07696,-0.00889436,2.03252,-0.00255663,1.10189,-0.00843824,2.04173
3.086,-0.00244706,1.07696,-0.00889436,2.03261,-0.00252011,1.10189,-0.00843824,2.04173
3.088,-0.00241054,1.07699,-0.00884875,2.03261,-0.00255663,1.10189,-0.00843824,2.04173
3.09,-0.00241054,1.07699,-0.00884875,2.03261,-0.00255663,1.10189,-0.00843824,2.04173
3.092,-0.00241054,1.07699,-0.00884875,2.03261,-0.00252011,1.10191,-0.00839263,2.04181
3.094,-0.00244706,1.07699,-0.00884875,2.03261,-0.00252011,1.10191,-0.00848385,2.04173
3.096,-0.00244706,1.07699,-0.00884875,2.03252,-0.00255663,1.10189,-0.00843824,2.04181
3.098,-0.00244706,1.07699,-0.00884875,2.03252,-0.00255663,1.10189,-0.00843824,2.04181
3.1,-0.00244706,1.07699,-0.00884875,2.03252,-0.00252011,1.10189,-0.00843824,2.04173
3.102,-0.00241054,1.07699,-0.00884875,2.03261,-0.00255663,1.10189,-0.00843824,2.04173
3.104,-0.00241054,1.07696,-0.00889436,2.03261,-0.00252011,1.10189,-0.00843824,2.04173
3.106,-0.00244706,1.07696,-0.00889436,2.03261,-0.00252011,1.10191,-0.00839263,2.04173
3.108,-0.00244706,1.07696,-0.00889436,2.03252,-0.00255663,1.10194,-0.00843824,2.04173
3.11,-0.00241054,1.07699,-0.00884875,2.03261,-0.00255663,1.10186,-0.00848385,2.04181
3.112,-0.00244706,1.07696,-0.00889436,2.03261,-0.00252011,1.10189,-0.00852946,2.04181
3.114,-0.00241054,1.07699,-0.00884875,2.03261,-0.00252011,1.10189,-0.00843824,2.04173
3.116,-0.00244706,1.07702,-0.00889436,2.03252,-0.00252011,1.10189,-0.00843824,2.04173
3.118,-0.00244706,1.07699,-0.00884875,2.03261,-0.00255663,1.10189,-0.00843824,2.04173
3.12,-0.00241054,1.07696,-0.00889436,2.03261,-0.00255663,1.10189,-0.00843824,2.04181
3.122,-0.00244706,1.07699,-0.00884875,2.03261,-0.00255663,1.10189,-0.00843824,2.04173
3.124,-0.00244706,1.07696,-0.00889436,2.03261,-0.00255663,1.10189,-0.00843824,2.04173
3.126,-0.00241054,1.07699,-0.00884875,2.03261,-0.00259316,1.10186,-0.00848385,2.0419
3.128,-0.00241054,1.07702,-0.00889436,2.03252,-0.00252011,1.10189,-0.00843824,2.04173
3.13,-0.00244706,1.07699,-0.00884875,2.03261,-0.00255663,1.10189,-0.00843824,2.04181
3.132,-0.00244706,1.07699,-0.00884875,2.03261,-0.00255663,1.10191,-0.00839263,2.04181
3.134,-0.00241054,1.07699,-0.00884875,2.03261,-0.00255663,1.10189,-0.00843824,2.04181
3.136,-0.00241054,1.07699,-0.00884875,2.03252,-0.00252011,1.10191,-0.00848385,2.04181
3.138,-0.00241054,1.07699,-0.00884875,2.03252,-0.00255663,1.10189,-0.00843824,2.04181
3.14,-0.00241054,1.07699,-0.00884875,2.03252,-0.00255663,1.10189,-0.00843824,2.04181
3.142,-0.00241054,1.07696,-0.00889436,2.03252,-0.00255663,1.10189,-0.00843824,2.04173
3.144,-0.00241054,1.07699,-0.00884875,2.03252,-0.00255663,1.10189,-0.00843824,2.04173
3.146,-0.00244706,1.07699,-0.00884875,2.03261,-0.00255663,1.10191,-0.00839263,2.04181
3.148,-0.00244706,1.07696,-0.00889436,2.03252,-0.00252011,1.10189,-0.00843824,2.04173
3.15,-0.00244706,1.07699,-0.00884875,2.03261,-0.00255663,1.10189,-0.00843824,2.04181
3.152,-0.00241054,1.07699,-0.00884875,2.03252,-0.00255663,1.10191,-0.00848385,2.04173
3.154,-0.00241054,1.07699,-0.00884875,2.03261,-0.00252011,1.10191,-0.00848385,2.04181
3.156,-0.00241054,1.07696,-0.00889436,2.03252,-0.00252011,1.10189,-0.00843824,2.04173
3.158,-0.00241054,1.07699,-0.00884875,2.03252,-0.00252011,1.10189,-0.00843824,2.04181
3.16,-0.00241054,1.07696,-0.00889436,2.03252,-0.00252011,1.10189,-0.00843824,2.04173
3.162,-0.00244706,1.07696,-0.00889436,2.03261,-0.00255663,1.10186,-0.00848385,2.04173
3.164,-0.00244706,1.07702,-0.00889436,2.03261,-0.00252011,1.10189,-0.00843824,2.04181
3.166,-0.00241054,1.07702,-0.00889436,2.03261,-0.00255663,1.10189,-0.00843824,2.04181
3.168,-0.00241054,1.07699,-0.00884875,2.03261,-0.00252011,1.10191,-0.00839263,2.04173
3.17,-0.00241054,1.07699,-0.00884875,2.03252,-0.00255663,1.10189,-0.00843824,2.04181
3.172,-0.00241054,1.07699,-0.00884875,2.03261,-0.00255663,1.10189,-0.00843824,2.04173
3.174,-0.00244706,1.07699,-0.00884875,2.03252,-0.00255663,1.10186,-0.00848385,2.04173
3.176,-0.00241054,1.07699,-0.00884875,2.03252,-0.00252011,1.10189,-0.00843824,2.04173
3.178,-0.00241054,1.07699,-0.00884875,2.03252,-0.00252011,1.10189,-0.00843824,2.04173
3.18,-0.00244706,1.07696,-0.00889436,2.03252,-0.00255663,1.10189,-0.00843824,2.04173
3.182,-0.00244706,1.07696,-0.00889436,2.03252,-0.00252011,1.10189,-0.00843824,2.04181
3.184,-0.00244706,1.07699,-0.00884875,2.03261,-0.00255663,1.10191,-0.00839263,2.04173
3.186,-0.00241054,1.07696,-0.00889436,2.03261,-0.00252011,1.10189,-0.00843824,2.04173
3.188,-0.00241054,1.07699,-0.00884875,2.03252,-0.00252011,1.10186,-0.00848385,2.04173
3.19,-0.00241054,1.07699,-0.00884875,2.03252,-0.00252011,1.10189,-0.00843824,2.04181
3.192,-0.00241054,1.07699,-0.00884875,2.03261,-0.00252011,1.10189,-0.00843824,2.04173
3.194,-0.00241054,1.07699,-0.00884875,2.03261,-0.00255663,1.10186,-0.00848385,2.04173
3.196,-0.00241054,1.07699,-0.00884875,2.03261,-0.00255663,1.10191,-0.00839263,2.04173
3.198,-0.00244706,1.07696,-0.00889436,2.03252,-0.00252011,1.10191,-0.00839263,2.04181
3.2,-0.00244706,1.07702,-0.00889436,2.03261,-0.00255663,1.10189,-0.00843824,2.04173
3.202,-0.00244706,1.07699,-0.00884875,2.03261,-0.00252011,1.10189,-0.00843824,2.04181
3.204,-0.00241054,1.07699,-0.00884875,2.03261,-0.00252011,1.10189,-0.00843824,2.04173
3.206,-0.00241054,1.07699,-0.00884875,2.03261,-0.00259316,1.10189,-0.00843824,2.04181
3.208,-0.00244706,1.07699,-0.00884875,2.03261,-0.00248359,1.10189,-0.00843824,2.04181
3.21,-0.00244706,1.07696,-0.00889436,2.03261,-0.00252011,1.10189,-0.00843824,2.04181
3.212,-0.00241054,1.07696,-0.00889436,2.03261,-0.00252011,1.10189,-0.00843824,2.04173
3.214,-0.00244706,1.07696,-0.00889436,2.03261,-0.00259316,1.10189,-0.00843824,2.04181
3.216,-0.00244706,1.07699,-0.00884875,2.03261,-0.00255663,1.10189,-0.00843824,2.04173
3.218,-0.00241054,1.07702,-0.00889436,2.03261,-0.00252011,1.10189,-0.00843824,2.04181
3.22,-0.00241054,1.07699,-0.00884875,2.03261,-0.00252011,1.10189,-0.00843824,2.04173
3.222,-0.00244706,1.07699,-0.00884875,2.03261,-0.00255663,1.10186,-0.00848385,2.04181
3.224,-0.00244706,1.07699,-0.00884875,2.03252,-0.00255663,1.10186,-0.00848385,2.04173
3.226,-0.00244706,1.07699,-0.00884875,2.03261,-0.00255663,1.10189,-0.00843824,2.04181
3.228,-0.00244706,1.07699,-0.00884875,2.03261,-0.00255663,1.10186,-0.00848385,2.04173
3.23,-0.00244706,1.07702,-0.00889436,2.03261,-0.00252011,1.10189,-0.00843824,2.04181
3.232,-0.00241054,1.07699,-0.00884875,2.03261,-0.00252011,1.10189,-0.00843824,2.04181
3.234,-0.00241054,1.07696,-0.00889436,2.03261,-0.00252011,1.10189,-0.00843824,2.04181
3.236,-0.00241054,1.07696,-0.00889436,2.03261,-0.00255663,1.10189,-0.00843824,2.04173
3.238,-0.00241054,1.07696,-0.00889436,2.03261,-0.00255663,1.10189,-0.00843824,2.04173
3.24,-0.00241054,1.07699,-0.00884875,2.03261,-0.00252011,1.10189,-0.00843824,2.04173
3.242,-0.00241054,1.07699,-0.00884875,2.03261,-0.00252011,1.10186,-0.00848385,2.04173
3.244,-0.00244706,1.07702,-0.00889436,2.03252,-0.00255663,1.10189,-0.00843824,2.04173
3.246,-0.00244706,1.07699,-0.00884875,2.03252,-0.00255663,1.10189,-0.00843824,2.04173
3.248,-0.00241054,1.07699,-0.00884875,2.03261,-0.00255663,1.10189,-0.00843824,2.04181
3.25,-0.00241054,1.07699,-0.00884875,2.03261,-0.00252011,1.10189,-0.00843824,2.04173
3.252,-0.00241054,1.07699,-0.00884875,2.03252,-0.00248359,1.10189,-0.00843824,2.04181
3.254,-0.00241054,1.07699,-0.00884875,2.03261,-0.00248359,1.10186,-0.00848385,2.04173
3.256,-0.00244706,1.07699,-0.00884875,2.03261,-0.00252011,1.10186,-0.00848385,2.04181
3.258,-0.00241054,1.07699,-0.00884875,2.03252,-0.00255663,1.10189,-0.00843824,2.04181
3.26,-0.00241054,1.07702,-0.00889436,2.03252,-0.00255663,1.10189,-0.00843824,2.04181
3.262,-0.00241054,1.07699,-0.00884875,2.03261,-0.00255663,1.10189,-0.00843824,2.04173
3.264,-0.00241054,1.07699,-0.00884875,2.03261,-0.00248359,1.10189,-0.00843824,2.04181
3.266,-0.00244706,1.07699,-0.00884875,2.03261,-0.00252011,1.10189,-0.00843824,2.04181
3.268,-0.00241054,1.07699,-0.00884875,2.03261,-0.00252011,1.10189,-0.00843824,2.04173
3.27,-0.00241054,1.07696,-0.00889436,2.03252,-0.00255663,1.10189,-0.00843824,2.04181
3.272,-0.00241054,1.07699,-0.00884875,2.03252,-0.00252011,1.10186,-0.00848385,2.04181
3.274,-0.00241054,1.07699,-0.00884875,2.03252,-0.00252011,1.10186,-0.00848385,2.04181
3.276,-0.00241054,1.07699,-0.00884875,2.03261,-0.00252011,1.10189,-0.00843824,2.04173
3.278,-0.00244706,1.07702,-0.00889436,2.03261,-0.00255663,1.10189,-0.00843824,2.04181
3.28,-0.00244706,1.07702,-0.00889436,2.03261,-0.00252011,1.10189,-0.00843824,2.04173
3.282,-0.00241054,1.07699,-0.00884875,2.03261,-0.00255663,1.10194,-0.00843824,2.04181
3.284,-0.00241054,1.07699,-0.00884875,2.03261,-0.00252011,1.10189,-0.00843824,2.04181
3.286,-0.00241054,1.07696,-0.00889436,2.03252,-0.00255663,1.10191,-0.00848385,2.04181
3.288,-0.00241054,1.07699,-0.00884875,2.03261,-0.00255663,1.10189,-0.00843824,2.04181
3.29,-0.00244706,1.07699,-0.00884875,2.03252,-0.00252011,1.10189,-0.00843824,2.04173
3.292,-0.00241054,1.07696,-0.00889436,2.03252,-0.00252011,1.10189,-0.00843824,2.04173
3.294,-0.00241054,1.07699,-0.00884875,2.03261,-0.00248359,1.10186,-0.00848385,2.04173
3.296,-0.00241054,1.07702,-0.00889436,2.03261,-0.00252011,1.10189,-0.00843824,2.04173
3.298,-0.00244706,1.07699,-0.00884875,2.03261,-0.00255663,1.10191,-0.00848385,2.04181
3.3,-0.00244706,1.07699,-0.00884875,2.03261,-0.00255663,1.10189,-0.00843824,2.04181
3.302,-0.00241054,1.07699,-0.00884875,2.03252,-0.00252011,1.10189,-0.00843824,2.04181
3.304,-0.00241054,1.07699,-0.00884875,2.03252,-0.00252011,1.10191,-0.00848385,2.04173
3.306,-0.00244706,1.07702,-0.00889436,2.03261,-0.00252011,1.10189,-0.00843824,2.04173
3.308,-0.00244706,1.07699,-0.00893997,2.03261,-0.00252011,1.10189,-0.00843824,2.04181
3.31,-0.00244706,1.07699,-0.00884875,2.03252,-0.00255663,1.10191,-0.00839263,2.04181
3.312,-0.00244706,1.07699,-0.00884875,2.03261,-0.00252011,1.10191,-0.00848385,2.04181
3.314,-0.00241054,1.07699,-0.00884875,2.03252,-0.00248359,1.10186,-0.00848385,2.04181
3.316,-0.00244706,1.07699,-0.00884875,2.03252,-0.00255663,1.10189,-0.00852946,2.04173
3.318,-0.00244706,1.07699,-0.00884875,2.03252,-0.00255663,1.10186,-0.00848385,2.04173
3.32,-0.00241054,1.07699,-0.00884875,2.03261,-0.00255663,1.10189,-0.00843824,2.04173
3.322,-0.00244706,1.07699,-0.00884875,2.03261,-0.00252011,1.10189,-0.00843824,2.04173
3.324,-0.00244706,1.07696,-0.00889436,2.03261,-0.00255663,1.10189,-0.00843824,2.04181
3.326,-0.00244706,1.07696,-0.00889436,2.03261,-0.00252011,1.10191,-0.00848385,2.04181
3.328,-0.00244706,1.07699,-0.00884875,2.03252,-0.00255663,1.10189,-0.00843824,2.04181
3.33,-0.00244706,1.07699,-0.00884875,2.03261,-0.00255663,1.10189,-0.00843824,2.04181
3.332,-0.00244706,1.07699,-0.00884875,2.03261,-0.00255663,1.10189,-0.00843824,2.04181
3.334,-0.00241054,1.07702,-0.00889436,2.03252,-0.00252011,1.10189,-0.00843824,2.04181
3.336,-0.00241054,1.07702,-0.00889436,2.03252,-0.00252011,1.10189,-0.00843824,2.04181
3.338,-0.00244706,1.07699,-0.00884875,2.03252,-0.00255663,1.10191,-0.00839263,2.04173
3.34,-0.00244706,1.07699,-0.00884875,2.03252,-0.00255663,1.10189,-0.00843824,2.04181
3.342,-0.00244706,1.07696,-0.00889436,2.03261,-0.00252011,1.10186,-0.00848385,2.04181
3.344,-0.00241054,1.07699,-0.00884875,2.03261,-0.00252011,1.10189,-0.00843824,2.04181
3.346,-0.00241054,1.07699,-0.00893997,2.03261,-0.00252011,1.10189,-0.00852946,2.04181
3.348,-0.00241054,1.07699,-0.00893997,2.03261,-0.00255663,1.10189,-0.00843824,2.04181
3.35,-0.00241054,1.07699,-0.00884875,2.03261,-0.00252011,1.10189,-0.00843824,2.04181
3.352,-0.00241054,1.07699,-0.00884875,2.03252,-0.00252011,1.10191,-0.00839263,2.04173
3.354,-0.00244706,1.07696,-0.00889436,2.03261,-0.00252011,1.10189,-0.00843824,2.04173
3.356,-0.00244706,1.07699,-0.00893997,2.03252,-0.00252011,1.10191,-0.00839263,2.04181
3.358,-0.00244706,1.07699,-0.00884875,2.03261,-0.00248359,1.10189,-0.00843824,2.04181
3.36,-0.00244706,1.07699,-0.00884875,2.03261,-0.00255663,1.10191,-0.00839263,2.04181
3.362,-0.00241054,1.07699,-0.00884875,2.03261,-0.00252011,1.10189,-0.00843824,2.04181
3.364,-0.00241054,1.07696,-0.00889436,2.03261,-0.00255663,1.10189,-0.00843824,2.04173
3.366,-0.00241054,1.07696,-0.00889436,2.03261,-0.00255663,1.10189,-0.00843824,2.04181
3.368,-0.00244706,1.07699,-0.00884875,2.03261,-0.00252011,1.10191,-0.00848385,2.04181
3.37,-0.00244706,1.07699,-0.00884875,2.03261,-0.00259316,1.10189,-0.00843824,2.04173
3.372,-0.00241054,1.07699,-0.00884875,2.03261,-0.00252011,1.10189,-0.00843824,2.04173
3.374,-0.00244706,1.07696,-0.00889436,2.03261,-0.00255663,1.10189,-0.00843824,2.04181
3.376,-0.00244706,1.07699,-0.00884875,2.03261,-0.00255663,1.10191,-0.00839263,2.04173
3.378,-0.00244706,1.07696,-0.00889436,2.03261,-0.00255663,1.10189,-0.00843824,2.04181
3.38,-0.00241054,1.07699,-0.00884875,2.03261,-0.00252011,1.10189,-0.00843824,2.04173
3.382,-0.00241054,1.07699,-0.00884875,2.03261,-0.00252011,1.10189,-0.00843824,2.04173
3.384,-0.00241054,1.07699,-0.00884875,2.03252,-0.00255663,1.10189,-0.00843824,2.04173
3.386,-0.00244706,1.07699,-0.00884875,2.03261,-0.00255663,1.10191,-0.00839263,2.04173
3.388,-0.00244706,1.07699,-0.00884875,2.03261,-0.00255663,1.10191,-0.00848385,2.04173
3.39,-0.00244706,1.07699,-0.00884875,2.03261,-0.00255663,1.10189,-0.00843824,2.04181
3.392,-0.00244706,1.07699,-0.00884875,2.03261,-0.00255663,1.10189,-0.00843824,2.04173
3.394,-0.00244706,1.07699,-0.00884875,2.03261,-0.00259316,1.10189,-0.00843824,2.04173
3.396,-0.00244706,1.07702,-0.00889436,2.03261,-0.00255663,1.10189,-0.00843824,2.04173
3.398,-0.00244706,1.07696,-0.00889436,2.03261,-0.00255663,1.10189,-0.00843824,2.04181
3.4,-0.00244706,1.07699,-0.00884875,2.03252,-0.00252011,1.10186,-0.00848385,2.04181
3.402,-0.00244706,1.07696,-0.00889436,2.03261,-0.00255663,1.10191,-0.00839263,2.04173
3.404,-0.00241054,1.07699,-0.00884875,2.03261,-0.00255663,1.10189,-0.00843824,2.04181
3.406,-0.00241054,1.07699,-0.00884875,2.03261,-0.00255663,1.10189,-0.00843824,2.04173
3.408,-0.00244706,1.07696,-0.00889436,2.03261,-0.00252011,1.10189,-0.00843824,2.04181
3.41,-0.00244706,1.07699,-0.00884875,2.03261,-0.00252011,1.10191,-0.00839263,2.04181
3.412,-0.00244706,1.07699,-0.00884875,2.03261,-0.00252011,1.10189,-0.00843824,2.04181
3.414,-0.00241054,1.07696,-0.00889436,2.03261,-0.00255663,1.10189,-0.00843824,2.04173
3.416,-0.00241054,1.07699,-0.00884875,2.03252,-0.00255663,1.10189,-0.00843824,2.04181
3.418,-0.00241054,1.07696,-0.00889436,2.03252,-0.00255663,1.10189,-0.00843824,2.04173
3.42,-0.00244706,1.07699,-0.00884875,2.03261,-0.00255663,1.10191,-0.00848385,2.04173
3.422,-0.00241054,1.07699,-0.00884875,2.03252,-0.00255663,1.10189,-0.00843824,2.04181
3.424,-0.00244706,1.07699,-0.00884875,2.03261,-0.00255663,1.10189,-0.00843824,2.04181
3.426,-0.00244706,1.07699,-0.00884875,2.03252,-0.00255663,1.10189,-0.00843824,2.04173
3.428,-0.00244706,1.07699,-0.00884875,2.03252,-0.00255663,1.10189,-0.00843824,2.04181
3.43,-0.00244706,1.07696,-0.00889436,2.03252,-0.00252011,1.10189,-0.00843824,2.04181
3.432,-0.00241054,1.07699,-0.00884875,2.03261,-0.00255663,1.10189,-0.00843824,2.04181
3.434,-0.00241054,1.07699,-0.00884875,2.03252,-0.00255663,1.10189,-0.00843824,2.04181
3.436,-0.00241054,1.07696,-0.00889436,2.03261,-0.00252011,1.10194,-0.00843824,2.04181
3.438,-0.00241054,1.07699,-0.00884875,2.03261,-0.00252011,1.10191,-0.00839263,2.04173
3.44,-0.00244706,1.07699,-0.00884875,2.03261,-0.00259316,1.10186,-0.00839263,2.04173
3.442,-0.00244706,1.07696,-0.00889436,2.03261,-0.00255663,1.10189,-0.00843824,2.04181
3.444,-0.00244706,1.07699,-0.00884875,2.03252,-0.00255663,1.10189,-0.00843824,2.04181
3.446,-0.00241054,1.07699,-0.00884875,2.03261,-0.00255663,1.10191,-0.00848385,2.04181
3.448,-0.00244706,1.07699,-0.00884875,2.03252,-0.00255663,1.10189,-0.00843824,2.04173
3.45,-0.00244706,1.07699,-0.00884875,2.03261,-0.00255663,1.10191,-0.00848385,2.04181
3.452,-0.00244706,1.07699,-0.00884875,2.03261,-0.00252011,1.10189,-0.00843824,2.04173
3.454,-0.00241054,1.07699,-0.00884875,2.03261,-0.00252011,1.10189,-0.00843824,2.04181
3.456,-0.00244706,1.07699,-0.00884875,2.03261,-0.00255663,1.10189,-0.00843824,2.04181
3.458,-0.00244706,1.07699,-0.00884875,2.03261,-0.00255663,1.10189,-0.00843824,2.04181
3.46,-0.00244706,1.07696,-0.00889436,2.03261,-0.00252011,1.10189,-0.00843824,2.04181
3.462,-0.00241054,1.07699,-0.00884875,2.03261,-0.00252011,1.10186,-0.00839263,2.04173
3.464,-0.00244706,1.07699,-0.00884875,2.03252,-0.00255663,1.10189,-0.00843824,2.04173
3.466,-0.00241054,1.07699,-0.00884875,2.03252,-0.00252011,1.10189,-0.00843824,2.04173
3.468,-0.00244706,1.07699,-0.00884875,2.03261,-0.00255663,1.10191,-0.00848385,2.04181
3.47,-0.00244706,1.07699,-0.00884875,2.03252,-0.00252011,1.10189,-0.00843824,2.04173
3.472,-0.00244706,1.07699,-0.00884875,2.03252,-0.00259316,1.10189,-0.00843824,2.04181
3.474,-0.00244706,1.07699,-0.00884875,2.03252,-0.00252011,1.10189,-0.00843824,2.04181
3.476,-0.00244706,1.07696,-0.00889436,2.03252,-0.00255663,1.10189,-0.00843824,2.04173
3.478,-0.00244706,1.07699,-0.00884875,2.03261,-0.00252011,1.10189,-0.00843824,2.04173
3.48,-0.00241054,1.07699,-0.00884875,2.03252,-0.00252011,1.10189,-0.00843824,2.04173
3.482,-0.00241054,1.07699,-0.00884875,2.03252,-0.00252011,1.10189,-0.00843824,2.04181
3.484,-0.00241054,1.07696,-0.00889436,2.03252,-0.00252011,1.10189,-0.00843824,2.04181
3.486,-0.00241054,1.07699,-0.00884875,2.03261,-0.00255663,1.10189,-0.00843824,2.04181
3.488,-0.00244706,1.07696,-0.00889436,2.03261,-0.00252011,1.10189,-0.00843824,2.04173
3.49,-0.00241054,1.07696,-0.00889436,2.03261,-0.00255663,1.10191,-0.00848385,2.04173
3.492,-0.00244706,1.07702,-0.00889436,2.03261,-0.00252011,1.10189,-0.00843824,2.04181
3.494,-0.00244706,1.07699,-0.00884875,2.03261,-0.00252011,1.10189,-0.00843824,2.04181
3.496,-0.00241054,1.07699,-0.00884875,2.03252,-0.00255663,1.10189,-0.00843824,2.04173
3.498,-0.00244706,1.07699,-0.00884875,2.03252,-0.00255663,1.10189,-0.00843824,2.04181
3.5,-0.00241054,1.07696,-0.00889436,2.03252,-0.00255663,1.10189,-0.00843824,2.04181
3.502,-0.00241054,1.07699,-0.00884875,2.03261,-0.00255663,1.10191,-0.00848385,2.04173
3.504,-0.00244706,1.07702,-0.00889436,2.03261,-0.00255663,1.10186,-0.00848385,2.04181
3.506,-0.00241054,1.07699,-0.00884875,2.03261,-0.00259316,1.10191,-0.00848385,2.04173
3.508,-0.00244706,1.07696,-0.00889436,2.03261,-0.00255663,1.10189,-0.00843824,2.04181
3.51,-0.00244706,1.07696,-0.00889436,2.03261,-0.00252011,1.10189,-0.00843824,2.04173
3.512,-0.00244706,1.07699,-0.00884875,2.03252,-0.00259316,1.10189,-0.00843824,2.04181
3.514,-0.00244706,1.07696,-0.00889436,2.03252,-0.00248359,1.10189,-0.00843824,2.04181
3.516,-0.00244706,1.07699,-0.00884875,2.03252,-0.00255663,1.10189,-0.00843824,2.04181
3.518,-0.00241054,1.07696,-0.00889436,2.03261,-0.00252011,1.10189,-0.00843824,2.04181
3.52,-0.00244706,1.07699,-0.00884875,2.03261,-0.00255663,1.10189,-0.00843824,2.04181
3.522,-0.00241054,1.07696,-0.00889436,2.03252,-0.00255663,1.10186,-0.00848385,2.04181
3.524,-0.00241054,1.07699,-0.00893997,2.03252,-0.00255663,1.10189,-0.00843824,2.04181
3.526,-0.00241054,1.07699,-0.00884875,2.03252,-0.00252011,1.10189,-0.00843824,2.04181
3.528,-0.00244706,1.07699,-0.00884875,2.03252,-0.00252011,1.10191,-0.00839263,2.04173
3.53,-0.00244706,1.07699,-0.00884875,2.03252,-0.00255663,1.10189,-0.00843824,2.04181
3.532,-0.00244706,1.07699,-0.00884875,2.03252,-0.00255663,1.10189,-0.00843824,2.04173
3.534,-0.00244706,1.07699,-0.00884875,2.03261,-0.00255663,1.10189,-0.00843824,2.04181
3.536,-0.00244706,1.07699,-0.00884875,2.03252,-0.00255663,1.10189,-0.00843824,2.04181
3.538,-0.00241054,1.07699,-0.00884875,2.03252,-0.00252011,1.10189,-0.00843824,2.04173
3.54,-0.00241054,1.07699,-0.00893997,2.03252,-0.00252011,1.10191,-0.00839263,2.04173
3.542,-0.00244706,1.07696,-0.00889436,2.03261,-0.00255663,1.10189,-0.00843824,2.04181
3.544,-0.00244706,1.07699,-0.00884875,2.03261,-0.00252011,1.10191,-0.00848385,2.04181
3.546,-0.00244706,1.07696,-0.00889436,2.03261,-0.00252011,1.10189,-0.00843824,2.04181
3.548,-0.00244706,1.07699,-0.00884875,2.03252,-0.00252011,1.10189,-0.00843824,2.04173
3.55,-0.00244706,1.07696,-0.00889436,2.03252,-0.00252011,1.10189,-0.00843824,2.04181
3.552,-0.00244706,1.07696,-0.00889436,2.03252,-0.00252011,1.10191,-0.00839263,2.04181
3.554,-0.00244706,1.07699,-0.00884875,2.03252,-0.00255663,1.10186,-0.00848385,2.04181
3.556,-0.00241054,1.07696,-0.00889436,2.03261,-0.00252011,1.10189,-0.00843824,2.04173
3.558,-0.00241054,1.07699,-0.00884875,2.03261,-0.00255663,1.10191,-0.00848385,2.04173
3.56,-0.00241054,1.07699,-0.00884875,2.03261,-0.00255663,1.10191,-0.00839263,2.04181
3.562,-0.00241054,1.07696,-0.00889436,2.03261,-0.00255663,1.10189,-0.00843824,2.04181
3.564,-0.00244706,1.07699,-0.00884875,2.03261,-0.00255663,1.10186,-0.00848385,2.04173
3.566,-0.00244706,1.07699,-0.00884875,2.03252,-0.00255663,1.10189,-0.00843824,2.04181
3.568,-0.00244706,1.07699,-0.00884875,2.03261,-0.00248359,1.10189,-0.00843824,2.04181
3.57,-0.00244706,1.07696,-0.00889436,2.03261,-0.00255663,1.10189,-0.00843824,2.04173
3.572,-0.00241054,1.07702,-0.00889436,2.03261,-0.00252011,1.10189,-0.00843824,2.04181
3.574,-0.00241054,1.07699,-0.00884875,2.03261,-0.00252011,1.10189,-0.00843824,2.04181
3.576,-0.00241054,1.07699,-0.00884875,2.03252,-0.00255663,1.10189,-0.00843824,2.04173
3.578,-0.00237402,1.07699,-0.00884875,2.03261,-0.00255663,1.10189,-0.00843824,2.04173
3.58,-0.00241054,1.07696,-0.00889436,2.03261,-0.00255663,1.10191,-0.00839263,2.04181
3.582,-0.00244706,1.07702,-0.00889436,2.03261,-0.00255663,1.10191,-0.00839263,2.04173
3.584,-0.00244706,1.07699,-0.00884875,2.03261,-0.00252011,1.10189,-0.00843824,2.04173
3.586,-0.00244706,1.07699,-0.00884875,2.03261,-0.00252011,1.10189,-0.00843824,2.04173
3.588,-0.00244706,1.07699,-0.00884875,2.03261,-0.00255663,1.10186,-0.00848385,2.04181
3.59,-0.00244706,1.07699,-0.00884875,2.03261,-0.00252011,1.10189,-0.00843824,2.04173
3.592,-0.00244706,1.07699,-0.00884875,2.03252,-0.00255663,1.10189,-0.00843824,2.04173
3.594,-0.00244706,1.07699,-0.00884875,2.03252,-0.00252011,1.10189,-0.00843824,2.04181
3.596,-0.00241054,1.07696,-0.00889436,2.03261,-0.00252011,1.10191,-0.00839263,2.04173
3.598,-0.00244706,1.07696,-0.00889436,2.03261,-0.00252011,1.10189,-0.00843824,2.04173
3.6,-0.00241054,1.07699,-0.00884875,2.03261,-0.00252011,1.10189,-0.00843824,2.04181
3.602,-0.00244706,1.07699,-0.00884875,2.03261,-0.00252011,1.10189,-0.00843824,2.04181
3.604,-0.00244706,1.07699,-0.00884875,2.03261,-0.00255663,1.10189,-0.00843824,2.04181
3.606,-0.00244706,1.07696,-0.00889436,2.03261,-0.00255663,1.10191,-0.00848385,2.04173
3.608,-0.00244706,1.07699,-0.00884875,2.03261,-0.00252011,1.10189,-0.00843824,2.04181
3.61,-0.00244706,1.07696,-0.00889436,2.03261,-0.00255663,1.10189,-0.00843824,2.04181
3.612,-0.00244706,1.07699,-0.00884875,2.03261,-0.00255663,1.10191,-0.00839263,2.04173
3.614,-0.00244706,1.07699,-0.00884875,2.03261,-0.00248359,1.10189,-0.00843824,2.04173
3.616,-0.00244706,1.07699,-0.00884875,2.03261,-0.00259316,1.10189,-0.00843824,2.04181
3.618,-0.00244706,1.07699,-0.00884875,2.03261,-0.00248359,1.10191,-0.00839263,2.04173
3.62,-0.00244706,1.07696,-0.00889436,2.03261,-0.00255663,1.10189,-0.00843824,2.04181
3.622,-0.00244706,1.07699,-0.00884875,2.03261,-0.00255663,1.10189,-0.00843824,2.04173
3.624,-0.00244706,1.07699,-0.00884875,2.03261,-0.00259316,1.10189,-0.00843824,2.04181
3.626,-0.00244706,1.07699,-0.00884875,2.03261,-0.00248359,1.10189,-0.00843824,2.04181
3.628,-0.00241054,1.07699,-0.00884875,2.03261,-0.00255663,1.10189,-0.00843824,2.04181
3.63,-0.00241054,1.07699,-0.00884875,2.03252,-0.00255663,1.10189,-0.00843824,2.04181
3.632,-0.00244706,1.07696,-0.00889436,2.03261,-0.00255663,1.10191,-0.00839263,2.04181
3.634,-0.00244706,1.07699,-0.00884875,2.03261,-0.00252011,1.10189,-0.00843824,2.04181
3.636,-0.00244706,1.07699,-0.00893997,2.03261,-0.00252011,1.10189,-0.00843824,2.04181
3.638,-0.00244706,1.07699,-0.00884875,2.03261,-0.00252011,1.10189,-0.00843824,2.04181
3.64,-0.00244706,1.07699,-0.00884875,2.03252,-0.00255663,1.10189,-0.00843824,2.04173
3.642,-0.00241054,1.07699,-0.00884875,2.03261,-0.00255663,1.10189,-0.00843824,2.04181
3.644,-0.00241054,1.07699,-0.00884875,2.03261,-0.00252011,1.10189,-0.00843824,2.04181
3.646,-0.00241054,1.07699,-0.00884875,2.03252,-0.00252011,1.10189,-0.00843824,2.04181
3.648,-0.00241054,1.07699,-0.00884875,2.03261,-0.00255663,1.10191,-0.00839263,2.04173
3.65,-0.00241054,1.07699,-0.00884875,2.03261,-0.00252011,1.10189,-0.00843824,2.04181
3.652,-0.00244706,1.07699,-0.00884875,2.03252,-0.00255663,1.10189,-0.00843824,2.04181
3.654,-0.00244706,1.07696,-0.00889436,2.03261,-0.00255663,1.10189,-0.00843824,2.04181
3.656,-0.00244706,1.07696,-0.00889436,2.03261,-0.00259316,1.10186,-0.00848385,2.04181
3.658,-0.00241054,1.07699,-0.00884875,2.03261,-0.00255663,1.10189,-0.00843824,2.04173
3.66,-0.00244706,1.07699,-0.00884875,2.03252,-0.00252011,1.10189,-0.00843824,2.04173
3.662,-0.00244706,1.07699,-0.00884875,2.03252,-0.00255663,1.10191,-0.00848385,2.04181
3.664,-0.00244706,1.07699,-0.00884875,2.03252,-0.00255663,1.10186,-0.00848385,2.04173
3.666,-0.00244706,1.07699,-0.00884875,2.03261,-0.00255663,1.10191,-0.00839263,2.04181
3.668,-0.00244706,1.07696,-0.00889436,2.03252,-0.00252011,1.10189,-0.00843824,2.04173
3.67,-0.00244706,1.07699,-0.00884875,2.03252,-0.00255663,1.10189,-0.00843824,2.04173
3.672,-0.00244706,1.07699,-0.00884875,2.03252,-0.00255663,1.10189,-0.00843824,2.04181
3.674,-0.00244706,1.07699,-0.00884875,2.03252,-0.00255663,1.10191,-0.00848385,2.04173
3.676,-0.00241054,1.07699,-0.00884875,2.03252,-0.00255663,1.10189,-0.00843824,2.04173
3.678,-0.00244706,1.07696,-0.00889436,2.03261,-0.00255663,1.10189,-0.00843824,2.04181
3.68,-0.00244706,1.07696,-0.00889436,2.03261,-0.00252011,1.10189,-0.00843824,2.04173
3.682,-0.00241054,1.07699,-0.00884875,2.03261,-0.00255663,1.10189,-0.00843824,2.04173
3.684,-0.00244706,1.07699,-0.00884875,2.03252,-0.00252011,1.10186,-0.00848385,2.04181
3.686,-0.00244706,1.07702,-0.00889436,2.03252,-0.00255663,1.10189,-0.00843824,2.04173
3.688,-0.00244706,1.07696,-0.00889436,2.03252,-0.00252011,1.10186,-0.00848385,2.04173
3.69,-0.00244706,1.07699,-0.00884875,2.03261,-0.00252011,1.10191,-0.00839263,2.04173
3.692,-0.00244706,1.07699,-0.00884875,2.03252,-0.00252011,1.10189,-0.00843824,2.04181
3.694,-0.00244706,1.07702,-0.00889436,2.03252,-0.00252011,1.10189,-0.00843824,2.04173
3.696,-0.00241054,1.07699,-0.00884875,2.03252,-0.00259316,1.10189,-0.00843824,2.04181
3.698,-0.00244706,1.07699,-0.00884875,2.03261,-0.00255663,1.10189,-0.00843824,2.04173
3.7,-0.00244706,1.07696,-0.00889436,2.03261,-0.00252011,1.10186,-0.00848385,2.04173
3.702,-0.00244706,1.07696,-0.00889436,2.03261,-0.00259316,1.10189,-0.00843824,2.04173
3.704,-0.00244706,1.07699,-0.00884875,2.03261,-0.00255663,1.10189,-0.00843824,2.04173
3.706,-0.00244706,1.07702,-0.00889436,2.03252,-0.00255663,1.10189,-0.00843824,2.04181
3.708,-0.00244706,1.07699,-0.00884875,2.03252,-0.00252011,1.10191,-0.00848385,2.04181
3.71,-0.00244706,1.07696,-0.00889436,2.03252,-0.00255663,1.10189,-0.00843824,2.04173
3.712,-0.00244706,1.07699,-0.00884875,2.03261,-0.00255663,1.10191,-0.00848385,2.04173
3.714,-0.00244706,1.07696,-0.00889436,2.03261,-0.00252011,1.10191,-0.00848385,2.04181
3.716,-0.00244706,1.07699,-0.00884875,2.03261,-0.00252011,1.10191,-0.00839263,2.04181
3.718,-0.00244706,1.07699,-0.00884875,2.03261,-0.00255663,1.10189,-0.00843824,2.04173
3.72,-0.00244706,1.07699,-0.00884875,2.03261,-0.00252011,1.10189,-0.00843824,2.04173
3.722,-0.00244706,1.07702,-0.00889436,2.03261,-0.00252011,1.10186,-0.00839263,2.04173
3.724,-0.00244706,1.07702,-0.00889436,2.03261,-0.00255663,1.10189,-0.00843824,2.04173
3.726,-0.00244706,1.07696,-0.00889436,2.03261,-0.00255663,1.10189,-0.00843824,2.04173
3.728,-0.00244706,1.07699,-0.00884875,2.03261,-0.00255663,1.10189,-0.00843824,2.04173
3.73,-0.00244706,1.07696,-0.00889436,2.03252,-0.00255663,1.10191,-0.00839263,2.04181
3.732,-0.00241054,1.07696,-0.00889436,2.03261,-0.00255663,1.10186,-0.00848385,2.04181
3.734,-0.00241054,1.07696,-0.00889436,2.03261,-0.00255663,1.10189,-0.00843824,2.04173
3.736,-0.00244706,1.07699,-0.00884875,2.03252,-0.00248359,1.10189,-0.00852946,2.04173
3.738,-0.00244706,1.07702,-0.00889436,2.03261,-0.00255663,1.10189,-0.00843824,2.04181
3.74,-0.00241054,1.07702,-0.00889436,2.03261,-0.00252011,1.10189,-0.00843824,2.04173
3.742,-0.00244706,1.07702,-0.00889436,2.03261,-0.00252011,1.10189,-0.00843824,2.04173
3.744,-0.00244706,1.07696,-0.00889436,2.03261,-0.00252011,1.10189,-0.00843824,2.04181
3.746,-0.00244706,1.07699,-0.00884875,2.03261,-0.00259316,1.10189,-0.00843824,2.04173
3.748,-0.00241054,1.07699,-0.00884875,2.03261,-0.00259316,1.10189,-0.00843824,2.04181
3.75,-0.00241054,1.07696,-0.00889436,2.03252,-0.00252011,1.10189,-0.00843824,2.04181
3.752,-0.00241054,1.07699,-0.00884875,2.03261,-0.00255663,1.10189,-0.00843824,2.04181
3.754,-0.00241054,1.07699,-0.00893997,2.03261,-0.00255663,1.10189,-0.00843824,2.04173
3.756,-0.00241054,1.07696,-0.00889436,2.03252,-0.00255663,1.10189,-0.00843824,2.04181
3.758,-0.00241054,1.07696,-0.00889436,2.03252,-0.00252011,1.10189,-0.00843824,2.04173
3.76,-0.00244706,1.07699,-0.00884875,2.03252,-0.00255663,1.10189,-0.00843824,2.04173
3.762,-0.00244706,1.07699,-0.00884875,2.03252,-0.00248359,1.10189,-0.00843824,2.04173
3.764,-0.00244706,1.07699,-0.00884875,2.03261,-0.00259316,1.10191,-0.00839263,2.04181
3.766,-0.00244706,1.07696,-0.00889436,2.03261,-0.00255663,1.10189,-0.00843824,2.04181
3.768,-0.00241054,1.07699,-0.00884875,2.03261,-0.00252011,1.10189,-0.00843824,2.04181
3.77,-0.00241054,1.07696,-0.00889436,2.03252,-0.00252011,1.10189,-0.00843824,2.04173
3.772,-0.00244706,1.07699,-0.00884875,2.03252,-0.00255663,1.10191,-0.00839263,2.04181
3.774,-0.00241054,1.07699,-0.00884875,2.03252,-0.00252011,1.10189,-0.00843824,2.04173
3.776,-0.00244706,1.07699,-0.00884875,2.03252,-0.00255663,1.10189,-0.00843824,2.04181
3.778,-0.00244706,1.07699,-0.00884875,2.03261,-0.00252011,1.10189,-0.00843824,2.04173
3.78,-0.00244706,1.07699,-0.00884875,2.03252,-0.00255663,1.10189,-0.00843824,2.04181
3.782,-0.00244706,1.07699,-0.00884875,2.03252,-0.00255663,1.10189,-0.00843824,2.04173
3.784,-0.00244706,1.07699,-0.00884875,2.03252,-0.00252011,1.10186,-0.00839263,2.04173
3.786,-0.00244706,1.07699,-0.00884875,2.03252,-0.00255663,1.10186,-0.00839263,2.04181
3.788,-0.00244706,1.07699,-0.00884875,2.03261,-0.00255663,1.10189,-0.00843824,2.04181
3.79,-0.00244706,1.07702,-0.00889436,2.03252,-0.00252011,1.10189,-0.00843824,2.04173
3.792,-0.00244706,1.07702,-0.00889436,2.03252,-0.00252011,1.10189,-0.00843824,2.04173
3.794,-0.00241054,1.07699,-0.00884875,2.03261,-0.00248359,1.10189,-0.00843824,2.04181
3.796,-0.00244706,1.07699,-0.00884875,2.03261,-0.00259316,1.10189,-0.00843824,2.04173
3.798,-0.00244706,1.07699,-0.00884875,2.03261,-0.00252011,1.10191,-0.00839263,2.04173
3.8,-0.00244706,1.07702,-0.00889436,2.03261,-0.00255663,1.10186,-0.00848385,2.04181
3.802,-0.00241054,1.07702,-0.00889436,2.03261,-0.00255663,1.10189,-0.00843824,2.04181
3.804,-0.00244706,1.07696,-0.00889436,2.03261,-0.00255663,1.10189,-0.00843824,2.04181
3.806,-0.00244706,1.07699,-0.00884875,2.03261,-0.00252011,1.10189,-0.00843824,2.04173
3.808,-0.00244706,1.07696,-0.00889436,2.03261,-0.00252011,1.10189,-0.00843824,2.04181
3.81,-0.00244706,1.07699,-0.00884875,2.03252,-0.00252011,1.10189,-0.00843824,2.04173
3.812,-0.00244706,1.07699,-0.00884875,2.03261,-0.00252011,1.10189,-0.00843824,2.04181
3.814,-0.00244706,1.07699,-0.00884875,2.03261,-0.00255663,1.10189,-0.00843824,2.04181
3.816,-0.00244706,1.07699,-0.00884875,2.03261,-0.00255663,1.10189,-0.00843824,2.04173
3.818,-0.00244706,1.07699,-0.00884875,2.03252,-0.00252011,1.10186,-0.00848385,2.04181
3.82,-0.00244706,1.07702,-0.00889436,2.03252,-0.00252011,1.10189,-0.00843824,2.04173
3.822,-0.00244706,1.07696,-0.00889436,2.03252,-0.00255663,1.10189,-0.00843824,2.04181
3.824,-0.00244706,1.07696,-0.00889436,2.03252,-0.00252011,1.10189,-0.00843824,2.04181
3.826,-0.00244706,1.07699,-0.00884875,2.03261,-0.00255663,1.10189,-0.00843824,2.04181
3.828,-0.00244706,1.07699,-0.00884875,2.03261,-0.00259316,1.10189,-0.00843824,2.04181
3.83,-0.00244706,1.07699,-0.00884875,2.03261,-0.00252011,1.10189,-0.00843824,2.04181
3.832,-0.00244706,1.07699,-0.00884875,2.03261,-0.00255663,1.10191,-0.00839263,2.04173
3.834,-0.00244706,1.07702,-0.00889436,2.03261,-0.00255663,1.10191,-0.00839263,2.04173
3.836,-0.00244706,1.07696,-0.00889436,2.03261,-0.00255663,1.10191,-0.00848385,2.04181
3.838,-0.00244706,1.07699,-0.00884875,2.03261,-0.00255663,1.10189,-0.00843824,2.04173
3.84,-0.00244706,1.07699,-0.00884875,2.03261,-0.00252011,1.10189,-0.00843824,2.04173
3.842,-0.00244706,1.07702,-0.00889436,2.03261,-0.00255663,1.10186,-0.00848385,2.04181
3.844,-0.00244706,1.07699,-0.00884875,2.03261,-0.00259316,1.10189,-0.00843824,2.04181
3.846,-0.00244706,1.07699,-0.00884875,2.03261,-0.00252011,1.10189,-0.00843824,2.04173
3.848,-0.00244706,1.07699,-0.00884875,2.03261,-0.00252011,1.10189,-0.00843824,2.04181
3.85,-0.00244706,1.07696,-0.00889436,2.03261,-0.00255663,1.10189,-0.00843824,2.04181
3.852,-0.00241054,1.07696,-0.00889436,2.03261,-0.00252011,1.10189,-0.00843824,2.04181
3.854,-0.00241054,1.07696,-0.00889436,2.03261,-0.00255663,1.10186,-0.00848385,2.04173
3.856,-0.00241054,1.07696,-0.00889436,2.03252,-0.00259316,1.10189,-0.00843824,2.04181
3.858,-0.00244706,1.07696,-0.00889436,2.03252,-0.00252011,1.10189,-0.00843824,2.04173
3.86,-0.00241054,1.07702,-0.00889436,2.03261,-0.00252011,1.10189,-0.00843824,2.04173
3.862,-0.00241054,1.07702,-0.00889436,2.03261,-0.00252011,1.10191,-0.00848385,2.04181
3.864,-0.00244706,1.07702,-0.00889436,2.03261,-0.00252011,1.10189,-0.00843824,2.04181
3.866,-0.00244706,1.07699,-0.00884875,2.03252,-0.00255663,1.10194,-0.00843824,2.04181
3.868,-0.00244706,1.07699,-0.00884875,2.03252,-0.00252011,1.10194,-0.00843824,2.04181
3.87,-0.00244706,1.07699,-0.00884875,2.03252,-0.00255663,1.10189,-0.00843824,2.04173
3.872,-0.00241054,1.07699,-0.00884875,2.03252,-0.00255663,1.10189,-0.00843824,2.04173
3.874,-0.00241054,1.07702,-0.00889436,2.03261,-0.00252011,1.10186,-0.00848385,2.04173
3.876,-0.00244706,1.07699,-0.00884875,2.03261,-0.00255663,1.10189,-0.00843824,2.04173
3.878,-0.00244706,1.07696,-0.00889436,2.03261,-0.00255663,1.10186,-0.00848385,2.04181
3.88,-0.00244706,1.07696,-0.00889436,2.03261,-0.00252011,1.10189,-0.00843824,2.04181
3.882,-0.00244706,1.07699,-0.00884875,2.03261,-0.00255663,1.10191,-0.00839263,2.04181
3.884,-0.00244706,1.07699,-0.00884875,2.03252,-0.00255663,1.10189,-0.00843824,2.04173
3.886,-0.00244706,1.07702,-0.00889436,2.03252,-0.00252011,1.10189,-0.00843824,2.04181
3.888,-0.00244706,1.07699,-0.00884875,2.03261,-0.00255663,1.10189,-0.00843824,2.04181
3.89,-0.00241054,1.07699,-0.00893997,2.03261,-0.00259316,1.10186,-0.00848385,2.04181
3.892,-0.00241054,1.07696,-0.00889436,2.03261,-0.00255663,1.10189,-0.00843824,2.04173
3.894,-0.00241054,1.07696,-0.00889436,2.03261,-0.00252011,1.10189,-0.00843824,2.04181
3.896,-0.00241054,1.07699,-0.00884875,2.03261,-0.00252011,1.10189,-0.00843824,2.04173
3.898,-0.00241054,1.07696,-0.00889436,2.03261,-0.00248359,1.10189,-0.00843824,2.04181
3.9,-0.00244706,1.07699,-0.00893997,2.03261,-0.00252011,1.10189,-0.00843824,2.04173
3.902,-0.00244706,1.07696,-0.00889436,2.03252,-0.00255663,1.10186,-0.00848385,2.04181
3.904,-0.00241054,1.07699,-0.00893997,2.03261,-0.00252011,1.10189,-0.00843824,2.04181
3.906,-0.00244706,1.07699,-0.00884875,2.03252,-0.00252011,1.10189,-0.00843824,2.04181
3.908,-0.00241054,1.07699,-0.00884875,2.03261,-0.00252011,1.10189,-0.00843824,2.04181
3.91,-0.00241054,1.07699,-0.00884875,2.03261,-0.00255663,1.10191,-0.00848385,2.04181
3.912,-0.00244706,1.07702,-0.00889436,2.03261,-0.00255663,1.10186,-0.00848385,2.04173
3.914,-0.00244706,1.07699,-0.00884875,2.03261,-0.00255663,1.10189,-0.00843824,2.04173
3.916,-0.00244706,1.07696,-0.00889436,2.03261,-0.00252011,1.10191,-0.00839263,2.04173
3.918,-0.00241054,1.07699,-0.00884875,2.03261,-0.00252011,1.10189,-0.00843824,2.04173
3.92,-0.00241054,1.07699,-0.00884875,2.03261,-0.00252011,1.10189,-0.00843824,2.04173
3.922,-0.00244706,1.07696,-0.00889436,2.03261,-0.00255663,1.10189,-0.00843824,2.04173
3.924,-0.00244706,1.07699,-0.00884875,2.03261,-0.00259316,1.10189,-0.00843824,2.04181
3.926,-0.00244706,1.07699,-0.00884875,2.03261,-0.00255663,1.10189,-0.00843824,2.04173
3.928,-0.00241054,1.07699,-0.00884875,2.03261,-0.00255663,1.10189,-0.00843824,2.04181
3.93,-0.00244706,1.07699,-0.00884875,2.03261,-0.00255663,1.10191,-0.00848385,2.04181
3.932,-0.00244706,1.07699,-0.00884875,2.03252,-0.00252011,1.10189,-0.00843824,2.04181
3.934,-0.00244706,1.07696,-0.00889436,2.03252,-0.00252011,1.10186,-0.00848385,2.04181
3.936,-0.00244706,1.07696,-0.00889436,2.03252,-0.00255663,1.10191,-0.00848385,2.04181
3.938,-0.00241054,1.07696,-0.00889436,2.03261,-0.00252011,1.10189,-0.00843824,2.04181
3.94,-0.00241054,1.07699,-0.00893997,2.03261,-0.00252011,1.10191,-0.00839263,2.04181
3.942,-0.00241054,1.07699,-0.00884875,2.03261,-0.00255663,1.10189,-0.00843824,2.04181
3.944,-0.00241054,1.07699,-0.00884875,2.03261,-0.00255663,1.10189,-0.00843824,2.04173
3.946,-0.00244706,1.07699,-0.00884875,2.03261,-0.00255663,1.10189,-0.00843824,2.04173
3.948,-0.00241054,1.07699,-0.00884875,2.03261,-0.00255663,1.10186,-0.00848385,2.0419
3.95,-0.00244706,1.07699,-0.00884875,2.03252,-0.00252011,1.10189,-0.00843824,2.04181
3.952,-0.00244706,1.07699,-0.00884875,2.03261,-0.00252011,1.10189,-0.00843824,2.04173
3.954,-0.00244706,1.07699,-0.00884875,2.03261,-0.00255663,1.10189,-0.00843824,2.04181
3.956,-0.00241054,1.07702,-0.00889436,2.03261,-0.00255663,1.10189,-0.00843824,2.04173
3.958,-0.00241054,1.07696,-0.00889436,2.03261,-0.00255663,1.10189,-0.00843824,2.04173
3.96,-0.00241054,1.07702,-0.00889436,2.03261,-0.00255663,1.10191,-0.00848385,2.04181
3.962,-0.00241054,1.07699,-0.00884875,2.03261,-0.00252011,1.10186,-0.00848385,2.04173
3.964,-0.00241054,1.07696,-0.00889436,2.03252,-0.00255663,1.10189,-0.00843824,2.04181
3.966,-0.00241054,1.07699,-0.00884875,2.03261,-0.00248359,1.10189,-0.00843824,2.04181
3.968,-0.00244706,1.07699,-0.00884875,2.03261,-0.00255663,1.10189,-0.00843824,2.04181
3.97,-0.00244706,1.07699,-0.00884875,2.03261,-0.00255663,1.10189,-0.00843824,2.04173
3.972,-0.00244706,1.07699,-0.00884875,2.03261,-0.00252011,1.10189,-0.00843824,2.04173
3.974,-0.00241054,1.07699,-0.00884875,2.03261,-0.00255663,1.10189,-0.00843824,2.04181
3.976,-0.00241054,1.07699,-0.00884875,2.03252,-0.00252011,1.10189,-0.00843824,2.04181
3.978,-0.00241054,1.07699,-0.00884875,2.03252,-0.00252011,1.10189,-0.00843824,2.04173
3.98,-0.00244706,1.07699,-0.00884875,2.03261,-0.00255663,1.10189,-0.00843824,2.04181
3.982,-0.00244706,1.07702,-0.00889436,2.03252,-0.00252011,1.10186,-0.00848385,2.04181
3.984,-0.00244706,1.07702,-0.00889436,2.03261,-0.00255663,1.10189,-0.00843824,2.04173
3.986,-0.00244706,1.07702,-0.00889436,2.03261,-0.00255663,1.10189,-0.00843824,2.04173
3.988,-0.00244706,1.07699,-0.00884875,2.03261,-0.00252011,1.10186,-0.00848385,2.04181
3.99,-0.00244706,1.07696,-0.00889436,2.03261,-0.00252011,1.10191,-0.00848385,2.04181
3.992,-0.00241054,1.07699,-0.00884875,2.03261,-0.00255663,1.10186,-0.00839263,2.04181
3.994,-0.00244706,1.07702,-0.00889436,2.03261,-0.00248359,1.10189,-0.00843824,2.04181
3.996,-0.00241054,1.07702,-0.00889436,2.03261,-0.00252011,1.10189,-0.00843824,2.04173
3.998,-0.00241054,1.07699,-0.00884875,2.03261,-0.00252011,1.10189,-0.00843824,2.04181
4,-0.00244706,1.07699,-0.00884875,2.03261,-0.00255663,1.10189,-0.00852946,2.04181
4.002,-0.00244706,1.07699,-0.00884875,2.03261,-0.00252011,1.10189,-0.00843824,2.04181
4.004,-0.00244706,1.07699,-0.00884875,2.03261,-0.00252011,1.10186,-0.00848385,2.04173
4.006,-0.00241054,1.07699,-0.00884875,2.03261,-0.00255663,1.10189,-0.00843824,2.04181
4.008,-0.00244706,1.07702,-0.00889436,2.03261,-0.00252011,1.10189,-0.00843824,2.04173
4.01,-0.00241054,1.07702,-0.00889436,2.03252,-0.00255663,1.10191,-0.00839263,2.04173
4.012,-0.00244706,1.07702,-0.00889436,2.03252,-0.00252011,1.10189,-0.00843824,2.04181
4.014,-0.00244706,1.07699,-0.00884875,2.03261,-0.00259316,1.10189,-0.00843824,2.04173
4.016,-0.00244706,1.07699,-0.00884875,2.03252,-0.00252011,1.10189,-0.00843824,2.04181
4.018,-0.00244706,1.07699,-0.00884875,2.03261,-0.00255663,1.10189,-0.00843824,2.04181
4.02,-0.00244706,1.07699,-0.00884875,2.03252,-0.00252011,1.10186,-0.00848385,2.04181
4.022,-0.00244706,1.07702,-0.00889436,2.03261,-0.00255663,1.10189,-0.00843824,2.04173
4.024,-0.00244706,1.07699,-0.00884875,2.03252,-0.00255663,1.10189,-0.00843824,2.04173
4.026,-0.00244706,1.07699,-0.00884875,2.03252,-0.00252011,1.10191,-0.00839263,2.04173
4.028,-0.00241054,1.07702,-0.00889436,2.03252,-0.00255663,1.10189,-0.00843824,2.04181
4.03,-0.00244706,1.07699,-0.00884875,2.03252,-0.00244706,1.10189,-0.00843824,2.04173
4.032,-0.00241054,1.07699,-0.00884875,2.03261,-0.00255663,1.10189,-0.00843824,2.04173
4.034,-0.00244706,1.07699,-0.00884875,2.03261,-0.00255663,1.10189,-0.00843824,2.04181
4.036,-0.00241054,1.07699,-0.00884875,2.03252,-0.00252011,1.10189,-0.00843824,2.04181
4.038,-0.00244706,1.07699,-0.00884875,2.03261,-0.00252011,1.10189,-0.00843824,2.04181
4.04,-0.00244706,1.07702,-0.00889436,2.03261,-0.00255663,1.10189,-0.00843824,2.04181
4.042,-0.00241054,1.07696,-0.00889436,2.03261,-0.00255663,1.10189,-0.00843824,2.04181
4.044,-0.00244706,1.07699,-0.00884875,2.03261,-0.00252011,1.10189,-0.00843824,2.04181
4.046,-0.00244706,1.07699,-0.00884875,2.03252,-0.00255663,1.10189,-0.00843824,2.04181
4.048,-0.00241054,1.07696,-0.00889436,2.03261,-0.00255663,1.10189,-0.00843824,2.04173
4.05,-0.00244706,1.07699,-0.00884875,2.03261,-0.00255663,1.10191,-0.00839263,2.04173
4.052,-0.00241054,1.07702,-0.00889436,2.03261,-0.00255663,1.10189,-0.00843824,2.04181
4.054,-0.00244706,1.07699,-0.00884875,2.03261,-0.00259316,1.10189,-0.00843824,2.04173
4.056,-0.00244706,1.07699,-0.00884875,2.03252,-0.00255663,1.10189,-0.00843824,2.04173
4.058,-0.00244706,1.07699,-0.00884875,2.03252,-0.00259316,1.10191,-0.00839263,2.04173
4.06,-0.00241054,1.07696,-0.00889436,2.03261,-0.00252011,1.10189,-0.00843824,2.04173
4.062,-0.00244706,1.07699,-0.00884875,2.03261,-0.00255663,1.10189,-0.00843824,2.04181
4.064,-0.00244706,1.07696,-0.00889436,2.03261,-0.00255663,1.10189,-0.00843824,2.04181
4.066,-0.00244706,1.07699,-0.00884875,2.03252,-0.00248359,1.10189,-0.00843824,2.04181
4.068,-0.00244706,1.07702,-0.00889436,2.03261,-0.00255663,1.10189,-0.00843824,2.04181
4.07,-0.00244706,1.07699,-0.00884875,2.03252,-0.00255663,1.10189,-0.00843824,2.04181
4.072,-0.00244706,1.07699,-0.00884875,2.03252,-0.00252011,1.10189,-0.00843824,2.04181
4.074,-0.00244706,1.07699,-0.00884875,2.03252,-0.00255663,1.10189,-0.00843824,2.04181
4.076,-0.00241054,1.07699,-0.00884875,2.03261,-0.00255663,1.10189,-0.00843824,2.04173
4.078,-0.00241054,1.07699,-0.00884875,2.03252,-0.00255663,1.10189,-0.00843824,2.04173
4.08,-0.00244706,1.07702,-0.00889436,2.03261,-0.00255663,1.10186,-0.00848385,2.04181
4.082,-0.00244706,1.07699,-0.00884875,2.03252,-0.00259316,1.10189,-0.00843824,2.04181
4.084,-0.00244706,1.07699,-0.00884875,2.03252,-0.00255663,1.10189,-0.00843824,2.04173
4.086,-0.00244706,1.07699,-0.00884875,2.03261,-0.00252011,1.10189,-0.00843824,2.04181
4.088,-0.00244706,1.07699,-0.00884875,2.03261,-0.00248359,1.10189,-0.00843824,2.04173
4.09,-0.00241054,1.07702,-0.00889436,2.03252,-0.00255663,1.10189,-0.00843824,2.04173
4.092,-0.00244706,1.07702,-0.00889436,2.03252,-0.00255663,1.10189,-0.00843824,2.04181
4.094,-0.00241054,1.07699,-0.00884875,2.03261,-0.00252011,1.10189,-0.00843824,2.04181
4.096,-0.00241054,1.07699,-0.00884875,2.03252,-0.00259316,1.10191,-0.00839263,2.04181
4.098,-0.00241054,1.07699,-0.00884875,2.03261,-0.00252011,1.10191,-0.00848385,2.04181
4.1,-0.00241054,1.07699,-0.00884875,2.03261,-0.00252011,1.10189,-0.00843824,2.04173
4.102,-0.00244706,1.07699,-0.00884875,2.03252,-0.00252011,1.10189,-0.00843824,2.04173
4.104,-0.00244706,1.07699,-0.00884875,2.03252,-0.00252011,1.10189,-0.00843824,2.04173
4.106,-0.00248359,1.07699,-0.00884875,2.03261,-0.00252011,1.10191,-0.00839263,2.04181
4.108,-0.00244706,1.07699,-0.00884875,2.03261,-0.00255663,1.10189,-0.00843824,2.04181
4.11,-0.00241054,1.07699,-0.00884875,2.03261,-0.00252011,1.10189,-0.00843824,2.04173
4.112,-0.00241054,1.07696,-0.00889436,2.03261,-0.00259316,1.10189,-0.00843824,2.04173
4.114,-0.00241054,1.07699,-0.00884875,2.03252,-0.00252011,1.10189,-0.00843824,2.04181
4.116,-0.00241054,1.07702,-0.00889436,2.03261,-0.00252011,1.10186,-0.00848385,2.04173
4.118,-0.00244706,1.07699,-0.00884875,2.03252,-0.00252011,1.10189,-0.00843824,2.04181
4.12,-0.00244706,1.07696,-0.00889436,2.03261,-0.00252011,1.10186,-0.00848385,2.04181
4.122,-0.00244706,1.07699,-0.00893997,2.03261,-0.00252011,1.10189,-0.00843824,2.04181
4.124,-0.00244706,1.07699,-0.00884875,2.03261,-0.00252011,1.10191,-0.00848385,2.04173
4.126,-0.00244706,1.07699,-0.00884875,2.03261,-0.00259316,1.10189,-0.00843824,2.04173
4.128,-0.00244706,1.07699,-0.00884875,2.03261,-0.00259316,1.10189,-0.00843824,2.04181
4.13,-0.00241054,1.07702,-0.00889436,2.03261,-0.00255663,1.10189,-0.00843824,2.04181
4.132,-0.00241054,1.07702,-0.00889436,2.03261,-0.00252011,1.10189,-0.00843824,2.04181
4.134,-0.00241054,1.07702,-0.00889436,2.03261,-0.00255663,1.10189,-0.00843824,2.04181
4.136,-0.00244706,1.07699,-0.00884875,2.03261,-0.00252011,1.10189,-0.00843824,2.04173
4.138,-0.00244706,1.07699,-0.00884875,2.03261,-0.00252011,1.10189,-0.00843824,2.04173
4.14,-0.00244706,1.07699,-0.00884875,2.03261,-0.00255663,1.10191,-0.00839263,2.04181
4.142,-0.00244706,1.07696,-0.00889436,2.03261,-0.00252011,1.10189,-0.00843824,2.04181
4.144,-0.00241054,1.07699,-0.00884875,2.03252,-0.00255663,1.10189,-0.00843824,2.04181
4.146,-0.00241054,1.07702,-0.00889436,2.03252,-0.00255663,1.10189,-0.00843824,2.04173
4.148,-0.00241054,1.07699,-0.00884875,2.03261,-0.00252011,1.10189,-0.00843824,2.04173
4.15,-0.00241054,1.07699,-0.00884875,2.03252,-0.00255663,1.10189,-0.00843824,2.04173
4.152,-0.00244706,1.07699,-0.00884875,2.03261,-0.00255663,1.10186,-0.00848385,2.04173
4.154,-0.00244706,1.07699,-0.00884875,2.03261,-0.00252011,1.10191,-0.00848385,2.04173
4.156,-0.00244706,1.07702,-0.00889436,2.03261,-0.00252011,1.10189,-0.00843824,2.04173
4.158,-0.00244706,1.07699,-0.00884875,2.03261,-0.00255663,1.10186,-0.00848385,2.04181
4.16,-0.00244706,1.07699,-0.00884875,2.03261,-0.00255663,1.10191,-0.00839263,2.04173
4.162,-0.00244706,1.07696,-0.00889436,2.03261,-0.00255663,1.10189,-0.00843824,2.04181
4.164,-0.00241054,1.07699,-0.00884875,2.03261,-0.00259316,1.10189,-0.00843824,2.04181
4.166,-0.00241054,1.07702,-0.00889436,2.03261,-0.00255663,1.10191,-0.00839263,2.04181
4.168,-0.00241054,1.07699,-0.00884875,2.03261,-0.00252011,1.10189,-0.00843824,2.04181
4.17,-0.00244706,1.07702,-0.00889436,2.03261,-0.00252011,1.10189,-0.00843824,2.04181
4.172,-0.00244706,1.07699,-0.00884875,2.03261,-0.00255663,1.10186,-0.00839263,2.04173
4.174,-0.00244706,1.07702,-0.00889436,2.03261,-0.00252011,1.10189,-0.00843824,2.04181
4.176,-0.00244706,1.07699,-0.00884875,2.03261,-0.00255663,1.10189,-0.00843824,2.04173
4.178,-0.00241054,1.07702,-0.00889436,2.03261,-0.00252011,1.10189,-0.00843824,2.04173
4.18,-0.00241054,1.07699,-0.00884875,2.03261,-0.00248359,1.10186,-0.00848385,2.04181
4.182,-0.00241054,1.07699,-0.00884875,2.03252,-0.00255663,1.10189,-0.00843824,2.04173
4.184,-0.00244706,1.07699,-0.00884875,2.03252,-0.00255663,1.10191,-0.00839263,2.04181
4.186,-0.00241054,1.07699,-0.00884875,2.03252,-0.00255663,1.10189,-0.00843824,2.04173
4.188,-0.00241054,1.07699,-0.00893997,2.03252,-0.00248359,1.10194,-0.00843824,2.04173
4.19,-0.00241054,1.07699,-0.00884875,2.03261,-0.00252011,1.10189,-0.00843824,2.04173
4.192,-0.00244706,1.07699,-0.00884875,2.03261,-0.00252011,1.10189,-0.00843824,2.04173
4.194,-0.00244706,1.07699,-0.00884875,2.03252,-0.00255663,1.10191,-0.00839263,2.04181
4.196,-0.00244706,1.07702,-0.00889436,2.03252,-0.00255663,1.10191,-0.00848385,2.04173
4.198,-0.00241054,1.07699,-0.00884875,2.03261,-0.00255663,1.10189,-0.00843824,2.04173
4.2,-0.00241054,1.07699,-0.00884875,2.03261,-0.00252011,1.10189,-0.00843824,2.04181
4.202,-0.00244706,1.07699,-0.00884875,2.03252,-0.00252011,1.10186,-0.00848385,2.04181
4.204,-0.00244706,1.07702,-0.00889436,2.03252,-0.00252011,1.10191,-0.00839263,2.04181
4.206,-0.00244706,1.07702,-0.00889436,2.03252,-0.00255663,1.10191,-0.00839263,2.04181
4.208,-0.00244706,1.07699,-0.00884875,2.03261,-0.00252011,1.10189,-0.00843824,2.04181
4.21,-0.00244706,1.07699,-0.00884875,2.03261,-0.00255663,1.10189,-0.00843824,2.04181
4.212,-0.00244706,1.07699,-0.00884875,2.03261,-0.00255663,1.10186,-0.00848385,2.04181
4.214,-0.00241054,1.07702,-0.00889436,2.03261,-0.00252011,1.10189,-0.00843824,2.04173
4.216,-0.00244706,1.07702,-0.00889436,2.03261,-0.00255663,1.10189,-0.00843824,2.04181
4.218,-0.00244706,1.07699,-0.00884875,2.03252,-0.00255663,1.10189,-0.00843824,2.04173
4.22,-0.00244706,1.07696,-0.00889436,2.03252,-0.00252011,1.10189,-0.00843824,2.04173
4.222,-0.00244706,1.07696,-0.00889436,2.03252,-0.00255663,1.10191,-0.00839263,2.04181
4.224,-0.00244706,1.07702,-0.00889436,2.03261,-0.00252011,1.10189,-0.00843824,2.04173
4.226,-0.00241054,1.07699,-0.00884875,2.03261,-0.00252011,1.10186,-0.00848385,2.04181
4.228,-0.00244706,1.07699,-0.00884875,2.03261,-0.00252011,1.10189,-0.00843824,2.04181
4.23,-0.00244706,1.07699,-0.00884875,2.03261,-0.00252011,1.10189,-0.00843824,2.04181
4.232,-0.00244706,1.07702,-0.00889436,2.03261,-0.00252011,1.10186,-0.00848385,2.04181
4.234,-0.00241054,1.07696,-0.00889436,2.03261,-0.00252011,1.10189,-0.00843824,2.04173
4.236,-0.00244706,1.07702,-0.00889436,2.03261,-0.00255663,1.10189,-0.00843824,2.04173
4.238,-0.00241054,1.07696,-0.00889436,2.03261,-0.00252011,1.10189,-0.00843824,2.04173
4.24,-0.00241054,1.07699,-0.00884875,2.03261,-0.00255663,1.10191,-0.00839263,2.04181
4.242,-0.00241054,1.07696,-0.00889436,2.03261,-0.00252011,1.10189,-0.00843824,2.04181
4.244,-0.00244706,1.07702,-0.00889436,2.03261,-0.00252011,1.10189,-0.00843824,2.04181
4.246,-0.00241054,1.07702,-0.00889436,2.03261,-0.00252011,1.10189,-0.00843824,2.04173
4.248,-0.00241054,1.07699,-0.00884875,2.03261,-0.00252011,1.10189,-0.00843824,2.04181
4.25,-0.00244706,1.07699,-0.00884875,2.03261,-0.00255663,1.10191,-0.00848385,2.04173
4.252,-0.00244706,1.07699,-0.00884875,2.03261,-0.00252011,1.10186,-0.00848385,2.04181
4.254,-0.00244706,1.07696,-0.00889436,2.03252,-0.00252011,1.10189,-0.00843824,2.04173
4.256,-0.00241054,1.07696,-0.00889436,2.03252,-0.00252011,1.10189,-0.00843824,2.04181
4.258,-0.00244706,1.07699,-0.00893997,2.03252,-0.00255663,1.10189,-0.00843824,2.04173
4.26,-0.00244706,1.07699,-0.00893997,2.03261,-0.00255663,1.10189,-0.00843824,2.04181
4.262,-0.00244706,1.07699,-0.00884875,2.03261,-0.00255663,1.10189,-0.00843824,2.04173
4.264,-0.00244706,1.07699,-0.00884875,2.03261,-0.00252011,1.10189,-0.00843824,2.04181
4.266,-0.00244706,1.07702,-0.00889436,2.03252,-0.00252011,1.10189,-0.00843824,2.04173
4.268,-0.00244706,1.07699,-0.00893997,2.03261,-0.00255663,1.10189,-0.00843824,2.04181
4.27,-0.00244706,1.07699,-0.00884875,2.03261,-0.00252011,1.10189,-0.00843824,2.04173
4.272,-0.00244706,1.07699,-0.00884875,2.03261,-0.00255663,1.10186,-0.00848385,2.04181
4.274,-0.00241054,1.07699,-0.00893997,2.03261,-0.00252011,1.10191,-0.00839263,2.04173
4.276,-0.00241054,1.07696,-0.00889436,2.03261,-0.00255663,1.10189,-0.00843824,2.04173
4.278,-0.00241054,1.07699,-0.00884875,2.03261,-0.00259316,1.10189,-0.00843824,2.04173
4.28,-0.00241054,1.07696,-0.00889436,2.03261,-0.00259316,1.10189,-0.00843824,2.04181
4.282,-0.00244706,1.07699,-0.00884875,2.03261,-0.00255663,1.10191,-0.00848385,2.04181
4.284,-0.00244706,1.07699,-0.00884875,2.03261,-0.00252011,1.10186,-0.00848385,2.04173
4.286,-0.00244706,1.07699,-0.00884875,2.03252,-0.00252011,1.10189,-0.00843824,2.04173
4.288,-0.00244706,1.07699,-0.00884875,2.03261,-0.00255663,1.10189,-0.00843824,2.04173
4.29,-0.00241054,1.07699,-0.00884875,2.03252,-0.00252011,1.10189,-0.00843824,2.04181
4.292,-0.00241054,1.07696,-0.00889436,2.03252,-0.00255663,1.10189,-0.00843824,2.04173
4.294,-0.00241054,1.07696,-0.00889436,2.03252,-0.00255663,1.10189,-0.00843824,2.04181
4.296,-0.00241054,1.07699,-0.00884875,2.03261,-0.00252011,1.10189,-0.00843824,2.04173
4.298,-0.00244706,1.07699,-0.00893997,2.03261,-0.00252011,1.10191,-0.00848385,2.04173
4.3,-0.00244706,1.07702,-0.00889436,2.03261,-0.00252011,1.10189,-0.00843824,2.04173
4.302,-0.00244706,1.07699,-0.00884875,2.03252,-0.00252011,1.10189,-0.00843824,2.04181
4.304,-0.00244706,1.07699,-0.00884875,2.03252,-0.00255663,1.10189,-0.00843824,2.04181
4.306,-0.00241054,1.07699,-0.00884875,2.03252,-0.00255663,1.10189,-0.00843824,2.04173
4.308,-0.00241054,1.07699,-0.00884875,2.03252,-0.00252011,1.10189,-0.00843824,2.04173
4.31,-0.00241054,1.07699,-0.00884875,2.03261,-0.00255663,1.10189,-0.00843824,2.04181
4.312,-0.00241054,1.07699,-0.00884875,2.03261,-0.00252011,1.10186,-0.00848385,2.04173
4.314,-0.00241054,1.07699,-0.00884875,2.03261,-0.00252011,1.10191,-0.00848385,2.04181
4.316,-0.00244706,1.07699,-0.00884875,2.03261,-0.00255663,1.10191,-0.00839263,2.04173
4.318,-0.00244706,1.07699,-0.00884875,2.03261,-0.00255663,1.10189,-0.00843824,2.04181
4.32,-0.00241054,1.07699,-0.00884875,2.03261,-0.00255663,1.10186,-0.00848385,2.04173
4.322,-0.00241054,1.07696,-0.00889436,2.03261,-0.00255663,1.10191,-0.00848385,2.04181
4.324,-0.00241054,1.07699,-0.00884875,2.03261,-0.00252011,1.10186,-0.00848385,2.04173
4.326,-0.00241054,1.07702,-0.00889436,2.03261,-0.00252011,1.10186,-0.00848385,2.04181
4.328,-0.00241054,1.07702,-0.00889436,2.03261,-0.00255663,1.10189,-0.00843824,2.04173
4.33,-0.00241054,1.07699,-0.00884875,2.03261,-0.00252011,1.10189,-0.00843824,2.04181
4.332,-0.00241054,1.07696,-0.00889436,2.03252,-0.00259316,1.10191,-0.00839263,2.04173
4.334,-0.00244706,1.07699,-0.00884875,2.03252,-0.00252011,1.10191,-0.00848385,2.04181
4.336,-0.00244706,1.07699,-0.00893997,2.03261,-0.00255663,1.10189,-0.00843824,2.04181
4.338,-0.00244706,1.07699,-0.00884875,2.03261,-0.00248359,1.10189,-0.00843824,2.04181
4.34,-0.00241054,1.07699,-0.00884875,2.03252,-0.00252011,1.10189,-0.00843824,2.04173
4.342,-0.00241054,1.07699,-0.00884875,2.03261,-0.00255663,1.10191,-0.00848385,2.04173
4.344,-0.00241054,1.07699,-0.00884875,2.03261,-0.00252011,1.10186,-0.00848385,2.04181
4.346,-0.00241054,1.07702,-0.00889436,2.03261,-0.00259316,1.10189,-0.00843824,2.04181
4.348,-0.00244706,1.07699,-0.00884875,2.03261,-0.00252011,1.10189,-0.00843824,2.04181
4.35,-0.00244706,1.07699,-0.00884875,2.03261,-0.00255663,1.10191,-0.00839263,2.04181
4.352,-0.00244706,1.07699,-0.00884875,2.03261,-0.00255663,1.10186,-0.00848385,2.04181
4.354,-0.00244706,1.07699,-0.00884875,2.03252,-0.00252011,1.10189,-0.00843824,2.04173
4.356,-0.00244706,1.07696,-0.00889436,2.03261,-0.00255663,1.10189,-0.00843824,2.04181
4.358,-0.00244706,1.07699,-0.00884875,2.03261,-0.00252011,1.10191,-0.00839263,2.04181
4.36,-0.00244706,1.07699,-0.00884875,2.03261,-0.00255663,1.10189,-0.00843824,2.04181
4.362,-0.00241054,1.07699,-0.00884875,2.03261,-0.00255663,1.10189,-0.00843824,2.04181
4.364,-0.00244706,1.07699,-0.00884875,2.03261,-0.00252011,1.10191,-0.00848385,2.04181
4.366,-0.00244706,1.07702,-0.00889436,2.03252,-0.00255663,1.10189,-0.00843824,2.04181
4.368,-0.00244706,1.07702,-0.00889436,2.03252,-0.00248359,1.10189,-0.00843824,2.04181
4.37,-0.00244706,1.07699,-0.00884875,2.03252,-0.00255663,1.10189,-0.00843824,2.04173
4.372,-0.00241054,1.07699,-0.00884875,2.03252,-0.00252011,1.10189,-0.00843824,2.04173
4.374,-0.00244706,1.07699,-0.00884875,2.03261,-0.00255663,1.10186,-0.00848385,2.04181
4.376,-0.00241054,1.07699,-0.00884875,2.03261,-0.00252011,1.10189,-0.00843824,2.04173
4.378,-0.00244706,1.07699,-0.00884875,2.03261,-0.00255663,1.10191,-0.00839263,2.04181
4.38,-0.00244706,1.07699,-0.00884875,2.03261,-0.00252011,1.10189,-0.00843824,2.04181
4.382,-0.00244706,1.07702,-0.00889436,2.03261,-0.00252011,1.10189,-0.00843824,2.04173
4.384,-0.00241054,1.07696,-0.00889436,2.03261,-0.00252011,1.10186,-0.00848385,2.04173
4.386,-0.00241054,1.07699,-0.00884875,2.03252,-0.00252011,1.10189,-0.00843824,2.04173
4.388,-0.00241054,1.07699,-0.00884875,2.03261,-0.00248359,1.10189,-0.00843824,2.04173
4.39,-0.00241054,1.07699,-0.00884875,2.03261,-0.00252011,1.10189,-0.00843824,2.04181
4.392,-0.00244706,1.07699,-0.00884875,2.03261,-0.00248359,1.10189,-0.00843824,2.04181
4.394,-0.00244706,1.07699,-0.00884875,2.03261,-0.00252011,1.10194,-0.00843824,2.04173
4.396,-0.00241054,1.07699,-0.00884875,2.03261,-0.00255663,1.10189,-0.00843824,2.04173
4.398,-0.00241054,1.07699,-0.00884875,2.03261,-0.00252011,1.10191,-0.00848385,2.04173
4.4,-0.00244706,1.07699,-0.00884875,2.03261,-0.00255663,1.10191,-0.00848385,2.04173
4.402,-0.00244706,1.07699,-0.00884875,2.03261,-0.00255663,1.10189,-0.00843824,2.04173
4.404,-0.00244706,1.07699,-0.00884875,2.03261,-0.00252011,1.10189,-0.00843824,2.04173
4.406,-0.00241054,1.07702,-0.00889436,2.03252,-0.00255663,1.10189,-0.00843824,2.04181
4.408,-0.00244706,1.07699,-0.00884875,2.03252,-0.00255663,1.10189,-0.00843824,2.04181
4.41,-0.00241054,1.07702,-0.00889436,2.03261,-0.00255663,1.10186,-0.00848385,2.04181
4.412,-0.00244706,1.07699,-0.00884875,2.03261,-0.00255663,1.10189,-0.00843824,2.04173
4.414,-0.00241054,1.07699,-0.00884875,2.03252,-0.00252011,1.10189,-0.00843824,2.04173
4.416,-0.00244706,1.07699,-0.00884875,2.03252,-0.00255663,1.10189,-0.00843824,2.04181
4.418,-0.00241054,1.07702,-0.00889436,2.03252,-0.00255663,1.10191,-0.00839263,2.04173
4.42,-0.00244706,1.07699,-0.00884875,2.03252,-0.00252011,1.10189,-0.00843824,2.04173
4.422,-0.00244706,1.07696,-0.00889436,2.03261,-0.00252011,1.10189,-0.00843824,2.04173
4.424,-0.00241054,1.07699,-0.00884875,2.03261,-0.00252011,1.10189,-0.00843824,2.04181
4.426,-0.00241054,1.07699,-0.00884875,2.03261,-0.00252011,1.10189,-0.00843824,2.04173
4.428,-0.00244706,1.07699,-0.00884875,2.03261,-0.00255663,1.10186,-0.00848385,2.04181
4.43,-0.00244706,1.07699,-0.00884875,2.03261,-0.00255663,1.10189,-0.00843824,2.04173
4.432,-0.00244706,1.07699,-0.00893997,2.03252,-0.00252011,1.10189,-0.00843824,2.04181
4.434,-0.00244706,1.07699,-0.00884875,2.03261,-0.00255663,1.10189,-0.00843824,2.04181
4.436,-0.00241054,1.07702,-0.00889436,2.03261,-0.00255663,1.10191,-0.00839263,2.04181
4.438,-0.00244706,1.07702,-0.00889436,2.03261,-0.00255663,1.10189,-0.00843824,2.04173
4.44,-0.00244706,1.07699,-0.00884875,2.03252,-0.00252011,1.10189,-0.00843824,2.04173
4.442,-0.00241054,1.07699,-0.00884875,2.03252,-0.00248359,1.10186,-0.00848385,2.04181
4.444,-0.00244706,1.07699,-0.00884875,2.03252,-0.00255663,1.10189,-0.00852946,2.04181
4.446,-0.00244706,1.07699,-0.00884875,2.03252,-0.00252011,1.10189,-0.00843824,2.04181
4.448,-0.00244706,1.07699,-0.00884875,2.03252,-0.00255663,1.10186,-0.00848385,2.04181
4.45,-0.00241054,1.07699,-0.00884875,2.03252,-0.00252011,1.10191,-0.00839263,2.04173
4.452,-0.00241054,1.07699,-0.00884875,2.03261,-0.00252011,1.10191,-0.00839263,2.04173
4.454,-0.00244706,1.07699,-0.00884875,2.03261,-0.00252011,1.10189,-0.00843824,2.04173
4.456,-0.00241054,1.07699,-0.00884875,2.03252,-0.00252011,1.10189,-0.00843824,2.04181
4.458,-0.00244706,1.07699,-0.00884875,2.03252,-0.00255663,1.10189,-0.00843824,2.04181
4.46,-0.00244706,1.07699,-0.00884875,2.03252,-0.00252011,1.10189,-0.00843824,2.04181
4.462,-0.00244706,1.07699,-0.00884875,2.03252,-0.00252011,1.10189,-0.00843824,2.04173
4.464,-0.00241054,1.07699,-0.00884875,2.03261,-0.00252011,1.10189,-0.00843824,2.04181
4.466,-0.00241054,1.07702,-0.00889436,2.03261,-0.00252011,1.10186,-0.00848385,2.04173
4.468,-0.00244706,1.07699,-0.00884875,2.03261,-0.00255663,1.10191,-0.00839263,2.04173
4.47,-0.00244706,1.07699,-0.00884875,2.03261,-0.00252011,1.10189,-0.00843824,2.04181
4.472,-0.00241054,1.07699,-0.00884875,2.03261,-0.00255663,1.10189,-0.00843824,2.04181
4.474,-0.00241054,1.07699,-0.00884875,2.03261,-0.00252011,1.10191,-0.00848385,2.04181
4.476,-0.00241054,1.07699,-0.00884875,2.03252,-0.00255663,1.10189,-0.00843824,2.04173
4.478,-0.00244706,1.07699,-0.00884875,2.03261,-0.00255663,1.10189,-0.00843824,2.04181
4.48,-0.00244706,1.07699,-0.00884875,2.03261,-0.00252011,1.10189,-0.00843824,2.04173
4.482,-0.00244706,1.07696,-0.00889436,2.03261,-0.00255663,1.10189,-0.00843824,2.04181
4.484,-0.00244706,1.07702,-0.00889436,2.03252,-0.00255663,1.10189,-0.00843824,2.04181
4.486,-0.00244706,1.07702,-0.00889436,2.03261,-0.00255663,1.10189,-0.00843824,2.04181
4.488,-0.00244706,1.07699,-0.00884875,2.03261,-0.00255663,1.10189,-0.00843824,2.04181
4.49,-0.00244706,1.07696,-0.00889436,2.03252,-0.00252011,1.10189,-0.00843824,2.04173
4.492,-0.00244706,1.07699,-0.00884875,2.03252,-0.00252011,1.10189,-0.00843824,2.04181
4.494,-0.00244706,1.07699,-0.00884875,2.03252,-0.00255663,1.10189,-0.00843824,2.04173
4.496,-0.00241054,1.07702,-0.00889436,2.03252,-0.00252011,1.10191,-0.00839263,2.04181
4.498,-0.00244706,1.07702,-0.00889436,2.03252,-0.00259316,1.10189,-0.00843824,2.04173
4.5,-0.00241054,1.07699,-0.00884875,2.03261,-0.00252011,1.10189,-0.00843824,2.04181
4.502,-0.00244706,1.07699,-0.00884875,2.03252,-0.00255663,1.10189,-0.00843824,2.04173
4.504,-0.00244706,1.07702,-0.00889436,2.03252,-0.00252011,1.10189,-0.00843824,2.04173
4.506,-0.00244706,1.07699,-0.00884875,2.03252,-0.00255663,1.10189,-0.00843824,2.04173
4.508,-0.00241054,1.07702,-0.00889436,2.03252,-0.00255663,1.10189,-0.00843824,2.04173
4.51,-0.00244706,1.07702,-0.00889436,2.03252,-0.00255663,1.10189,-0.00843824,2.04173
4.512,-0.00244706,1.07702,-0.00889436,2.03261,-0.00255663,1.10189,-0.00843824,2.04181
4.514,-0.00241054,1.07702,-0.00889436,2.03261,-0.00252011,1.10189,-0.00843824,2.04181
4.516,-0.00241054,1.07699,-0.00884875,2.03261,-0.00252011,1.10189,-0.00843824,2.04181
4.518,-0.00244706,1.07699,-0.00884875,2.03252,-0.00255663,1.10189,-0.00843824,2.04181
4.52,-0.00244706,1.07699,-0.00884875,2.03252,-0.00255663,1.10189,-0.00843824,2.04173
4.522,-0.00244706,1.07699,-0.00884875,2.03252,-0.00252011,1.10189,-0.00843824,2.04173
4.524,-0.00241054,1.07699,-0.00884875,2.03261,-0.00252011,1.10189,-0.00843824,2.04173
4.526,-0.00241054,1.07699,-0.00884875,2.03261,-0.00252011,1.10189,-0.00843824,2.04181
4.528,-0.00244706,1.07702,-0.00889436,2.03261,-0.00252011,1.10189,-0.00843824,2.04173
4.53,-0.00244706,1.07699,-0.00884875,2.03261,-0.00252011,1.10189,-0.00843824,2.04181
4.532,-0.00244706,1.07702,-0.00889436,2.03261,-0.00252011,1.10191,-0.00839263,2.04173
4.534,-0.00244706,1.07699,-0.00884875,2.03252,-0.00259316,1.10189,-0.00843824,2.04181
4.536,-0.00244706,1.07699,-0.00884875,2.03252,-0.00252011,1.10189,-0.00843824,2.04181
4.538,-0.00244706,1.07699,-0.00884875,2.03252,-0.00252011,1.10189,-0.00843824,2.04181
4.54,-0.00241054,1.07702,-0.00889436,2.03261,-0.00252011,1.10189,-0.00843824,2.04173
4.542,-0.00244706,1.07702,-0.00889436,2.03261,-0.00255663,1.10189,-0.00843824,2.04173
4.544,-0.00244706,1.07702,-0.00889436,2.03261,-0.00252011,1.10189,-0.00843824,2.04173
4.546,-0.00244706,1.07699,-0.00884875,2.03261,-0.00252011,1.10191,-0.00839263,2.04181
4.548,-0.00244706,1.07702,-0.00889436,2.03252,-0.00252011,1.10189,-0.00843824,2.04181
4.55,-0.00241054,1.07699,-0.00884875,2.03252,-0.00255663,1.10189,-0.00843824,2.04173
4.552,-0.00244706,1.07702,-0.00889436,2.03252,-0.00255663,1.10191,-0.00839263,2.04173
4.554,-0.00244706,1.07699,-0.00884875,2.03261,-0.00259316,1.10186,-0.00848385,2.04181
4.556,-0.00241054,1.07702,-0.00889436,2.03261,-0.00252011,1.10189,-0.00843824,2.04181
4.558,-0.00241054,1.07699,-0.00884875,2.03261,-0.00255663,1.10189,-0.00843824,2.04173
4.56,-0.00244706,1.07702,-0.00889436,2.03261,-0.00255663,1.10191,-0.00848385,2.04181
4.562,-0.00244706,1.07699,-0.00884875,2.03261,-0.00252011,1.10189,-0.00843824,2.04181
4.564,-0.00241054,1.07699,-0.00893997,2.03252,-0.00255663,1.10189,-0.00843824,2.04173
4.566,-0.00241054,1.07699,-0.00884875,2.03261,-0.00252011,1.10189,-0.00843824,2.04173
4.568,-0.00241054,1.07699,-0.00884875,2.03252,-0.00252011,1.10189,-0.00843824,2.04181
4.57,-0.00241054,1.07699,-0.00884875,2.03252,-0.00255663,1.10189,-0.00843824,2.04181
4.572,-0.00241054,1.07699,-0.00884875,2.03261,-0.00255663,1.10189,-0.00843824,2.04173
4.574,-0.00241054,1.07699,-0.00884875,2.03261,-0.00255663,1.10189,-0.00843824,2.04173
4.576,-0.00241054,1.07702,-0.00889436,2.03261,-0.00252011,1.10186,-0.00848385,2.04181
4.578,-0.00244706,1.07699,-0.00884875,2.03261,-0.00255663,1.10191,-0.00839263,2.04181
4.58,-0.00244706,1.07699,-0.00884875,2.03252,-0.00252011,1.10189,-0.00843824,2.04173
4.582,-0.00244706,1.07699,-0.00884875,2.03252,-0.00255663,1.10189,-0.00843824,2.04181
4.584,-0.00244706,1.07702,-0.00889436,2.03252,-0.00252011,1.10191,-0.00848385,2.04181
4.586,-0.00244706,1.07702,-0.00889436,2.03261,-0.00255663,1.10189,-0.00843824,2.04181
4.588,-0.00244706,1.07702,-0.00889436,2.03261,-0.00255663,1.10189,-0.00843824,2.04173
4.59,-0.00244706,1.07702,-0.00889436,2.03261,-0.00255663,1.10191,-0.00839263,2.04181
4.592,-0.00244706,1.07702,-0.00889436,2.03252,-0.00252011,1.10189,-0.00843824,2.04181
4.594,-0.00244706,1.07699,-0.00893997,2.03261,-0.00252011,1.10186,-0.00848385,2.04181
4.596,-0.00244706,1.07699,-0.00884875,2.03252,-0.00255663,1.10189,-0.00843824,2.04181
4.598,-0.00244706,1.07699,-0.00884875,2.03261,-0.00255663,1.10189,-0.00843824,2.04173
4.6,-0.00244706,1.07699,-0.00884875,2.03252,-0.00255663,1.10189,-0.00843824,2.04181
4.602,-0.00244706,1.07699,-0.00884875,2.03261,-0.00252011,1.10189,-0.00843824,2.04181
4.604,-0.00244706,1.07702,-0.00889436,2.03261,-0.00252011,1.10191,-0.00848385,2.04173
4.606,-0.00241054,1.07699,-0.00884875,2.03252,-0.00255663,1.10189,-0.00843824,2.04181
4.608,-0.00241054,1.07702,-0.00889436,2.03261,-0.00255663,1.10186,-0.00848385,2.04181
4.61,-0.00241054,1.07696,-0.00889436,2.03261,-0.00255663,1.10186,-0.00848385,2.04173
4.612,-0.00244706,1.07699,-0.00893997,2.03261,-0.00259316,1.10189,-0.00843824,2.04173
4.614,-0.00244706,1.07699,-0.00893997,2.03252,-0.00252011,1.10189,-0.00843824,2.04181
4.616,-0.00244706,1.07699,-0.00884875,2.03252,-0.00255663,1.10186,-0.00848385,2.04181
4.618,-0.00244706,1.07696,-0.00889436,2.03261,-0.00252011,1.10189,-0.00843824,2.04181
4.62,-0.00244706,1.07699,-0.00884875,2.03261,-0.00255663,1.10189,-0.00843824,2.04173
4.622,-0.00241054,1.07699,-0.00884875,2.03252,-0.00255663,1.10189,-0.00843824,2.04173
4.624,-0.00241054,1.07702,-0.00889436,2.03261,-0.00252011,1.10189,-0.00843824,2.04173
4.626,-0.00241054,1.07702,-0.00889436,2.03252,-0.00255663,1.10189,-0.00843824,2.04181
4.628,-0.00244706,1.07702,-0.00889436,2.03261,-0.00252011,1.10189,-0.00843824,2.04181
4.63,-0.00244706,1.07699,-0.00884875,2.03252,-0.00252011,1.10189,-0.00843824,2.04181
4.632,-0.00244706,1.07702,-0.00889436,2.03261,-0.00252011,1.10189,-0.00843824,2.04173
4.634,-0.00244706,1.07699,-0.00893997,2.03252,-0.00255663,1.10189,-0.00843824,2.04181
4.636,-0.00244706,1.07696,-0.00889436,2.03252,-0.00252011,1.10191,-0.00848385,2.04173
4.638,-0.00244706,1.07699,-0.00884875,2.03252,-0.00255663,1.10189,-0.00843824,2.04173
4.64,-0.00241054,1.07699,-0.00884875,2.03252,-0.00259316,1.10186,-0.00848385,2.04181
4.642,-0.00241054,1.07702,-0.00889436,2.03261,-0.00255663,1.10189,-0.00843824,2.04181
4.644,-0.00241054,1.07699,-0.00884875,2.03261,-0.00255663,1.10189,-0.00843824,2.04181
4.646,-0.00241054,1.07699,-0.00884875,2.03261,-0.00252011,1.10189,-0.00843824,2.04181
4.648,-0.00241054,1.07699,-0.00893997,2.03261,-0.00255663,1.10189,-0.00843824,2.04173
4.65,-0.00241054,1.07702,-0.00889436,2.03261,-0.00255663,1.10189,-0.00843824,2.04181
4.652,-0.00244706,1.07702,-0.00889436,2.03261,-0.00252011,1.10189,-0.00843824,2.04181
4.654,-0.00241054,1.07696,-0.00889436,2.03261,-0.00252011,1.10189,-0.00843824,2.04181
4.656,-0.00241054,1.07696,-0.00889436,2.03252,-0.00255663,1.10189,-0.00843824,2.04173
4.658,-0.00241054,1.07696,-0.00889436,2.03252,-0.00255663,1.10189,-0.00843824,2.04173
4.66,-0.00241054,1.07702,-0.00889436,2.03261,-0.00255663,1.10189,-0.00843824,2.04173
4.662,-0.00241054,1.07702,-0.00889436,2.03261,-0.00255663,1.10189,-0.00843824,2.04173
4.664,-0.00244706,1.07696,-0.00889436,2.03261,-0.00255663,1.10194,-0.00843824,2.04181
4.666,-0.00244706,1.07699,-0.00884875,2.03261,-0.00248359,1.10189,-0.00843824,2.04173
4.668,-0.00244706,1.07699,-0.00893997,2.03252,-0.00255663,1.10189,-0.00843824,2.04173
4.67,-0.00241054,1.07702,-0.00889436,2.03252,-0.00248359,1.10189,-0.00843824,2.04181
4.672,-0.00241054,1.07699,-0.00884875,2.03252,-0.00248359,1.10189,-0.00843824,2.04181
4.674,-0.00241054,1.07699,-0.00884875,2.03261,-0.00255663,1.10189,-0.00843824,2.04181
4.676,-0.00241054,1.07702,-0.00889436,2.03261,-0.00255663,1.10189,-0.00843824,2.04181
4.678,-0.00241054,1.07702,-0.00889436,2.03252,-0.00255663,1.10189,-0.00843824,2.04173
4.68,-0.00241054,1.07702,-0.00889436,2.03252,-0.00255663,1.10189,-0.00843824,2.04181
4.682,-0.00241054,1.07699,-0.00893997,2.03252,-0.00255663,1.10189,-0.00843824,2.04181
4.684,-0.00244706,1.07699,-0.00884875,2.03252,-0.00252011,1.10191,-0.00839263,2.04173
4.686,-0.00241054,1.07699,-0.00884875,2.03252,-0.00255663,1.10189,-0.00843824,2.04173
4.688,-0.00244706,1.07699,-0.00884875,2.03252,-0.00255663,1.10189,-0.00843824,2.04181
4.69,-0.00244706,1.07702,-0.00889436,2.03261,-0.00255663,1.10186,-0.00848385,2.04181
4.692,-0.00241054,1.07702,-0.00889436,2.03261,-0.00255663,1.10189,-0.00843824,2.04173
4.694,-0.00241054,1.07699,-0.00884875,2.03261,-0.00252011,1.10189,-0.00843824,2.04181
4.696,-0.00241054,1.07699,-0.00884875,2.03261,-0.00255663,1.10189,-0.00843824,2.04181
4.698,-0.00244706,1.07699,-0.00884875,2.03261,-0.00255663,1.10189,-0.00843824,2.04181
4.7,-0.00244706,1.07699,-0.00884875,2.03252,-0.00252011,1.10191,-0.00848385,2.04173
4.702,-0.00244706,1.07699,-0.00884875,2.03252,-0.00252011,1.10189,-0.00843824,2.04181
4.704,-0.00244706,1.07699,-0.00884875,2.03252,-0.00252011,1.10189,-0.00843824,2.04181
4.706,-0.00241054,1.07702,-0.00889436,2.03261,-0.00255663,1.10189,-0.00843824,2.04181
4.708,-0.00241054,1.07702,-0.00889436,2.03261,-0.00255663,1.10189,-0.00843824,2.04181
4.71,-0.00241054,1.07699,-0.00884875,2.03261,-0.00255663,1.10189,-0.00843824,2.04173
4.712,-0.00241054,1.07702,-0.00889436,2.03252,-0.00252011,1.10186,-0.00848385,2.04181
4.714,-0.00241054,1.07702,-0.00889436,2.03261,-0.00252011,1.10189,-0.00843824,2.04173
4.716,-0.00241054,1.07699,-0.00884875,2.03261,-0.00252011,1.10189,-0.00843824,2.04181
4.718,-0.00244706,1.07699,-0.00884875,2.03252,-0.00255663,1.10189,-0.00843824,2.04181
4.72,-0.00244706,1.07699,-0.00884875,2.03261,-0.00252011,1.10189,-0.00843824,2.04181
4.722,-0.00241054,1.07696,-0.00889436,2.03261,-0.00255663,1.10189,-0.00843824,2.04173
4.724,-0.00244706,1.07699,-0.00884875,2.03261,-0.00252011,1.10191,-0.00839263,2.04173
4.726,-0.00244706,1.07702,-0.00889436,2.03261,-0.00255663,1.10189,-0.00843824,2.04181
4.728,-0.00241054,1.07702,-0.00889436,2.03261,-0.00255663,1.10189,-0.00843824,2.04181
4.73,-0.00241054,1.07702,-0.00889436,2.03252,-0.00252011,1.10186,-0.00848385,2.04181
4.732,-0.00244706,1.07699,-0.00884875,2.03252,-0.00252011,1.10189,-0.00843824,2.04181
4.734,-0.00241054,1.07699,-0.00884875,2.03261,-0.00252011,1.10191,-0.00839263,2.04173
4.736,-0.00244706,1.07699,-0.00884875,2.03252,-0.00259316,1.10191,-0.00839263,2.04181
4.738,-0.00244706,1.07699,-0.00893997,2.03252,-0.00255663,1.10191,-0.00839263,2.04173
4.74,-0.00241054,1.07699,-0.00884875,2.03261,-0.00255663,1.10191,-0.00848385,2.04181
4.742,-0.00241054,1.07699,-0.00884875,2.03261,-0.00255663,1.10189,-0.00843824,2.04181
4.744,-0.00244706,1.07702,-0.00889436,2.03261,-0.00252011,1.10189,-0.00843824,2.04181
4.746,-0.00244706,1.07702,-0.00889436,2.03261,-0.00255663,1.10189,-0.00843824,2.04181
4.748,-0.00244706,1.07699,-0.00884875,2.03252,-0.00255663,1.10191,-0.00839263,2.04181
4.75,-0.00244706,1.07702,-0.00889436,2.03252,-0.00252011,1.10189,-0.00843824,2.04181
4.752,-0.00244706,1.07699,-0.00884875,2.03252,-0.00259316,1.10189,-0.00843824,2.04173
4.754,-0.00244706,1.07699,-0.00884875,2.03261,-0.00252011,1.10186,-0.00848385,2.04173
4.756,-0.00244706,1.07699,-0.00884875,2.03261,-0.00255663,1.10189,-0.00843824,2.04173
4.758,-0.00241054,1.07699,-0.00884875,2.03261,-0.00252011,1.10189,-0.00843824,2.04181
4.76,-0.00244706,1.07696,-0.00889436,2.03261,-0.00255663,1.10189,-0.00843824,2.04173
4.762,-0.00244706,1.07702,-0.00889436,2.03261,-0.00255663,1.10186,-0.00848385,2.04181
4.764,-0.00241054,1.07702,-0.00889436,2.03261,-0.00252011,1.10189,-0.00843824,2.04173
4.766,-0.00244706,1.07699,-0.00884875,2.03261,-0.00252011,1.10186,-0.00848385,2.04173
4.768,-0.00244706,1.07699,-0.00884875,2.03261,-0.00255663,1.10189,-0.00843824,2.04173
4.77,-0.00244706,1.07699,-0.00884875,2.03252,-0.00252011,1.10189,-0.00843824,2.04181
4.772,-0.00244706,1.07702,-0.00889436,2.03261,-0.00255663,1.10189,-0.00843824,2.04173
4.774,-0.00241054,1.07702,-0.00889436,2.03261,-0.00255663,1.10189,-0.00843824,2.04181
4.776,-0.00241054,1.07699,-0.00884875,2.03261,-0.00255663,1.10189,-0.00843824,2.04181
4.778,-0.00241054,1.07699,-0.00884875,2.03261,-0.00255663,1.10189,-0.00843824,2.04181
4.78,-0.00244706,1.07702,-0.00889436,2.03261,-0.00252011,1.10186,-0.00848385,2.04173
4.782,-0.00244706,1.07699,-0.00884875,2.03261,-0.00248359,1.10191,-0.00839263,2.04181
4.784,-0.00244706,1.07699,-0.00884875,2.03261,-0.00255663,1.10191,-0.00848385,2.04173
4.786,-0.00244706,1.07699,-0.00884875,2.03252,-0.00252011,1.10189,-0.00843824,2.04173
4.788,-0.00244706,1.07696,-0.00889436,2.03252,-0.00252011,1.10189,-0.00843824,2.04181
4.79,-0.00241054,1.07702,-0.00889436,2.03261,-0.00255663,1.10189,-0.00843824,2.04173
4.792,-0.00241054,1.07702,-0.00889436,2.03261,-0.00255663,1.10189,-0.00843824,2.04173
4.794,-0.00241054,1.07699,-0.00884875,2.03252,-0.00252011,1.10189,-0.00843824,2.04181
4.796,-0.00241054,1.07699,-0.00884875,2.03252,-0.00255663,1.10189,-0.00843824,2.04181
4.798,-0.00244706,1.07699,-0.00884875,2.03261,-0.00252011,1.10189,-0.00843824,2.04173
4.8,-0.00244706,1.07699,-0.00893997,2.03261,-0.00252011,1.10191,-0.00839263,2.04181
4.802,-0.00244706,1.07702,-0.00889436,2.03261,-0.00252011,1.10186,-0.00848385,2.04181
4.804,-0.00241054,1.07699,-0.00884875,2.03261,-0.00252011,1.10189,-0.00843824,2.04173
4.806,-0.00241054,1.07696,-0.00889436,2.03261,-0.00255663,1.10189,-0.00843824,2.04173
4.808,-0.00241054,1.07702,-0.00889436,2.03261,-0.00252011,1.10189,-0.00843824,2.04181
4.81,-0.00241054,1.07699,-0.00884875,2.03252,-0.00255663,1.10189,-0.00843824,2.04173
4.812,-0.00244706,1.07702,-0.00889436,2.03261,-0.00252011,1.10189,-0.00843824,2.04181
4.814,-0.00244706,1.07699,-0.00893997,2.03252,-0.00255663,1.10186,-0.00848385,2.04181
4.816,-0.00244706,1.07699,-0.00884875,2.03252,-0.00252011,1.10189,-0.00843824,2.04173
4.818,-0.00244706,1.07699,-0.00884875,2.03261,-0.00255663,1.10189,-0.00843824,2.04181
4.82,-0.00241054,1.07699,-0.00884875,2.03261,-0.00255663,1.10189,-0.00843824,2.04173
4.822,-0.00244706,1.07699,-0.00884875,2.03261,-0.00252011,1.10189,-0.00843824,2.04181
4.824,-0.00244706,1.07699,-0.00884875,2.03261,-0.00255663,1.10189,-0.00843824,2.04173
4.826,-0.00241054,1.07702,-0.00889436,2.03252,-0.00252011,1.10189,-0.00843824,2.04181
4.828,-0.00241054,1.07699,-0.00884875,2.03252,-0.00255663,1.10186,-0.00848385,2.04173
4.83,-0.00241054,1.07702,-0.00889436,2.03261,-0.00255663,1.10189,-0.00843824,2.04181
4.832,-0.00244706,1.07702,-0.00889436,2.03261,-0.00259316,1.10189,-0.00843824,2.04181
4.834,-0.00244706,1.07699,-0.00884875,2.03261,-0.00255663,1.10189,-0.00843824,2.04173
4.836,-0.00244706,1.07702,-0.00889436,2.03261,-0.00255663,1.10189,-0.00843824,2.04173
4.838,-0.00244706,1.07702,-0.00889436,2.03261,-0.00255663,1.10189,-0.00843824,2.04173
4.84,-0.00244706,1.07702,-0.00889436,2.03252,-0.00252011,1.10189,-0.00843824,2.04181
4.842,-0.00244706,1.07699,-0.00884875,2.03252,-0.00252011,1.10189,-0.00843824,2.04181
4.844,-0.00244706,1.07702,-0.00889436,2.03261,-0.00255663,1.10191,-0.00848385,2.04181
4.846,-0.00244706,1.07699,-0.00884875,2.03252,-0.00259316,1.10189,-0.00843824,2.04173
4.848,-0.00241054,1.07696,-0.00889436,2.03261,-0.00252011,1.10189,-0.00843824,2.04173
4.85,-0.00241054,1.07699,-0.00884875,2.03261,-0.00255663,1.10191,-0.00839263,2.04181
4.852,-0.00241054,1.07699,-0.00884875,2.03261,-0.00252011,1.10189,-0.00843824,2.04173
4.854,-0.00244706,1.07702,-0.00889436,2.03261,-0.00252011,1.10191,-0.00839263,2.04181
4.856,-0.00244706,1.07699,-0.00884875,2.03252,-0.00252011,1.10189,-0.00843824,2.04181
4.858,-0.00244706,1.07702,-0.00889436,2.03252,-0.00255663,1.10191,-0.00848385,2.04173
4.86,-0.00244706,1.07699,-0.00884875,2.03252,-0.00255663,1.10189,-0.00843824,2.04181
4.862,-0.00241054,1.07699,-0.00884875,2.03261,-0.00255663,1.10189,-0.00843824,2.04181
4.864,-0.00241054,1.07702,-0.00889436,2.03261,-0.00255663,1.10189,-0.00843824,2.04173
4.866,-0.00241054,1.07702,-0.00889436,2.03261,-0.00252011,1.10189,-0.00843824,2.04181
4.868,-0.00241054,1.07702,-0.00889436,2.03261,-0.00252011,1.10191,-0.00839263,2.04173
4.87,-0.00241054,1.07696,-0.00889436,2.03252,-0.00255663,1.10189,-0.00843824,2.04181
4.872,-0.00244706,1.07696,-0.00889436,2.03252,-0.00252011,1.10189,-0.00843824,2.04181
4.874,-0.00244706,1.07699,-0.00884875,2.03252,-0.00252011,1.10191,-0.00848385,2.04181
4.876,-0.00244706,1.07699,-0.00884875,2.03252,-0.00252011,1.10189,-0.00843824,2.04181
4.878,-0.00241054,1.07702,-0.00889436,2.03261,-0.00252011,1.10189,-0.00843824,2.04173
4.88,-0.00244706,1.07702,-0.00889436,2.03252,-0.00255663,1.10189,-0.00843824,2.04181
4.882,-0.00244706,1.07702,-0.00889436,2.03261,-0.00255663,1.10189,-0.00843824,2.04181
4.884,-0.00241054,1.07699,-0.00884875,2.03252,-0.00255663,1.10189,-0.00843824,2.04173
4.886,-0.00241054,1.07702,-0.00889436,2.03261,-0.00252011,1.10189,-0.00843824,2.04173
4.888,-0.00241054,1.07702,-0.00889436,2.03261,-0.00252011,1.10191,-0.00848385,2.04181
4.89,-0.00244706,1.07699,-0.00884875,2.03261,-0.00255663,1.10186,-0.00848385,2.04173
4.892,-0.00244706,1.07702,-0.00889436,2.03252,-0.00252011,1.10191,-0.00839263,2.04181
4.894,-0.00244706,1.07699,-0.00884875,2.03261,-0.00255663,1.10189,-0.00843824,2.04173
4.896,-0.00244706,1.07702,-0.00889436,2.03261,-0.00255663,1.10189,-0.00843824,2.04173
4.898,-0.00241054,1.07702,-0.00889436,2.03261,-0.00255663,1.10186,-0.00848385,2.04173
4.9,-0.00241054,1.07702,-0.00889436,2.03261,-0.00255663,1.10191,-0.00839263,2.04173
4.902,-0.00241054,1.07702,-0.00889436,2.03261,-0.00252011,1.10189,-0.00843824,2.04181
4.904,-0.00241054,1.07696,-0.00889436,2.03252,-0.00252011,1.10189,-0.00843824,2.04181
4.906,-0.00244706,1.07696,-0.00889436,2.03261,-0.00255663,1.10186,-0.00848385,2.04181
4.908,-0.00244706,1.07696,-0.00889436,2.03261,-0.00252011,1.10191,-0.00848385,2.04181
4.91,-0.00244706,1.07702,-0.00889436,2.03261,-0.00252011,1.10189,-0.00843824,2.04173
4.912,-0.00244706,1.07702,-0.00889436,2.03261,-0.00252011,1.10186,-0.00839263,2.04173
4.914,-0.00241054,1.07702,-0.00889436,2.03252,-0.00252011,1.10189,-0.00843824,2.04181
4.916,-0.00244706,1.07699,-0.00893997,2.03252,-0.00255663,1.10189,-0.00852946,2.04173
4.918,-0.00241054,1.07702,-0.00889436,2.03261,-0.00252011,1.10189,-0.00843824,2.04173
4.92,-0.00241054,1.07696,-0.00889436,2.03252,-0.00255663,1.10189,-0.00843824,2.04181
4.922,-0.00241054,1.07699,-0.00884875,2.03261,-0.00259316,1.10186,-0.00848385,2.04173
4.924,-0.00241054,1.07696,-0.00889436,2.03261,-0.00255663,1.10189,-0.00843824,2.04181
4.926,-0.00241054,1.07699,-0.00893997,2.03261,-0.00248359,1.10186,-0.00848385,2.04181
4.928,-0.00244706,1.07699,-0.00893997,2.03252,-0.00252011,1.10191,-0.00839263,2.04181
4.93,-0.00241054,1.07702,-0.00889436,2.03261,-0.00255663,1.10189,-0.00843824,2.04173
4.932,-0.00244706,1.07699,-0.00884875,2.03261,-0.00248359,1.10189,-0.00843824,2.04181
4.934,-0.00241054,1.07699,-0.00884875,2.03261,-0.00255663,1.10189,-0.00843824,2.04173
4.936,-0.00241054,1.07702,-0.00889436,2.03261,-0.00259316,1.10189,-0.00843824,2.04181
4.938,-0.00241054,1.07699,-0.00884875,2.03261,-0.00255663,1.10189,-0.00843824,2.04181
4.94,-0.00241054,1.07699,-0.00884875,2.03261,-0.00252011,1.10189,-0.00852946,2.04181
4.942,-0.00244706,1.07699,-0.00884875,2.03261,-0.00255663,1.10191,-0.00839263,2.04181
4.944,-0.00244706,1.07702,-0.00889436,2.03261,-0.00252011,1.10189,-0.00843824,2.04181
4.946,-0.00244706,1.07702,-0.00889436,2.03261,-0.00255663,1.10189,-0.00843824,2.04181
4.948,-0.00241054,1.07699,-0.00884875,2.03261,-0.00255663,1.10191,-0.00839263,2.04181
4.95,-0.00241054,1.07699,-0.00884875,2.03261,-0.00255663,1.10189,-0.00843824,2.04173
4.952,-0.00244706,1.07702,-0.00889436,2.03252,-0.00255663,1.10189,-0.00843824,2.04173
4.954,-0.00244706,1.07702,-0.00889436,2.03252,-0.00252011,1.10189,-0.00843824,2.04181
4.956,-0.00241054,1.07696,-0.00889436,2.03261,-0.00252011,1.10189,-0.00843824,2.04173
4.958,-0.00244706,1.07696,-0.00889436,2.03261,-0.00252011,1.10189,-0.00843824,2.04181
4.96,-0.00244706,1.07699,-0.00884875,2.03252,-0.00252011,1.10189,-0.00843824,2.04181
4.962,-0.00244706,1.07702,-0.00889436,2.03252,-0.00255663,1.10191,-0.00839263,2.04181
4.964,-0.00241054,1.07702,-0.00889436,2.03252,-0.00255663,1.10189,-0.00843824,2.04173
4.966,-0.00241054,1.07699,-0.00884875,2.03261,-0.00252011,1.10189,-0.00843824,2.04173
4.968,-0.00244706,1.07702,-0.00889436,2.03261,-0.00255663,1.10191,-0.00839263,2.04181
4.97,-0.00241054,1.07699,-0.00884875,2.03252,-0.00252011,1.10189,-0.00843824,2.04173
4.972,-0.00241054,1.07699,-0.00884875,2.03261,-0.00252011,1.10191,-0.00848385,2.04181
4.974,-0.00241054,1.07702,-0.00889436,2.03261,-0.00255663,1.10189,-0.00843824,2.04173
4.976,-0.00241054,1.07702,-0.00889436,2.03261,-0.00252011,1.10186,-0.00848385,2.04173
4.978,-0.00241054,1.07699,-0.00884875,2.03261,-0.00248359,1.10189,-0.00843824,2.04181
4.98,-0.00241054,1.07699,-0.00884875,2.03252,-0.00259316,1.10189,-0.00843824,2.04181
4.982,-0.00241054,1.07702,-0.00889436,2.03261,-0.00255663,1.10189,-0.00843824,2.04173
4.984,-0.00241054,1.07702,-0.00889436,2.03252,-0.00255663,1.10191,-0.00839263,2.04181
4.986,-0.00241054,1.07702,-0.00889436,2.03261,-0.00248359,1.10189,-0.00843824,2.04181
4.988,-0.00241054,1.07699,-0.00884875,2.03261,-0.00252011,1.10189,-0.00843824,2.04173
4.99,-0.00241054,1.07699,-0.00884875,2.03252,-0.00252011,1.10189,-0.00843824,2.04173
4.992,-0.00244706,1.07699,-0.00884875,2.03261,-0.00252011,1.10191,-0.00839263,2.04181
4.994,-0.00244706,1.07699,-0.00884875,2.03252,-0.00255663,1.10189,-0.00843824,2.04173
4.996,-0.00241054,1.07702,-0.00889436,2.03252,-0.00255663,1.10191,-0.00839263,2.04173
4.998,-0.00244706,1.07699,-0.00893997,2.03261,-0.00252011,1.10191,-0.00839263,2.04181
5,-0.00241054,1.07702,-0.00889436,2.03252,-0.00255663,1.10189,-0.00843824,2.04181
5.002,-0.00241054,1.07699,-0.00884875,2.03261,-0.00255663,1.10189,-0.00843824,2.04181
5.004,-0.00244706,1.07699,-0.00884875,2.03261,-0.00255663,1.10189,-0.00843824,2.04173
5.006,-0.00244706,1.07699,-0.00884875,2.03261,-0.00255663,1.10189,-0.00843824,2.04173
5.008,-0.00244706,1.07699,-0.00893997,2.03261,-0.00252011,1.10189,-0.00843824,2.04181
5.01,-0.00244706,1.07699,-0.00893997,2.03261,-0.00252011,1.10189,-0.00843824,2.04181
5.012,-0.00241054,1.07699,-0.00884875,2.03261,-0.00255663,1.10189,-0.00843824,2.04181
5.014,-0.00244706,1.07696,-0.00889436,2.03252,-0.00255663,1.10189,-0.00843824,2.04181
5.016,-0.00244706,1.07699,-0.00893997,2.03261,-0.00255663,1.10191,-0.00848385,2.04181
5.018,-0.00244706,1.07699,-0.00884875,2.03261,-0.00255663,1.10189,-0.00843824,2.04181
5.02,-0.00244706,1.07699,-0.00884875,2.03261,-0.00252011,1.10191,-0.00848385,2.04173
5.022,-0.00241054,1.07702,-0.00889436,2.03261,-0.00255663,1.10189,-0.00843824,2.04181
5.024,-0.00241054,1.07702,-0.00889436,2.03252,-0.00255663,1.10189,-0.00843824,2.04181
5.026,-0.00244706,1.07699,-0.00884875,2.03252,-0.00252011,1.10189,-0.00843824,2.04181
5.028,-0.00244706,1.07702,-0.00889436,2.03252,-0.00252011,1.10189,-0.00843824,2.04181
5.03,-0.00244706,1.07699,-0.00884875,2.03261,-0.00252011,1.10189,-0.00843824,2.04173
5.032,-0.00244706,1.07702,-0.00889436,2.03261,-0.00255663,1.10189,-0.00843824,2.04173
5.034,-0.00241054,1.07702,-0.00889436,2.03252,-0.00255663,1.10189,-0.00843824,2.04173
5.036,-0.00241054,1.07699,-0.00884875,2.03261,-0.00255663,1.10191,-0.00848385,2.04181
5.038,-0.00244706,1.07702,-0.00889436,2.03261,-0.00259316,1.10189,-0.00843824,2.04173
5.04,-0.00244706,1.07699,-0.00884875,2.03261,-0.00252011,1.10189,-0.00843824,2.04173
5.042,-0.00244706,1.07699,-0.00893997,2.03252,-0.00252011,1.10189,-0.00843824,2.04181
5.044,-0.00244706,1.07702,-0.00889436,2.03261,-0.00255663,1.10191,-0.00839263,2.04173
5.046,-0.00244706,1.07702,-0.00889436,2.03261,-0.00252011,1.10189,-0.00843824,2.04181
5.048,-0.00241054,1.07702,-0.00889436,2.03261,-0.00252011,1.10189,-0.00843824,2.04181
5.05,-0.00241054,1.07702,-0.00889436,2.03261,-0.00252011,1.10191,-0.00848385,2.04173
5.052,-0.00244706,1.07699,-0.00884875,2.03261,-0.00252011,1.10189,-0.00843824,2.04173
5.054,-0.00244706,1.07699,-0.00884875,2.03261,-0.00255663,1.10189,-0.00843824,2.04173
5.056,-0.00244706,1.07699,-0.00884875,2.03261,-0.00255663,1.10189,-0.00843824,2.04173
5.058,-0.00241054,1.07702,-0.00889436,2.03261,-0.00255663,1.10189,-0.00843824,2.04173
5.06,-0.00241054,1.07702,-0.00889436,2.03261,-0.00248359,1.10189,-0.00843824,2.04173
5.062,-0.00241054,1.07702,-0.00889436,2.03261,-0.00252011,1.10191,-0.00839263,2.04181
5.064,-0.00244706,1.07699,-0.00884875,2.03261,-0.00255663,1.10189,-0.00843824,2.04173
5.066,-0.00244706,1.07702,-0.00889436,2.03261,-0.00255663,1.10191,-0.00848385,2.04173
5.068,-0.00241054,1.07699,-0.00884875,2.03261,-0.00255663,1.10191,-0.00839263,2.04173
5.07,-0.00241054,1.07702,-0.00889436,2.03261,-0.00252011,1.10189,-0.00843824,2.04181
5.072,-0.00241054,1.07702,-0.00889436,2.03261,-0.00252011,1.10189,-0.00843824,2.04173
5.074,-0.00244706,1.07699,-0.00884875,2.03252,-0.00255663,1.10189,-0.00843824,2.04181
5.076,-0.00244706,1.07699,-0.00884875,2.03252,-0.00255663,1.10189,-0.00843824,2.04181
5.078,-0.00244706,1.07702,-0.00889436,2.03261,-0.00252011,1.10189,-0.00843824,2.04173
5.08,-0.00241054,1.07702,-0.00889436,2.03252,-0.00255663,1.10189,-0.00843824,2.04181
5.082,-0.00241054,1.07702,-0.00889436,2.03252,-0.00255663,1.10189,-0.00843824,2.04173
5.084,-0.00244706,1.07699,-0.00884875,2.03261,-0.00255663,1.10189,-0.00843824,2.04181
5.086,-0.00241054,1.07699,-0.00884875,2.03261,-0.00255663,1.10189,-0.00843824,2.04173
5.088,-0.00244706,1.07699,-0.00884875,2.03261,-0.00255663,1.10183,-0.00843824,2.04181
5.09,-0.00241054,1.07702,-0.00889436,2.03261,-0.00255663,1.10189,-0.00843824,2.04181
5.092,-0.00244706,1.07699,-0.00884875,2.03261,-0.00255663,1.10189,-0.00843824,2.04173
5.094,-0.00244706,1.07699,-0.00884875,2.03261,-0.00252011,1.10191,-0.00839263,2.04173
5.096,-0.00244706,1.07699,-0.00884875,2.03261,-0.00252011,1.10189,-0.00843824,2.04173
5.098,-0.00244706,1.07702,-0.00889436,2.03261,-0.00255663,1.10189,-0.00843824,2.04181
5.1,-0.00241054,1.07699,-0.00884875,2.03261,-0.00252011,1.10189,-0.00843824,2.04181
5.102,-0.00241054,1.07702,-0.00889436,2.03261,-0.00255663,1.10189,-0.00843824,2.04181
5.104,-0.00244706,1.07699,-0.00884875,2.03261,-0.00259316,1.10189,-0.00843824,2.04173
5.106,-0.00241054,1.07699,-0.00893997,2.03261,-0.00252011,1.10191,-0.00839263,2.04173
5.108,-0.00244706,1.07699,-0.00884875,2.03261,-0.00248359,1.10189,-0.00843824,2.04173
5.11,-0.00244706,1.07702,-0.00889436,2.03261,-0.00252011,1.10189,-0.00843824,2.04181
5.112,-0.00244706,1.07699,-0.00884875,2.03261,-0.00252011,1.10189,-0.00843824,2.04173
5.114,-0.00244706,1.07699,-0.00884875,2.03252,-0.00252011,1.10189,-0.00843824,2.04181
5.116,-0.00241054,1.07699,-0.00884875,2.03261,-0.00255663,1.10189,-0.00843824,2.04173
5.118,-0.00241054,1.07702,-0.00889436,2.03252,-0.00255663,1.10189,-0.00843824,2.04173
5.12,-0.00241054,1.07702,-0.00889436,2.03261,-0.00252011,1.10191,-0.00839263,2.04173
5.122,-0.00241054,1.07702,-0.00889436,2.03261,-0.00248359,1.10189,-0.00843824,2.04173
5.124,-0.00241054,1.07702,-0.00889436,2.03261,-0.00252011,1.10189,-0.00843824,2.04181
5.126,-0.00244706,1.07699,-0.00893997,2.03261,-0.00255663,1.10189,-0.00843824,2.04173
5.128,-0.00244706,1.07699,-0.00884875,2.03261,-0.00252011,1.10189,-0.00843824,2.04181
5.13,-0.00244706,1.07699,-0.00884875,2.03252,-0.00252011,1.10189,-0.00843824,2.04181
5.132,-0.00244706,1.07702,-0.00889436,2.03252,-0.00255663,1.10191,-0.00839263,2.04181
5.134,-0.00244706,1.07702,-0.00889436,2.03252,-0.00255663,1.10189,-0.00843824,2.04173
5.136,-0.00241054,1.07699,-0.00884875,2.03252,-0.00252011,1.10191,-0.00839263,2.04181
5.138,-0.00244706,1.07702,-0.00889436,2.03261,-0.00252011,1.10189,-0.00843824,2.04173
5.14,-0.00244706,1.07702,-0.00889436,2.03261,-0.00252011,1.10189,-0.00843824,2.04173
5.142,-0.00244706,1.07702,-0.00889436,2.03261,-0.00255663,1.10186,-0.00848385,2.04173
5.144,-0.00244706,1.07702,-0.00889436,2.03252,-0.00255663,1.10189,-0.00843824,2.04181
5.146,-0.00241054,1.07699,-0.00884875,2.03252,-0.00255663,1.10189,-0.00843824,2.04181
5.148,-0.00244706,1.07702,-0.00889436,2.03252,-0.00252011,1.10189,-0.00843824,2.04173
5.15,-0.00244706,1.07699,-0.00884875,2.03252,-0.00259316,1.10191,-0.00848385,2.04173
5.152,-0.00244706,1.07699,-0.00884875,2.03252,-0.00252011,1.10189,-0.00843824,2.04173
5.154,-0.00244706,1.07702,-0.00889436,2.03261,-0.00255663,1.10189,-0.00843824,2.04181
5.156,-0.00244706,1.07702,-0.00889436,2.03261,-0.00255663,1.10189,-0.00843824,2.04181
5.158,-0.00241054,1.07699,-0.00893997,2.03261,-0.00255663,1.10189,-0.00843824,2.0419
5.16,-0.00241054,1.07699,-0.00884875,2.03261,-0.00255663,1.10189,-0.00843824,2.04173
5.162,-0.00244706,1.07699,-0.00884875,2.03261,-0.00252011,1.10186,-0.00848385,2.04173
5.164,-0.00244706,1.07699,-0.00884875,2.03261,-0.00255663,1.10189,-0.00843824,2.04173
5.166,-0.00244706,1.07699,-0.00884875,2.03261,-0.00252011,1.10189,-0.00843824,2.04181
5.168,-0.00244706,1.07702,-0.00889436,2.03261,-0.00255663,1.10189,-0.00843824,2.04173
5.17,-0.00244706,1.07702,-0.00889436,2.03261,-0.00252011,1.10189,-0.00843824,2.04173
5.172,-0.00244706,1.07699,-0.00884875,2.03261,-0.00252011,1.10189,-0.00843824,2.04181
5.174,-0.00244706,1.07699,-0.00884875,2.03252,-0.00255663,1.10189,-0.00843824,2.04173
5.176,-0.00244706,1.07699,-0.00884875,2.03252,-0.00252011,1.10189,-0.00843824,2.04181
5.178,-0.00244706,1.07699,-0.00893997,2.03261,-0.00252011,1.10191,-0.00848385,2.04181
5.18,-0.00241054,1.07702,-0.00889436,2.03261,-0.00255663,1.10189,-0.00843824,2.04181
5.182,-0.00244706,1.07699,-0.00884875,2.03261,-0.00259316,1.10191,-0.00848385,2.04181
5.184,-0.00244706,1.07699,-0.00884875,2.03261,-0.00252011,1.10189,-0.00843824,2.04181
5.186,-0.00244706,1.07699,-0.00884875,2.03261,-0.00252011,1.10189,-0.00843824,2.04181
5.188,-0.00244706,1.07699,-0.00884875,2.03252,-0.00255663,1.10189,-0.00843824,2.04181
5.19,-0.00241054,1.07702,-0.00889436,2.03261,-0.00255663,1.10189,-0.00843824,2.04173
5.192,-0.00241054,1.07702,-0.00889436,2.03252,-0.00252011,1.10189,-0.00843824,2.04173
5.194,-0.00241054,1.07699,-0.00893997,2.03261,-0.00255663,1.10186,-0.00848385,2.04173
5.196,-0.00241054,1.07696,-0.00889436,2.03261,-0.00248359,1.10189,-0.00843824,2.04173
5.198,-0.00241054,1.07699,-0.00884875,2.03261,-0.00255663,1.10189,-0.00843824,2.04181
5.2,-0.00241054,1.07699,-0.00884875,2.03261,-0.00252011,1.10189,-0.00843824,2.04181
5.202,-0.00244706,1.07699,-0.00893997,2.03261,-0.00255663,1.10189,-0.00843824,2.04173
5.204,-0.00244706,1.07699,-0.00893997,2.03261,-0.00252011,1.10189,-0.00843824,2.04173
5.206,-0.00241054,1.07702,-0.00889436,2.03261,-0.00252011,1.10189,-0.00843824,2.04173
5.208,-0.00244706,1.07702,-0.00889436,2.03261,-0.00252011,1.10189,-0.00843824,2.04181
5.21,-0.00244706,1.07702,-0.00889436,2.03261,-0.00252011,1.10189,-0.00843824,2.04181
5.212,-0.00244706,1.07702,-0.00889436,2.03252,-0.00255663,1.10189,-0.00843824,2.04181
5.214,-0.00241054,1.07699,-0.00884875,2.03261,-0.00255663,1.10189,-0.00843824,2.04173
5.216,-0.00241054,1.07699,-0.00884875,2.03261,-0.00252011,1.10189,-0.00843824,2.04173
5.218,-0.00241054,1.07702,-0.00889436,2.03261,-0.00252011,1.10191,-0.00848385,2.04173
5.22,-0.00241054,1.07702,-0.00889436,2.03261,-0.00255663,1.10186,-0.00839263,2.04181
5.222,-0.00241054,1.07699,-0.00884875,2.03261,-0.00255663,1.10189,-0.00843824,2.04173
5.224,-0.00244706,1.07702,-0.00889436,2.03261,-0.00252011,1.10189,-0.00843824,2.04173
5.226,-0.00244706,1.07699,-0.00884875,2.03261,-0.00252011,1.10189,-0.00852946,2.04173
5.228,-0.00244706,1.07699,-0.00884875,2.03261,-0.00255663,1.10189,-0.00843824,2.04173
5.23,-0.00241054,1.07699,-0.00884875,2.03252,-0.00255663,1.10189,-0.00843824,2.04173
5.232,-0.00244706,1.07699,-0.00884875,2.03252,-0.00255663,1.10189,-0.00843824,2.04181
5.234,-0.00241054,1.07702,-0.00889436,2.03261,-0.00252011,1.10189,-0.00843824,2.04173
5.236,-0.00244706,1.07702,-0.00889436,2.03261,-0.00259316,1.10189,-0.00843824,2.04181
5.238,-0.00241054,1.07699,-0.00884875,2.03261,-0.00252011,1.10189,-0.00843824,2.04173
5.24,-0.00244706,1.07699,-0.00884875,2.03261,-0.00255663,1.10189,-0.00843824,2.04173
5.242,-0.00244706,1.07702,-0.00889436,2.03261,-0.00255663,1.10186,-0.00848385,2.04181
5.244,-0.00244706,1.07702,-0.00889436,2.03261,-0.00252011,1.10191,-0.00848385,2.04181
5.246,-0.00244706,1.07699,-0.00884875,2.03261,-0.00255663,1.10189,-0.00843824,2.04181
5.248,-0.00244706,1.07699,-0.00884875,2.03252,-0.00252011,1.10191,-0.00839263,2.04181
5.25,-0.00244706,1.07702,-0.00889436,2.03261,-0.00255663,1.10189,-0.00843824,2.04173
5.252,-0.00241054,1.07702,-0.00889436,2.03261,-0.00255663,1.10189,-0.00843824,2.04181
5.254,-0.00244706,1.07702,-0.00889436,2.03261,-0.00252011,1.10189,-0.00843824,2.04181
5.256,-0.00241054,1.07702,-0.00889436,2.03261,-0.00255663,1.10189,-0.00843824,2.04173
5.258,-0.00244706,1.07699,-0.00893997,2.03252,-0.00255663,1.10189,-0.00843824,2.04173
5.26,-0.00244706,1.07699,-0.00884875,2.03252,-0.00255663,1.10189,-0.00843824,2.04173
5.262,-0.00248359,1.07699,-0.00893997,2.03252,-0.00259316,1.10189,-0.00843824,2.04173
5.264,-0.00244706,1.07702,-0.00889436,2.03261,-0.00252011,1.10191,-0.00839263,2.04181
5.266,-0.00244706,1.07702,-0.00889436,2.03261,-0.00252011,1.10191,-0.00839263,2.04181
5.268,-0.00241054,1.07699,-0.00884875,2.03261,-0.00252011,1.10186,-0.00848385,2.04181
5.27,-0.00241054,1.07702,-0.00889436,2.03261,-0.00252011,1.10191,-0.00848385,2.04181
5.272,-0.00241054,1.07696,-0.00889436,2.03252,-0.00255663,1.10189,-0.00843824,2.04173
5.274,-0.00244706,1.07702,-0.00889436,2.03261,-0.00255663,1.10189,-0.00843824,2.04181
5.276,-0.00244706,1.07699,-0.00884875,2.03261,-0.00252011,1.10186,-0.00848385,2.04181
5.278,-0.00244706,1.07702,-0.00889436,2.03261,-0.00252011,1.10189,-0.00843824,2.04173
5.28,-0.00244706,1.07702,-0.00889436,2.03261,-0.00252011,1.10189,-0.00843824,2.04173
5.282,-0.00241054,1.07699,-0.00893997,2.03261,-0.00252011,1.10189,-0.00843824,2.04181
5.284,-0.00244706,1.07699,-0.00884875,2.03261,-0.00255663,1.10189,-0.00843824,2.04173
5.286,-0.00241054,1.07699,-0.00884875,2.03252,-0.00252011,1.10191,-0.00839263,2.04181
5.288,-0.00241054,1.07702,-0.00889436,2.03261,-0.00255663,1.10189,-0.00843824,2.04181
5.29,-0.00241054,1.07699,-0.00884875,2.03261,-0.00252011,1.10189,-0.00843824,2.04181
5.292,-0.00241054,1.07702,-0.00889436,2.03261,-0.00252011,1.10189,-0.00843824,2.04173
5.294,-0.00241054,1.07702,-0.00889436,2.03261,-0.00255663,1.10189,-0.00843824,2.04173
5.296,-0.00244706,1.07699,-0.00884875,2.03261,-0.00255663,1.10189,-0.00843824,2.04173
5.298,-0.00244706,1.07699,-0.00884875,2.03261,-0.00252011,1.10189,-0.00843824,2.04181
5.3,-0.00244706,1.07699,-0.00893997,2.03261,-0.00255663,1.10189,-0.00843824,2.04181
5.302,-0.00244706,1.07699,-0.00884875,2.03261,-0.00255663,1.10189,-0.00843824,2.04173
5.304,-0.00241054,1.07702,-0.00889436,2.03252,-0.00255663,1.10189,-0.00843824,2.04181
5.306,-0.00241054,1.07699,-0.00884875,2.03252,-0.00255663,1.10189,-0.00843824,2.04173
5.308,-0.00244706,1.07699,-0.00893997,2.03252,-0.00252011,1.10189,-0.00843824,2.04181
5.31,-0.00244706,1.07702,-0.00889436,2.03261,-0.00252011,1.10186,-0.00848385,2.04181
5.312,-0.00244706,1.07702,-0.00889436,2.03261,-0.00255663,1.10189,-0.00843824,2.04181
5.314,-0.00244706,1.07699,-0.00884875,2.03261,-0.00255663,1.10189,-0.00843824,2.04181
5.316,-0.00241054,1.07699,-0.00884875,2.03252,-0.00255663,1.10189,-0.00843824,2.04173
5.318,-0.00241054,1.07699,-0.00884875,2.03261,-0.00255663,1.10191,-0.00839263,2.04181
5.32,-0.00241054,1.07702,-0.00889436,2.03261,-0.00252011,1.10189,-0.00843824,2.04181
5.322,-0.00244706,1.07696,-0.00889436,2.03261,-0.00255663,1.10189,-0.00843824,2.04173
5.324,-0.00244706,1.07702,-0.00889436,2.03252,-0.00255663,1.10189,-0.00843824,2.04181
5.326,-0.00241054,1.07702,-0.00889436,2.03261,-0.00255663,1.10189,-0.00843824,2.04173
5.328,-0.00241054,1.07699,-0.00884875,2.03261,-0.00252011,1.10189,-0.00843824,2.04173
5.33,-0.00241054,1.07702,-0.00889436,2.03261,-0.00252011,1.10189,-0.00843824,2.04173
5.332,-0.00241054,1.07699,-0.00884875,2.03261,-0.00252011,1.10189,-0.00843824,2.04181
5.334,-0.00244706,1.07699,-0.00884875,2.03261,-0.00255663,1.10191,-0.00848385,2.04181
5.336,-0.00244706,1.07699,-0.00884875,2.03261,-0.00248359,1.10189,-0.00843824,2.04181
5.338,-0.00241054,1.07699,-0.00884875,2.03261,-0.00248359,1.10191,-0.00839263,2.04181
5.34,-0.00241054,1.07699,-0.00893997,2.03261,-0.00259316,1.10189,-0.00843824,2.04181
5.342,-0.00241054,1.07699,-0.00884875,2.03261,-0.00255663,1.10189,-0.00843824,2.04173
5.344,-0.00241054,1.07702,-0.00889436,2.03261,-0.00259316,1.10186,-0.00848385,2.04181
5.346,-0.00244706,1.07699,-0.00884875,2.03252,-0.00255663,1.10189,-0.00843824,2.04181
5.348,-0.00244706,1.07699,-0.00884875,2.03252,-0.00252011,1.10189,-0.00843824,2.04181
5.35,-0.00241054,1.07699,-0.00884875,2.03261,-0.00255663,1.10191,-0.00839263,2.04173
5.352,-0.00244706,1.07699,-0.00893997,2.03261,-0.00248359,1.10189,-0.00843824,2.04181
5.354,-0.00244706,1.07699,-0.00884875,2.03261,-0.00255663,1.10189,-0.00843824,2.04173
5.356,-0.00244706,1.07699,-0.00884875,2.03261,-0.00255663,1.10189,-0.00843824,2.04173
5.358,-0.00244706,1.07699,-0.00884875,2.03261,-0.00248359,1.10189,-0.00843824,2.04173
5.36,-0.00241054,1.07702,-0.00889436,2.03261,-0.00255663,1.10189,-0.00843824,2.04173
5.362,-0.00241054,1.07702,-0.00889436,2.03261,-0.00252011,1.10189,-0.00843824,2.04181
5.364,-0.00244706,1.07699,-0.00884875,2.03261,-0.00252011,1.10191,-0.00839263,2.04181
5.366,-0.00244706,1.07699,-0.00884875,2.03252,-0.00259316,1.10189,-0.00843824,2.04181
5.368,-0.00244706,1.07699,-0.00884875,2.03261,-0.00259316,1.10189,-0.00843824,2.04181
5.37,-0.00244706,1.07699,-0.00884875,2.03252,-0.00255663,1.10186,-0.00839263,2.04173
5.372,-0.00241054,1.07702,-0.00889436,2.03261,-0.00248359,1.10189,-0.00843824,2.04173
5.374,-0.00241054,1.07702,-0.00889436,2.03252,-0.00255663,1.10189,-0.00843824,2.04173
5.376,-0.00241054,1.07699,-0.00884875,2.03261,-0.00252011,1.10189,-0.00843824,2.04173
5.378,-0.00244706,1.07699,-0.00884875,2.03261,-0.00255663,1.10189,-0.00843824,2.04173
5.38,-0.00241054,1.07699,-0.00884875,2.03252,-0.00255663,1.10189,-0.00843824,2.04173
5.382,-0.00241054,1.07699,-0.00884875,2.03261,-0.00255663,1.10189,-0.00843824,2.04173
5.384,-0.00244706,1.07702,-0.00889436,2.03261,-0.00248359,1.10186,-0.00848385,2.04173
5.386,-0.00244706,1.07699,-0.00884875,2.03252,-0.00252011,1.10189,-0.00843824,2.04173
5.388,-0.00244706,1.07702,-0.00889436,2.03261,-0.00255663,1.10194,-0.00843824,2.04181
5.39,-0.00244706,1.07699,-0.00884875,2.03261,-0.00255663,1.10189,-0.00843824,2.04173
5.392,-0.00244706,1.07699,-0.00884875,2.03261,-0.00255663,1.10189,-0.00843824,2.04173
5.394,-0.00241054,1.07699,-0.00893997,2.03261,-0.00252011,1.10189,-0.00843824,2.04181
5.396,-0.00241054,1.07702,-0.00889436,2.03261,-0.00255663,1.10191,-0.00848385,2.04181
5.398,-0.00244706,1.07702,-0.00889436,2.03252,-0.00255663,1.10189,-0.00843824,2.04181
5.4,-0.00244706,1.07699,-0.00884875,2.03261,-0.00252011,1.10186,-0.00839263,2.04173
5.402,-0.00244706,1.07699,-0.00893997,2.03261,-0.00255663,1.10189,-0.00843824,2.04173
5.404,-0.00244706,1.07699,-0.00893997,2.03261,-0.00255663,1.10189,-0.00843824,2.04173
5.406,-0.00244706,1.07696,-0.00889436,2.03261,-0.00252011,1.10189,-0.00843824,2.04181
5.408,-0.00244706,1.07702,-0.00889436,2.03261,-0.00255663,1.10189,-0.00843824,2.04181
5.41,-0.00244706,1.07699,-0.00884875,2.03261,-0.00255663,1.10189,-0.00843824,2.04181
5.412,-0.00241054,1.07699,-0.00884875,2.03252,-0.00259316,1.10189,-0.00843824,2.04173
5.414,-0.00241054,1.07699,-0.00884875,2.03252,-0.00255663,1.10189,-0.00843824,2.04181
5.416,-0.00244706,1.07696,-0.00889436,2.03252,-0.00255663,1.10189,-0.00843824,2.04181
5.418,-0.00244706,1.07702,-0.00889436,2.03261,-0.00248359,1.10189,-0.00843824,2.04173
5.42,-0.00244706,1.07699,-0.00884875,2.03261,-0.00252011,1.10189,-0.00843824,2.04181
5.422,-0.00244706,1.07699,-0.00884875,2.03261,-0.00255663,1.10189,-0.00843824,2.04173
5.424,-0.00241054,1.07699,-0.00884875,2.03261,-0.00255663,1.10189,-0.00843824,2.04173
5.426,-0.00241054,1.07699,-0.00884875,2.03261,-0.00252011,1.10189,-0.00843824,2.04181
5.428,-0.00241054,1.07702,-0.00889436,2.03252,-0.00252011,1.10189,-0.00843824,2.04181
5.43,-0.00244706,1.07699,-0.00884875,2.03252,-0.00252011,1.10189,-0.00843824,2.04173
5.432,-0.00244706,1.07702,-0.00889436,2.03261,-0.00255663,1.10194,-0.00843824,2.04181
5.434,-0.00244706,1.07702,-0.00889436,2.03261,-0.00252011,1.10189,-0.00843824,2.04181
5.436,-0.00244706,1.07702,-0.00889436,2.03261,-0.00255663,1.10186,-0.00848385,2.04173
5.438,-0.00241054,1.07696,-0.00889436,2.03261,-0.00255663,1.10189,-0.00843824,2.04173
5.44,-0.00241054,1.07702,-0.00889436,2.03261,-0.00255663,1.10186,-0.00848385,2.04181
5.442,-0.00241054,1.07702,-0.00889436,2.03261,-0.00255663,1.10189,-0.00843824,2.04181
5.444,-0.00241054,1.07699,-0.00884875,2.03261,-0.00255663,1.10189,-0.00843824,2.04173
5.446,-0.00241054,1.07696,-0.00889436,2.03261,-0.00252011,1.10191,-0.00839263,2.04173
5.448,-0.00241054,1.07696,-0.00889436,2.03261,-0.00255663,1.10189,-0.00843824,2.04181
5.45,-0.00244706,1.07699,-0.00884875,2.03252,-0.00252011,1.10186,-0.00848385,2.04173
5.452,-0.00244706,1.07699,-0.00884875,2.03261,-0.00255663,1.10186,-0.00839263,2.04173
5.454,-0.00244706,1.07702,-0.00889436,2.03261,-0.00252011,1.10189,-0.00843824,2.04181
5.456,-0.00244706,1.07702,-0.00889436,2.03252,-0.00255663,1.10189,-0.00843824,2.04173
5.458,-0.00241054,1.07702,-0.00889436,2.03252,-0.00255663,1.10189,-0.00843824,2.04173
5.46,-0.00244706,1.07702,-0.00889436,2.03252,-0.00248359,1.10189,-0.00852946,2.04181
5.462,-0.00241054,1.07702,-0.00889436,2.03252,-0.00255663,1.10189,-0.00843824,2.04173
5.464,-0.00241054,1.07696,-0.00889436,2.03261,-0.00255663,1.10189,-0.00843824,2.04173
5.466,-0.00244706,1.07702,-0.00889436,2.03261,-0.00252011,1.10189,-0.00843824,2.04173
5.468,-0.00244706,1.07699,-0.00884875,2.03261,-0.00252011,1.10189,-0.00843824,2.04181
5.47,-0.00241054,1.07702,-0.00889436,2.03252,-0.00252011,1.10189,-0.00843824,2.04181
5.472,-0.00244706,1.07699,-0.00893997,2.03252,-0.00252011,1.10189,-0.00843824,2.04181
5.474,-0.00241054,1.07696,-0.00889436,2.03252,-0.00255663,1.10189,-0.00843824,2.04181
5.476,-0.00244706,1.07696,-0.00889436,2.03261,-0.00255663,1.10189,-0.00843824,2.04181
5.478,-0.00244706,1.07696,-0.00889436,2.03261,-0.00252011,1.10189,-0.00843824,2.04181
5.48,-0.00241054,1.07702,-0.00889436,2.03261,-0.00255663,1.10189,-0.00843824,2.04181
5.482,-0.00241054,1.07699,-0.00884875,2.03261,-0.00255663,1.10189,-0.00843824,2.04173
5.484,-0.00241054,1.07696,-0.00889436,2.03261,-0.00252011,1.10189,-0.00843824,2.04173
5.486,-0.00241054,1.07696,-0.00889436,2.03261,-0.00255663,1.10191,-0.00839263,2.04181
5.488,-0.00244706,1.07696,-0.00889436,2.03261,-0.00252011,1.10186,-0.00848385,2.04173
5.49,-0.00241054,1.07699,-0.00884875,2.03261,-0.00252011,1.10189,-0.00843824,2.04173
5.492,-0.00241054,1.07702,-0.00889436,2.03252,-0.00255663,1.10189,-0.00843824,2.04173
5.494,-0.00241054,1.07699,-0.00884875,2.03252,-0.00255663,1.10189,-0.00843824,2.04173
5.496,-0.00241054,1.07702,-0.00889436,2.03261,-0.00252011,1.10189,-0.00843824,2.04181
5.498,-0.00244706,1.07702,-0.00889436,2.03252,-0.00255663,1.10189,-0.00843824,2.04173
5.5,-0.00244706,1.07696,-0.00889436,2.03261,-0.00252011,1.10189,-0.00843824,2.04173
5.502,-0.00244706,1.07699,-0.00893997,2.03261,-0.00255663,1.10189,-0.00843824,2.04173
5.504,-0.00244706,1.07702,-0.00889436,2.03261,-0.00252011,1.10189,-0.00843824,2.04181
5.506,-0.00244706,1.07699,-0.00884875,2.03261,-0.00255663,1.10189,-0.00843824,2.04173
5.508,-0.00244706,1.07696,-0.00889436,2.03261,-0.00259316,1.10189,-0.00843824,2.04173
5.51,-0.00244706,1.07702,-0.00889436,2.03261,-0.00255663,1.10189,-0.00843824,2.04181
5.512,-0.00244706,1.07696,-0.00889436,2.03252,-0.00255663,1.10186,-0.00848385,2.04181
5.514,-0.00244706,1.07699,-0.00884875,2.03252,-0.00252011,1.10189,-0.00843824,2.04181
5.516,-0.00244706,1.07699,-0.00893997,2.03261,-0.00252011,1.10189,-0.00843824,2.04173
5.518,-0.00244706,1.07702,-0.00889436,2.03261,-0.00255663,1.10191,-0.00839263,2.04173
5.52,-0.00241054,1.07699,-0.00893997,2.03261,-0.00255663,1.10189,-0.00843824,2.04173
5.522,-0.00241054,1.07699,-0.00884875,2.03261,-0.00255663,1.10189,-0.00843824,2.04173
5.524,-0.00244706,1.07702,-0.00889436,2.03252,-0.00252011,1.10189,-0.00843824,2.04173
5.526,-0.00244706,1.07702,-0.00889436,2.03261,-0.00252011,1.10189,-0.00843824,2.04181
5.528,-0.00241054,1.07696,-0.00889436,2.03252,-0.00255663,1.10189,-0.00843824,2.04181
5.53,-0.00244706,1.07699,-0.00893997,2.03261,-0.00255663,1.10189,-0.00843824,2.04173
5.532,-0.00241054,1.07702,-0.00889436,2.03261,-0.00252011,1.10189,-0.00843824,2.04173
5.534,-0.00241054,1.07699,-0.00884875,2.03261,-0.00255663,1.10189,-0.00843824,2.04181
5.536,-0.00241054,1.07699,-0.00884875,2.03261,-0.00252011,1.10189,-0.00843824,2.04173
5.538,-0.00244706,1.07702,-0.00889436,2.03261,-0.00255663,1.10189,-0.00843824,2.04173
5.54,-0.00241054,1.07702,-0.00889436,2.03261,-0.00255663,1.10189,-0.00843824,2.04181
5.542,-0.00244706,1.07699,-0.00884875,2.03261,-0.00255663,1.10189,-0.00843824,2.04181
5.544,-0.00241054,1.07702,-0.00889436,2.03261,-0.00255663,1.10189,-0.00843824,2.04173
5.546,-0.00241054,1.07699,-0.00884875,2.03261,-0.00255663,1.10189,-0.00843824,2.04173
5.548,-0.00244706,1.07699,-0.00884875,2.03252,-0.00259316,1.10189,-0.00843824,2.04173
5.55,-0.00241054,1.07699,-0.00884875,2.03261,-0.00252011,1.10189,-0.00843824,2.04181
5.552,-0.00244706,1.07699,-0.00884875,2.03261,-0.00252011,1.10186,-0.00848385,2.04181
5.554,-0.00244706,1.07702,-0.00889436,2.03261,-0.00252011,1.10189,-0.00843824,2.04181
5.556,-0.00241054,1.07699,-0.00893997,2.03261,-0.00255663,1.10189,-0.00843824,2.04173
5.558,-0.00244706,1.07699,-0.00884875,2.03261,-0.00255663,1.10186,-0.00839263,2.04173
5.56,-0.00241054,1.07699,-0.00884875,2.03252,-0.00255663,1.10189,-0.00843824,2.04173
5.562,-0.00241054,1.07696,-0.00889436,2.03261,-0.00252011,1.10189,-0.00843824,2.04173
5.564,-0.00241054,1.07699,-0.00884875,2.03261,-0.00255663,1.10189,-0.00843824,2.04181
5.566,-0.00241054,1.07702,-0.00889436,2.03261,-0.00252011,1.10194,-0.00843824,2.04173
5.568,-0.00244706,1.07702,-0.00889436,2.03261,-0.00252011,1.10189,-0.00843824,2.04173
5.57,-0.00244706,1.07696,-0.00889436,2.03261,-0.00252011,1.10189,-0.00843824,2.04173
5.572,-0.00241054,1.07699,-0.00884875,2.03252,-0.00255663,1.10191,-0.00839263,2.04173
5.574,-0.00244706,1.07696,-0.00889436,2.03252,-0.00252011,1.10189,-0.00843824,2.04173
5.576,-0.00241054,1.07699,-0.00884875,2.03252,-0.00252011,1.10189,-0.00843824,2.04181
5.578,-0.00241054,1.07702,-0.00889436,2.03252,-0.00255663,1.10191,-0.00848385,2.04173
5.58,-0.00244706,1.07702,-0.00889436,2.03261,-0.00259316,1.10189,-0.00843824,2.04173
5.582,-0.00241054,1.07699,-0.00884875,2.03261,-0.00248359,1.10189,-0.00843824,2.04173
5.584,-0.00241054,1.07699,-0.00884875,2.03261,-0.00255663,1.10189,-0.00843824,2.04173
5.586,-0.00241054,1.07699,-0.00884875,2.03261,-0.00255663,1.10189,-0.00843824,2.04181
5.588,-0.00244706,1.07699,-0.00893997,2.03252,-0.00252011,1.10189,-0.00843824,2.04181
5.59,-0.00241054,1.07699,-0.00884875,2.03252,-0.00252011,1.10191,-0.00839263,2.04181
5.592,-0.00241054,1.07699,-0.00884875,2.03252,-0.00255663,1.10189,-0.00843824,2.04173
5.594,-0.00241054,1.07699,-0.00884875,2.03261,-0.00252011,1.10189,-0.00843824,2.04173
5.596,-0.00241054,1.07699,-0.00884875,2.03261,-0.00252011,1.10186,-0.00848385,2.04173
5.598,-0.00244706,1.07702,-0.00889436,2.03261,-0.00255663,1.10189,-0.00843824,2.04173
5.6,-0.00241054,1.07702,-0.00889436,2.03261,-0.00252011,1.10186,-0.00848385,2.04181
5.602,-0.00241054,1.07699,-0.00884875,2.03261,-0.00259316,1.10189,-0.00843824,2.04173
5.604,-0.00244706,1.07702,-0.00889436,2.03261,-0.00255663,1.10189,-0.00843824,2.04181
5.606,-0.00244706,1.07699,-0.00884875,2.03252,-0.00255663,1.10189,-0.00843824,2.04173
5.608,-0.00241054,1.07699,-0.00893997,2.03252,-0.00252011,1.10191,-0.00839263,2.04173
5.61,-0.00241054,1.07699,-0.00893997,2.03252,-0.00252011,1.10189,-0.00843824,2.04173
5.612,-0.00241054,1.07702,-0.00889436,2.03261,-0.00255663,1.10189,-0.00843824,2.04181
5.614,-0.00241054,1.07702,-0.00889436,2.03261,-0.00252011,1.10189,-0.00843824,2.04173
5.616,-0.00241054,1.07699,-0.00884875,2.03261,-0.00252011,1.10189,-0.00843824,2.04181
5.618,-0.00241054,1.07699,-0.00893997,2.03252,-0.00252011,1.10189,-0.00843824,2.04173
5.62,-0.00244706,1.07702,-0.00889436,2.03261,-0.00252011,1.10189,-0.00843824,2.04173
5.622,-0.00244706,1.07696,-0.00889436,2.03261,-0.00252011,1.10189,-0.00843824,2.04181
5.624,-0.00244706,1.07696,-0.00889436,2.03261,-0.00252011,1.10189,-0.00843824,2.04173
5.626,-0.00244706,1.07699,-0.00884875,2.03261,-0.00252011,1.10189,-0.00843824,2.04173
5.628,-0.00244706,1.07699,-0.00884875,2.03252,-0.00248359,1.10189,-0.00843824,2.04173
5.63,-0.00241054,1.07699,-0.00884875,2.03252,-0.00255663,1.10189,-0.00843824,2.04181
5.632,-0.00244706,1.07699,-0.00893997,2.03261,-0.00248359,1.10186,-0.00848385,2.04181
5.634,-0.00244706,1.07702,-0.00889436,2.03261,-0.00252011,1.10189,-0.00843824,2.04181
5.636,-0.00244706,1.07699,-0.00884875,2.03252,-0.00252011,1.10186,-0.00848385,2.04173
5.638,-0.00241054,1.07702,-0.00889436,2.03252,-0.00252011,1.10189,-0.00843824,2.04173
5.64,-0.00241054,1.07702,-0.00889436,2.03261,-0.00255663,1.10189,-0.00843824,2.04181
5.642,-0.00241054,1.07696,-0.00889436,2.03261,-0.00252011,1.10189,-0.00843824,2.04181
5.644,-0.00241054,1.07699,-0.00884875,2.03261,-0.00255663,1.10189,-0.00843824,2.04181
5.646,-0.00241054,1.07699,-0.00884875,2.03261,-0.00252011,1.10189,-0.00843824,2.04181
5.648,-0.00241054,1.07702,-0.00889436,2.03261,-0.00252011,1.10191,-0.00848385,2.04181
5.65,-0.00241054,1.07699,-0.00884875,2.03261,-0.00255663,1.10186,-0.00848385,2.04173
5.652,-0.00241054,1.07702,-0.00889436,2.03261,-0.00252011,1.10189,-0.00843824,2.04181
5.654,-0.00244706,1.07702,-0.00889436,2.03261,-0.00252011,1.10189,-0.00843824,2.04181
5.656,-0.00241054,1.07702,-0.00889436,2.03261,-0.00259316,1.10194,-0.00843824,2.04173
5.658,-0.00244706,1.07696,-0.00889436,2.03261,-0.00255663,1.10189,-0.00843824,2.04181
5.66,-0.00241054,1.07696,-0.00889436,2.03261,-0.00255663,1.10191,-0.00848385,2.04181
5.662,-0.00241054,1.07696,-0.00889436,2.03261,-0.00252011,1.10186,-0.00848385,2.04181
5.664,-0.00244706,1.07699,-0.00893997,2.03261,-0.00259316,1.10189,-0.00852946,2.04181
5.666,-0.00244706,1.07699,-0.00884875,2.03261,-0.00252011,1.10189,-0.00843824,2.04181
5.668,-0.00241054,1.07696,-0.00889436,2.03261,-0.00255663,1.10189,-0.00843824,2.04173
5.67,-0.00244706,1.07699,-0.00893997,2.03261,-0.00252011,1.10189,-0.00843824,2.04173
5.672,-0.00244706,1.07702,-0.00889436,2.03261,-0.00252011,1.10189,-0.00843824,2.04173
5.674,-0.00244706,1.07702,-0.00889436,2.03261,-0.00255663,1.10189,-0.00843824,2.04173
5.676,-0.00241054,1.07699,-0.00893997,2.03261,-0.00255663,1.10189,-0.00843824,2.04173
5.678,-0.00241054,1.07696,-0.00889436,2.03261,-0.00248359,1.10186,-0.00848385,2.04173
5.68,-0.00241054,1.07696,-0.00889436,2.03261,-0.00255663,1.10189,-0.00843824,2.04181
5.682,-0.00244706,1.07699,-0.00884875,2.03261,-0.00252011,1.10189,-0.00843824,2.04181
5.684,-0.00241054,1.07702,-0.00889436,2.03261,-0.00252011,1.10189,-0.00843824,2.04173
5.686,-0.00241054,1.07702,-0.00889436,2.03261,-0.00255663,1.10186,-0.00848385,2.04173
5.688,-0.00241054,1.07699,-0.00884875,2.03261,-0.00255663,1.10189,-0.00843824,2.04181
5.69,-0.00241054,1.07702,-0.00889436,2.03261,-0.00255663,1.10189,-0.00852946,2.04181
5.692,-0.00241054,1.07702,-0.00889436,2.03261,-0.00255663,1.10189,-0.00843824,2.04181
5.694,-0.00241054,1.07696,-0.00889436,2.03252,-0.00252011,1.10191,-0.00848385,2.04173
5.696,-0.00241054,1.07699,-0.00884875,2.03252,-0.00252011,1.10189,-0.00843824,2.04173
5.698,-0.00244706,1.07699,-0.00884875,2.03252,-0.00252011,1.10189,-0.00843824,2.04181
5.7,-0.00244706,1.07702,-0.00889436,2.03261,-0.00252011,1.10189,-0.00843824,2.04173
5.702,-0.00244706,1.07699,-0.00884875,2.03261,-0.00255663,1.10189,-0.00843824,2.04173
5.704,-0.00241054,1.07699,-0.00884875,2.03261,-0.00255663,1.10189,-0.00843824,2.04181
5.706,-0.00241054,1.07699,-0.00884875,2.03261,-0.00248359,1.10189,-0.00843824,2.04181
5.708,-0.00241054,1.07699,-0.00893997,2.03261,-0.00255663,1.10189,-0.00843824,2.04173
5.71,-0.00244706,1.07699,-0.00884875,2.03261,-0.00255663,1.10189,-0.00843824,2.04181
5.712,-0.00244706,1.07699,-0.00884875,2.03252,-0.00248359,1.10189,-0.00843824,2.04173
5.714,-0.00244706,1.07699,-0.00884875,2.03252,-0.00255663,1.10189,-0.00843824,2.04173
5.716,-0.00241054,1.07702,-0.00889436,2.03252,-0.00252011,1.10189,-0.00843824,2.04173
5.718,-0.00241054,1.07699,-0.00884875,2.03261,-0.00255663,1.10189,-0.00843824,2.04173
5.72,-0.00241054,1.07699,-0.00884875,2.03261,-0.00252011,1.10189,-0.00843824,2.04181
5.722,-0.00241054,1.07699,-0.00884875,2.03261,-0.00255663,1.10189,-0.00843824,2.04181
5.724,-0.00241054,1.07699,-0.00884875,2.03261,-0.00255663,1.10191,-0.00839263,2.04173
5.726,-0.00241054,1.07699,-0.00884875,2.03261,-0.00252011,1.10189,-0.00843824,2.04173
5.728,-0.00241054,1.07702,-0.00889436,2.03261,-0.00255663,1.10189,-0.00843824,2.04181
5.73,-0.00241054,1.07696,-0.00889436,2.03261,-0.00255663,1.10189,-0.00843824,2.04181
5.732,-0.00244706,1.07699,-0.00884875,2.03261,-0.00252011,1.10189,-0.00843824,2.04181
5.734,-0.00244706,1.07699,-0.00884875,2.03252,-0.00255663,1.10189,-0.00843824,2.04181
5.736,-0.00244706,1.07699,-0.00884875,2.03261,-0.00252011,1.10191,-0.00848385,2.04181
5.738,-0.00244706,1.07696,-0.00889436,2.03261,-0.00255663,1.10186,-0.00848385,2.04173
5.74,-0.00244706,1.07702,-0.00889436,2.03261,-0.00252011,1.10189,-0.00843824,2.04173
5.742,-0.00241054,1.07699,-0.00884875,2.03261,-0.00252011,1.10186,-0.00848385,2.04181
5.744,-0.00241054,1.07696,-0.00889436,2.03261,-0.00252011,1.10191,-0.00848385,2.04181
5.746,-0.00241054,1.07699,-0.00884875,2.03261,-0.00255663,1.10189,-0.00843824,2.04173
5.748,-0.00244706,1.07699,-0.00893997,2.03261,-0.00252011,1.10189,-0.00843824,2.04181
5.75,-0.00241054,1.07699,-0.00884875,2.03261,-0.00259316,1.10186,-0.00848385,2.04173
5.752,-0.00244706,1.07696,-0.00889436,2.03252,-0.00255663,1.10189,-0.00843824,2.04173
5.754,-0.00244706,1.07699,-0.00884875,2.03261,-0.00255663,1.10189,-0.00843824,2.04181
5.756,-0.00244706,1.07699,-0.00884875,2.03261,-0.00252011,1.10189,-0.00843824,2.04173
5.758,-0.00241054,1.07696,-0.00889436,2.03261,-0.00255663,1.10191,-0.00839263,2.04173
5.76,-0.00244706,1.07702,-0.00889436,2.03252,-0.00252011,1.10186,-0.00848385,2.04173
5.762,-0.00241054,1.07702,-0.00889436,2.03252,-0.00252011,1.10189,-0.00843824,2.04181
5.764,-0.00241054,1.07699,-0.00884875,2.03252,-0.00255663,1.10189,-0.00852946,2.04181
5.766,-0.00241054,1.07699,-0.00884875,2.03261,-0.00255663,1.10189,-0.00843824,2.04181
5.768,-0.00241054,1.07699,-0.00893997,2.03261,-0.00252011,1.10189,-0.00843824,2.04173
5.77,-0.00241054,1.07702,-0.00889436,2.03261,-0.00255663,1.10189,-0.00843824,2.04173
5.772,-0.00244706,1.07702,-0.00889436,2.03261,-0.00248359,1.10189,-0.00843824,2.04173
5.774,-0.00241054,1.07699,-0.00893997,2.03261,-0.00252011,1.10189,-0.00843824,2.04181
5.776,-0.00241054,1.07699,-0.00884875,2.03252,-0.00252011,1.10191,-0.00839263,2.04181
5.778,-0.00241054,1.07702,-0.00889436,2.03261,-0.00255663,1.10189,-0.00843824,2.04173
5.78,-0.00244706,1.07702,-0.00889436,2.03261,-0.00255663,1.10191,-0.00848385,2.04173
5.782,-0.00241054,1.07699,-0.00884875,2.03261,-0.00255663,1.10186,-0.00848385,2.04173
5.784,-0.00241054,1.07699,-0.00884875,2.03261,-0.00252011,1.10189,-0.00843824,2.04173
5.786,-0.00244706,1.07699,-0.00884875,2.03261,-0.00252011,1.10189,-0.00843824,2.04181
5.788,-0.00244706,1.07702,-0.00889436,2.03261,-0.00255663,1.10189,-0.00843824,2.04181
5.79,-0.00241054,1.07699,-0.00884875,2.03261,-0.00255663,1.10189,-0.00843824,2.04181
5.792,-0.00241054,1.07696,-0.00889436,2.03252,-0.00255663,1.10189,-0.00843824,2.04181
5.794,-0.00241054,1.07696,-0.00889436,2.03252,-0.00252011,1.10194,-0.00843824,2.04181
5.796,-0.00244706,1.07699,-0.00884875,2.03261,-0.00255663,1.10189,-0.00843824,2.04181
5.798,-0.00244706,1.07699,-0.00884875,2.03261,-0.00252011,1.10189,-0.00843824,2.04173
5.8,-0.00241054,1.07702,-0.00889436,2.03261,-0.00252011,1.10189,-0.00843824,2.04173
5.802,-0.00244706,1.07702,-0.00889436,2.03261,-0.00255663,1.10189,-0.00843824,2.04181
5.804,-0.00244706,1.07699,-0.00884875,2.03261,-0.00252011,1.10189,-0.00843824,2.04181
5.806,-0.00241054,1.07696,-0.00889436,2.03252,-0.00255663,1.10189,-0.00843824,2.04173
5.808,-0.00241054,1.07696,-0.00889436,2.03261,-0.00255663,1.10189,-0.00843824,2.04173
5.81,-0.00244706,1.07696,-0.00889436,2.03252,-0.00255663,1.10189,-0.00843824,2.04173
5.812,-0.00244706,1.07702,-0.00889436,2.03261,-0.00255663,1.10189,-0.00843824,2.04173
5.814,-0.00244706,1.07702,-0.00889436,2.03261,-0.00255663,1.10189,-0.00843824,2.04181
5.816,-0.00241054,1.07702,-0.00889436,2.03252,-0.00255663,1.10189,-0.00843824,2.04173
5.818,-0.00241054,1.07702,-0.00889436,2.03261,-0.00252011,1.10191,-0.00848385,2.04173
5.82,-0.00244706,1.07699,-0.00884875,2.03261,-0.00252011,1.10189,-0.00843824,2.04181
5.822,-0.00241054,1.07702,-0.00889436,2.03261,-0.00252011,1.10189,-0.00843824,2.04181
5.824,-0.00241054,1.07702,-0.00889436,2.03261,-0.00255663,1.10189,-0.00843824,2.04173
5.826,-0.00241054,1.07699,-0.00884875,2.03261,-0.00252011,1.10189,-0.00843824,2.04181
5.828,-0.00244706,1.07696,-0.00889436,2.03252,-0.00252011,1.10189,-0.00843824,2.04181
5.83,-0.00244706,1.07696,-0.00889436,2.03261,-0.00255663,1.10189,-0.00843824,2.04173
5.832,-0.00244706,1.07699,-0.00884875,2.03261,-0.00252011,1.10189,-0.00843824,2.04173
5.834,-0.00241054,1.07696,-0.00889436,2.03252,-0.00252011,1.10186,-0.00848385,2.04181
5.836,-0.00241054,1.07702,-0.00889436,2.03261,-0.00255663,1.10191,-0.00848385,2.04173
5.838,-0.00241054,1.07702,-0.00889436,2.03261,-0.00255663,1.10191,-0.00848385,2.04181
5.84,-0.00244706,1.07702,-0.00889436,2.03261,-0.00255663,1.10191,-0.00839263,2.04173
5.842,-0.00241054,1.07702,-0.00889436,2.03261,-0.00252011,1.10189,-0.00843824,2.04173
5.844,-0.00241054,1.07699,-0.00884875,2.03252,-0.00252011,1.10191,-0.00839263,2.04173
5.846,-0.00241054,1.07699,-0.00893997,2.03261,-0.00252011,1.10189,-0.00843824,2.04173
5.848,-0.00241054,1.07699,-0.00884875,2.03252,-0.00252011,1.10189,-0.00843824,2.04173
5.85,-0.00244706,1.07699,-0.00884875,2.03261,-0.00252011,1.10191,-0.00848385,2.04181
5.852,-0.00241054,1.07699,-0.00884875,2.03261,-0.00252011,1.10189,-0.00843824,2.04173
5.854,-0.00241054,1.07702,-0.00889436,2.03252,-0.00255663,1.10191,-0.00839263,2.04173
5.856,-0.00241054,1.07702,-0.00889436,2.03252,-0.00252011,1.10189,-0.00843824,2.04173
5.858,-0.00244706,1.07702,-0.00889436,2.03261,-0.00255663,1.10189,-0.00843824,2.04181
5.86,-0.00244706,1.07699,-0.00884875,2.03261,-0.00252011,1.10189,-0.00843824,2.04173
5.862,-0.00244706,1.07699,-0.00884875,2.03252,-0.00252011,1.10189,-0.00843824,2.04181
5.864,-0.00244706,1.07696,-0.00889436,2.03252,-0.00252011,1.10189,-0.00843824,2.04181
5.866,-0.00244706,1.07702,-0.00889436,2.03261,-0.00252011,1.10186,-0.00848385,2.04173
5.868,-0.00244706,1.07699,-0.00884875,2.03261,-0.00252011,1.10189,-0.00843824,2.04173
5.87,-0.00241054,1.07699,-0.00884875,2.03261,-0.00255663,1.10189,-0.00843824,2.04181
5.872,-0.00241054,1.07702,-0.00889436,2.03261,-0.00252011,1.10186,-0.00848385,2.04173
5.874,-0.00241054,1.07702,-0.00889436,2.03261,-0.00259316,1.10189,-0.00843824,2.04173
5.876,-0.00241054,1.07699,-0.00884875,2.03261,-0.00252011,1.10189,-0.00843824,2.04181
5.878,-0.00241054,1.07699,-0.00884875,2.03261,-0.00255663,1.10191,-0.00839263,2.04181
5.88,-0.00241054,1.07699,-0.00884875,2.03261,-0.00252011,1.10189,-0.00843824,2.04173
5.882,-0.00244706,1.07702,-0.00889436,2.03261,-0.00252011,1.10189,-0.00843824,2.04173
5.884,-0.00244706,1.07702,-0.00889436,2.03261,-0.00255663,1.10189,-0.00843824,2.04173
5.886,-0.00244706,1.07702,-0.00889436,2.03261,-0.00255663,1.10189,-0.00843824,2.04173
5.888,-0.00244706,1.07699,-0.00884875,2.03252,-0.00255663,1.10186,-0.00848385,2.04181
5.89,-0.00241054,1.07696,-0.00889436,2.03252,-0.00255663,1.10189,-0.00843824,2.04181
5.892,-0.00241054,1.07702,-0.00889436,2.03261,-0.00252011,1.10189,-0.00843824,2.04173
5.894,-0.00241054,1.07699,-0.00893997,2.03261,-0.00255663,1.10189,-0.00843824,2.04181
5.896,-0.00244706,1.07699,-0.00884875,2.03252,-0.00255663,1.10191,-0.00848385,2.04173
5.898,-0.00244706,1.07699,-0.00884875,2.03252,-0.00255663,1.10189,-0.00843824,2.04173
5.9,-0.00244706,1.07699,-0.00884875,2.03261,-0.00252011,1.10189,-0.00843824,2.04173
5.902,-0.00244706,1.07702,-0.00889436,2.03252,-0.00252011,1.10189,-0.00843824,2.04173
5.904,-0.00244706,1.07702,-0.00889436,2.03252,-0.00255663,1.10191,-0.00839263,2.04173
5.906,-0.00244706,1.07702,-0.00889436,2.03261,-0.00255663,1.10189,-0.00843824,2.04173
5.908,-0.00241054,1.07702,-0.00889436,2.03261,-0.00255663,1.10189,-0.00843824,2.04181
5.91,-0.00244706,1.07702,-0.00889436,2.03261,-0.00255663,1.10186,-0.00848385,2.04173
5.912,-0.00241054,1.07702,-0.00889436,2.03261,-0.00252011,1.10189,-0.00843824,2.04181
5.914,-0.00244706,1.07696,-0.00889436,2.03261,-0.00255663,1.10189,-0.00843824,2.04181
5.916,-0.00244706,1.07702,-0.00889436,2.03252,-0.00259316,1.10189,-0.00843824,2.04181
5.918,-0.00244706,1.07699,-0.00893997,2.03261,-0.00255663,1.10191,-0.00848385,2.04173
5.92,-0.00244706,1.07702,-0.00889436,2.03261,-0.00252011,1.10191,-0.00848385,2.04173
5.922,-0.00241054,1.07699,-0.00884875,2.03261,-0.00252011,1.10186,-0.00848385,2.04181
5.924,-0.00244706,1.07696,-0.00889436,2.03261,-0.00252011,1.10189,-0.00843824,2.04181
5.926,-0.00241054,1.07702,-0.00889436,2.03261,-0.00252011,1.10189,-0.00843824,2.04181
5.928,-0.00244706,1.07699,-0.00884875,2.03261,-0.00255663,1.10189,-0.00843824,2.04173
5.93,-0.00244706,1.07702,-0.00889436,2.03261,-0.00255663,1.10189,-0.00843824,2.04181
5.932,-0.00244706,1.07696,-0.00889436,2.03261,-0.00252011,1.10189,-0.00843824,2.04173
5.934,-0.00244706,1.07699,-0.00884875,2.03252,-0.00255663,1.10189,-0.00843824,2.04173
5.936,-0.00244706,1.07702,-0.00889436,2.03252,-0.00259316,1.10194,-0.00843824,2.04181
5.938,-0.00241054,1.07702,-0.00889436,2.03261,-0.00252011,1.10189,-0.00843824,2.04173
5.94,-0.00244706,1.07702,-0.00889436,2.03261,-0.00252011,1.10189,-0.00843824,2.04173
5.942,-0.00241054,1.07699,-0.00884875,2.03261,-0.00252011,1.10194,-0.00843824,2.04181
5.944,-0.00244706,1.07702,-0.00889436,2.03261,-0.00255663,1.10186,-0.00848385,2.04181
5.946,-0.00241054,1.07702,-0.00889436,2.03261,-0.00252011,1.10191,-0.00848385,2.04173
5.948,-0.00244706,1.07699,-0.00893997,2.03252,-0.00255663,1.10191,-0.00839263,2.04173
5.95,-0.00244706,1.07699,-0.00884875,2.03261,-0.00252011,1.10189,-0.00843824,2.04173
5.952,-0.00241054,1.07702,-0.00889436,2.03261,-0.00255663,1.10189,-0.00843824,2.04173
5.954,-0.00241054,1.07696,-0.00889436,2.03261,-0.00259316,1.10189,-0.00843824,2.04173
5.956,-0.00241054,1.07702,-0.00889436,2.03261,-0.00255663,1.10189,-0.00843824,2.04181
5.958,-0.00244706,1.07702,-0.00889436,2.03261,-0.00252011,1.10189,-0.00843824,2.04181
5.96,-0.00244706,1.07699,-0.00884875,2.03252,-0.00255663,1.10189,-0.00843824,2.04173
5.962,-0.00244706,1.07702,-0.00889436,2.03261,-0.00255663,1.10191,-0.00848385,2.04181
5.964,-0.00241054,1.07702,-0.00889436,2.03252,-0.00252011,1.10189,-0.00843824,2.04173
5.966,-0.00244706,1.07699,-0.00884875,2.03252,-0.00252011,1.10189,-0.00843824,2.04181
5.968,-0.00244706,1.07699,-0.00884875,2.03252,-0.00252011,1.10189,-0.00843824,2.04181
5.97,-0.00244706,1.07702,-0.00889436,2.03261,-0.00259316,1.10189,-0.00843824,2.04173
5.972,-0.00244706,1.07702,-0.00889436,2.03252,-0.00252011,1.10189,-0.00843824,2.04173
5.974,-0.00241054,1.07702,-0.00889436,2.03261,-0.00255663,1.10189,-0.00843824,2.04173
5.976,-0.00241054,1.07696,-0.00889436,2.03252,-0.00255663,1.10189,-0.00843824,2.04173
5.978,-0.00244706,1.07699,-0.00884875,2.03261,-0.00252011,1.10189,-0.00843824,2.04181
5.98,-0.00244706,1.07699,-0.00884875,2.03261,-0.00252011,1.10191,-0.00839263,2.04173
5.982,-0.00244706,1.07702,-0.00889436,2.03261,-0.00252011,1.10189,-0.00843824,2.04181
5.984,-0.00241054,1.07699,-0.00893997,2.03261,-0.00255663,1.10189,-0.00843824,2.04181
5.986,-0.00241054,1.07702,-0.00889436,2.03261,-0.00255663,1.10189,-0.00843824,2.04181
5.988,-0.00241054,1.07699,-0.00884875,2.03261,-0.00255663,1.10191,-0.00839263,2.04173
5.99,-0.00241054,1.07699,-0.00884875,2.03261,-0.00252011,1.10189,-0.00843824,2.04173
5.992,-0.00241054,1.07699,-0.00884875,2.03261,-0.00255663,1.10189,-0.00843824,2.04181
5.994,-0.00244706,1.07699,-0.00893997,2.03261,-0.00255663,1.10189,-0.00843824,2.04181
5.996,-0.00244706,1.07702,-0.00889436,2.03261,-0.00252011,1.10191,-0.00839263,2.04173
5.998,-0.00241054,1.07702,-0.00889436,2.03261,-0.00255663,1.10189,-0.00843824,2.04181
6,-0.00244706,1.07702,-0.00889436,2.03261,-0.00255663,1.10186,-0.00848385,2.04173
6.002,-0.00244706,1.07702,-0.00889436,2.03261,-0.00255663,1.10189,-0.00843824,2.04181
6.004,-0.00244706,1.07702,-0.00889436,2.03252,-0.00259316,1.10189,-0.00843824,2.04173
6.006,-0.00241054,1.07699,-0.00884875,2.03261,-0.00255663,1.10189,-0.00843824,2.04173
6.008,-0.00241054,1.07699,-0.00884875,2.03261,-0.00255663,1.10189,-0.00843824,2.04181
6.01,-0.00241054,1.07699,-0.00893997,2.03261,-0.00252011,1.10186,-0.00848385,2.04173
6.012,-0.00244706,1.07702,-0.00889436,2.03261,-0.00252011,1.10191,-0.00848385,2.04173
6.014,-0.00244706,1.07699,-0.00884875,2.03261,-0.00255663,1.10189,-0.00843824,2.04173
6.016,-0.00244706,1.07699,-0.00893997,2.03261,-0.00255663,1.10186,-0.00848385,2.04181
6.018,-0.00244706,1.07702,-0.00889436,2.03261,-0.00255663,1.10191,-0.00848385,2.04181
6.02,-0.00241054,1.07702,-0.00889436,2.03252,-0.00259316,1.10189,-0.00843824,2.04173
6.022,-0.00241054,1.07702,-0.00889436,2.03252,-0.00255663,1.10186,-0.00848385,2.04173
6.024,-0.00241054,1.07702,-0.00889436,2.03261,-0.00255663,1.10186,-0.00848385,2.04173
6.026,-0.00241054,1.07702,-0.00889436,2.03261,-0.00252011,1.10189,-0.00843824,2.04173
6.028,-0.00244706,1.07699,-0.00884875,2.03261,-0.00252011,1.10186,-0.00848385,2.04173
6.03,-0.00244706,1.07696,-0.00889436,2.03261,-0.00255663,1.10189,-0.00843824,2.04181
6.032,-0.00244706,1.07702,-0.00889436,2.03261,-0.00255663,1.10189,-0.00843824,2.04181
6.034,-0.00241054,1.07699,-0.00884875,2.03252,-0.00252011,1.10189,-0.00843824,2.04173
6.036,-0.00244706,1.07699,-0.00884875,2.03261,-0.00255663,1.10189,-0.00843824,2.04173
6.038,-0.00241054,1.07702,-0.00889436,2.03261,-0.00255663,1.10189,-0.00843824,2.04181
6.04,-0.00244706,1.07702,-0.00889436,2.03261,-0.00252011,1.10189,-0.00843824,2.04181
6.042,-0.00241054,1.07702,-0.00889436,2.03252,-0.00252011,1.10189,-0.00843824,2.04173
6.044,-0.00244706,1.07699,-0.00884875,2.03252,-0.00252011,1.10186,-0.00848385,2.04173
6.046,-0.00244706,1.07699,-0.00884875,2.03261,-0.00252011,1.10189,-0.00843824,2.04181
6.048,-0.00244706,1.07699,-0.00884875,2.03261,-0.00255663,1.10186,-0.00848385,2.04173
6.05,-0.00241054,1.07702,-0.00889436,2.03261,-0.00255663,1.10189,-0.00843824,2.04181
6.052,-0.00244706,1.07699,-0.00893997,2.03252,-0.00252011,1.10189,-0.00843824,2.04181
6.054,-0.00241054,1.07702,-0.00889436,2.03261,-0.00252011,1.10189,-0.00843824,2.04181
6.056,-0.00244706,1.07702,-0.00889436,2.03252,-0.00252011,1.10189,-0.00843824,2.04181
6.058,-0.00244706,1.07702,-0.00889436,2.03252,-0.00255663,1.10189,-0.00843824,2.04173
6.06,-0.00241054,1.07702,-0.00889436,2.03261,-0.00252011,1.10189,-0.00843824,2.04181
6.062,-0.00244706,1.07702,-0.00889436,2.03261,-0.00255663,1.10189,-0.00843824,2.04173
6.064,-0.00241054,1.07702,-0.00889436,2.03261,-0.00252011,1.10189,-0.00843824,2.04181
6.066,-0.00244706,1.07699,-0.00884875,2.03252,-0.00255663,1.10189,-0.00843824,2.04173
6.068,-0.00244706,1.07699,-0.00884875,2.03252,-0.00252011,1.10189,-0.00843824,2.04181
6.07,-0.00244706,1.07702,-0.00889436,2.03252,-0.00255663,1.10191,-0.00848385,2.04173
6.072,-0.00241054,1.07702,-0.00889436,2.03261,-0.00255663,1.10189,-0.00843824,2.04173
6.074,-0.00241054,1.07702,-0.00889436,2.03261,-0.00259316,1.10189,-0.00843824,2.04173
6.076,-0.00241054,1.07699,-0.00884875,2.03261,-0.00252011,1.10189,-0.00843824,2.04181
6.078,-0.00241054,1.07702,-0.00889436,2.03261,-0.00255663,1.10189,-0.00843824,2.04181
6.08,-0.00244706,1.07699,-0.00884875,2.03252,-0.00252011,1.10189,-0.00843824,2.04173
6.082,-0.00244706,1.07702,-0.00889436,2.03252,-0.00252011,1.10186,-0.00848385,2.04181
6.084,-0.00244706,1.07702,-0.00889436,2.03252,-0.00255663,1.10189,-0.00843824,2.04181
6.086,-0.00241054,1.07699,-0.00884875,2.03252,-0.00255663,1.10189,-0.00843824,2.04181
6.088,-0.00244706,1.07699,-0.00884875,2.03261,-0.00255663,1.10189,-0.00843824,2.04173
6.09,-0.00241054,1.07699,-0.00884875,2.03261,-0.00255663,1.10189,-0.00843824,2.04173
6.092,-0.00244706,1.07699,-0.00884875,2.03261,-0.00252011,1.10189,-0.00843824,2.04181
6.094,-0.00241054,1.07699,-0.00893997,2.03261,-0.00255663,1.10189,-0.00843824,2.04173
6.096,-0.00244706,1.07699,-0.00893997,2.03261,-0.00252011,1.10191,-0.00848385,2.04181
6.098,-0.00244706,1.07699,-0.00884875,2.03261,-0.00252011,1.10189,-0.00843824,2.04181
6.1,-0.00241054,1.07699,-0.00884875,2.03261,-0.00255663,1.10189,-0.00843824,2.04173
6.102,-0.00244706,1.07696,-0.00889436,2.03261,-0.00252011,1.10189,-0.00852946,2.04181
6.104,-0.00244706,1.07702,-0.00889436,2.03261,-0.00252011,1.10189,-0.00843824,2.04181
6.106,-0.00244706,1.07699,-0.00884875,2.03261,-0.00259316,1.10189,-0.00843824,2.04173
6.108,-0.00244706,1.07699,-0.00884875,2.03261,-0.00252011,1.10189,-0.00843824,2.04181
6.11,-0.00241054,1.07702,-0.00889436,2.03261,-0.00252011,1.10189,-0.00843824,2.04181
6.112,-0.00241054,1.07702,-0.00889436,2.03252,-0.00252011,1.10189,-0.00843824,2.04181
6.114,-0.00244706,1.07699,-0.00884875,2.03261,-0.00252011,1.10186,-0.00839263,2.04181
6.116,-0.00241054,1.07699,-0.00884875,2.03261,-0.00255663,1.10189,-0.00843824,2.04173
6.118,-0.00244706,1.07702,-0.00889436,2.03252,-0.00255663,1.10189,-0.00843824,2.04173
6.12,-0.00244706,1.07702,-0.00889436,2.03261,-0.00259316,1.10186,-0.00848385,2.04173
6.122,-0.00241054,1.07699,-0.00884875,2.03252,-0.00252011,1.10189,-0.00843824,2.04173
6.124,-0.00244706,1.07702,-0.00889436,2.03261,-0.00255663,1.10191,-0.00839263,2.04173
6.126,-0.00244706,1.07699,-0.00884875,2.03261,-0.00252011,1.10189,-0.00843824,2.04181
6.128,-0.00244706,1.07696,-0.00889436,2.03261,-0.00255663,1.10189,-0.00843824,2.04173
6.13,-0.00241054,1.07699,-0.00884875,2.03261,-0.00252011,1.10189,-0.00852946,2.04181
6.132,-0.00241054,1.07699,-0.00884875,2.03261,-0.00252011,1.10189,-0.00843824,2.04173
6.134,-0.00241054,1.07702,-0.00889436,2.03252,-0.00252011,1.10186,-0.00848385,2.04181
6.136,-0.00241054,1.07702,-0.00889436,2.03261,-0.00248359,1.10189,-0.00843824,2.04181
6.138,-0.00244706,1.07699,-0.00884875,2.03261,-0.00255663,1.10189,-0.00843824,2.04173
6.14,-0.00241054,1.07696,-0.00889436,2.03261,-0.00252011,1.10189,-0.00843824,2.04181
6.142,-0.00241054,1.07702,-0.00889436,2.03261,-0.00252011,1.10191,-0.00848385,2.04173
6.144,-0.00244706,1.07699,-0.00884875,2.03261,-0.00255663,1.10189,-0.00843824,2.04173
6.146,-0.00244706,1.07699,-0.00884875,2.03261,-0.00252011,1.10189,-0.00843824,2.04173
6.148,-0.00244706,1.07699,-0.00884875,2.03261,-0.00255663,1.10189,-0.00843824,2.04181
6.15,-0.00244706,1.07699,-0.00884875,2.03261,-0.00255663,1.10191,-0.00848385,2.04173
6.152,-0.00244706,1.07699,-0.00884875,2.03261,-0.00255663,1.10189,-0.00843824,2.04173
6.154,-0.00244706,1.07702,-0.00889436,2.03261,-0.00255663,1.10186,-0.00848385,2.04181
6.156,-0.00241054,1.07699,-0.00884875,2.03261,-0.00252011,1.10189,-0.00843824,2.04173
6.158,-0.00241054,1.07699,-0.00884875,2.03261,-0.00252011,1.10191,-0.00839263,2.04181
6.16,-0.00241054,1.07699,-0.00884875,2.03261,-0.00255663,1.10189,-0.00843824,2.04181
6.162,-0.00244706,1.07696,-0.00889436,2.03261,-0.00255663,1.10186,-0.00848385,2.04181
6.164,-0.00241054,1.07702,-0.00889436,2.03252,-0.00255663,1.10189,-0.00843824,2.04173
6.166,-0.00241054,1.07702,-0.00889436,2.03261,-0.00255663,1.10186,-0.00848385,2.04181
6.168,-0.00241054,1.07702,-0.00889436,2.03261,-0.00252011,1.10189,-0.00843824,2.04181
6.17,-0.00244706,1.07702,-0.00889436,2.03261,-0.00255663,1.10189,-0.00843824,2.04173
6.172,-0.00241054,1.07702,-0.00889436,2.03261,-0.00252011,1.10189,-0.00843824,2.04181
6.174,-0.00244706,1.07702,-0.00889436,2.03261,-0.00252011,1.10189,-0.00843824,2.04181
6.176,-0.00244706,1.07699,-0.00884875,2.03261,-0.00259316,1.10189,-0.00843824,2.04173
6.178,-0.00241054,1.07702,-0.00889436,2.03261,-0.00255663,1.10189,-0.00843824,2.04173
6.18,-0.00244706,1.07699,-0.00884875,2.03252,-0.00252011,1.10189,-0.00843824,2.04173
6.182,-0.00244706,1.07702,-0.00889436,2.03252,-0.00255663,1.10189,-0.00843824,2.04173
6.184,-0.00244706,1.07699,-0.00884875,2.03252,-0.00255663,1.10189,-0.00843824,2.04173
6.186,-0.00244706,1.07702,-0.00889436,2.03252,-0.00252011,1.10191,-0.00839263,2.04173
6.188,-0.00241054,1.07702,-0.00889436,2.03252,-0.00252011,1.10189,-0.00843824,2.04173
6.19,-0.00244706,1.07702,-0.00889436,2.03252,-0.00252011,1.10189,-0.00843824,2.04181
6.192,-0.00241054,1.07702,-0.00889436,2.03261,-0.00255663,1.10189,-0.00843824,2.04173
6.194,-0.00244706,1.07699,-0.00884875,2.03261,-0.00252011,1.10189,-0.00843824,2.04173
6.196,-0.00244706,1.07702,-0.00889436,2.03261,-0.00252011,1.10191,-0.00848385,2.04181
6.198,-0.00244706,1.07702,-0.00889436,2.03261,-0.00255663,1.10189,-0.00843824,2.04173
6.2,-0.00244706,1.07699,-0.00893997,2.03252,-0.00255663,1.10189,-0.00843824,2.04181
6.202,-0.00241054,1.07699,-0.00884875,2.03261,-0.00255663,1.10189,-0.00843824,2.04173
6.204,-0.00241054,1.07702,-0.00889436,2.03252,-0.00252011,1.10191,-0.00839263,2.04173
6.206,-0.00241054,1.07702,-0.00889436,2.03261,-0.00255663,1.10186,-0.00848385,2.04173
6.208,-0.00241054,1.07699,-0.00884875,2.03261,-0.00255663,1.10186,-0.00848385,2.04173
6.21,-0.00244706,1.07702,-0.00889436,2.03261,-0.00252011,1.10189,-0.00852946,2.04181
6.212,-0.00244706,1.07699,-0.00884875,2.03261,-0.00252011,1.10189,-0.00843824,2.04173
6.214,-0.00244706,1.07699,-0.00884875,2.03261,-0.00252011,1.10189,-0.00843824,2.04181
6.216,-0.00244706,1.07699,-0.00893997,2.03252,-0.00252011,1.10191,-0.00839263,2.04173
6.218,-0.00241054,1.07702,-0.00889436,2.03261,-0.00252011,1.10189,-0.00843824,2.04173
6.22,-0.00241054,1.07702,-0.00889436,2.03252,-0.00255663,1.10191,-0.00839263,2.04173
6.222,-0.00244706,1.07699,-0.00884875,2.03252,-0.00255663,1.10189,-0.00843824,2.04181
6.224,-0.00241054,1.07699,-0.00884875,2.03261,-0.00255663,1.10189,-0.00843824,2.04173
6.226,-0.00241054,1.07699,-0.00884875,2.03261,-0.00252011,1.10189,-0.00843824,2.04173
6.228,-0.00244706,1.07702,-0.00889436,2.03261,-0.00252011,1.10189,-0.00843824,2.04173
6.23,-0.00244706,1.07702,-0.00889436,2.03261,-0.00252011,1.10189,-0.00843824,2.04181
6.232,-0.00244706,1.07702,-0.00889436,2.03261,-0.00252011,1.10189,-0.00843824,2.04173
6.234,-0.00241054,1.07702,-0.00889436,2.03252,-0.00252011,1.10191,-0.00839263,2.04173
6.236,-0.00241054,1.07699,-0.00884875,2.03252,-0.00252011,1.10189,-0.00843824,2.04181
6.238,-0.00241054,1.07699,-0.00893997,2.03261,-0.00259316,1.10189,-0.00843824,2.04173
6.24,-0.00244706,1.07699,-0.00893997,2.03261,-0.00252011,1.10189,-0.00843824,2.04173
6.242,-0.00241054,1.07702,-0.00889436,2.03261,-0.00252011,1.10189,-0.00843824,2.04173
6.244,-0.00241054,1.07702,-0.00889436,2.03261,-0.00255663,1.10189,-0.00843824,2.04173
6.246,-0.00241054,1.07702,-0.00889436,2.03261,-0.00248359,1.10189,-0.00843824,2.04173
6.248,-0.00244706,1.07699,-0.00884875,2.03261,-0.00252011,1.10189,-0.00843824,2.04181
6.25,-0.00244706,1.07699,-0.00893997,2.03252,-0.00252011,1.10189,-0.00843824,2.04181
6.252,-0.00241054,1.07702,-0.00889436,2.03261,-0.00255663,1.10189,-0.00843824,2.04173
6.254,-0.00241054,1.07699,-0.00884875,2.03261,-0.00255663,1.10191,-0.00839263,2.04181
6.256,-0.00241054,1.07702,-0.00889436,2.03261,-0.00255663,1.10189,-0.00843824,2.04173
6.258,-0.00241054,1.07702,-0.00889436,2.03261,-0.00255663,1.10191,-0.00839263,2.04173
6.26,-0.00241054,1.07702,-0.00889436,2.03261,-0.00259316,1.10189,-0.00843824,2.04173
6.262,-0.00244706,1.07699,-0.00893997,2.03261,-0.00255663,1.10189,-0.00843824,2.04181
6.264,-0.00244706,1.07696,-0.00889436,2.03261,-0.00252011,1.10189,-0.00843824,2.04173
6.266,-0.00244706,1.07699,-0.00884875,2.03252,-0.00248359,1.10189,-0.00843824,2.04181
6.268,-0.00244706,1.07699,-0.00884875,2.03252,-0.00255663,1.10186,-0.00848385,2.04173
6.27,-0.00241054,1.07702,-0.00889436,2.03252,-0.00252011,1.10189,-0.00843824,2.04173
6.272,-0.00241054,1.07699,-0.00884875,2.03261,-0.00252011,1.10189,-0.00843824,2.04173
6.274,-0.00241054,1.07702,-0.00889436,2.03261,-0.00252011,1.10189,-0.00843824,2.04173
6.276,-0.00241054,1.07702,-0.00889436,2.03261,-0.00255663,1.10189,-0.00843824,2.04173
6.278,-0.00241054,1.07699,-0.00884875,2.03252,-0.00255663,1.10194,-0.00843824,2.04181
6.28,-0.00241054,1.07699,-0.00884875,2.03261,-0.00252011,1.10191,-0.00848385,2.04173
6.282,-0.00244706,1.07699,-0.00884875,2.03252,-0.00252011,1.10189,-0.00843824,2.04181
6.284,-0.00244706,1.07702,-0.00889436,2.03252,-0.00252011,1.10189,-0.00843824,2.04173
6.286,-0.00241054,1.07702,-0.00889436,2.03261,-0.00252011,1.10189,-0.00843824,2.04173
6.288,-0.00244706,1.07702,-0.00889436,2.03261,-0.00255663,1.10189,-0.00843824,2.04173
6.29,-0.00241054,1.07702,-0.00889436,2.03261,-0.00259316,1.10191,-0.00839263,2.04181
6.292,-0.00241054,1.07702,-0.00889436,2.03261,-0.00259316,1.10189,-0.00843824,2.04181
6.294,-0.00241054,1.07699,-0.00884875,2.03261,-0.00255663,1.10189,-0.00843824,2.04181
6.296,-0.00241054,1.07699,-0.00884875,2.03261,-0.00255663,1.10189,-0.00852946,2.04181
6.298,-0.00244706,1.07699,-0.00884875,2.03261,-0.00252011,1.10189,-0.00843824,2.04181
6.3,-0.00244706,1.07696,-0.00889436,2.03261,-0.00259316,1.10189,-0.00843824,2.04181
6.302,-0.00244706,1.07702,-0.00889436,2.03261,-0.00252011,1.10189,-0.00843824,2.04181
6.304,-0.00244706,1.07702,-0.00889436,2.03261,-0.00255663,1.10186,-0.00839263,2.04181
6.306,-0.00241054,1.07699,-0.00884875,2.03261,-0.00248359,1.10186,-0.00839263,2.04181
6.308,-0.00241054,1.07699,-0.00884875,2.03252,-0.00255663,1.10186,-0.00848385,2.04181
6.31,-0.00241054,1.07702,-0.00889436,2.03252,-0.00255663,1.10189,-0.00843824,2.04173
6.312,-0.00241054,1.07702,-0.00889436,2.03252,-0.00248359,1.10189,-0.00843824,2.04181
6.314,-0.00244706,1.07702,-0.00889436,2.03261,-0.00252011,1.10189,-0.00843824,2.04173
6.316,-0.00244706,1.07699,-0.00884875,2.03261,-0.00255663,1.10189,-0.00843824,2.04181
6.318,-0.00241054,1.07696,-0.00889436,2.03252,-0.00252011,1.10191,-0.00839263,2.04181
6.32,-0.00244706,1.07699,-0.00884875,2.03261,-0.00255663,1.10189,-0.00843824,2.04181
6.322,-0.00241054,1.07702,-0.00889436,2.03261,-0.00252011,1.10189,-0.00843824,2.04173
6.324,-0.00241054,1.07699,-0.00884875,2.03252,-0.00252011,1.10189,-0.00843824,2.04181
6.326,-0.00244706,1.07702,-0.00889436,2.03252,-0.00255663,1.10189,-0.00843824,2.04181
6.328,-0.00244706,1.07702,-0.00889436,2.03252,-0.00255663,1.10189,-0.00843824,2.04173
6.33,-0.00244706,1.07702,-0.00889436,2.03261,-0.00252011,1.10189,-0.00843824,2.04173
6.332,-0.00241054,1.07699,-0.00884875,2.03261,-0.00252011,1.10189,-0.00843824,2.04173
6.334,-0.00241054,1.07699,-0.00884875,2.03261,-0.00255663,1.10191,-0.00839263,2.04173
6.336,-0.00244706,1.07702,-0.00889436,2.03261,-0.00255663,1.10189,-0.00843824,2.04173
6.338,-0.00244706,1.07696,-0.00889436,2.03252,-0.00252011,1.10189,-0.00843824,2.04181
6.34,-0.00244706,1.07699,-0.00893997,2.03252,-0.00252011,1.10189,-0.00843824,2.04173
6.342,-0.00241054,1.07699,-0.00884875,2.03252,-0.00255663,1.10189,-0.00843824,2.04173
6.344,-0.00241054,1.07702,-0.00889436,2.03261,-0.00255663,1.10186,-0.00848385,2.04173
6.346,-0.00241054,1.07702,-0.00889436,2.03261,-0.00255663,1.10189,-0.00843824,2.04181
6.348,-0.00244706,1.07702,-0.00889436,2.03261,-0.00255663,1.10189,-0.00843824,2.04181
6.35,-0.00241054,1.07702,-0.00889436,2.03261,-0.00252011,1.10191,-0.00839263,2.04181
6.352,-0.00244706,1.07696,-0.00889436,2.03252,-0.00255663,1.10189,-0.00852946,2.04181
6.354,-0.00244706,1.07696,-0.00889436,2.03261,-0.00259316,1.10189,-0.00843824,2.04173
6.356,-0.00241054,1.07699,-0.00884875,2.03261,-0.00255663,1.10189,-0.00843824,2.04181
6.358,-0.00241054,1.07699,-0.00884875,2.03261,-0.00255663,1.10189,-0.00843824,2.04181
6.36,-0.00241054,1.07702,-0.00889436,2.03252,-0.00255663,1.10189,-0.00843824,2.04181
6.362,-0.00241054,1.07699,-0.00884875,2.03261,-0.00255663,1.10189,-0.00843824,2.04181
6.364,-0.00241054,1.07702,-0.00889436,2.03261,-0.00252011,1.10189,-0.00843824,2.04173
6.366,-0.00244706,1.07699,-0.00884875,2.03252,-0.00252011,1.10189,-0.00843824,2.04181
6.368,-0.00244706,1.07696,-0.00889436,2.03261,-0.00255663,1.10189,-0.00843824,2.04181
6.37,-0.00244706,1.07699,-0.00884875,2.03261,-0.00255663,1.10189,-0.00843824,2.04173
6.372,-0.00241054,1.07702,-0.00889436,2.03261,-0.00255663,1.10189,-0.00843824,2.04181
6.374,-0.00241054,1.07696,-0.00889436,2.03261,-0.00255663,1.10186,-0.00848385,2.04173
6.376,-0.00241054,1.07699,-0.00884875,2.03261,-0.00255663,1.10189,-0.00843824,2.04181
6.378,-0.00241054,1.07699,-0.00884875,2.03252,-0.00259316,1.10189,-0.00843824,2.04181
6.38,-0.00244706,1.07699,-0.00884875,2.03261,-0.00252011,1.10186,-0.00848385,2.04173
6.382,-0.00244706,1.07702,-0.00889436,2.03261,-0.00255663,1.10189,-0.00843824,2.04173
6.384,-0.00244706,1.07702,-0.00889436,2.03261,-0.00255663,1.10189,-0.00843824,2.04181
6.386,-0.00244706,1.07699,-0.00884875,2.03261,-0.00252011,1.10189,-0.00843824,2.04173
6.388,-0.00241054,1.07699,-0.00884875,2.03261,-0.00252011,1.10189,-0.00843824,2.04181
6.39,-0.00241054,1.07702,-0.00889436,2.03261,-0.00255663,1.10189,-0.00843824,2.04181
6.392,-0.00244706,1.07699,-0.00884875,2.03261,-0.00252011,1.10186,-0.00839263,2.04181
6.394,-0.00241054,1.07702,-0.00889436,2.03261,-0.00255663,1.10189,-0.00843824,2.04173
6.396,-0.00244706,1.07702,-0.00889436,2.03261,-0.00252011,1.10191,-0.00839263,2.04181
6.398,-0.00241054,1.07702,-0.00889436,2.03261,-0.00255663,1.10189,-0.00843824,2.04181
6.4,-0.00244706,1.07699,-0.00893997,2.03261,-0.00255663,1.10189,-0.00843824,2.04173
6.402,-0.00241054,1.07699,-0.00884875,2.03261,-0.00255663,1.10189,-0.00843824,2.04173
6.404,-0.00241054,1.07699,-0.00884875,2.03261,-0.00252011,1.10186,-0.00848385,2.04181
6.406,-0.00244706,1.07702,-0.00889436,2.03261,-0.00255663,1.10189,-0.00843824,2.04181
6.408,-0.00241054,1.07702,-0.00889436,2.03252,-0.00252011,1.10186,-0.00848385,2.04181
6.41,-0.00244706,1.07702,-0.00889436,2.03252,-0.00252011,1.10189,-0.00843824,2.04173
6.412,-0.00244706,1.07702,-0.00889436,2.03261,-0.00255663,1.10189,-0.00843824,2.04181
6.414,-0.00244706,1.07699,-0.00884875,2.03261,-0.00255663,1.10189,-0.00843824,2.04181
6.416,-0.00241054,1.07699,-0.00884875,2.03261,-0.00252011,1.10189,-0.00843824,2.04173
6.418,-0.00241054,1.07699,-0.00884875,2.03252,-0.00252011,1.10191,-0.00848385,2.04181
6.42,-0.00241054,1.07699,-0.00893997,2.03261,-0.00255663,1.10189,-0.00843824,2.04181
6.422,-0.00241054,1.07702,-0.00889436,2.03252,-0.00255663,1.10191,-0.00839263,2.04181
6.424,-0.00241054,1.07699,-0.00884875,2.03261,-0.00252011,1.10191,-0.00839263,2.04173
6.426,-0.00241054,1.07702,-0.00889436,2.03261,-0.00255663,1.10189,-0.00843824,2.04173
6.428,-0.00241054,1.07699,-0.00893997,2.03261,-0.00252011,1.10189,-0.00843824,2.04173
6.43,-0.00244706,1.07702,-0.00889436,2.03261,-0.00255663,1.10189,-0.00843824,2.04173
6.432,-0.00244706,1.07702,-0.00889436,2.03261,-0.00255663,1.10191,-0.00848385,2.04181
6.434,-0.00241054,1.07702,-0.00889436,2.03261,-0.00252011,1.10189,-0.00843824,2.04181
6.436,-0.00241054,1.07699,-0.00893997,2.03261,-0.00255663,1.10189,-0.00843824,2.04181
6.438,-0.00241054,1.07702,-0.00889436,2.03261,-0.00252011,1.10189,-0.00843824,2.04181
6.44,-0.00241054,1.07699,-0.00893997,2.03261,-0.00255663,1.10189,-0.00843824,2.04173
6.442,-0.00241054,1.07702,-0.00889436,2.03261,-0.00248359,1.10189,-0.00843824,2.04181
6.444,-0.00244706,1.07699,-0.00884875,2.03252,-0.00255663,1.10189,-0.00843824,2.04181
6.446,-0.00244706,1.07696,-0.00889436,2.03261,-0.00255663,1.10189,-0.00843824,2.04181
6.448,-0.00244706,1.07699,-0.00884875,2.03261,-0.00255663,1.10189,-0.00843824,2.04181
6.45,-0.00244706,1.07702,-0.00889436,2.03252,-0.00252011,1.10191,-0.00839263,2.04173
6.452,-0.00241054,1.07702,-0.00889436,2.03252,-0.00255663,1.10189,-0.00843824,2.04173
6.454,-0.00244706,1.07702,-0.00889436,2.03261,-0.00252011,1.10186,-0.00848385,2.04181
6.456,-0.00244706,1.07702,-0.00889436,2.03261,-0.00255663,1.10189,-0.00843824,2.04181
6.458,-0.00244706,1.07702,-0.00889436,2.03261,-0.00255663,1.10189,-0.00843824,2.04173
6.46,-0.00241054,1.07702,-0.00889436,2.03261,-0.00255663,1.10189,-0.00843824,2.04173
6.462,-0.00244706,1.07702,-0.00889436,2.03252,-0.00255663,1.10189,-0.00843824,2.04173
6.464,-0.00241054,1.07699,-0.00884875,2.03252,-0.00255663,1.10191,-0.00839263,2.04173
6.466,-0.00241054,1.07702,-0.00889436,2.03261,-0.00252011,1.10189,-0.00843824,2.04173
6.468,-0.00241054,1.07702,-0.00889436,2.03261,-0.00259316,1.10189,-0.00843824,2.04181
6.47,-0.00241054,1.07702,-0.00889436,2.03261,-0.00255663,1.10189,-0.00843824,2.04173
6.472,-0.00241054,1.07699,-0.00884875,2.03261,-0.00259316,1.10186,-0.00848385,2.04181
6.474,-0.00241054,1.07702,-0.00889436,2.03252,-0.00248359,1.10191,-0.00848385,2.04181
6.476,-0.00241054,1.07702,-0.00889436,2.03261,-0.00252011,1.10189,-0.00843824,2.04181
6.478,-0.00244706,1.07702,-0.00889436,2.03252,-0.00255663,1.10189,-0.00843824,2.04181
6.48,-0.00244706,1.07702,-0.00889436,2.03252,-0.00255663,1.10189,-0.00843824,2.04173
6.482,-0.00244706,1.07702,-0.00889436,2.03252,-0.00252011,1.10189,-0.00843824,2.04173
6.484,-0.00241054,1.07699,-0.00884875,2.03261,-0.00252011,1.10186,-0.00848385,2.04173
6.486,-0.00241054,1.07702,-0.00889436,2.03261,-0.00252011,1.10189,-0.00843824,2.04173
6.488,-0.00244706,1.07702,-0.00889436,2.03261,-0.00252011,1.10191,-0.00848385,2.04181
6.49,-0.00241054,1.07702,-0.00889436,2.03252,-0.00252011,1.10189,-0.00843824,2.04181
6.492,-0.00244706,1.07702,-0.00889436,2.03252,-0.00248359,1.10189,-0.00843824,2.04181
6.494,-0.00244706,1.07702,-0.00889436,2.03261,-0.00255663,1.10189,-0.00843824,2.04173
6.496,-0.00244706,1.07702,-0.00889436,2.03252,-0.00255663,1.10189,-0.00843824,2.04173
6.498,-0.00241054,1.07702,-0.00889436,2.03261,-0.00255663,1.10189,-0.00843824,2.04173
6.5,-0.00241054,1.07699,-0.00884875,2.03261,-0.00252011,1.10189,-0.00843824,2.04173
6.502,-0.00241054,1.07699,-0.00884875,2.03261,-0.00255663,1.10189,-0.00843824,2.04173
6.504,-0.00241054,1.07702,-0.00889436,2.03261,-0.00255663,1.10189,-0.00843824,2.04181
6.506,-0.00244706,1.07699,-0.00893997,2.03261,-0.00255663,1.10189,-0.00843824,2.04173
6.508,-0.00241054,1.07702,-0.00889436,2.03261,-0.00255663,1.10189,-0.00843824,2.04173
6.51,-0.00241054,1.07702,-0.00889436,2.03261,-0.00252011,1.10189,-0.00843824,2.04173
6.512,-0.00241054,1.07702,-0.00889436,2.03261,-0.00255663,1.10191,-0.00839263,2.04173
6.514,-0.00244706,1.07702,-0.00889436,2.03261,-0.00255663,1.10189,-0.00843824,2.04173
6.516,-0.00244706,1.07702,-0.00889436,2.03261,-0.00252011,1.10189,-0.00843824,2.04181
6.518,-0.00244706,1.07702,-0.00889436,2.03261,-0.00255663,1.10189,-0.00843824,2.04181
6.52,-0.00244706,1.07702,-0.00889436,2.03261,-0.00252011,1.10189,-0.00843824,2.04181
6.522,-0.00244706,1.07702,-0.00889436,2.03261,-0.00255663,1.10189,-0.00843824,2.04173
6.524,-0.00244706,1.07702,-0.00889436,2.03261,-0.00255663,1.10186,-0.00848385,2.04173
6.526,-0.00241054,1.07702,-0.00889436,2.03252,-0.00255663,1.10189,-0.00843824,2.04173
6.528,-0.00244706,1.07702,-0.00889436,2.03252,-0.00255663,1.10189,-0.00843824,2.04173
6.53,-0.00241054,1.07702,-0.00889436,2.03261,-0.00252011,1.10189,-0.00843824,2.04173
6.532,-0.00241054,1.07702,-0.00889436,2.03252,-0.00252011,1.10189,-0.00843824,2.04173
6.534,-0.00244706,1.07702,-0.00889436,2.03261,-0.00255663,1.10186,-0.00848385,2.04181
6.536,-0.00241054,1.07702,-0.00889436,2.03261,-0.00255663,1.10191,-0.00839263,2.04173
6.538,-0.00241054,1.07702,-0.00889436,2.03261,-0.00259316,1.10186,-0.00848385,2.04181
6.54,-0.00241054,1.07696,-0.00889436,2.03261,-0.00252011,1.10189,-0.00843824,2.04181
6.542,-0.00244706,1.07699,-0.00893997,2.03261,-0.00252011,1.10186,-0.00848385,2.04173
6.544,-0.00241054,1.07702,-0.00889436,2.03261,-0.00255663,1.10189,-0.00843824,2.04181
6.546,-0.00244706,1.07702,-0.00889436,2.03261,-0.00252011,1.10189,-0.00843824,2.04173
6.548,-0.00244706,1.07702,-0.00889436,2.03261,-0.00255663,1.10189,-0.00843824,2.04173
6.55,-0.00241054,1.07699,-0.00884875,2.03261,-0.00255663,1.10191,-0.00848385,2.04173
6.552,-0.00244706,1.07702,-0.00889436,2.03261,-0.00252011,1.10189,-0.00843824,2.04173
6.554,-0.00244706,1.07699,-0.00893997,2.03261,-0.00252011,1.10189,-0.00852946,2.04181
6.556,-0.00244706,1.07699,-0.00884875,2.03261,-0.00255663,1.10189,-0.00843824,2.04181
6.558,-0.00244706,1.07702,-0.00889436,2.03261,-0.00255663,1.10186,-0.00848385,2.04181
6.56,-0.00244706,1.07702,-0.00889436,2.03261,-0.00252011,1.10189,-0.00843824,2.04173
6.562,-0.00244706,1.07702,-0.00889436,2.03261,-0.00255663,1.10189,-0.00843824,2.04173
6.564,-0.00241054,1.07702,-0.00889436,2.03261,-0.00252011,1.10189,-0.00843824,2.04173
6.566,-0.00241054,1.07699,-0.00884875,2.03261,-0.00255663,1.10191,-0.00839263,2.04181
6.568,-0.00241054,1.07699,-0.00884875,2.03261,-0.00255663,1.10186,-0.00848385,2.04181
6.57,-0.00244706,1.07699,-0.00884875,2.03261,-0.00252011,1.10189,-0.00843824,2.04181
6.572,-0.00241054,1.07702,-0.00889436,2.03261,-0.00259316,1.10191,-0.00839263,2.04173
6.574,-0.00244706,1.07702,-0.00889436,2.03261,-0.00252011,1.10189,-0.00843824,2.04173
6.576,-0.00244706,1.07702,-0.00889436,2.03261,-0.00255663,1.10189,-0.00843824,2.04173
6.578,-0.00241054,1.07699,-0.00884875,2.03261,-0.00252011,1.10189,-0.00843824,2.04173
6.58,-0.00244706,1.07702,-0.00889436,2.03261,-0.00248359,1.10189,-0.00843824,2.04173
6.582,-0.00241054,1.07699,-0.00884875,2.03261,-0.00252011,1.10189,-0.00843824,2.04173
6.584,-0.00241054,1.07702,-0.00889436,2.03261,-0.00255663,1.10189,-0.00843824,2.04173
6.586,-0.00241054,1.07702,-0.00889436,2.03261,-0.00255663,1.10189,-0.00843824,2.04181
6.588,-0.00241054,1.07702,-0.00889436,2.03261,-0.00252011,1.10189,-0.00843824,2.04181
6.59,-0.00241054,1.07699,-0.00884875,2.03261,-0.00255663,1.10189,-0.00843824,2.04181
6.592,-0.00244706,1.07699,-0.00884875,2.03261,-0.00255663,1.10189,-0.00843824,2.04181
6.594,-0.00244706,1.07699,-0.00884875,2.03261,-0.00255663,1.10189,-0.00843824,2.04181
6.596,-0.00244706,1.07702,-0.00889436,2.03261,-0.00252011,1.10189,-0.00843824,2.04181
6.598,-0.00244706,1.07702,-0.00889436,2.03261,-0.00255663,1.10191,-0.00839263,2.04181
6.6,-0.00241054,1.07702,-0.00889436,2.03261,-0.00255663,1.10189,-0.00843824,2.04181
6.602,-0.00241054,1.07699,-0.00884875,2.03261,-0.00255663,1.10186,-0.00848385,2.04181
6.604,-0.00241054,1.07702,-0.00889436,2.03261,-0.00255663,1.10189,-0.00843824,2.04173
6.606,-0.00241054,1.07702,-0.00889436,2.03252,-0.00259316,1.10189,-0.00843824,2.04181
6.608,-0.00241054,1.07702,-0.00889436,2.03261,-0.00255663,1.10189,-0.00843824,2.04181
6.61,-0.00244706,1.07702,-0.00889436,2.03252,-0.00252011,1.10191,-0.00839263,2.04173
6.612,-0.00244706,1.07702,-0.00889436,2.03261,-0.00255663,1.10189,-0.00843824,2.04181
6.614,-0.00244706,1.07702,-0.00889436,2.03261,-0.00255663,1.10189,-0.00843824,2.04173
6.616,-0.00244706,1.07699,-0.00884875,2.03261,-0.00255663,1.10189,-0.00843824,2.04181
6.618,-0.00244706,1.07702,-0.00889436,2.03261,-0.00255663,1.10189,-0.00843824,2.04173
6.62,-0.00244706,1.07702,-0.00889436,2.03252,-0.00259316,1.10189,-0.00843824,2.04173
6.622,-0.00241054,1.07702,-0.00889436,2.03261,-0.00252011,1.10189,-0.00843824,2.04181
6.624,-0.00244706,1.07699,-0.00884875,2.03261,-0.00252011,1.10189,-0.00843824,2.04173
6.626,-0.00244706,1.07699,-0.00884875,2.03261,-0.00255663,1.10189,-0.00843824,2.04173
6.628,-0.00244706,1.07699,-0.00884875,2.03261,-0.00252011,1.10189,-0.00843824,2.04181
6.63,-0.00244706,1.07699,-0.00884875,2.03261,-0.00255663,1.10189,-0.00843824,2.04181
6.632,-0.00244706,1.07702,-0.00889436,2.03261,-0.00255663,1.10189,-0.00843824,2.04181
6.634,-0.00244706,1.07702,-0.00889436,2.03261,-0.00255663,1.10191,-0.00839263,2.04181
6.636,-0.00241054,1.07702,-0.00889436,2.03261,-0.00255663,1.10189,-0.00843824,2.04181
6.638,-0.00241054,1.07699,-0.00884875,2.03261,-0.00252011,1.10189,-0.00843824,2.04181
6.64,-0.00241054,1.07702,-0.00889436,2.03261,-0.00252011,1.10186,-0.00848385,2.04181
6.642,-0.00244706,1.07702,-0.00889436,2.03261,-0.00255663,1.10189,-0.00843824,2.04173
6.644,-0.00244706,1.07702,-0.00889436,2.03261,-0.00255663,1.10186,-0.00848385,2.04173
6.646,-0.00244706,1.07699,-0.00884875,2.03261,-0.00248359,1.10189,-0.00843824,2.04173
6.648,-0.00244706,1.07702,-0.00889436,2.03261,-0.00255663,1.10191,-0.00839263,2.04173
6.65,-0.00241054,1.07702,-0.00889436,2.03261,-0.00252011,1.10186,-0.00848385,2.04181
6.652,-0.00244706,1.07702,-0.00889436,2.03261,-0.00255663,1.10189,-0.00843824,2.04181
6.654,-0.00244706,1.07699,-0.00884875,2.03261,-0.00252011,1.10189,-0.00843824,2.04173
6.656,-0.00244706,1.07699,-0.00884875,2.03252,-0.00252011,1.10189,-0.00843824,2.04181
6.658,-0.00244706,1.07699,-0.00884875,2.03252,-0.00252011,1.10189,-0.00843824,2.04173
6.66,-0.00244706,1.07696,-0.00889436,2.03261,-0.00252011,1.10189,-0.00843824,2.04181
6.662,-0.00241054,1.07699,-0.00884875,2.03261,-0.00252011,1.10189,-0.00852946,2.04181
6.664,-0.00241054,1.07702,-0.00889436,2.03261,-0.00252011,1.10189,-0.00843824,2.04173
6.666,-0.00241054,1.07696,-0.00889436,2.03261,-0.00255663,1.10189,-0.00843824,2.04173
6.668,-0.00244706,1.07702,-0.00889436,2.03261,-0.00252011,1.10189,-0.00843824,2.04173
6.67,-0.00244706,1.07702,-0.00889436,2.03261,-0.00252011,1.10189,-0.00843824,2.04181
6.672,-0.00241054,1.07702,-0.00889436,2.03261,-0.00255663,1.10189,-0.00843824,2.04181
6.674,-0.00244706,1.07702,-0.00889436,2.03261,-0.00255663,1.10189,-0.00843824,2.04173
6.676,-0.00241054,1.07702,-0.00889436,2.03261,-0.00252011,1.10189,-0.00843824,2.04173
6.678,-0.00241054,1.07699,-0.00884875,2.03261,-0.00252011,1.10189,-0.00843824,2.04173
6.68,-0.00244706,1.07702,-0.00889436,2.03261,-0.00255663,1.10189,-0.00843824,2.04173
6.682,-0.00244706,1.07702,-0.00889436,2.03261,-0.00255663,1.10191,-0.00848385,2.04181
6.684,-0.00241054,1.07702,-0.00889436,2.03261,-0.00252011,1.10189,-0.00843824,2.04173
6.686,-0.00241054,1.07702,-0.00889436,2.03261,-0.00252011,1.10189,-0.00843824,2.04173
6.688,-0.00241054,1.07699,-0.00884875,2.03252,-0.00255663,1.10189,-0.00843824,2.04173
6.69,-0.00244706,1.07699,-0.00893997,2.03261,-0.00255663,1.10189,-0.00843824,2.04181
6.692,-0.00244706,1.07702,-0.00889436,2.03261,-0.00255663,1.10189,-0.00843824,2.04173
6.694,-0.00244706,1.07702,-0.00889436,2.03261,-0.00252011,1.10189,-0.00843824,2.04173
6.696,-0.00244706,1.07699,-0.00884875,2.03261,-0.00255663,1.10189,-0.00843824,2.04181
6.698,-0.00241054,1.07699,-0.00884875,2.03261,-0.00252011,1.10189,-0.00843824,2.04181
6.7,-0.00241054,1.07702,-0.00889436,2.03261,-0.00255663,1.10189,-0.00843824,2.04181
6.702,-0.00241054,1.07702,-0.00889436,2.03261,-0.00252011,1.10189,-0.00843824,2.04173
6.704,-0.00244706,1.07702,-0.00889436,2.03252,-0.00252011,1.10189,-0.00843824,2.04181
6.706,-0.00244706,1.07699,-0.00893997,2.03252,-0.00252011,1.10189,-0.00843824,2.04173
6.708,-0.00244706,1.07702,-0.00889436,2.03261,-0.00255663,1.10189,-0.00843824,2.04181
6.71,-0.00244706,1.07702,-0.00889436,2.03252,-0.00248359,1.10189,-0.00843824,2.04173
6.712,-0.00244706,1.07702,-0.00889436,2.03261,-0.00252011,1.10189,-0.00843824,2.04173
6.714,-0.00241054,1.07699,-0.00884875,2.03261,-0.00255663,1.10191,-0.00839263,2.04181
6.716,-0.00244706,1.07702,-0.00889436,2.03261,-0.00255663,1.10189,-0.00843824,2.04181
6.718,-0.00241054,1.07702,-0.00889436,2.03261,-0.00255663,1.10189,-0.00843824,2.04173
6.72,-0.00241054,1.07702,-0.00889436,2.03261,-0.00252011,1.10189,-0.00843824,2.04181
6.722,-0.00241054,1.07699,-0.00884875,2.03252,-0.00255663,1.10189,-0.00843824,2.04173
6.724,-0.00244706,1.07699,-0.00884875,2.03252,-0.00255663,1.10189,-0.00843824,2.04181
6.726,-0.00244706,1.07702,-0.00889436,2.03252,-0.00255663,1.10189,-0.00843824,2.04181
6.728,-0.00244706,1.07702,-0.00889436,2.03261,-0.00252011,1.10189,-0.00843824,2.04173
6.73,-0.00244706,1.07699,-0.00884875,2.03261,-0.00255663,1.10189,-0.00843824,2.04173
6.732,-0.00244706,1.07699,-0.00884875,2.03261,-0.00255663,1.10189,-0.00843824,2.04181
6.734,-0.00241054,1.07702,-0.00889436,2.03261,-0.00255663,1.10189,-0.00843824,2.04173
6.736,-0.00241054,1.07699,-0.00884875,2.03261,-0.00255663,1.10189,-0.00843824,2.04173
6.738,-0.00241054,1.07702,-0.00889436,2.03252,-0.00255663,1.10189,-0.00843824,2.04181
6.74,-0.00241054,1.07702,-0.00889436,2.03261,-0.00252011,1.10191,-0.00839263,2.04173
6.742,-0.00244706,1.07699,-0.00884875,2.03261,-0.00252011,1.10189,-0.00843824,2.04173
6.744,-0.00244706,1.07702,-0.00889436,2.03261,-0.00255663,1.10189,-0.00843824,2.04181
6.746,-0.00244706,1.07702,-0.00889436,2.03261,-0.00255663,1.10186,-0.00848385,2.04173
6.748,-0.00244706,1.07699,-0.00884875,2.03261,-0.00255663,1.10191,-0.00848385,2.04173
6.75,-0.00241054,1.07702,-0.00889436,2.03261,-0.00252011,1.10189,-0.00843824,2.04173
6.752,-0.00241054,1.07699,-0.00884875,2.03261,-0.00252011,1.10191,-0.00839263,2.04181
6.754,-0.00241054,1.07702,-0.00889436,2.03261,-0.00255663,1.10191,-0.00839263,2.04181
6.756,-0.00244706,1.07702,-0.00889436,2.03261,-0.00255663,1.10191,-0.00839263,2.04173
6.758,-0.00244706,1.07702,-0.00889436,2.03261,-0.00255663,1.10189,-0.00843824,2.04181
6.76,-0.00244706,1.07702,-0.00889436,2.03261,-0.00255663,1.10186,-0.00848385,2.04173
6.762,-0.00248359,1.07699,-0.00884875,2.03261,-0.00252011,1.10189,-0.00843824,2.04173
6.764,-0.00244706,1.07699,-0.00884875,2.03261,-0.00252011,1.10189,-0.00843824,2.04173
6.766,-0.00241054,1.07702,-0.00889436,2.03261,-0.00255663,1.10189,-0.00843824,2.04181
6.768,-0.00241054,1.07702,-0.00889436,2.03252,-0.00255663,1.10189,-0.00843824,2.04181
6.77,-0.00244706,1.07696,-0.00889436,2.03261,-0.00255663,1.10189,-0.00843824,2.04173
6.772,-0.00241054,1.07699,-0.00884875,2.03252,-0.00252011,1.10189,-0.00843824,2.04173
6.774,-0.00244706,1.07699,-0.00884875,2.03261,-0.00252011,1.10189,-0.00843824,2.04181
6.776,-0.00244706,1.07699,-0.00884875,2.03252,-0.00255663,1.10191,-0.00839263,2.04173
6.778,-0.00244706,1.07699,-0.00884875,2.03252,-0.00248359,1.10189,-0.00843824,2.04181
6.78,-0.00241054,1.07702,-0.00889436,2.03261,-0.00259316,1.10186,-0.00848385,2.04181
6.782,-0.00241054,1.07702,-0.00889436,2.03252,-0.00252011,1.10189,-0.00843824,2.04173
6.784,-0.00241054,1.07699,-0.00884875,2.03252,-0.00252011,1.10189,-0.00843824,2.04173
6.786,-0.00241054,1.07699,-0.00884875,2.03261,-0.00252011,1.10189,-0.00843824,2.04173
6.788,-0.00241054,1.07702,-0.00889436,2.03261,-0.00255663,1.10189,-0.00843824,2.04181
6.79,-0.00241054,1.07702,-0.00889436,2.03261,-0.00255663,1.10189,-0.00843824,2.04181
6.792,-0.00241054,1.07702,-0.00889436,2.03261,-0.00252011,1.10189,-0.00843824,2.04173
6.794,-0.00244706,1.07702,-0.00889436,2.03261,-0.00259316,1.10189,-0.00843824,2.04173
6.796,-0.00244706,1.07699,-0.00884875,2.03261,-0.00255663,1.10189,-0.00843824,2.04173
6.798,-0.00244706,1.07702,-0.00889436,2.03261,-0.00252011,1.10189,-0.00843824,2.04164
6.8,-0.00244706,1.07702,-0.00889436,2.03261,-0.00252011,1.10186,-0.00848385,2.04173
6.802,-0.00241054,1.07702,-0.00889436,2.03261,-0.00259316,1.10189,-0.00843824,2.04173
6.804,-0.00244706,1.07699,-0.00884875,2.03261,-0.00259316,1.10189,-0.00843824,2.04181
6.806,-0.00241054,1.07699,-0.00884875,2.03261,-0.00255663,1.10189,-0.00843824,2.04181
6.808,-0.00241054,1.07702,-0.00889436,2.03261,-0.00255663,1.10189,-0.00843824,2.04173
6.81,-0.00241054,1.07699,-0.00884875,2.03261,-0.00252011,1.10189,-0.00843824,2.04173
6.812,-0.00244706,1.07699,-0.00884875,2.03261,-0.00252011,1.10191,-0.00839263,2.04173
6.814,-0.00244706,1.07702,-0.00889436,2.03261,-0.00255663,1.10189,-0.00843824,2.04181
6.816,-0.00244706,1.07699,-0.00884875,2.03261,-0.00255663,1.10186,-0.00848385,2.04181
6.818,-0.00241054,1.07699,-0.00884875,2.03261,-0.00255663,1.10189,-0.00843824,2.04181
6.82,-0.00244706,1.07699,-0.00884875,2.03252,-0.00255663,1.10189,-0.00843824,2.04173
6.822,-0.00244706,1.07702,-0.00889436,2.03261,-0.00252011,1.10194,-0.00843824,2.04173
6.824,-0.00244706,1.07699,-0.00884875,2.03261,-0.00255663,1.10186,-0.00848385,2.04173
6.826,-0.00244706,1.07699,-0.00884875,2.03261,-0.00255663,1.10189,-0.00843824,2.04181
6.828,-0.00244706,1.07702,-0.00889436,2.03261,-0.00252011,1.10191,-0.00848385,2.04181
6.83,-0.00244706,1.07696,-0.00889436,2.03261,-0.00252011,1.10189,-0.00843824,2.04173
6.832,-0.00244706,1.07702,-0.00889436,2.03261,-0.00252011,1.10186,-0.00848385,2.04173
6.834,-0.00244706,1.07702,-0.00889436,2.03261,-0.00252011,1.10189,-0.00843824,2.04173
6.836,-0.00244706,1.07702,-0.00889436,2.03261,-0.00255663,1.10191,-0.00839263,2.04181
6.838,-0.00244706,1.07699,-0.00893997,2.03261,-0.00255663,1.10189,-0.00843824,2.04173
6.84,-0.00244706,1.07702,-0.00889436,2.03261,-0.00255663,1.10189,-0.00843824,2.04181
6.842,-0.00241054,1.07696,-0.00889436,2.03261,-0.00259316,1.10191,-0.00839263,2.04181
6.844,-0.00241054,1.07699,-0.00884875,2.03261,-0.00255663,1.10189,-0.00843824,2.04173
6.846,-0.00241054,1.07702,-0.00889436,2.03261,-0.00255663,1.10189,-0.00843824,2.04181
6.848,-0.00241054,1.07699,-0.00884875,2.03261,-0.00255663,1.10189,-0.00843824,2.04181
6.85,-0.00244706,1.07699,-0.00884875,2.03261,-0.00248359,1.10189,-0.00843824,2.04181
6.852,-0.00244706,1.07699,-0.00884875,2.03261,-0.00255663,1.10189,-0.00843824,2.04173
6.854,-0.00244706,1.07702,-0.00889436,2.03252,-0.00255663,1.10189,-0.00843824,2.04173
6.856,-0.00241054,1.07699,-0.00884875,2.03261,-0.00252011,1.10189,-0.00843824,2.04181
6.858,-0.00244706,1.07702,-0.00889436,2.03261,-0.00255663,1.10186,-0.00848385,2.04173
6.86,-0.00241054,1.07699,-0.00884875,2.03261,-0.00252011,1.10189,-0.00843824,2.04173
6.862,-0.00244706,1.07699,-0.00884875,2.03261,-0.00255663,1.10191,-0.00839263,2.04181
6.864,-0.00241054,1.07702,-0.00889436,2.03261,-0.00252011,1.10189,-0.00843824,2.04181
6.866,-0.00241054,1.07699,-0.00893997,2.03261,-0.00255663,1.10194,-0.00843824,2.04181
6.868,-0.00241054,1.07699,-0.00884875,2.03261,-0.00255663,1.10189,-0.00843824,2.04173
6.87,-0.00241054,1.07699,-0.00884875,2.03261,-0.00255663,1.10186,-0.00848385,2.04181
6.872,-0.00244706,1.07699,-0.00884875,2.03261,-0.00255663,1.10189,-0.00852946,2.04181
6.874,-0.00244706,1.07699,-0.00884875,2.03261,-0.00255663,1.10189,-0.00843824,2.04173
6.876,-0.00244706,1.07702,-0.00889436,2.03252,-0.00255663,1.10189,-0.00843824,2.04173
6.878,-0.00244706,1.07702,-0.00889436,2.03252,-0.00255663,1.10189,-0.00843824,2.04173
6.88,-0.00241054,1.07699,-0.00884875,2.03261,-0.00255663,1.10189,-0.00843824,2.04181
6.882,-0.00241054,1.07699,-0.00884875,2.03261,-0.00255663,1.10189,-0.00843824,2.04181
6.884,-0.00244706,1.07699,-0.00884875,2.03261,-0.00252011,1.10191,-0.00839263,2.04181
6.886,-0.00241054,1.07699,-0.00884875,2.03261,-0.00252011,1.10189,-0.00843824,2.04181
6.888,-0.00244706,1.07702,-0.00889436,2.03261,-0.00255663,1.10189,-0.00843824,2.04181
6.89,-0.00244706,1.07702,-0.00889436,2.03261,-0.00252011,1.10191,-0.00839263,2.04173
6.892,-0.00244706,1.07702,-0.00889436,2.03261,-0.00255663,1.10189,-0.00843824,2.04181
6.894,-0.00244706,1.07702,-0.00889436,2.03252,-0.00255663,1.10189,-0.00843824,2.04181
6.896,-0.00244706,1.07702,-0.00889436,2.03261,-0.00252011,1.10189,-0.00843824,2.04181
6.898,-0.00241054,1.07699,-0.00884875,2.03261,-0.00252011,1.10189,-0.00843824,2.04173
6.9,-0.00241054,1.07702,-0.00889436,2.03261,-0.00252011,1.10186,-0.00848385,2.04173
6.902,-0.00241054,1.07702,-0.00889436,2.03261,-0.00255663,1.10189,-0.00843824,2.04173
6.904,-0.00241054,1.07702,-0.00889436,2.03261,-0.00252011,1.10186,-0.00848385,2.04181
6.906,-0.00241054,1.07702,-0.00889436,2.03261,-0.00255663,1.10189,-0.00843824,2.04181
6.908,-0.00244706,1.07702,-0.00889436,2.03261,-0.00252011,1.10189,-0.00843824,2.04181
6.91,-0.00244706,1.07699,-0.00884875,2.03261,-0.00252011,1.10189,-0.00843824,2.04181
6.912,-0.00244706,1.07702,-0.00889436,2.03261,-0.00255663,1.10189,-0.00843824,2.04181
6.914,-0.00244706,1.07699,-0.00884875,2.03261,-0.00255663,1.10189,-0.00843824,2.04173
6.916,-0.00241054,1.07702,-0.00889436,2.03261,-0.00252011,1.10189,-0.00843824,2.04181
6.918,-0.00241054,1.07702,-0.00889436,2.03261,-0.00252011,1.10189,-0.00843824,2.04173
6.92,-0.00244706,1.07702,-0.00889436,2.03261,-0.00259316,1.10189,-0.00843824,2.04181
6.922,-0.00244706,1.07699,-0.00884875,2.03261,-0.00255663,1.10189,-0.00843824,2.04181
6.924,-0.00244706,1.07702,-0.00889436,2.03261,-0.00255663,1.10189,-0.00843824,2.04181
6.926,-0.00241054,1.07702,-0.00889436,2.03261,-0.00255663,1.10191,-0.00839263,2.04173
6.928,-0.00244706,1.07702,-0.00889436,2.03261,-0.00259316,1.10189,-0.00843824,2.04173
6.93,-0.00244706,1.07699,-0.00884875,2.03261,-0.00252011,1.10191,-0.00839263,2.04173
6.932,-0.00244706,1.07702,-0.00889436,2.03261,-0.00255663,1.10186,-0.00848385,2.04173
6.934,-0.00244706,1.07699,-0.00884875,2.03261,-0.00255663,1.10189,-0.00843824,2.04181
6.936,-0.00241054,1.07699,-0.00884875,2.03261,-0.00252011,1.10189,-0.00843824,2.04173
6.938,-0.00241054,1.07702,-0.00889436,2.03261,-0.00255663,1.10189,-0.00843824,2.04173
6.94,-0.00241054,1.07702,-0.00889436,2.03261,-0.00252011,1.10186,-0.00848385,2.04181
6.942,-0.00244706,1.07696,-0.00889436,2.03261,-0.00252011,1.10186,-0.00848385,2.04173
6.944,-0.00241054,1.07699,-0.00893997,2.03261,-0.00248359,1.10189,-0.00843824,2.04173
6.946,-0.00244706,1.07699,-0.00884875,2.03261,-0.00252011,1.10191,-0.00839263,2.04173
6.948,-0.00244706,1.07699,-0.00884875,2.03261,-0.00255663,1.10186,-0.00848385,2.04173
6.95,-0.00244706,1.07702,-0.00889436,2.03261,-0.00252011,1.10191,-0.00839263,2.04173
6.952,-0.00244706,1.07702,-0.00889436,2.03252,-0.00255663,1.10189,-0.00843824,2.04173
6.954,-0.00241054,1.07702,-0.00889436,2.03261,-0.00255663,1.10186,-0.00848385,2.04181
6.956,-0.00241054,1.07699,-0.00884875,2.03261,-0.00255663,1.10186,-0.00848385,2.04173
6.958,-0.00244706,1.07699,-0.00884875,2.03252,-0.00252011,1.10189,-0.00843824,2.04181
6.96,-0.00241054,1.07699,-0.00884875,2.03252,-0.00255663,1.10189,-0.00843824,2.04181
6.962,-0.00241054,1.07699,-0.00893997,2.03261,-0.00252011,1.10191,-0.00839263,2.04181
6.964,-0.00244706,1.07702,-0.00889436,2.03261,-0.00255663,1.10189,-0.00843824,2.04181
6.966,-0.00244706,1.07699,-0.00884875,2.03261,-0.00255663,1.10189,-0.00843824,2.04181
6.968,-0.00244706,1.07699,-0.00884875,2.03261,-0.00255663,1.10191,-0.00839263,2.04181
6.97,-0.00241054,1.07699,-0.00884875,2.03261,-0.00259316,1.10191,-0.00848385,2.04173
6.972,-0.00241054,1.07702,-0.00889436,2.03261,-0.00252011,1.10189,-0.00843824,2.04181
6.974,-0.00241054,1.07702,-0.00889436,2.03252,-0.00255663,1.10189,-0.00843824,2.04173
6.976,-0.00241054,1.07699,-0.00884875,2.03261,-0.00252011,1.10189,-0.00843824,2.04181
6.978,-0.00244706,1.07702,-0.00889436,2.03261,-0.00252011,1.10189,-0.00843824,2.04173
6.98,-0.00244706,1.07702,-0.00889436,2.03261,-0.00255663,1.10189,-0.00843824,2.04181
6.982,-0.00244706,1.07699,-0.00884875,2.03261,-0.00252011,1.10189,-0.00843824,2.04181
6.984,-0.00244706,1.07699,-0.00884875,2.03261,-0.00252011,1.10189,-0.00843824,2.04181
6.986,-0.00241054,1.07696,-0.00889436,2.03261,-0.00252011,1.10189,-0.00843824,2.04181
6.988,-0.00244706,1.07702,-0.00889436,2.03261,-0.00255663,1.10189,-0.00843824,2.04173
6.99,-0.00244706,1.07702,-0.00889436,2.03252,-0.00255663,1.10189,-0.00843824,2.04181
6.992,-0.00241054,1.07699,-0.00884875,2.03261,-0.00259316,1.10189,-0.00843824,2.04181
6.994,-0.00241054,1.07702,-0.00889436,2.03261,-0.00255663,1.10189,-0.00843824,2.04181
6.996,-0.00241054,1.07702,-0.00889436,2.03261,-0.00252011,1.10189,-0.00843824,2.04181
6.998,-0.00241054,1.07702,-0.00889436,2.03261,-0.00255663,1.10186,-0.00848385,2.04173
7,-0.00244706,1.07699,-0.00884875,2.03261,-0.00248359,1.10189,-0.00843824,2.04181
7.002,-0.00244706,1.07699,-0.00884875,2.03261,-0.00255663,1.10189,-0.00843824,2.04173
7.004,-0.00244706,1.07702,-0.00889436,2.03252,-0.00255663,1.10189,-0.00843824,2.04181
7.006,-0.00241054,1.07699,-0.00884875,2.03252,-0.00255663,1.10189,-0.00843824,2.04173
7.008,-0.00241054,1.07702,-0.00889436,2.03261,-0.00255663,1.10189,-0.00843824,2.04181
7.01,-0.00241054,1.07702,-0.00889436,2.03261,-0.00252011,1.10189,-0.00843824,2.04181
7.012,-0.00241054,1.07699,-0.00884875,2.03261,-0.00255663,1.10189,-0.00843824,2.04181
7.014,-0.00244706,1.07702,-0.00889436,2.03261,-0.00255663,1.10191,-0.00848385,2.04173
7.016,-0.00244706,1.07699,-0.00893997,2.03261,-0.00252011,1.10189,-0.00843824,2.04181
7.018,-0.00244706,1.07702,-0.00889436,2.03261,-0.00248359,1.10189,-0.00843824,2.04173
7.02,-0.00241054,1.07702,-0.00889436,2.03261,-0.00255663,1.10189,-0.00843824,2.04181
7.022,-0.00241054,1.07702,-0.00889436,2.03261,-0.00255663,1.10191,-0.00839263,2.04181
7.024,-0.00241054,1.07702,-0.00889436,2.03261,-0.00252011,1.10189,-0.00843824,2.04181
7.026,-0.00241054,1.07699,-0.00884875,2.03261,-0.00252011,1.10194,-0.00843824,2.04173
7.028,-0.00241054,1.07702,-0.00889436,2.03252,-0.00252011,1.10189,-0.00843824,2.04173
7.03,-0.00244706,1.07702,-0.00889436,2.03261,-0.00252011,1.10189,-0.00843824,2.04173
7.032,-0.00244706,1.07699,-0.00884875,2.03261,-0.00255663,1.10189,-0.00843824,2.04181
7.034,-0.00244706,1.07699,-0.00893997,2.03261,-0.00255663,1.10189,-0.00843824,2.04181
7.036,-0.00244706,1.07702,-0.00889436,2.03261,-0.00252011,1.10189,-0.00843824,2.04173
7.038,-0.00241054,1.07702,-0.00889436,2.03261,-0.00255663,1.10189,-0.00843824,2.04173
7.04,-0.00241054,1.07699,-0.00884875,2.03261,-0.00255663,1.10189,-0.00843824,2.04181
7.042,-0.00241054,1.07699,-0.00893997,2.03261,-0.00255663,1.10191,-0.00848385,2.04181
7.044,-0.00241054,1.07699,-0.00884875,2.03261,-0.00252011,1.10189,-0.00843824,2.04181
7.046,-0.00241054,1.07702,-0.00889436,2.03261,-0.00252011,1.10189,-0.00843824,2.04173
7.048,-0.00241054,1.07702,-0.00889436,2.03261,-0.00255663,1.10191,-0.00839263,2.04181
7.05,-0.00244706,1.07702,-0.00889436,2.03261,-0.00255663,1.10191,-0.00839263,2.04173
7.052,-0.00244706,1.07702,-0.00889436,2.03261,-0.00252011,1.10191,-0.00839263,2.04173
7.054,-0.00244706,1.07699,-0.00884875,2.03252,-0.00252011,1.10189,-0.00843824,2.04173
7.056,-0.00244706,1.07702,-0.00889436,2.03261,-0.00252011,1.10189,-0.00843824,2.04181
7.058,-0.00244706,1.07699,-0.00884875,2.03261,-0.00252011,1.10189,-0.00843824,2.04181
7.06,-0.00241054,1.07702,-0.00889436,2.03252,-0.00252011,1.10189,-0.00843824,2.04181
7.062,-0.00241054,1.07702,-0.00889436,2.03261,-0.00252011,1.10189,-0.00843824,2.04181
7.064,-0.00241054,1.07699,-0.00884875,2.03261,-0.00255663,1.10189,-0.00843824,2.04181
7.066,-0.00241054,1.07696,-0.00889436,2.03252,-0.00252011,1.10191,-0.00848385,2.04173
7.068,-0.00241054,1.07699,-0.00884875,2.03252,-0.00255663,1.10189,-0.00843824,2.04173
7.07,-0.00241054,1.07702,-0.00889436,2.03252,-0.00248359,1.10191,-0.00848385,2.04181
7.072,-0.00244706,1.07702,-0.00889436,2.03261,-0.00252011,1.10189,-0.00843824,2.04181
7.074,-0.00244706,1.07702,-0.00889436,2.03261,-0.00255663,1.10189,-0.00843824,2.04173
7.076,-0.00244706,1.07702,-0.00889436,2.03261,-0.00252011,1.10189,-0.00843824,2.04173
7.078,-0.00241054,1.07702,-0.00889436,2.03261,-0.00252011,1.10189,-0.00843824,2.04173
7.08,-0.00241054,1.07699,-0.00884875,2.03261,-0.00259316,1.10189,-0.00843824,2.04181
7.082,-0.00241054,1.07702,-0.00889436,2.03261,-0.00255663,1.10189,-0.00843824,2.04173
7.084,-0.00244706,1.07699,-0.00884875,2.03261,-0.00255663,1.10189,-0.00843824,2.04181
7.086,-0.00241054,1.07699,-0.00893997,2.03261,-0.00252011,1.10191,-0.00839263,2.04173
7.088,-0.00244706,1.07702,-0.00889436,2.03252,-0.00255663,1.10189,-0.00843824,2.04173
7.09,-0.00244706,1.07702,-0.00889436,2.03261,-0.00252011,1.10194,-0.00843824,2.04173
7.092,-0.00244706,1.07702,-0.00889436,2.03261,-0.00252011,1.10189,-0.00843824,2.04173
7.094,-0.00241054,1.07702,-0.00889436,2.03261,-0.00255663,1.10191,-0.00848385,2.04181
7.096,-0.00244706,1.07699,-0.00884875,2.03252,-0.00255663,1.10189,-0.00843824,2.04181
7.098,-0.00244706,1.07699,-0.00893997,2.03252,-0.00255663,1.10189,-0.00843824,2.04173
7.1,-0.00241054,1.07699,-0.00884875,2.03261,-0.00255663,1.10189,-0.00843824,2.04181
7.102,-0.00241054,1.07699,-0.00884875,2.03252,-0.00252011,1.10189,-0.00843824,2.04173
7.104,-0.00244706,1.07702,-0.00889436,2.03261,-0.00255663,1.10189,-0.00843824,2.04173
7.106,-0.00244706,1.07702,-0.00889436,2.03261,-0.00252011,1.10189,-0.00843824,2.04173
7.108,-0.00244706,1.07702,-0.00889436,2.03261,-0.00255663,1.10191,-0.00839263,2.04181
7.11,-0.00241054,1.07699,-0.00884875,2.03261,-0.00252011,1.10189,-0.00843824,2.04173
7.112,-0.00244706,1.07696,-0.00889436,2.03261,-0.00252011,1.10189,-0.00843824,2.04181
7.114,-0.00241054,1.07699,-0.00884875,2.03261,-0.00255663,1.10189,-0.00843824,2.04181
7.116,-0.00241054,1.07699,-0.00893997,2.03252,-0.00255663,1.10189,-0.00843824,2.04173
7.118,-0.00241054,1.07702,-0.00889436,2.03261,-0.00259316,1.10186,-0.00848385,2.04181
7.12,-0.00241054,1.07699,-0.00884875,2.03261,-0.00252011,1.10189,-0.00843824,2.04173
7.122,-0.00241054,1.07699,-0.00884875,2.03261,-0.00255663,1.10189,-0.00843824,2.04181
7.124,-0.00244706,1.07699,-0.00884875,2.03261,-0.00259316,1.10189,-0.00843824,2.04181
7.126,-0.00244706,1.07699,-0.00893997,2.03261,-0.00255663,1.10189,-0.00843824,2.04173
7.128,-0.00244706,1.07699,-0.00884875,2.03261,-0.00252011,1.10189,-0.00843824,2.04181
7.13,-0.00241054,1.07702,-0.00889436,2.03252,-0.00252011,1.10189,-0.00843824,2.04173
7.132,-0.00244706,1.07699,-0.00884875,2.03261,-0.00252011,1.10186,-0.00848385,2.04181
7.134,-0.00241054,1.07702,-0.00889436,2.03261,-0.00252011,1.10189,-0.00843824,2.04181
7.136,-0.00241054,1.07702,-0.00889436,2.03261,-0.00259316,1.10189,-0.00843824,2.04173
7.138,-0.00241054,1.07702,-0.00889436,2.03261,-0.00252011,1.10189,-0.00843824,2.04181
7.14,-0.00241054,1.07702,-0.00889436,2.03261,-0.00252011,1.10189,-0.00843824,2.04181
7.142,-0.00244706,1.07699,-0.00884875,2.03261,-0.00255663,1.10191,-0.00839263,2.04173
7.144,-0.00244706,1.07699,-0.00884875,2.03252,-0.00252011,1.10189,-0.00843824,2.04173
7.146,-0.00244706,1.07702,-0.00889436,2.03261,-0.00252011,1.10191,-0.00848385,2.04181
7.148,-0.00244706,1.07702,-0.00889436,2.03261,-0.00255663,1.10189,-0.00843824,2.04181
7.15,-0.00244706,1.07702,-0.00889436,2.03261,-0.00255663,1.10186,-0.00848385,2.04181
7.152,-0.00244706,1.07702,-0.00889436,2.03261,-0.00252011,1.10189,-0.00843824,2.04173
7.154,-0.00241054,1.07702,-0.00889436,2.03261,-0.00252011,1.10189,-0.00843824,2.04173
7.156,-0.00241054,1.07699,-0.00884875,2.03261,-0.00255663,1.10189,-0.00834702,2.04173
7.158,-0.00244706,1.07702,-0.00889436,2.03261,-0.00252011,1.10189,-0.00843824,2.04173
7.16,-0.00244706,1.07699,-0.00884875,2.03252,-0.00252011,1.10189,-0.00843824,2.04173
7.162,-0.00244706,1.07702,-0.00889436,2.03252,-0.00259316,1.10189,-0.00843824,2.04181
7.164,-0.00244706,1.07702,-0.00889436,2.03261,-0.00259316,1.10189,-0.00843824,2.04173
7.166,-0.00244706,1.07699,-0.00884875,2.03261,-0.00255663,1.10189,-0.00843824,2.04181
7.168,-0.00241054,1.07702,-0.00889436,2.03261,-0.00255663,1.10189,-0.00843824,2.04173
7.17,-0.00244706,1.07702,-0.00889436,2.03261,-0.00252011,1.10189,-0.00843824,2.04181
7.172,-0.00244706,1.07702,-0.00889436,2.03261,-0.00255663,1.10189,-0.00843824,2.04173
7.174,-0.00244706,1.07702,-0.00889436,2.03252,-0.00252011,1.10189,-0.00843824,2.04181
7.176,-0.00244706,1.07696,-0.00889436,2.03252,-0.00255663,1.10189,-0.00843824,2.04181
7.178,-0.00244706,1.07699,-0.00884875,2.03252,-0.00255663,1.10189,-0.00843824,2.04181
7.18,-0.00241054,1.07699,-0.00884875,2.03252,-0.00252011,1.10189,-0.00843824,2.04173
7.182,-0.00244706,1.07702,-0.00889436,2.03261,-0.00252011,1.10189,-0.00843824,2.04181
7.184,-0.00244706,1.07699,-0.00893997,2.03261,-0.00252011,1.10191,-0.00848385,2.04173
7.186,-0.00244706,1.07699,-0.00884875,2.03261,-0.00252011,1.10189,-0.00843824,2.04181
7.188,-0.00244706,1.07699,-0.00884875,2.03261,-0.00255663,1.10189,-0.00843824,2.04181
7.19,-0.00241054,1.07696,-0.00889436,2.03261,-0.00255663,1.10189,-0.00843824,2.04173
7.192,-0.00241054,1.07702,-0.00889436,2.03261,-0.00259316,1.10189,-0.00843824,2.04181
7.194,-0.00244706,1.07699,-0.00893997,2.03261,-0.00252011,1.10189,-0.00843824,2.04173
7.196,-0.00244706,1.07702,-0.00889436,2.03261,-0.00252011,1.10189,-0.00843824,2.04173
7.198,-0.00244706,1.07699,-0.00884875,2.03261,-0.00252011,1.10189,-0.00843824,2.04173
7.2,-0.00241054,1.07702,-0.00889436,2.03261,-0.00255663,1.10189,-0.00843824,2.04173
7.202,-0.00244706,1.07702,-0.00889436,2.03261,-0.00252011,1.10191,-0.00848385,2.04173
7.204,-0.00244706,1.07702,-0.00889436,2.03261,-0.00252011,1.10189,-0.00843824,2.04173
7.206,-0.00241054,1.07699,-0.00893997,2.03261,-0.00252011,1.10191,-0.00839263,2.04173
7.208,-0.00244706,1.07699,-0.00884875,2.03261,-0.00255663,1.10189,-0.00843824,2.04181
7.21,-0.00241054,1.07699,-0.00884875,2.03261,-0.00252011,1.10189,-0.00843824,2.04173
7.212,-0.00244706,1.07699,-0.00884875,2.03261,-0.00248359,1.10189,-0.00843824,2.04173
7.214,-0.00244706,1.07699,-0.00893997,2.03261,-0.00252011,1.10189,-0.00843824,2.04181
7.216,-0.00244706,1.07702,-0.00889436,2.03261,-0.00252011,1.10189,-0.00843824,2.04173
7.218,-0.00244706,1.07702,-0.00889436,2.03261,-0.00252011,1.10189,-0.00843824,2.04181
7.22,-0.00244706,1.07699,-0.00884875,2.03261,-0.00252011,1.10189,-0.00843824,2.04173
7.222,-0.00241054,1.07699,-0.00884875,2.03261,-0.00252011,1.10189,-0.00843824,2.04173
7.224,-0.00241054,1.07699,-0.00884875,2.03261,-0.00255663,1.10186,-0.00848385,2.04181
7.226,-0.00241054,1.07702,-0.00889436,2.03261,-0.00255663,1.10189,-0.00843824,2.04173
7.228,-0.00244706,1.07702,-0.00889436,2.03261,-0.00252011,1.10186,-0.00848385,2.04173
7.23,-0.00244706,1.07702,-0.00889436,2.03261,-0.00252011,1.10189,-0.00843824,2.04181
7.232,-0.00244706,1.07702,-0.00889436,2.03261,-0.00252011,1.10189,-0.00843824,2.04181
7.234,-0.00244706,1.07702,-0.00889436,2.03261,-0.00248359,1.10189,-0.00843824,2.04181
7.236,-0.00244706,1.07702,-0.00889436,2.03252,-0.00255663,1.10189,-0.00843824,2.04173
7.238,-0.00241054,1.07702,-0.00889436,2.03261,-0.00255663,1.10189,-0.00843824,2.04173
7.24,-0.00244706,1.07702,-0.00889436,2.03261,-0.00252011,1.10189,-0.00843824,2.04181
7.242,-0.00241054,1.07702,-0.00889436,2.03261,-0.00252011,1.10189,-0.00843824,2.04173
7.244,-0.00241054,1.07702,-0.00889436,2.03261,-0.00252011,1.10191,-0.00848385,2.04173
7.246,-0.00244706,1.07699,-0.00884875,2.03261,-0.00255663,1.10191,-0.00839263,2.04173
7.248,-0.00244706,1.07702,-0.00889436,2.03261,-0.00255663,1.10189,-0.00843824,2.04173
7.25,-0.00244706,1.07702,-0.00889436,2.03261,-0.00252011,1.10186,-0.00839263,2.04181
7.252,-0.00244706,1.07702,-0.00889436,2.03252,-0.00255663,1.10189,-0.00843824,2.04181
7.254,-0.00244706,1.07702,-0.00889436,2.03252,-0.00259316,1.10189,-0.00843824,2.04181
7.256,-0.00244706,1.07699,-0.00884875,2.03261,-0.00255663,1.10186,-0.00848385,2.04173
7.258,-0.00244706,1.07699,-0.00893997,2.03261,-0.00252011,1.10191,-0.00839263,2.04173
7.26,-0.00244706,1.07702,-0.00889436,2.03261,-0.00248359,1.10189,-0.00843824,2.04173
7.262,-0.00241054,1.07699,-0.00893997,2.03261,-0.00252011,1.10189,-0.00843824,2.04173
7.264,-0.00241054,1.07702,-0.00889436,2.03261,-0.00255663,1.10189,-0.00843824,2.04173
7.266,-0.00244706,1.07699,-0.00884875,2.03261,-0.00255663,1.10189,-0.00843824,2.04173
7.268,-0.00244706,1.07702,-0.00889436,2.03261,-0.00255663,1.10189,-0.00843824,2.04173
7.27,-0.00244706,1.07702,-0.00889436,2.03252,-0.00255663,1.10191,-0.00839263,2.04181
7.272,-0.00244706,1.07699,-0.00884875,2.03261,-0.00252011,1.10189,-0.00843824,2.04173
7.274,-0.00244706,1.07699,-0.00884875,2.03261,-0.00255663,1.10189,-0.00843824,2.04173
7.276,-0.00244706,1.07699,-0.00884875,2.03261,-0.00255663,1.10189,-0.00843824,2.04173
7.278,-0.00244706,1.07702,-0.00889436,2.03261,-0.00255663,1.10189,-0.00843824,2.04173
7.28,-0.00241054,1.07702,-0.00889436,2.03261,-0.00255663,1.10189,-0.00843824,2.04181
7.282,-0.00241054,1.07702,-0.00889436,2.03261,-0.00252011,1.10186,-0.00839263,2.04173
7.284,-0.00244706,1.07699,-0.00884875,2.03261,-0.00255663,1.10189,-0.00843824,2.04181
7.286,-0.00244706,1.07699,-0.00884875,2.03261,-0.00252011,1.10189,-0.00843824,2.04181
7.288,-0.00244706,1.07702,-0.00889436,2.03261,-0.00252011,1.10189,-0.00843824,2.04173
7.29,-0.00244706,1.07702,-0.00889436,2.03252,-0.00255663,1.10189,-0.00843824,2.04181
7.292,-0.00244706,1.07702,-0.00889436,2.03252,-0.00255663,1.10189,-0.00843824,2.04173
7.294,-0.00244706,1.07702,-0.00889436,2.03261,-0.00252011,1.10189,-0.00843824,2.04181
7.296,-0.00241054,1.07702,-0.00889436,2.03261,-0.00252011,1.10189,-0.00843824,2.04181
7.298,-0.00244706,1.07699,-0.00884875,2.03261,-0.00255663,1.10189,-0.00843824,2.04173
7.3,-0.00241054,1.07702,-0.00889436,2.03261,-0.00255663,1.10189,-0.00843824,2.04181
7.302,-0.00244706,1.07702,-0.00889436,2.03261,-0.00252011,1.10189,-0.00843824,2.04173
7.304,-0.00244706,1.07699,-0.00893997,2.03252,-0.00255663,1.10189,-0.00843824,2.04173
7.306,-0.00244706,1.07699,-0.00884875,2.03252,-0.00255663,1.10189,-0.00843824,2.04181
7.308,-0.00241054,1.07699,-0.00884875,2.03252,-0.00252011,1.10189,-0.00843824,2.04181
7.31,-0.00244706,1.07702,-0.00889436,2.03261,-0.00255663,1.10191,-0.00839263,2.04181
7.312,-0.00244706,1.07702,-0.00889436,2.03261,-0.00252011,1.10186,-0.00848385,2.04173
7.314,-0.00244706,1.07702,-0.00889436,2.03261,-0.00248359,1.10189,-0.00843824,2.04173
7.316,-0.00241054,1.07702,-0.00889436,2.03261,-0.00255663,1.10189,-0.00843824,2.04173
7.318,-0.00244706,1.07699,-0.00884875,2.03252,-0.00259316,1.10189,-0.00843824,2.04173
7.32,-0.00244706,1.07699,-0.00884875,2.03261,-0.00255663,1.10189,-0.00843824,2.04173
7.322,-0.00244706,1.07702,-0.00889436,2.03252,-0.00255663,1.10189,-0.00843824,2.04181
7.324,-0.00244706,1.07702,-0.00889436,2.03261,-0.00252011,1.10191,-0.00848385,2.04181
7.326,-0.00244706,1.07702,-0.00889436,2.03261,-0.00255663,1.10186,-0.00848385,2.04173
7.328,-0.00244706,1.07702,-0.00889436,2.03261,-0.00252011,1.10191,-0.00839263,2.04173
7.33,-0.00244706,1.07702,-0.00889436,2.03261,-0.00252011,1.10191,-0.00839263,2.04173
7.332,-0.00244706,1.07702,-0.00889436,2.03261,-0.00252011,1.10189,-0.00843824,2.04181
7.334,-0.00244706,1.07702,-0.00889436,2.03252,-0.00252011,1.10191,-0.00839263,2.04181
7.336,-0.00244706,1.07699,-0.00884875,2.03261,-0.00255663,1.10189,-0.00843824,2.04181
7.338,-0.00244706,1.07699,-0.00884875,2.03252,-0.00255663,1.10189,-0.00843824,2.04173
7.34,-0.00241054,1.07702,-0.00889436,2.03261,-0.00252011,1.10191,-0.00839263,2.04181
7.342,-0.00241054,1.07702,-0.00889436,2.03261,-0.00252011,1.10189,-0.00843824,2.04181
7.344,-0.00241054,1.07702,-0.00889436,2.03261,-0.00255663,1.10189,-0.00843824,2.04181
7.346,-0.00241054,1.07702,-0.00889436,2.03261,-0.00255663,1.10189,-0.00843824,2.04181
7.348,-0.00241054,1.07702,-0.00889436,2.03252,-0.00252011,1.10191,-0.00839263,2.04181
7.35,-0.00244706,1.07702,-0.00889436,2.03252,-0.00252011,1.10189,-0.00843824,2.04181
7.352,-0.00244706,1.07702,-0.00889436,2.03261,-0.00252011,1.10191,-0.00839263,2.04181
7.354,-0.00244706,1.07702,-0.00889436,2.03261,-0.00255663,1.10189,-0.00843824,2.04173
7.356,-0.00241054,1.07702,-0.00889436,2.03261,-0.00252011,1.10189,-0.00843824,2.04173
7.358,-0.00241054,1.07702,-0.00889436,2.03261,-0.00252011,1.10189,-0.00843824,2.04173
7.36,-0.00241054,1.07702,-0.00889436,2.03261,-0.00255663,1.10191,-0.00848385,2.04181
7.362,-0.00241054,1.07702,-0.00889436,2.03261,-0.00255663,1.10189,-0.00843824,2.04181
7.364,-0.00241054,1.07702,-0.00889436,2.03261,-0.00252011,1.10189,-0.00843824,2.04181
7.366,-0.00241054,1.07702,-0.00889436,2.03261,-0.00255663,1.10189,-0.00843824,2.04173
7.368,-0.00244706,1.07699,-0.00884875,2.03261,-0.00252011,1.10189,-0.00843824,2.04173
7.37,-0.00244706,1.07702,-0.00889436,2.03261,-0.00252011,1.10189,-0.00843824,2.04173
7.372,-0.00244706,1.07702,-0.00889436,2.03261,-0.00255663,1.10189,-0.00843824,2.04181
7.374,-0.00244706,1.07702,-0.00889436,2.03261,-0.00259316,1.10189,-0.00843824,2.04181
7.376,-0.00241054,1.07702,-0.00889436,2.03261,-0.00252011,1.10189,-0.00843824,2.04173
7.378,-0.00241054,1.07702,-0.00889436,2.03261,-0.00252011,1.10189,-0.00843824,2.04181
7.38,-0.00241054,1.07702,-0.00889436,2.03261,-0.00255663,1.10189,-0.00843824,2.04173
7.382,-0.00241054,1.07702,-0.00889436,2.03252,-0.00255663,1.10189,-0.00843824,2.04181
7.384,-0.00244706,1.07702,-0.00889436,2.03261,-0.00252011,1.10189,-0.00843824,2.04173
7.386,-0.00244706,1.07702,-0.00889436,2.03261,-0.00255663,1.10186,-0.00848385,2.04181
7.388,-0.00244706,1.07702,-0.00889436,2.03261,-0.00252011,1.10189,-0.00843824,2.04181
7.39,-0.00244706,1.07702,-0.00889436,2.03261,-0.00252011,1.10189,-0.00843824,2.04181
7.392,-0.00244706,1.07702,-0.00889436,2.03261,-0.00252011,1.10191,-0.00839263,2.04173
7.394,-0.00241054,1.07699,-0.00884875,2.03261,-0.00252011,1.10189,-0.00843824,2.04181
7.396,-0.00244706,1.07702,-0.00889436,2.03261,-0.00252011,1.10189,-0.00843824,2.04181
7.398,-0.00241054,1.07702,-0.00889436,2.03261,-0.00255663,1.10189,-0.00843824,2.04181
7.4,-0.00241054,1.07702,-0.00889436,2.03261,-0.00252011,1.10191,-0.00839263,2.04173
7.402,-0.00244706,1.07702,-0.00889436,2.03261,-0.00252011,1.10189,-0.00843824,2.04181
7.404,-0.00244706,1.07702,-0.00889436,2.03261,-0.00252011,1.10189,-0.00843824,2.04173
7.406,-0.00244706,1.07699,-0.00884875,2.03261,-0.00252011,1.10189,-0.00843824,2.04173
7.408,-0.00244706,1.07696,-0.00889436,2.03261,-0.00252011,1.10189,-0.00843824,2.04173
7.41,-0.00244706,1.07699,-0.00884875,2.03261,-0.00252011,1.10191,-0.00848385,2.04181
7.412,-0.00241054,1.07702,-0.00889436,2.03261,-0.00252011,1.10189,-0.00843824,2.04173
7.414,-0.00241054,1.07699,-0.00884875,2.03261,-0.00252011,1.10189,-0.00843824,2.04181
7.416,-0.00241054,1.07702,-0.00889436,2.03261,-0.00255663,1.10189,-0.00843824,2.04173
7.418,-0.00241054,1.07702,-0.00889436,2.03261,-0.00255663,1.10189,-0.00843824,2.04173
7.42,-0.00244706,1.07702,-0.00889436,2.03261,-0.00255663,1.10189,-0.00843824,2.04173
7.422,-0.00244706,1.07702,-0.00889436,2.03261,-0.00252011,1.10189,-0.00843824,2.04181
7.424,-0.00244706,1.07702,-0.00889436,2.03261,-0.00255663,1.10189,-0.00843824,2.04173
7.426,-0.00241054,1.07699,-0.00884875,2.03261,-0.00252011,1.10189,-0.00843824,2.04173
7.428,-0.00241054,1.07702,-0.00889436,2.03261,-0.00255663,1.10189,-0.00843824,2.04173
7.43,-0.00244706,1.07702,-0.00889436,2.03261,-0.00252011,1.10189,-0.00843824,2.04173
7.432,-0.00241054,1.07702,-0.00889436,2.03261,-0.00259316,1.10189,-0.00843824,2.04173
7.434,-0.00244706,1.07699,-0.00884875,2.03261,-0.00252011,1.10189,-0.00843824,2.04181
7.436,-0.00241054,1.07699,-0.00884875,2.03261,-0.00255663,1.10189,-0.00852946,2.04173
7.438,-0.00244706,1.07699,-0.00884875,2.03261,-0.00255663,1.10186,-0.00848385,2.04173
7.44,-0.00241054,1.07699,-0.00884875,2.03252,-0.00252011,1.10189,-0.00843824,2.04181
7.442,-0.00244706,1.07702,-0.00889436,2.03261,-0.00255663,1.10189,-0.00843824,2.04181
7.444,-0.00244706,1.07702,-0.00889436,2.03261,-0.00255663,1.10189,-0.00843824,2.04181
7.446,-0.00244706,1.07699,-0.00884875,2.03261,-0.00255663,1.10189,-0.00843824,2.04173
7.448,-0.00244706,1.07702,-0.00889436,2.03261,-0.00255663,1.10189,-0.00843824,2.04173
7.45,-0.00241054,1.07702,-0.00889436,2.03252,-0.00255663,1.10189,-0.00843824,2.04173
7.452,-0.00244706,1.07702,-0.00889436,2.03261,-0.00252011,1.10189,-0.00843824,2.04173
7.454,-0.00241054,1.07702,-0.00889436,2.03261,-0.00255663,1.10189,-0.00843824,2.04173
7.456,-0.00241054,1.07702,-0.00889436,2.03261,-0.00252011,1.10189,-0.00843824,2.04173
7.458,-0.00244706,1.07702,-0.00889436,2.03261,-0.00255663,1.10189,-0.00843824,2.04181
7.46,-0.00244706,1.07702,-0.00889436,2.03261,-0.00259316,1.10189,-0.00843824,2.04181
7.462,-0.00244706,1.07702,-0.00889436,2.03261,-0.00252011,1.10189,-0.00843824,2.04173
7.464,-0.00241054,1.07702,-0.00889436,2.03261,-0.00252011,1.10189,-0.00843824,2.04173
7.466,-0.00241054,1.07699,-0.00884875,2.03261,-0.00252011,1.10191,-0.00848385,2.04181
7.468,-0.00241054,1.07702,-0.00889436,2.03261,-0.00255663,1.10191,-0.00839263,2.04173
7.47,-0.00241054,1.07699,-0.00884875,2.03261,-0.00255663,1.10191,-0.00848385,2.04181
7.472,-0.00244706,1.07702,-0.00889436,2.03261,-0.00255663,1.10191,-0.00848385,2.04181
7.474,-0.00241054,1.07702,-0.00889436,2.03261,-0.00255663,1.10189,-0.00843824,2.04181
7.476,-0.00241054,1.07702,-0.00889436,2.03261,-0.00252011,1.10189,-0.00843824,2.04173
7.478,-0.00244706,1.07702,-0.00889436,2.03261,-0.00248359,1.10189,-0.00843824,2.04181
7.48,-0.00244706,1.07702,-0.00889436,2.03261,-0.00255663,1.10186,-0.00848385,2.04173
7.482,-0.00244706,1.07699,-0.00884875,2.03261,-0.00252011,1.10189,-0.00843824,2.04173
7.484,-0.00244706,1.07702,-0.00889436,2.03252,-0.00259316,1.10191,-0.00848385,2.04173
7.486,-0.00244706,1.07702,-0.00889436,2.03261,-0.00255663,1.10189,-0.00843824,2.04181
7.488,-0.00241054,1.07702,-0.00889436,2.03261,-0.00252011,1.10189,-0.00843824,2.04173
7.49,-0.00241054,1.07702,-0.00889436,2.03261,-0.00252011,1.10189,-0.00843824,2.04173
7.492,-0.00241054,1.07702,-0.00889436,2.03261,-0.00252011,1.10189,-0.00843824,2.04173
7.494,-0.00241054,1.07702,-0.00889436,2.03261,-0.00259316,1.10186,-0.00839263,2.04173
7.496,-0.00241054,1.07702,-0.00889436,2.03261,-0.00255663,1.10189,-0.00843824,2.04181
7.498,-0.00244706,1.07699,-0.00884875,2.03261,-0.00255663,1.10189,-0.00843824,2.04173
7.5,-0.00244706,1.07702,-0.00889436,2.03261,-0.00255663,1.10189,-0.00843824,2.04173
7.502,-0.00244706,1.07702,-0.00889436,2.03252,-0.00259316,1.10189,-0.00843824,2.04173
7.504,-0.00241054,1.07699,-0.00884875,2.03261,-0.00255663,1.10189,-0.00843824,2.04181
7.506,-0.00241054,1.07702,-0.00889436,2.03261,-0.00255663,1.10189,-0.00843824,2.04173
7.508,-0.00241054,1.07702,-0.00889436,2.03261,-0.00255663,1.10189,-0.00843824,2.04173
7.51,-0.00244706,1.07702,-0.00889436,2.03261,-0.00252011,1.10189,-0.00843824,2.04181
7.512,-0.00241054,1.07702,-0.00889436,2.03261,-0.00255663,1.10191,-0.00839263,2.04181
7.514,-0.00241054,1.07702,-0.00889436,2.03261,-0.00252011,1.10191,-0.00848385,2.04181
7.516,-0.00241054,1.07702,-0.00889436,2.03261,-0.00259316,1.10191,-0.00839263,2.04181
7.518,-0.00244706,1.07702,-0.00889436,2.03261,-0.00252011,1.10191,-0.00848385,2.04173
7.52,-0.00241054,1.07702,-0.00889436,2.03261,-0.00252011,1.10189,-0.00843824,2.04173
7.522,-0.00241054,1.07702,-0.00889436,2.03261,-0.00252011,1.10189,-0.00843824,2.04173
7.524,-0.00244706,1.07702,-0.00889436,2.03261,-0.00255663,1.10189,-0.00843824,2.04181
7.526,-0.00241054,1.07702,-0.00889436,2.03261,-0.00255663,1.10186,-0.00848385,2.04181
7.528,-0.00241054,1.07702,-0.00889436,2.03261,-0.00255663,1.10189,-0.00843824,2.04181
7.53,-0.00244706,1.07702,-0.00889436,2.03261,-0.00255663,1.10183,-0.00843824,2.04181
7.532,-0.00241054,1.07699,-0.00884875,2.03261,-0.00252011,1.10189,-0.00843824,2.04173
7.534,-0.00241054,1.07702,-0.00889436,2.03261,-0.00252011,1.10191,-0.00839263,2.04173
7.536,-0.00244706,1.07702,-0.00889436,2.03261,-0.00255663,1.10189,-0.00843824,2.04181
7.538,-0.00241054,1.07699,-0.00884875,2.03261,-0.00255663,1.10189,-0.00843824,2.04173
7.54,-0.00244706,1.07702,-0.00889436,2.03261,-0.00255663,1.10189,-0.00843824,2.04173
7.542,-0.00241054,1.07702,-0.00889436,2.03261,-0.00255663,1.10191,-0.00848385,2.04181
7.544,-0.00241054,1.07702,-0.00889436,2.03261,-0.00252011,1.10191,-0.00839263,2.04181
7.546,-0.00241054,1.07702,-0.00889436,2.03261,-0.00255663,1.10186,-0.00848385,2.04173
7.548,-0.00241054,1.07702,-0.00889436,2.03261,-0.00252011,1.10189,-0.00843824,2.04173
7.55,-0.00241054,1.07702,-0.00889436,2.03261,-0.00252011,1.10189,-0.00843824,2.04173
7.552,-0.00241054,1.07702,-0.00889436,2.03261,-0.00255663,1.10189,-0.00843824,2.04173
7.554,-0.00244706,1.07702,-0.00889436,2.03261,-0.00252011,1.10189,-0.00843824,2.04173
7.556,-0.00244706,1.07699,-0.00884875,2.03261,-0.00252011,1.10189,-0.00843824,2.04181
7.558,-0.00244706,1.07702,-0.00889436,2.03261,-0.00255663,1.10189,-0.00843824,2.04173
7.56,-0.00244706,1.07699,-0.00884875,2.03261,-0.00255663,1.10189,-0.00843824,2.04173
7.562,-0.00244706,1.07699,-0.00884875,2.03261,-0.00252011,1.10189,-0.00843824,2.04181
7.564,-0.00241054,1.07702,-0.00889436,2.03261,-0.00248359,1.10189,-0.00843824,2.04181
7.566,-0.00241054,1.07699,-0.00884875,2.03261,-0.00255663,1.10189,-0.00843824,2.04173
7.568,-0.00241054,1.07702,-0.00889436,2.03261,-0.00255663,1.10189,-0.00843824,2.04173
7.57,-0.00244706,1.07699,-0.00884875,2.03261,-0.00248359,1.10189,-0.00843824,2.04181
7.572,-0.00244706,1.07702,-0.00889436,2.03252,-0.00255663,1.10189,-0.00843824,2.04181
7.574,-0.00241054,1.07702,-0.00889436,2.03261,-0.00259316,1.10191,-0.00839263,2.04173
7.576,-0.00241054,1.07702,-0.00889436,2.03261,-0.00255663,1.10191,-0.00839263,2.04181
7.578,-0.00241054,1.07696,-0.00889436,2.03261,-0.00252011,1.10189,-0.00843824,2.04181
7.58,-0.00244706,1.07702,-0.00889436,2.03261,-0.00255663,1.10189,-0.00843824,2.04181
7.582,-0.00241054,1.07702,-0.00889436,2.03261,-0.00252011,1.10191,-0.00839263,2.04173
7.584,-0.00244706,1.07702,-0.00889436,2.03261,-0.00255663,1.10189,-0.00843824,2.04181
7.586,-0.00244706,1.07702,-0.00889436,2.03261,-0.00255663,1.10186,-0.00848385,2.04181
7.588,-0.00244706,1.07702,-0.00889436,2.03261,-0.00252011,1.10186,-0.00848385,2.04173
7.59,-0.00241054,1.07702,-0.00889436,2.03261,-0.00255663,1.10189,-0.00843824,2.04173
7.592,-0.00241054,1.07699,-0.00893997,2.03261,-0.00255663,1.10189,-0.00843824,2.04173
7.594,-0.00241054,1.07699,-0.00884875,2.03261,-0.00255663,1.10186,-0.00848385,2.04181
7.596,-0.00241054,1.07702,-0.00889436,2.03261,-0.00252011,1.10189,-0.00843824,2.04173
7.598,-0.00241054,1.07702,-0.00889436,2.03261,-0.00255663,1.10186,-0.00848385,2.04181
7.6,-0.00241054,1.07702,-0.00889436,2.03261,-0.00252011,1.10189,-0.00843824,2.04181
7.602,-0.00244706,1.07699,-0.00884875,2.03261,-0.00255663,1.10189,-0.00843824,2.04181
7.604,-0.00244706,1.07702,-0.00889436,2.03261,-0.00259316,1.10189,-0.00843824,2.04181
7.606,-0.00241054,1.07702,-0.00889436,2.03261,-0.00255663,1.10191,-0.00839263,2.04173
7.608,-0.00244706,1.07702,-0.00889436,2.03261,-0.00252011,1.10189,-0.00843824,2.04173
7.61,-0.00241054,1.07702,-0.00889436,2.03252,-0.00255663,1.10189,-0.00843824,2.04173
7.612,-0.00244706,1.07702,-0.00889436,2.03261,-0.00255663,1.10189,-0.00843824,2.04181
7.614,-0.00241054,1.07702,-0.00889436,2.03261,-0.00252011,1.10189,-0.00843824,2.04173
7.616,-0.00244706,1.07699,-0.00893997,2.03261,-0.00255663,1.10191,-0.00839263,2.04173
7.618,-0.00244706,1.07702,-0.00889436,2.03261,-0.00259316,1.10189,-0.00843824,2.04181
7.62,-0.00241054,1.07702,-0.00889436,2.03261,-0.00255663,1.10189,-0.00843824,2.04173
7.622,-0.00241054,1.07702,-0.00889436,2.03261,-0.00252011,1.10189,-0.00843824,2.04181
7.624,-0.00244706,1.07702,-0.00889436,2.03261,-0.00252011,1.10189,-0.00843824,2.04181
7.626,-0.00244706,1.07702,-0.00889436,2.03261,-0.00252011,1.10191,-0.00848385,2.04181
7.628,-0.00244706,1.07696,-0.00889436,2.03261,-0.00255663,1.10189,-0.00843824,2.04173
7.63,-0.00244706,1.07699,-0.00884875,2.03261,-0.00255663,1.10186,-0.00848385,2.04173
7.632,-0.00241054,1.07699,-0.00884875,2.03269,-0.00255663,1.10191,-0.00848385,2.04181
7.634,-0.00244706,1.07702,-0.00889436,2.03261,-0.00255663,1.10189,-0.00843824,2.04181
7.636,-0.00244706,1.07702,-0.00889436,2.03261,-0.00255663,1.10189,-0.00843824,2.04173
7.638,-0.00244706,1.07702,-0.00889436,2.03261,-0.00252011,1.10189,-0.00843824,2.04181
7.64,-0.00244706,1.07702,-0.00889436,2.03252,-0.00255663,1.10191,-0.00839263,2.04181
7.642,-0.00244706,1.07699,-0.00884875,2.03261,-0.00252011,1.10189,-0.00843824,2.04181
7.644,-0.00241054,1.07702,-0.00889436,2.03261,-0.00252011,1.10189,-0.00843824,2.04181
7.646,-0.00244706,1.07702,-0.00889436,2.03261,-0.00255663,1.10189,-0.00843824,2.04173
7.648,-0.00241054,1.07702,-0.00889436,2.03261,-0.00252011,1.10189,-0.00843824,2.04173
7.65,-0.00241054,1.07702,-0.00889436,2.03261,-0.00252011,1.10189,-0.00843824,2.04173
7.652,-0.00244706,1.07699,-0.00884875,2.03261,-0.00255663,1.10189,-0.00843824,2.04173
7.654,-0.00244706,1.07699,-0.00884875,2.03261,-0.00252011,1.10189,-0.00843824,2.04173
7.656,-0.00244706,1.07702,-0.00889436,2.03252,-0.00252011,1.10189,-0.00843824,2.04181
7.658,-0.00244706,1.07702,-0.00889436,2.03252,-0.00255663,1.10189,-0.00843824,2.04173
7.66,-0.00244706,1.07702,-0.00889436,2.03261,-0.00252011,1.10189,-0.00843824,2.04173
7.662,-0.00244706,1.07702,-0.00889436,2.03261,-0.00252011,1.10189,-0.00843824,2.04173
7.664,-0.00241054,1.07699,-0.00884875,2.03261,-0.00255663,1.10191,-0.00848385,2.04181
7.666,-0.00244706,1.07702,-0.00889436,2.03261,-0.00259316,1.10189,-0.00843824,2.04173
7.668,-0.00244706,1.07702,-0.00889436,2.03252,-0.00255663,1.10189,-0.00843824,2.04181
7.67,-0.00244706,1.07702,-0.00889436,2.03261,-0.00255663,1.10189,-0.00843824,2.04173
7.672,-0.00241054,1.07702,-0.00889436,2.03261,-0.00252011,1.10186,-0.00839263,2.04181
7.674,-0.00244706,1.07699,-0.00884875,2.03261,-0.00252011,1.10189,-0.00843824,2.04173
7.676,-0.00244706,1.07699,-0.00884875,2.03261,-0.00252011,1.10189,-0.00843824,2.04173
7.678,-0.00241054,1.07702,-0.00889436,2.03261,-0.00255663,1.10189,-0.00843824,2.04181
7.68,-0.00244706,1.07702,-0.00889436,2.03261,-0.00255663,1.10189,-0.00843824,2.04181
7.682,-0.00241054,1.07702,-0.00889436,2.03261,-0.00255663,1.10189,-0.00843824,2.04173
7.684,-0.00241054,1.07699,-0.00884875,2.03261,-0.00255663,1.10189,-0.00843824,2.04173
7.686,-0.00241054,1.07699,-0.00884875,2.03261,-0.00255663,1.10191,-0.00848385,2.04181
7.688,-0.00241054,1.07702,-0.00889436,2.03261,-0.00252011,1.10189,-0.00843824,2.04173
7.69,-0.00244706,1.07702,-0.00889436,2.03261,-0.00252011,1.10186,-0.00848385,2.04181
7.692,-0.00244706,1.07702,-0.00889436,2.03261,-0.00252011,1.10189,-0.00843824,2.04181
7.694,-0.00244706,1.07702,-0.00889436,2.03261,-0.00255663,1.10189,-0.00843824,2.04181
7.696,-0.00244706,1.07702,-0.00889436,2.03261,-0.00255663,1.10189,-0.00843824,2.04173
7.698,-0.00241054,1.07702,-0.00889436,2.03261,-0.00259316,1.10191,-0.00839263,2.04173
7.7,-0.00244706,1.07702,-0.00889436,2.03261,-0.00255663,1.10189,-0.00843824,2.04173
7.702,-0.00241054,1.07702,-0.00889436,2.03261,-0.00252011,1.10186,-0.00848385,2.04173
7.704,-0.00241054,1.07699,-0.00884875,2.03261,-0.00248359,1.10189,-0.00843824,2.04173
7.706,-0.00244706,1.07702,-0.00889436,2.03261,-0.00252011,1.10189,-0.00843824,2.04173
7.708,-0.00244706,1.07702,-0.00889436,2.03261,-0.00255663,1.10189,-0.00843824,2.04173
7.71,-0.00241054,1.07702,-0.00889436,2.03261,-0.00255663,1.10186,-0.00848385,2.04181
7.712,-0.00241054,1.07702,-0.00889436,2.03261,-0.00255663,1.10183,-0.00843824,2.04181
7.714,-0.00241054,1.07702,-0.00889436,2.03261,-0.00252011,1.10189,-0.00852946,2.04173
7.716,-0.00244706,1.07702,-0.00889436,2.03261,-0.00259316,1.10189,-0.00843824,2.04181
7.718,-0.00241054,1.07699,-0.00884875,2.03261,-0.00255663,1.10189,-0.00843824,2.04173
7.72,-0.00241054,1.07702,-0.00889436,2.03261,-0.00255663,1.10191,-0.00839263,2.04181
7.722,-0.00244706,1.07702,-0.00889436,2.03261,-0.00255663,1.10189,-0.00843824,2.04181
7.724,-0.00244706,1.07699,-0.00884875,2.03261,-0.00255663,1.10189,-0.00843824,2.04173
7.726,-0.00244706,1.07702,-0.00889436,2.03261,-0.00255663,1.10189,-0.00843824,2.04173
7.728,-0.00244706,1.07699,-0.00884875,2.03261,-0.00255663,1.10189,-0.00843824,2.04173
7.73,-0.00241054,1.07702,-0.00889436,2.03261,-0.00252011,1.10189,-0.00843824,2.04173
7.732,-0.00241054,1.07699,-0.00884875,2.03261,-0.00255663,1.10189,-0.00843824,2.04181
7.734,-0.00244706,1.07702,-0.00889436,2.03261,-0.00252011,1.10194,-0.00843824,2.04181
7.736,-0.00244706,1.07702,-0.00889436,2.03261,-0.00255663,1.10189,-0.00843824,2.04173
7.738,-0.00244706,1.07702,-0.00889436,2.03261,-0.00255663,1.10191,-0.00839263,2.04181
7.74,-0.00241054,1.07702,-0.00889436,2.03261,-0.00252011,1.10189,-0.00843824,2.04181
7.742,-0.00244706,1.07702,-0.00889436,2.03261,-0.00259316,1.10189,-0.00843824,2.04181
7.744,-0.00241054,1.07702,-0.00889436,2.03261,-0.00255663,1.10191,-0.00848385,2.04181
7.746,-0.00241054,1.07702,-0.00889436,2.03261,-0.00252011,1.10189,-0.00843824,2.0419
7.748,-0.00241054,1.07699,-0.00884875,2.03261,-0.00255663,1.10189,-0.00843824,2.04173
7.75,-0.00241054,1.07702,-0.00889436,2.03261,-0.00252011,1.10186,-0.00848385,2.04173
7.752,-0.00244706,1.07702,-0.00889436,2.03261,-0.00255663,1.10191,-0.00839263,2.04173
7.754,-0.00241054,1.07702,-0.00889436,2.03261,-0.00252011,1.10189,-0.00843824,2.04173
7.756,-0.00241054,1.07699,-0.00884875,2.03261,-0.00255663,1.10186,-0.00848385,2.04181
7.758,-0.00241054,1.07702,-0.00889436,2.03261,-0.00255663,1.10189,-0.00843824,2.04173
7.76,-0.00241054,1.07702,-0.00889436,2.03261,-0.00252011,1.10189,-0.00843824,2.04173
7.762,-0.00244706,1.07702,-0.00889436,2.03261,-0.00255663,1.10189,-0.00843824,2.04173
7.764,-0.00241054,1.07702,-0.00889436,2.03261,-0.00255663,1.10189,-0.00843824,2.04173
7.766,-0.00244706,1.07702,-0.00889436,2.03261,-0.00252011,1.10191,-0.00839263,2.04181
7.768,-0.00244706,1.07702,-0.00889436,2.03261,-0.00255663,1.10189,-0.00843824,2.04181
7.77,-0.00244706,1.07702,-0.00889436,2.03261,-0.00248359,1.10189,-0.00843824,2.04173
7.772,-0.00244706,1.07702,-0.00889436,2.03261,-0.00252011,1.10186,-0.00848385,2.04173
7.774,-0.00241054,1.07702,-0.00889436,2.03261,-0.00255663,1.10189,-0.00843824,2.04181
7.776,-0.00241054,1.07702,-0.00889436,2.03261,-0.00255663,1.10189,-0.00843824,2.04181
7.778,-0.00241054,1.07702,-0.00889436,2.03261,-0.00248359,1.10191,-0.00848385,2.04181
7.78,-0.00241054,1.07702,-0.00889436,2.03261,-0.00252011,1.10189,-0.00843824,2.04173
7.782,-0.00244706,1.07699,-0.00884875,2.03261,-0.00255663,1.10189,-0.00843824,2.04173
7.784,-0.00244706,1.07699,-0.00884875,2.03261,-0.00252011,1.10189,-0.00843824,2.04181
7.786,-0.00241054,1.07702,-0.00889436,2.03252,-0.00255663,1.10189,-0.00843824,2.04181
7.788,-0.00241054,1.07702,-0.00889436,2.03261,-0.00252011,1.10189,-0.00843824,2.04173
7.79,-0.00241054,1.07699,-0.00884875,2.03261,-0.00252011,1.10189,-0.00843824,2.04173
7.792,-0.00241054,1.07702,-0.00889436,2.03261,-0.00252011,1.10189,-0.00843824,2.04181
7.794,-0.00241054,1.07702,-0.00889436,2.03261,-0.00248359,1.10189,-0.00843824,2.04173
7.796,-0.00244706,1.07699,-0.00884875,2.03261,-0.00252011,1.10189,-0.00843824,2.04181
7.798,-0.00241054,1.07699,-0.00884875,2.03261,-0.00252011,1.10186,-0.00848385,2.04181
7.8,-0.00241054,1.07699,-0.00884875,2.03261,-0.00252011,1.10189,-0.00843824,2.04173
7.802,-0.00244706,1.07702,-0.00889436,2.03261,-0.00252011,1.10189,-0.00843824,2.04181
7.804,-0.00244706,1.07702,-0.00889436,2.03261,-0.00252011,1.10183,-0.00843824,2.04173
7.806,-0.00244706,1.07699,-0.00884875,2.03252,-0.00255663,1.10191,-0.00839263,2.04181
7.808,-0.00244706,1.07702,-0.00889436,2.03252,-0.00255663,1.10186,-0.00848385,2.04173
7.81,-0.00244706,1.07702,-0.00889436,2.03261,-0.00252011,1.10191,-0.00839263,2.04181
7.812,-0.00241054,1.07699,-0.00884875,2.03261,-0.00255663,1.10189,-0.00843824,2.04181
7.814,-0.00244706,1.07699,-0.00884875,2.03261,-0.00252011,1.10189,-0.00843824,2.04173
7.816,-0.00244706,1.07702,-0.00889436,2.03261,-0.00255663,1.10189,-0.00843824,2.04181
7.818,-0.00244706,1.07702,-0.00889436,2.03252,-0.00252011,1.10189,-0.00843824,2.04181
7.82,-0.00244706,1.07702,-0.00889436,2.03252,-0.00252011,1.10189,-0.00843824,2.04173
7.822,-0.00244706,1.07702,-0.00889436,2.03261,-0.00255663,1.10189,-0.00843824,2.04181
7.824,-0.00244706,1.07699,-0.00884875,2.03261,-0.00255663,1.10189,-0.00843824,2.04173
7.826,-0.00241054,1.07702,-0.00889436,2.03261,-0.00259316,1.10191,-0.00839263,2.04173
7.828,-0.00241054,1.07702,-0.00889436,2.03252,-0.00255663,1.10191,-0.00839263,2.04181
7.83,-0.00241054,1.07702,-0.00889436,2.03261,-0.00259316,1.10189,-0.00843824,2.04173
7.832,-0.00244706,1.07702,-0.00889436,2.03261,-0.00255663,1.10189,-0.00843824,2.04181
7.834,-0.00244706,1.07699,-0.00884875,2.03261,-0.00252011,1.10191,-0.00839263,2.04173
7.836,-0.00241054,1.07702,-0.00889436,2.03261,-0.00248359,1.10189,-0.00843824,2.04181
7.838,-0.00244706,1.07702,-0.00889436,2.03261,-0.00255663,1.10189,-0.00843824,2.04173
7.84,-0.00241054,1.07702,-0.00889436,2.03261,-0.00252011,1.10191,-0.00839263,2.04173
7.842,-0.00241054,1.07702,-0.00889436,2.03261,-0.00255663,1.10189,-0.00843824,2.04181
7.844,-0.00241054,1.07702,-0.00889436,2.03252,-0.00255663,1.10189,-0.00843824,2.04181
7.846,-0.00241054,1.07702,-0.00889436,2.03261,-0.00252011,1.10189,-0.00843824,2.04173
7.848,-0.00244706,1.07702,-0.00889436,2.03261,-0.00255663,1.10189,-0.00843824,2.04173
7.85,-0.00244706,1.07702,-0.00889436,2.03261,-0.00252011,1.10191,-0.00839263,2.04173
7.852,-0.00244706,1.07702,-0.00889436,2.03261,-0.00255663,1.10189,-0.00843824,2.04181
7.854,-0.00244706,1.07702,-0.00889436,2.03261,-0.00252011,1.10189,-0.00843824,2.04173
7.856,-0.00241054,1.07702,-0.00889436,2.03252,-0.00255663,1.10191,-0.00839263,2.04181
7.858,-0.00241054,1.07702,-0.00889436,2.03252,-0.00255663,1.10189,-0.00843824,2.04181
7.86,-0.00241054,1.07699,-0.00884875,2.03261,-0.00255663,1.10189,-0.00843824,2.04173
7.862,-0.00241054,1.07702,-0.00889436,2.03261,-0.00252011,1.10186,-0.00848385,2.04173
7.864,-0.00241054,1.07702,-0.00889436,2.03261,-0.00252011,1.10191,-0.00839263,2.04181
7.866,-0.00241054,1.07702,-0.00889436,2.03261,-0.00252011,1.10186,-0.00848385,2.04173
7.868,-0.00244706,1.07699,-0.00893997,2.03261,-0.00255663,1.10189,-0.00843824,2.04173
7.87,-0.00244706,1.07702,-0.00889436,2.03261,-0.00252011,1.10189,-0.00843824,2.04181
7.872,-0.00241054,1.07702,-0.00889436,2.03261,-0.00255663,1.10189,-0.00843824,2.04181
7.874,-0.00241054,1.07702,-0.00889436,2.03261,-0.00252011,1.10189,-0.00843824,2.04181
7.876,-0.00241054,1.07702,-0.00889436,2.03261,-0.00255663,1.10186,-0.00848385,2.04181
7.878,-0.00241054,1.07702,-0.00889436,2.03261,-0.00252011,1.10189,-0.00843824,2.04173
7.88,-0.00241054,1.07702,-0.00889436,2.03261,-0.00252011,1.10189,-0.00843824,2.04173
7.882,-0.00241054,1.07702,-0.00889436,2.03261,-0.00255663,1.10189,-0.00843824,2.04173
7.884,-0.00244706,1.07702,-0.00889436,2.03261,-0.00255663,1.10189,-0.00843824,2.04173
7.886,-0.00244706,1.07699,-0.00884875,2.03261,-0.00252011,1.10189,-0.00843824,2.04181
7.888,-0.00244706,1.07702,-0.00889436,2.03252,-0.00248359,1.10189,-0.00843824,2.04181
7.89,-0.00244706,1.07699,-0.00893997,2.03252,-0.00255663,1.10189,-0.00843824,2.04173
7.892,-0.00241054,1.07702,-0.00889436,2.03252,-0.00252011,1.10189,-0.00843824,2.04173
7.894,-0.00241054,1.07702,-0.00889436,2.03261,-0.00255663,1.10189,-0.00843824,2.04173
7.896,-0.00241054,1.07702,-0.00889436,2.03261,-0.00252011,1.10189,-0.00843824,2.04173
7.898,-0.00241054,1.07702,-0.00889436,2.03261,-0.00252011,1.10189,-0.00843824,2.04173
7.9,-0.00241054,1.07702,-0.00889436,2.03261,-0.00252011,1.10189,-0.00843824,2.04173
7.902,-0.00244706,1.07702,-0.00889436,2.03261,-0.00255663,1.10191,-0.00848385,2.04173
7.904,-0.00244706,1.07702,-0.00889436,2.03252,-0.00252011,1.10191,-0.00839263,2.04173
7.906,-0.00241054,1.07702,-0.00889436,2.03261,-0.00255663,1.10189,-0.00843824,2.04181
7.908,-0.00244706,1.07702,-0.00889436,2.03261,-0.00255663,1.10189,-0.00843824,2.04173
7.91,-0.00241054,1.07702,-0.00889436,2.03261,-0.00252011,1.10189,-0.00843824,2.04181
7.912,-0.00244706,1.07702,-0.00889436,2.03261,-0.00255663,1.10189,-0.00843824,2.04173
7.914,-0.00241054,1.07702,-0.00889436,2.03261,-0.00255663,1.10189,-0.00843824,2.04173
7.916,-0.00241054,1.07702,-0.00889436,2.03261,-0.00255663,1.10186,-0.00848385,2.04181
7.918,-0.00241054,1.07702,-0.00889436,2.03261,-0.00252011,1.10189,-0.00843824,2.04181
7.92,-0.00244706,1.07702,-0.00889436,2.03261,-0.00255663,1.10189,-0.00843824,2.04181
7.922,-0.00244706,1.07699,-0.00884875,2.03261,-0.00255663,1.10189,-0.00843824,2.04181
7.924,-0.00244706,1.07702,-0.00889436,2.03252,-0.00255663,1.10189,-0.00843824,2.04173
7.926,-0.00244706,1.07702,-0.00889436,2.03252,-0.00252011,1.10189,-0.00843824,2.04181
7.928,-0.00244706,1.07702,-0.00889436,2.03261,-0.00252011,1.10189,-0.00843824,2.04173
7.93,-0.00241054,1.07702,-0.00889436,2.03252,-0.00255663,1.10186,-0.00848385,2.04173
7.932,-0.00244706,1.07702,-0.00889436,2.03261,-0.00255663,1.10189,-0.00843824,2.04181
7.934,-0.00244706,1.07702,-0.00889436,2.03261,-0.00255663,1.10189,-0.00843824,2.04173
7.936,-0.00244706,1.07702,-0.00889436,2.03261,-0.00252011,1.10191,-0.00848385,2.04181
7.938,-0.00244706,1.07702,-0.00889436,2.03252,-0.00255663,1.10189,-0.00843824,2.04181
7.94,-0.00244706,1.07699,-0.00884875,2.03252,-0.00255663,1.10189,-0.00843824,2.04173
7.942,-0.00244706,1.07702,-0.00889436,2.03252,-0.00252011,1.10191,-0.00839263,2.04173
7.944,-0.00241054,1.07702,-0.00889436,2.03261,-0.00252011,1.10189,-0.00843824,2.04173
7.946,-0.00241054,1.07702,-0.00889436,2.03261,-0.00252011,1.10186,-0.00848385,2.04173
7.948,-0.00241054,1.07702,-0.00889436,2.03261,-0.00255663,1.10189,-0.00843824,2.04173
7.95,-0.00241054,1.07702,-0.00889436,2.03252,-0.00259316,1.10189,-0.00843824,2.04173
7.952,-0.00241054,1.07702,-0.00889436,2.03261,-0.00255663,1.10189,-0.00843824,2.04173
7.954,-0.00241054,1.07702,-0.00889436,2.03261,-0.00252011,1.10189,-0.00843824,2.04173
7.956,-0.00241054,1.07699,-0.00893997,2.03261,-0.00252011,1.10189,-0.00843824,2.04173
7.958,-0.00244706,1.07702,-0.00889436,2.03261,-0.00252011,1.10189,-0.00843824,2.04173
7.96,-0.00244706,1.07699,-0.00884875,2.03252,-0.00255663,1.10189,-0.00843824,2.04181
7.962,-0.00241054,1.07702,-0.00889436,2.03261,-0.00255663,1.10191,-0.00848385,2.04181
7.964,-0.00241054,1.07702,-0.00889436,2.03261,-0.00255663,1.10189,-0.00843824,2.04173
7.966,-0.00241054,1.07702,-0.00889436,2.03261,-0.00252011,1.10189,-0.00843824,2.04181
7.968,-0.00241054,1.07699,-0.00893997,2.03261,-0.00255663,1.10189,-0.00843824,2.04173
7.97,-0.00241054,1.07702,-0.00889436,2.03261,-0.00252011,1.10189,-0.00843824,2.04173
7.972,-0.00244706,1.07702,-0.00889436,2.03261,-0.00255663,1.10189,-0.00843824,2.04181
7.974,-0.00244706,1.07699,-0.00884875,2.03261,-0.00255663,1.10189,-0.00843824,2.04173
7.976,-0.00244706,1.07702,-0.00889436,2.03261,-0.00255663,1.10191,-0.00839263,2.04181
7.978,-0.00241054,1.07702,-0.00889436,2.03261,-0.00252011,1.10186,-0.00848385,2.04181
7.98,-0.00241054,1.07702,-0.00889436,2.03261,-0.00255663,1.10189,-0.00843824,2.04181
7.982,-0.00241054,1.07702,-0.00889436,2.03261,-0.00255663,1.10191,-0.00848385,2.04181
7.984,-0.00241054,1.07702,-0.00889436,2.03261,-0.00252011,1.10189,-0.00843824,2.04173
7.986,-0.00244706,1.07702,-0.00889436,2.03261,-0.00252011,1.10189,-0.00843824,2.04181
7.988,-0.00244706,1.07702,-0.00889436,2.03261,-0.00252011,1.10191,-0.00848385,2.04181
7.99,-0.00244706,1.07702,-0.00889436,2.03261,-0.00255663,1.10189,-0.00843824,2.04173
7.992,-0.00244706,1.07702,-0.00889436,2.03261,-0.00255663,1.10189,-0.00843824,2.04173
7.994,-0.00241054,1.07699,-0.00884875,2.03261,-0.00255663,1.10189,-0.00843824,2.04173
7.996,-0.00241054,1.07702,-0.00889436,2.03261,-0.00252011,1.10189,-0.00843824,2.04173
7.998,-0.00241054,1.07702,-0.00889436,2.03261,-0.00255663,1.10189,-0.00843824,2.04181
8,-0.00241054,1.07699,-0.00884875,2.03261,-0.00255663,1.10186,-0.00848385,2.04181
8.002,-0.00241054,1.07702,-0.00889436,2.03261,-0.00255663,1.10189,-0.00843824,2.04181
8.004,-0.00241054,1.07702,-0.00889436,2.03261,-0.00255663,1.10186,-0.00848385,2.04181
8.006,-0.00241054,1.07702,-0.00889436,2.03261,-0.00252011,1.10191,-0.00839263,2.04173
8.008,-0.00241054,1.07699,-0.00884875,2.03261,-0.00252011,1.10186,-0.00848385,2.04173
8.01,-0.00244706,1.07702,-0.00889436,2.03261,-0.00255663,1.10189,-0.00843824,2.04181
8.012,-0.00241054,1.07702,-0.00889436,2.03252,-0.00255663,1.10186,-0.00848385,2.04181
8.014,-0.00241054,1.07702,-0.00889436,2.03261,-0.00252011,1.10189,-0.00843824,2.04173
8.016,-0.00241054,1.07702,-0.00889436,2.03261,-0.00255663,1.10191,-0.00839263,2.04173
8.018,-0.00241054,1.07702,-0.00889436,2.03261,-0.00255663,1.10189,-0.00843824,2.04173
8.02,-0.00241054,1.07702,-0.00889436,2.03261,-0.00255663,1.10191,-0.00839263,2.04173
8.022,-0.00244706,1.07702,-0.00889436,2.03261,-0.00255663,1.10189,-0.00843824,2.04181
8.024,-0.00244706,1.07702,-0.00889436,2.03261,-0.00255663,1.10189,-0.00843824,2.04181
8.026,-0.00244706,1.07702,-0.00889436,2.03261,-0.00255663,1.10189,-0.00843824,2.04181
8.028,-0.00241054,1.07702,-0.00889436,2.03261,-0.00255663,1.10189,-0.00843824,2.04181
8.03,-0.00241054,1.07702,-0.00889436,2.03261,-0.00255663,1.10191,-0.00839263,2.04173
8.032,-0.00241054,1.07702,-0.00889436,2.03261,-0.00252011,1.10189,-0.00843824,2.04181
8.034,-0.00244706,1.07702,-0.00889436,2.03261,-0.00252011,1.10189,-0.00843824,2.04181
8.036,-0.00244706,1.07702,-0.00889436,2.03261,-0.00255663,1.10189,-0.00843824,2.04181
8.038,-0.00244706,1.07699,-0.00884875,2.03261,-0.00252011,1.10189,-0.00843824,2.04181
8.04,-0.00241054,1.07702,-0.00889436,2.03261,-0.00252011,1.10191,-0.00848385,2.04173
8.042,-0.00244706,1.07702,-0.00889436,2.03261,-0.00252011,1.10189,-0.00843824,2.04173
8.044,-0.00241054,1.07702,-0.00889436,2.03252,-0.00252011,1.10189,-0.00843824,2.04181
8.046,-0.00241054,1.07702,-0.00889436,2.03261,-0.00252011,1.10191,-0.00839263,2.04181
8.048,-0.00241054,1.07702,-0.00889436,2.03261,-0.00252011,1.10189,-0.00843824,2.04173
8.05,-0.00244706,1.07702,-0.00889436,2.03261,-0.00255663,1.10189,-0.00843824,2.04181
8.052,-0.00244706,1.07702,-0.00889436,2.03261,-0.00255663,1.10189,-0.00843824,2.04173
8.054,-0.00241054,1.07702,-0.00889436,2.03261,-0.00252011,1.10191,-0.00839263,2.04181
8.056,-0.00241054,1.07702,-0.00889436,2.03261,-0.00252011,1.10189,-0.00843824,2.04181
8.058,-0.00241054,1.07702,-0.00889436,2.03261,-0.00255663,1.10189,-0.00843824,2.04181
8.06,-0.00241054,1.07699,-0.00884875,2.03261,-0.00255663,1.10189,-0.00843824,2.04173
8.062,-0.00241054,1.07702,-0.00889436,2.03261,-0.00252011,1.10189,-0.00843824,2.04173
8.064,-0.00241054,1.07702,-0.00889436,2.03252,-0.00252011,1.10189,-0.00843824,2.04173
8.066,-0.00241054,1.07702,-0.00889436,2.03252,-0.00252011,1.10189,-0.00843824,2.04181
8.068,-0.00241054,1.07702,-0.00889436,2.03261,-0.00252011,1.10186,-0.00848385,2.04181
8.07,-0.00241054,1.07702,-0.00889436,2.03261,-0.00255663,1.10189,-0.00843824,2.04173
8.072,-0.00241054,1.07702,-0.00889436,2.03261,-0.00252011,1.10189,-0.00843824,2.04173
8.074,-0.00241054,1.07702,-0.00889436,2.03261,-0.00255663,1.10189,-0.00843824,2.04181
8.076,-0.00241054,1.07702,-0.00889436,2.03261,-0.00252011,1.10189,-0.00843824,2.04181
8.078,-0.00244706,1.07702,-0.00889436,2.03261,-0.00255663,1.10189,-0.00843824,2.04181
8.08,-0.00244706,1.07702,-0.00889436,2.03252,-0.00252011,1.10189,-0.00843824,2.04173
8.082,-0.00244706,1.07702,-0.00889436,2.03261,-0.00255663,1.10191,-0.00848385,2.04181
8.084,-0.00244706,1.07702,-0.00889436,2.03261,-0.00255663,1.10189,-0.00843824,2.04181
8.086,-0.00244706,1.07702,-0.00889436,2.03261,-0.00252011,1.10189,-0.00843824,2.04173
8.088,-0.00241054,1.07702,-0.00889436,2.03261,-0.00255663,1.10189,-0.00843824,2.04173
8.09,-0.00241054,1.07702,-0.00889436,2.03261,-0.00252011,1.10189,-0.00843824,2.04173
8.092,-0.00241054,1.07702,-0.00889436,2.03261,-0.00255663,1.10189,-0.00852946,2.04173
8.094,-0.00241054,1.07702,-0.00889436,2.03252,-0.00252011,1.10189,-0.00843824,2.04181
8.096,-0.00241054,1.07702,-0.00889436,2.03261,-0.00252011,1.10189,-0.00843824,2.04181
8.098,-0.00241054,1.07702,-0.00889436,2.03261,-0.00255663,1.10189,-0.00843824,2.04181
8.1,-0.00241054,1.07702,-0.00889436,2.03261,-0.00252011,1.10186,-0.00848385,2.04181
8.102,-0.00241054,1.07702,-0.00889436,2.03261,-0.00252011,1.10191,-0.00839263,2.04173
8.104,-0.00241054,1.07702,-0.00889436,2.03261,-0.00255663,1.10189,-0.00843824,2.04181
8.106,-0.00244706,1.07702,-0.00889436,2.03261,-0.00252011,1.10191,-0.00839263,2.04173
8.108,-0.00244706,1.07702,-0.00889436,2.03261,-0.00255663,1.10191,-0.00848385,2.04173
8.11,-0.00241054,1.07702,-0.00889436,2.03261,-0.00255663,1.10189,-0.00843824,2.04173
8.112,-0.00241054,1.07699,-0.00884875,2.03261,-0.00252011,1.10186,-0.00848385,2.04173
8.114,-0.00241054,1.07702,-0.00889436,2.03261,-0.00252011,1.10189,-0.00843824,2.04173
8.116,-0.00241054,1.07702,-0.00889436,2.03261,-0.00252011,1.10189,-0.00843824,2.04173
8.118,-0.00241054,1.07702,-0.00889436,2.03261,-0.00252011,1.10189,-0.00843824,2.04173
8.12,-0.00244706,1.07702,-0.00889436,2.03261,-0.00252011,1.10189,-0.00843824,2.04181
8.122,-0.00244706,1.07702,-0.00889436,2.03261,-0.00252011,1.10186,-0.00848385,2.04173
8.124,-0.00244706,1.07702,-0.00889436,2.03261,-0.00255663,1.10189,-0.00843824,2.04181
8.126,-0.00241054,1.07702,-0.00889436,2.03261,-0.00255663,1.10189,-0.00843824,2.04173
8.128,-0.00241054,1.07702,-0.00889436,2.03261,-0.00252011,1.10189,-0.00843824,2.04181
8.13,-0.00241054,1.07702,-0.00889436,2.03261,-0.00255663,1.10189,-0.00843824,2.04181
8.132,-0.00244706,1.07702,-0.00889436,2.03261,-0.00255663,1.10191,-0.00839263,2.04173
8.134,-0.00241054,1.07699,-0.00884875,2.03261,-0.00255663,1.10189,-0.00843824,2.04173
8.136,-0.00244706,1.07702,-0.00889436,2.03261,-0.00252011,1.10186,-0.00848385,2.04181
8.138,-0.00244706,1.07702,-0.00889436,2.03252,-0.00252011,1.10189,-0.00843824,2.04173
8.14,-0.00244706,1.07702,-0.00889436,2.03261,-0.00255663,1.10189,-0.00843824,2.04173
8.142,-0.00241054,1.07702,-0.00889436,2.03252,-0.00255663,1.10189,-0.00843824,2.04181
8.144,-0.00244706,1.07702,-0.00889436,2.03261,-0.00255663,1.10189,-0.00843824,2.04173
8.146,-0.00244706,1.07702,-0.00889436,2.03261,-0.00255663,1.10189,-0.00843824,2.04173
8.148,-0.00241054,1.07702,-0.00889436,2.03261,-0.00259316,1.10189,-0.00843824,2.04173
8.15,-0.00241054,1.07702,-0.00889436,2.03261,-0.00252011,1.10189,-0.00843824,2.04181
8.152,-0.00244706,1.07699,-0.00884875,2.03261,-0.00255663,1.10189,-0.00843824,2.04173
8.154,-0.00244706,1.07702,-0.00889436,2.03261,-0.00252011,1.10189,-0.00843824,2.04181
8.156,-0.00241054,1.07699,-0.00884875,2.03261,-0.00255663,1.10189,-0.00843824,2.04181
8.158,-0.00241054,1.07702,-0.00889436,2.03261,-0.00252011,1.10186,-0.00848385,2.04173
8.16,-0.00244706,1.07702,-0.00889436,2.03261,-0.00255663,1.10189,-0.00843824,2.04173
8.162,-0.00241054,1.07702,-0.00889436,2.03261,-0.00259316,1.10186,-0.00848385,2.04173
8.164,-0.00241054,1.07702,-0.00889436,2.03261,-0.00252011,1.10189,-0.00843824,2.04173
8.166,-0.00241054,1.07699,-0.00884875,2.03261,-0.00255663,1.10189,-0.00843824,2.04173
8.168,-0.00244706,1.07702,-0.00889436,2.03261,-0.00252011,1.10189,-0.00843824,2.04181
8.17,-0.00244706,1.07702,-0.00889436,2.03261,-0.00255663,1.10191,-0.00839263,2.04181
8.172,-0.00241054,1.07702,-0.00889436,2.03261,-0.00255663,1.10189,-0.00843824,2.04173
8.174,-0.00241054,1.07702,-0.00889436,2.03261,-0.00255663,1.10189,-0.00843824,2.04173
8.176,-0.00241054,1.07702,-0.00889436,2.03261,-0.00255663,1.10189,-0.00843824,2.04173
8.178,-0.00244706,1.07702,-0.00889436,2.03261,-0.00255663,1.10186,-0.00848385,2.04181
8.18,-0.00244706,1.07702,-0.00889436,2.03261,-0.00252011,1.10189,-0.00843824,2.04173
8.182,-0.00241054,1.07702,-0.00889436,2.03261,-0.00252011,1.10189,-0.00843824,2.04173
8.184,-0.00241054,1.07702,-0.00889436,2.03261,-0.00252011,1.10191,-0.00839263,2.04173
8.186,-0.00244706,1.07702,-0.00889436,2.03261,-0.00252011,1.10191,-0.00848385,2.04173
8.188,-0.00241054,1.07702,-0.00889436,2.03261,-0.00255663,1.10189,-0.00843824,2.04173
8.19,-0.00244706,1.07702,-0.00889436,2.03261,-0.00252011,1.10189,-0.00843824,2.04173
8.192,-0.00244706,1.07702,-0.00889436,2.03261,-0.00255663,1.10189,-0.00843824,2.04173
8.194,-0.00241054,1.07702,-0.00889436,2.03261,-0.00252011,1.10189,-0.00843824,2.04181
8.196,-0.00241054,1.07702,-0.00889436,2.03261,-0.00255663,1.10189,-0.00843824,2.04173
8.198,-0.00241054,1.07702,-0.00889436,2.03252,-0.00252011,1.10189,-0.00843824,2.04173
8.2,-0.00241054,1.07702,-0.00889436,2.03261,-0.00252011,1.10186,-0.00848385,2.04173
8.202,-0.00244706,1.07702,-0.00889436,2.03261,-0.00252011,1.10189,-0.00843824,2.04181
8.204,-0.00244706,1.07699,-0.00893997,2.03261,-0.00255663,1.10189,-0.00843824,2.04181
8.206,-0.00241054,1.07699,-0.00884875,2.03261,-0.00255663,1.10191,-0.00848385,2.04173
8.208,-0.00241054,1.07702,-0.00889436,2.03261,-0.00252011,1.10189,-0.00843824,2.04181
8.21,-0.00244706,1.07702,-0.00889436,2.03261,-0.00255663,1.10189,-0.00843824,2.04181
8.212,-0.00241054,1.07702,-0.00889436,2.03261,-0.00248359,1.10189,-0.00843824,2.04173
8.214,-0.00241054,1.07702,-0.00889436,2.03261,-0.00255663,1.10189,-0.00843824,2.04173
8.216,-0.00241054,1.07702,-0.00889436,2.03261,-0.00252011,1.10189,-0.00843824,2.04173
8.218,-0.00244706,1.07702,-0.00889436,2.03261,-0.00259316,1.10186,-0.00848385,2.04181
8.22,-0.00244706,1.07702,-0.00889436,2.03261,-0.00255663,1.10191,-0.00839263,2.04181
8.222,-0.00244706,1.07699,-0.00884875,2.03261,-0.00252011,1.10189,-0.00843824,2.04181
8.224,-0.00244706,1.07702,-0.00889436,2.03261,-0.00248359,1.10189,-0.00843824,2.04181
8.226,-0.00244706,1.07702,-0.00889436,2.03252,-0.00255663,1.10189,-0.00843824,2.04173
8.228,-0.00241054,1.07702,-0.00889436,2.03261,-0.00252011,1.10189,-0.00843824,2.04173
8.23,-0.00241054,1.07702,-0.00889436,2.03252,-0.00255663,1.10189,-0.00843824,2.04181
8.232,-0.00241054,1.07702,-0.00889436,2.03261,-0.00252011,1.10189,-0.00843824,2.04173
8.234,-0.00241054,1.07702,-0.00889436,2.03261,-0.00252011,1.10189,-0.00843824,2.04173
8.236,-0.00241054,1.07702,-0.00889436,2.03261,-0.00255663,1.10189,-0.00843824,2.04181
8.238,-0.00241054,1.07702,-0.00889436,2.03261,-0.00252011,1.10189,-0.00843824,2.04173
8.24,-0.00244706,1.07699,-0.00884875,2.03261,-0.00252011,1.10189,-0.00843824,2.04181
8.242,-0.00241054,1.07702,-0.00889436,2.03261,-0.00255663,1.10191,-0.00848385,2.04181
8.244,-0.00241054,1.07702,-0.00889436,2.03261,-0.00252011,1.10191,-0.00839263,2.04173
8.246,-0.00241054,1.07702,-0.00889436,2.03261,-0.00252011,1.10186,-0.00848385,2.04181
8.248,-0.00241054,1.07702,-0.00889436,2.03261,-0.00255663,1.10189,-0.00843824,2.04181
8.25,-0.00244706,1.07702,-0.00889436,2.03261,-0.00255663,1.10189,-0.00843824,2.04181
8.252,-0.00244706,1.07702,-0.00889436,2.03261,-0.00255663,1.10189,-0.00843824,2.04173
8.254,-0.00241054,1.07702,-0.00889436,2.03261,-0.00255663,1.10189,-0.00843824,2.04173
8.256,-0.00244706,1.07702,-0.00889436,2.03261,-0.00252011,1.10189,-0.00843824,2.04173
8.258,-0.00244706,1.07702,-0.00889436,2.03261,-0.00252011,1.10189,-0.00843824,2.04173
8.26,-0.00244706,1.07702,-0.00889436,2.03261,-0.00255663,1.10189,-0.00843824,2.04181
8.262,-0.00241054,1.07702,-0.00889436,2.03261,-0.00248359,1.10189,-0.00843824,2.04181
8.264,-0.00241054,1.07702,-0.00889436,2.03252,-0.00255663,1.10189,-0.00843824,2.04173
8.266,-0.00241054,1.07702,-0.00889436,2.03252,-0.00255663,1.10189,-0.00843824,2.04173
8.268,-0.00241054,1.07702,-0.00889436,2.03252,-0.00252011,1.10189,-0.00843824,2.04173
8.27,-0.00241054,1.07702,-0.00889436,2.03261,-0.00252011,1.10189,-0.00843824,2.04173
8.272,-0.00244706,1.07702,-0.00889436,2.03261,-0.00255663,1.10189,-0.00843824,2.04181
8.274,-0.00244706,1.07702,-0.00889436,2.03261,-0.00255663,1.10189,-0.00843824,2.04181
8.276,-0.00244706,1.07702,-0.00889436,2.03261,-0.00252011,1.10191,-0.00839263,2.04181
8.278,-0.00241054,1.07702,-0.00889436,2.03252,-0.00248359,1.10186,-0.00848385,2.04173
8.28,-0.00241054,1.07702,-0.00889436,2.03252,-0.00252011,1.10189,-0.00843824,2.04173
8.282,-0.00241054,1.07702,-0.00889436,2.03252,-0.00255663,1.10189,-0.00843824,2.04173
8.284,-0.00241054,1.07702,-0.00889436,2.03261,-0.00252011,1.10189,-0.00843824,2.04173
8.286,-0.00241054,1.07702,-0.00889436,2.03261,-0.00252011,1.10189,-0.00843824,2.04181
8.288,-0.00241054,1.07702,-0.00889436,2.03261,-0.00259316,1.10189,-0.00843824,2.04181
8.29,-0.00241054,1.07702,-0.00889436,2.03261,-0.00255663,1.10191,-0.00839263,2.04173
8.292,-0.00244706,1.07702,-0.00889436,2.03261,-0.00255663,1.10189,-0.00843824,2.04173
8.294,-0.00244706,1.07702,-0.00889436,2.03261,-0.00248359,1.10186,-0.00848385,2.04173
8.296,-0.00244706,1.07702,-0.00889436,2.03261,-0.00252011,1.10189,-0.00843824,2.04181
8.298,-0.00241054,1.07702,-0.00889436,2.03261,-0.00255663,1.10189,-0.00843824,2.04173
8.3,-0.00244706,1.07702,-0.00889436,2.03261,-0.00255663,1.10189,-0.00843824,2.04181
8.302,-0.00241054,1.07702,-0.00889436,2.03261,-0.00255663,1.10186,-0.00848385,2.04181
8.304,-0.00241054,1.07702,-0.00889436,2.03252,-0.00252011,1.10189,-0.00843824,2.04181
8.306,-0.00241054,1.07702,-0.00889436,2.03261,-0.00252011,1.10189,-0.00843824,2.04173
8.308,-0.00241054,1.07702,-0.00889436,2.03252,-0.00255663,1.10189,-0.00843824,2.04181
8.31,-0.00244706,1.07702,-0.00889436,2.03261,-0.00252011,1.10189,-0.00843824,2.04173
8.312,-0.00241054,1.07702,-0.00889436,2.03261,-0.00255663,1.10189,-0.00843824,2.04173
8.314,-0.00241054,1.07702,-0.00889436,2.03261,-0.00255663,1.10189,-0.00843824,2.04173
8.316,-0.00241054,1.07702,-0.00889436,2.03252,-0.00255663,1.10189,-0.00843824,2.04173
8.318,-0.00244706,1.07702,-0.00889436,2.03261,-0.00252011,1.10189,-0.00843824,2.04181
8.32,-0.00241054,1.07702,-0.00889436,2.03252,-0.00252011,1.10189,-0.00843824,2.04173
8.322,-0.00244706,1.07702,-0.00889436,2.03261,-0.00252011,1.10191,-0.00848385,2.04173
8.324,-0.00244706,1.07699,-0.00884875,2.03261,-0.00252011,1.10189,-0.00843824,2.04173
8.326,-0.00241054,1.07702,-0.00889436,2.03261,-0.00252011,1.10191,-0.00839263,2.04173
8.328,-0.00241054,1.07702,-0.00889436,2.03261,-0.00255663,1.10189,-0.00843824,2.04173
8.33,-0.00244706,1.07702,-0.00889436,2.03261,-0.00255663,1.10189,-0.00843824,2.04173
8.332,-0.00244706,1.07702,-0.00889436,2.03261,-0.00252011,1.10189,-0.00843824,2.04173
8.334,-0.00244706,1.07699,-0.00884875,2.03261,-0.00255663,1.10189,-0.00843824,2.04181
8.336,-0.00244706,1.07699,-0.00884875,2.03252,-0.00255663,1.10191,-0.00848385,2.04173
8.338,-0.00244706,1.07702,-0.00889436,2.03252,-0.00255663,1.10189,-0.00843824,2.04181
8.34,-0.00244706,1.07702,-0.00889436,2.03252,-0.00252011,1.10186,-0.00848385,2.04173
8.342,-0.00241054,1.07702,-0.00889436,2.03261,-0.00255663,1.10189,-0.00843824,2.04173
8.344,-0.00241054,1.07702,-0.00889436,2.03261,-0.00252011,1.10189,-0.00843824,2.04181
8.346,-0.00241054,1.07702,-0.00889436,2.03261,-0.00255663,1.10189,-0.00843824,2.04173
8.348,-0.00244706,1.07699,-0.00893997,2.03261,-0.00255663,1.10186,-0.00848385,2.04173
8.35,-0.00241054,1.07702,-0.00889436,2.03261,-0.00255663,1.10189,-0.00843824,2.04173
8.352,-0.00244706,1.07702,-0.00889436,2.03261,-0.00252011,1.10189,-0.00843824,2.04173
8.354,-0.00241054,1.07702,-0.00889436,2.03252,-0.00255663,1.10189,-0.00843824,2.04173
8.356,-0.00244706,1.07702,-0.00889436,2.03252,-0.00252011,1.10189,-0.00843824,2.04181
8.358,-0.00244706,1.07702,-0.00889436,2.03261,-0.00255663,1.10189,-0.00843824,2.04173
8.36,-0.00241054,1.07702,-0.00889436,2.03261,-0.00252011,1.10189,-0.00843824,2.04173
8.362,-0.00244706,1.07702,-0.00889436,2.03261,-0.00252011,1.10189,-0.00843824,2.04173
8.364,-0.00244706,1.07702,-0.00889436,2.03261,-0.00255663,1.10189,-0.00843824,2.04181
8.366,-0.00244706,1.07702,-0.00889436,2.03261,-0.00252011,1.10189,-0.00843824,2.04173
8.368,-0.00241054,1.07702,-0.00889436,2.03252,-0.00255663,1.10189,-0.00843824,2.04173
8.37,-0.00241054,1.07702,-0.00889436,2.03252,-0.00252011,1.10189,-0.00843824,2.04173
8.372,-0.00241054,1.07702,-0.00889436,2.03252,-0.00255663,1.10189,-0.00843824,2.04181
8.374,-0.00241054,1.07702,-0.00889436,2.03261,-0.00255663,1.10189,-0.00843824,2.04181
8.376,-0.00241054,1.07702,-0.00889436,2.03261,-0.00252011,1.10191,-0.00839263,2.04173
8.378,-0.00244706,1.07702,-0.00889436,2.03261,-0.00252011,1.10186,-0.00848385,2.04181
8.38,-0.00244706,1.07702,-0.00889436,2.03261,-0.00248359,1.10186,-0.00848385,2.04173
8.382,-0.00241054,1.07702,-0.00889436,2.03261,-0.00259316,1.10189,-0.00843824,2.04181
8.384,-0.00241054,1.07702,-0.00889436,2.03261,-0.00255663,1.10189,-0.00843824,2.04173
8.386,-0.00241054,1.07702,-0.00889436,2.03261,-0.00252011,1.10189,-0.00843824,2.04181
8.388,-0.00241054,1.07702,-0.00889436,2.03261,-0.00255663,1.10189,-0.00843824,2.04173
8.39,-0.00241054,1.07702,-0.00889436,2.03252,-0.00252011,1.10191,-0.00839263,2.04173
8.392,-0.00241054,1.07699,-0.00893997,2.03261,-0.00252011,1.10186,-0.00848385,2.04181
8.394,-0.00241054,1.07702,-0.00889436,2.03261,-0.00255663,1.10189,-0.00843824,2.04173
8.396,-0.00241054,1.07702,-0.00889436,2.03261,-0.00252011,1.10189,-0.00843824,2.04173
8.398,-0.00241054,1.07702,-0.00889436,2.03261,-0.00255663,1.10186,-0.00848385,2.04173
8.4,-0.00241054,1.07702,-0.00889436,2.03261,-0.00259316,1.10186,-0.00848385,2.04173
8.402,-0.00244706,1.07702,-0.00889436,2.03252,-0.00255663,1.10186,-0.00848385,2.04173
8.404,-0.00241054,1.07702,-0.00889436,2.03261,-0.00252011,1.10186,-0.00848385,2.04181
8.406,-0.00241054,1.07702,-0.00889436,2.03252,-0.00252011,1.10189,-0.00843824,2.04173
8.408,-0.00244706,1.07702,-0.00889436,2.03252,-0.00259316,1.10191,-0.00839263,2.04173
8.41,-0.00241054,1.07702,-0.00889436,2.03261,-0.00252011,1.10189,-0.00843824,2.04181
8.412,-0.00244706,1.07702,-0.00889436,2.03261,-0.00255663,1.10189,-0.00843824,2.04173
8.414,-0.00241054,1.07702,-0.00889436,2.03261,-0.00255663,1.10186,-0.00848385,2.04173
8.416,-0.00241054,1.07702,-0.00889436,2.03261,-0.00255663,1.10189,-0.00843824,2.04173
8.418,-0.00241054,1.07699,-0.00884875,2.03252,-0.00252011,1.10189,-0.00843824,2.04181
8.42,-0.00244706,1.07702,-0.00889436,2.03252,-0.00252011,1.10186,-0.00848385,2.04181
8.422,-0.00241054,1.07702,-0.00889436,2.03261,-0.00255663,1.10186,-0.00848385,2.04181
8.424,-0.00241054,1.07702,-0.00889436,2.03261,-0.00255663,1.10189,-0.00843824,2.04181
8.426,-0.00241054,1.07702,-0.00889436,2.03252,-0.00255663,1.10189,-0.00843824,2.04181
8.428,-0.00241054,1.07699,-0.00884875,2.03252,-0.00255663,1.10189,-0.00834702,2.04173
8.43,-0.00244706,1.07702,-0.00889436,2.03261,-0.00252011,1.10189,-0.00843824,2.04181
8.432,-0.00241054,1.07699,-0.00893997,2.03261,-0.00255663,1.10189,-0.00843824,2.04173
8.434,-0.00241054,1.07702,-0.00889436,2.03261,-0.00252011,1.10194,-0.00843824,2.04173
8.436,-0.00241054,1.07702,-0.00889436,2.03261,-0.00255663,1.10189,-0.00843824,2.04181
8.438,-0.00241054,1.07702,-0.00889436,2.03261,-0.00252011,1.10189,-0.00843824,2.04181
8.44,-0.00244706,1.07702,-0.00889436,2.03261,-0.00252011,1.10189,-0.00843824,2.04173
8.442,-0.00244706,1.07702,-0.00889436,2.03261,-0.00259316,1.10189,-0.00843824,2.04173
8.444,-0.00241054,1.07702,-0.00889436,2.03261,-0.00252011,1.10189,-0.00843824,2.04173
8.446,-0.00244706,1.07702,-0.00889436,2.03261,-0.00255663,1.10189,-0.00843824,2.04173
8.448,-0.00241054,1.07702,-0.00889436,2.03261,-0.00255663,1.10189,-0.00843824,2.04181
8.45,-0.00241054,1.07702,-0.00889436,2.03261,-0.00255663,1.10189,-0.00843824,2.04173
8.452,-0.00241054,1.07702,-0.00889436,2.03261,-0.00255663,1.10189,-0.00843824,2.04181
8.454,-0.00244706,1.07699,-0.00884875,2.03261,-0.00248359,1.10189,-0.00843824,2.04181
8.456,-0.00244706,1.07702,-0.00889436,2.03261,-0.00255663,1.10189,-0.00843824,2.04181
8.458,-0.00244706,1.07702,-0.00889436,2.03261,-0.00255663,1.10189,-0.00843824,2.04181
8.46,-0.00241054,1.07702,-0.00889436,2.03261,-0.00252011,1.10189,-0.00843824,2.04173
8.462,-0.00241054,1.07702,-0.00889436,2.03261,-0.00255663,1.10189,-0.00843824,2.04181
8.464,-0.00244706,1.07702,-0.00889436,2.03261,-0.00259316,1.10191,-0.00848385,2.04181
8.466,-0.00244706,1.07702,-0.00889436,2.03261,-0.00255663,1.10189,-0.00843824,2.04181
8.468,-0.00241054,1.07699,-0.00884875,2.03261,-0.00255663,1.10189,-0.00843824,2.04173
8.47,-0.00241054,1.07702,-0.00889436,2.03261,-0.00252011,1.10191,-0.00848385,2.04173
8.472,-0.00244706,1.07702,-0.00889436,2.03261,-0.00255663,1.10189,-0.00843824,2.04173
8.474,-0.00244706,1.07702,-0.00889436,2.03261,-0.00252011,1.10186,-0.00848385,2.04181
8.476,-0.00241054,1.07699,-0.00893997,2.03261,-0.00255663,1.10189,-0.00843824,2.04173
8.478,-0.00241054,1.07702,-0.00889436,2.03261,-0.00255663,1.10189,-0.00843824,2.04173
8.48,-0.00241054,1.07702,-0.00889436,2.03261,-0.00255663,1.10189,-0.00852946,2.04173
8.482,-0.00241054,1.07702,-0.00889436,2.03261,-0.00255663,1.10189,-0.00852946,2.04181
8.484,-0.00241054,1.07702,-0.00889436,2.03261,-0.00255663,1.10186,-0.00848385,2.04173
8.486,-0.00241054,1.07699,-0.00884875,2.03261,-0.00252011,1.10189,-0.00843824,2.04173
8.488,-0.00241054,1.07702,-0.00889436,2.03261,-0.00255663,1.10189,-0.00843824,2.04181
8.49,-0.00241054,1.07699,-0.00893997,2.03261,-0.00255663,1.10189,-0.00843824,2.04181
8.492,-0.00241054,1.07702,-0.00889436,2.03261,-0.00252011,1.10189,-0.00843824,2.04181
8.494,-0.00244706,1.07702,-0.00889436,2.03261,-0.00252011,1.10189,-0.00843824,2.04181
8.496,-0.00241054,1.07702,-0.00889436,2.03261,-0.00255663,1.10189,-0.00843824,2.04181
8.498,-0.00241054,1.07702,-0.00889436,2.03261,-0.00259316,1.10191,-0.00839263,2.04181
8.5,-0.00241054,1.07702,-0.00889436,2.03261,-0.00255663,1.10189,-0.00843824,2.04181
8.502,-0.00244706,1.07702,-0.00889436,2.03261,-0.00255663,1.10189,-0.00843824,2.04173
8.504,-0.00244706,1.07702,-0.00889436,2.03261,-0.00255663,1.10189,-0.00843824,2.04173
8.506,-0.00244706,1.07702,-0.00889436,2.03261,-0.00252011,1.10189,-0.00843824,2.04173
8.508,-0.00241054,1.07702,-0.00889436,2.03261,-0.00255663,1.10186,-0.00848385,2.04173
8.51,-0.00244706,1.07702,-0.00889436,2.03261,-0.00252011,1.10189,-0.00843824,2.04173
8.512,-0.00241054,1.07702,-0.00889436,2.03261,-0.00252011,1.10189,-0.00843824,2.04181
8.514,-0.00241054,1.07702,-0.00889436,2.03261,-0.00252011,1.10191,-0.00839263,2.04173
8.516,-0.00241054,1.07702,-0.00889436,2.03261,-0.00255663,1.10189,-0.00843824,2.04173
8.518,-0.00244706,1.07702,-0.00889436,2.03261,-0.00255663,1.10189,-0.00843824,2.04173
8.52,-0.00244706,1.07702,-0.00889436,2.03261,-0.00255663,1.10186,-0.00848385,2.04181
8.522,-0.00244706,1.07702,-0.00889436,2.03261,-0.00255663,1.10189,-0.00843824,2.04181
8.524,-0.00244706,1.07702,-0.00889436,2.03261,-0.00255663,1.10189,-0.00843824,2.04173
8.526,-0.00244706,1.07702,-0.00889436,2.03261,-0.00255663,1.10189,-0.00843824,2.04181
8.528,-0.00241054,1.07702,-0.00889436,2.03261,-0.00252011,1.10191,-0.00839263,2.04173
8.53,-0.00241054,1.07702,-0.00889436,2.03261,-0.00252011,1.10186,-0.00848385,2.04173
8.532,-0.00241054,1.07702,-0.00889436,2.03261,-0.00255663,1.10189,-0.00843824,2.04173
8.534,-0.00241054,1.07702,-0.00889436,2.03261,-0.00255663,1.10191,-0.00848385,2.04173
8.536,-0.00241054,1.07702,-0.00889436,2.03261,-0.00252011,1.10191,-0.00848385,2.04173
8.538,-0.00241054,1.07702,-0.00889436,2.03261,-0.00252011,1.10189,-0.00843824,2.04173
8.54,-0.00241054,1.07702,-0.00889436,2.03261,-0.00252011,1.10189,-0.00843824,2.04181
8.542,-0.00241054,1.07702,-0.00889436,2.03261,-0.00255663,1.10191,-0.00848385,2.04181
8.544,-0.00244706,1.07702,-0.00889436,2.03261,-0.00255663,1.10189,-0.00843824,2.04173
8.546,-0.00244706,1.07702,-0.00889436,2.03261,-0.00252011,1.10186,-0.00848385,2.04173
8.548,-0.00244706,1.07702,-0.00889436,2.03261,-0.00255663,1.10189,-0.00843824,2.04173
8.55,-0.00244706,1.07699,-0.00884875,2.03261,-0.00255663,1.10191,-0.00839263,2.04173
8.552,-0.00241054,1.07702,-0.00889436,2.03261,-0.00252011,1.10189,-0.00843824,2.04173
8.554,-0.00241054,1.07702,-0.00889436,2.03261,-0.00255663,1.10186,-0.00848385,2.04173
8.556,-0.00241054,1.07702,-0.00889436,2.03261,-0.00252011,1.10189,-0.00843824,2.04181
8.558,-0.00244706,1.07702,-0.00889436,2.03261,-0.00252011,1.10189,-0.00843824,2.04173
8.56,-0.00244706,1.07702,-0.00889436,2.03261,-0.00252011,1.10189,-0.00843824,2.04173
8.562,-0.00241054,1.07702,-0.00889436,2.03261,-0.00259316,1.10191,-0.00839263,2.04173
8.564,-0.00241054,1.07699,-0.00884875,2.03252,-0.00252011,1.10194,-0.00843824,2.04173
8.566,-0.00241054,1.07702,-0.00889436,2.03261,-0.00259316,1.10191,-0.00848385,2.04181
8.568,-0.00241054,1.07702,-0.00889436,2.03261,-0.00259316,1.10189,-0.00843824,2.04181
8.57,-0.00241054,1.07702,-0.00889436,2.03261,-0.00255663,1.10189,-0.00843824,2.04181
8.572,-0.00244706,1.07702,-0.00889436,2.03261,-0.00255663,1.10191,-0.00839263,2.04173
8.574,-0.00244706,1.07702,-0.00889436,2.03261,-0.00255663,1.10189,-0.00843824,2.04173
8.576,-0.00244706,1.07702,-0.00889436,2.03261,-0.00255663,1.10186,-0.00848385,2.04181
8.578,-0.00241054,1.07702,-0.00889436,2.03261,-0.00252011,1.10189,-0.00843824,2.04173
8.58,-0.00241054,1.07702,-0.00889436,2.03261,-0.00252011,1.10189,-0.00843824,2.04181
8.582,-0.00241054,1.07702,-0.00889436,2.03261,-0.00255663,1.10189,-0.00843824,2.04173
8.584,-0.00241054,1.07702,-0.00889436,2.03261,-0.00255663,1.10186,-0.00848385,2.04181
8.586,-0.00241054,1.07702,-0.00889436,2.03261,-0.00255663,1.10186,-0.00848385,2.04173
8.588,-0.00244706,1.07702,-0.00889436,2.03261,-0.00255663,1.10189,-0.00843824,2.04173
8.59,-0.00244706,1.07699,-0.00884875,2.03261,-0.00255663,1.10189,-0.00843824,2.04173
8.592,-0.00244706,1.07702,-0.00889436,2.03261,-0.00252011,1.10189,-0.00843824,2.04181
8.594,-0.00244706,1.07702,-0.00889436,2.03261,-0.00252011,1.10189,-0.00843824,2.04173
8.596,-0.00241054,1.07702,-0.00889436,2.03261,-0.00255663,1.10189,-0.00843824,2.04173
8.598,-0.00241054,1.07702,-0.00889436,2.03261,-0.00255663,1.10189,-0.00843824,2.04173
8.6,-0.00241054,1.07702,-0.00889436,2.03261,-0.00252011,1.10189,-0.00843824,2.04173
8.602,-0.00241054,1.07702,-0.00889436,2.03261,-0.00248359,1.10189,-0.00843824,2.04181
8.604,-0.00241054,1.07702,-0.00889436,2.03261,-0.00252011,1.10189,-0.00843824,2.04181
8.606,-0.00244706,1.07702,-0.00889436,2.03261,-0.00255663,1.10189,-0.00843824,2.04173
8.608,-0.00244706,1.07702,-0.00889436,2.03261,-0.00255663,1.10191,-0.00839263,2.04173
8.61,-0.00241054,1.07702,-0.00889436,2.03261,-0.00255663,1.10189,-0.00843824,2.04181
8.612,-0.00241054,1.07702,-0.00889436,2.03261,-0.00252011,1.10189,-0.00843824,2.04181
8.614,-0.00241054,1.07702,-0.00889436,2.03261,-0.00252011,1.10189,-0.00843824,2.04173
8.616,-0.00241054,1.07702,-0.00889436,2.03261,-0.00252011,1.10189,-0.00843824,2.04181
8.618,-0.00241054,1.07702,-0.00889436,2.03261,-0.00255663,1.10186,-0.00848385,2.04173
8.62,-0.00241054,1.07702,-0.00889436,2.03261,-0.00252011,1.10189,-0.00843824,2.04181
8.622,-0.00244706,1.07702,-0.00889436,2.03261,-0.00248359,1.10189,-0.00843824,2.04181
8.624,-0.00244706,1.07702,-0.00889436,2.03261,-0.00252011,1.10186,-0.00848385,2.04173
8.626,-0.00241054,1.07702,-0.00889436,2.03261,-0.00252011,1.10189,-0.00843824,2.04173
8.628,-0.00241054,1.07702,-0.00889436,2.03261,-0.00255663,1.10189,-0.00843824,2.04173
8.63,-0.00241054,1.07702,-0.00889436,2.03261,-0.00252011,1.10189,-0.00843824,2.04173
8.632,-0.00241054,1.07702,-0.00889436,2.03261,-0.00252011,1.10191,-0.00848385,2.04181
8.634,-0.00241054,1.07702,-0.00889436,2.03261,-0.00255663,1.10189,-0.00843824,2.04173
8.636,-0.00244706,1.07702,-0.00889436,2.03261,-0.00255663,1.10189,-0.00843824,2.04181
8.638,-0.00244706,1.07699,-0.00884875,2.03252,-0.00255663,1.10189,-0.00843824,2.04173
8.64,-0.00244706,1.07702,-0.00889436,2.03261,-0.00252011,1.10189,-0.00843824,2.04173
8.642,-0.00244706,1.07702,-0.00889436,2.03261,-0.00255663,1.10189,-0.00843824,2.04181
8.644,-0.00244706,1.07702,-0.00889436,2.03261,-0.00252011,1.10189,-0.00843824,2.04181
8.646,-0.00241054,1.07702,-0.00889436,2.03252,-0.00255663,1.10189,-0.00843824,2.04173
8.648,-0.00241054,1.07702,-0.00889436,2.03261,-0.00255663,1.10189,-0.00843824,2.04181
8.65,-0.00241054,1.07702,-0.00889436,2.03261,-0.00255663,1.10189,-0.00843824,2.04173
8.652,-0.00241054,1.07702,-0.00889436,2.03261,-0.00255663,1.10191,-0.00839263,2.04181
8.654,-0.00244706,1.07702,-0.00889436,2.03261,-0.00252011,1.10189,-0.00843824,2.04173
8.656,-0.00244706,1.07699,-0.00893997,2.03261,-0.00252011,1.10191,-0.00839263,2.04181
8.658,-0.00241054,1.07702,-0.00889436,2.03261,-0.00255663,1.10189,-0.00843824,2.04181
8.66,-0.00241054,1.07702,-0.00889436,2.03261,-0.00255663,1.10189,-0.00843824,2.04181
8.662,-0.00241054,1.07702,-0.00889436,2.03261,-0.00255663,1.10189,-0.00843824,2.04181
8.664,-0.00241054,1.07702,-0.00889436,2.03261,-0.00255663,1.10189,-0.00843824,2.04181
8.666,-0.00241054,1.07702,-0.00889436,2.03261,-0.00252011,1.10189,-0.00843824,2.04181
8.668,-0.00241054,1.07702,-0.00889436,2.03261,-0.00255663,1.10189,-0.00843824,2.04173
8.67,-0.00241054,1.07702,-0.00889436,2.03261,-0.00252011,1.10189,-0.00843824,2.04173
8.672,-0.00244706,1.07702,-0.00889436,2.03261,-0.00262968,1.10189,-0.00843824,2.04173
8.674,-0.00244706,1.07702,-0.00889436,2.03261,-0.00252011,1.10191,-0.00839263,2.04173
8.676,-0.00244706,1.07702,-0.00889436,2.03261,-0.00252011,1.10189,-0.00843824,2.04173
8.678,-0.00244706,1.07702,-0.00889436,2.03261,-0.00252011,1.10189,-0.00843824,2.04173
8.68,-0.00244706,1.07702,-0.00889436,2.03261,-0.00255663,1.10189,-0.00843824,2.04173
8.682,-0.00241054,1.07702,-0.00889436,2.03261,-0.00255663,1.10189,-0.00843824,2.04181
8.684,-0.00241054,1.07702,-0.00889436,2.03261,-0.00259316,1.10189,-0.00843824,2.04181
8.686,-0.00241054,1.07702,-0.00889436,2.03261,-0.00252011,1.10189,-0.00843824,2.04181
8.688,-0.00241054,1.07702,-0.00889436,2.03261,-0.00252011,1.10189,-0.00843824,2.04173
8.69,-0.00241054,1.07702,-0.00889436,2.03261,-0.00255663,1.10189,-0.00843824,2.04173
8.692,-0.00244706,1.07702,-0.00889436,2.03261,-0.00252011,1.10189,-0.00843824,2.04173
8.694,-0.00244706,1.07702,-0.00889436,2.03261,-0.00255663,1.10191,-0.00839263,2.04181
8.696,-0.00244706,1.07702,-0.00889436,2.03261,-0.00252011,1.10189,-0.00843824,2.04181
8.698,-0.00244706,1.07702,-0.00889436,2.03261,-0.00248359,1.10189,-0.00843824,2.04173
8.7,-0.00244706,1.07702,-0.00889436,2.03252,-0.00255663,1.10189,-0.00843824,2.04181
8.702,-0.00244706,1.07699,-0.00884875,2.03261,-0.00252011,1.10191,-0.00848385,2.04173
8.704,-0.00241054,1.07702,-0.00889436,2.03261,-0.00255663,1.10189,-0.00843824,2.04173
8.706,-0.00244706,1.07702,-0.00889436,2.03261,-0.00255663,1.10186,-0.00848385,2.04173
8.708,-0.00241054,1.07702,-0.00889436,2.03261,-0.00255663,1.10189,-0.00843824,2.04181
8.71,-0.00241054,1.07702,-0.00889436,2.03261,-0.00252011,1.10189,-0.00843824,2.04181
8.712,-0.00241054,1.07702,-0.00889436,2.03261,-0.00255663,1.10189,-0.00843824,2.04181
8.714,-0.00244706,1.07702,-0.00889436,2.03261,-0.00255663,1.10186,-0.00848385,2.04173
8.716,-0.00244706,1.07702,-0.00889436,2.03261,-0.00255663,1.10189,-0.00843824,2.04181
8.718,-0.00244706,1.07702,-0.00889436,2.03261,-0.00248359,1.10189,-0.00843824,2.04181
8.72,-0.00244706,1.07702,-0.00889436,2.03261,-0.00252011,1.10189,-0.00843824,2.04181
8.722,-0.00244706,1.07702,-0.00889436,2.03261,-0.00252011,1.10189,-0.00843824,2.04173
8.724,-0.00241054,1.07702,-0.00889436,2.03261,-0.00255663,1.10189,-0.00843824,2.04173
8.726,-0.00241054,1.07699,-0.00884875,2.03252,-0.00255663,1.10189,-0.00843824,2.04173
8.728,-0.00241054,1.07702,-0.00889436,2.03261,-0.00255663,1.10189,-0.00843824,2.04173
8.73,-0.00241054,1.07702,-0.00889436,2.03261,-0.00255663,1.10189,-0.00843824,2.04173
8.732,-0.00241054,1.07702,-0.00889436,2.03261,-0.00252011,1.10186,-0.00848385,2.04181
8.734,-0.00244706,1.07702,-0.00889436,2.03261,-0.00255663,1.10189,-0.00843824,2.04181
8.736,-0.00244706,1.07702,-0.00889436,2.03261,-0.00252011,1.10189,-0.00843824,2.04173
8.738,-0.00244706,1.07702,-0.00889436,2.03252,-0.00252011,1.10189,-0.00843824,2.04181
8.74,-0.00241054,1.07702,-0.00889436,2.03261,-0.00255663,1.10189,-0.00843824,2.04181
8.742,-0.00241054,1.07702,-0.00889436,2.03261,-0.00255663,1.10189,-0.00843824,2.04181
8.744,-0.00241054,1.07702,-0.00889436,2.03261,-0.00259316,1.10191,-0.00848385,2.04173
8.746,-0.00241054,1.07702,-0.00889436,2.03261,-0.00252011,1.10189,-0.00843824,2.04173
8.748,-0.00244706,1.07702,-0.00889436,2.03261,-0.00255663,1.10191,-0.00839263,2.04181
8.75,-0.00244706,1.07702,-0.00889436,2.03261,-0.00252011,1.10189,-0.00843824,2.04173
8.752,-0.00244706,1.07702,-0.00889436,2.03261,-0.00255663,1.10189,-0.00843824,2.04181
8.754,-0.00244706,1.07702,-0.00889436,2.03261,-0.00259316,1.10186,-0.00848385,2.04181
8.756,-0.00241054,1.07702,-0.00889436,2.03261,-0.00255663,1.10191,-0.00848385,2.04181
8.758,-0.00241054,1.07702,-0.00889436,2.03261,-0.00252011,1.10191,-0.00848385,2.04173
8.76,-0.00241054,1.07702,-0.00889436,2.03261,-0.00255663,1.10186,-0.00848385,2.04181
8.762,-0.00241054,1.07702,-0.00889436,2.03261,-0.00255663,1.10189,-0.00843824,2.04173
8.764,-0.00241054,1.07702,-0.00889436,2.03261,-0.00255663,1.10189,-0.00843824,2.04173
8.766,-0.00244706,1.07702,-0.00889436,2.03261,-0.00255663,1.10189,-0.00843824,2.04173
8.768,-0.00241054,1.07702,-0.00889436,2.03252,-0.00255663,1.10189,-0.00843824,2.04181
8.77,-0.00244706,1.07702,-0.00889436,2.03261,-0.00255663,1.10186,-0.00848385,2.04173
8.772,-0.00241054,1.07702,-0.00889436,2.03252,-0.00252011,1.10189,-0.00843824,2.04173
8.774,-0.00244706,1.07702,-0.00889436,2.03261,-0.00252011,1.10189,-0.00843824,2.04181
8.776,-0.00244706,1.07702,-0.00889436,2.03252,-0.00252011,1.10189,-0.00843824,2.04173
8.778,-0.00244706,1.07699,-0.00884875,2.03261,-0.00252011,1.10189,-0.00843824,2.04173
8.78,-0.00244706,1.07702,-0.00889436,2.03261,-0.00255663,1.10189,-0.00843824,2.04181
8.782,-0.00241054,1.07702,-0.00889436,2.03252,-0.00255663,1.10191,-0.00839263,2.04173
8.784,-0.00241054,1.07702,-0.00889436,2.03261,-0.00255663,1.10191,-0.00839263,2.04173
8.786,-0.00241054,1.07702,-0.00889436,2.03261,-0.00252011,1.10189,-0.00843824,2.04181
8.788,-0.00241054,1.07702,-0.00889436,2.03261,-0.00252011,1.10189,-0.00843824,2.04173
8.79,-0.00244706,1.07702,-0.00889436,2.03261,-0.00259316,1.10189,-0.00843824,2.04173
8.792,-0.00244706,1.07702,-0.00889436,2.03261,-0.00252011,1.10189,-0.00843824,2.04173
8.794,-0.00241054,1.07702,-0.00889436,2.03261,-0.00252011,1.10189,-0.00843824,2.04173
8.796,-0.00241054,1.07702,-0.00889436,2.03261,-0.00255663,1.10189,-0.00843824,2.04181
8.798,-0.00244706,1.07702,-0.00889436,2.03252,-0.00252011,1.10189,-0.00843824,2.04181
8.8,-0.00244706,1.07699,-0.00893997,2.03261,-0.00255663,1.10189,-0.00843824,2.04173
8.802,-0.00241054,1.07702,-0.00889436,2.03261,-0.00255663,1.10189,-0.00852946,2.04173
8.804,-0.00241054,1.07702,-0.00889436,2.03261,-0.00252011,1.10189,-0.00843824,2.04173
8.806,-0.00244706,1.07702,-0.00889436,2.03261,-0.00255663,1.10191,-0.00848385,2.04181
8.808,-0.00244706,1.07702,-0.00889436,2.03261,-0.00255663,1.10189,-0.00843824,2.04173
8.81,-0.00244706,1.07702,-0.00889436,2.03261,-0.00252011,1.10189,-0.00843824,2.04181
8.812,-0.00244706,1.07702,-0.00889436,2.03252,-0.00248359,1.10189,-0.00843824,2.04173
8.814,-0.00241054,1.07702,-0.00889436,2.03252,-0.00255663,1.10189,-0.00843824,2.04181
8.816,-0.00241054,1.07702,-0.00889436,2.03252,-0.00255663,1.10189,-0.00843824,2.04181
8.818,-0.00241054,1.07702,-0.00889436,2.03252,-0.00252011,1.10189,-0.00843824,2.04181
8.82,-0.00241054,1.07702,-0.00889436,2.03261,-0.00248359,1.10191,-0.00839263,2.04173
8.822,-0.00241054,1.07702,-0.00889436,2.03261,-0.00255663,1.10189,-0.00843824,2.04181
8.824,-0.00241054,1.07702,-0.00889436,2.03261,-0.00259316,1.10191,-0.00848385,2.04181
8.826,-0.00241054,1.07702,-0.00889436,2.03261,-0.00252011,1.10189,-0.00843824,2.04181
8.828,-0.00241054,1.07702,-0.00889436,2.03252,-0.00255663,1.10189,-0.00843824,2.04173
8.83,-0.00241054,1.07702,-0.00889436,2.03261,-0.00255663,1.10189,-0.00843824,2.04173
8.832,-0.00244706,1.07702,-0.00889436,2.03261,-0.00252011,1.10189,-0.00843824,2.04181
8.834,-0.00244706,1.07702,-0.00889436,2.03252,-0.00255663,1.10186,-0.00848385,2.04173
8.836,-0.00241054,1.07702,-0.00889436,2.03261,-0.00255663,1.10189,-0.00843824,2.04173
8.838,-0.00244706,1.07702,-0.00889436,2.03261,-0.00252011,1.10186,-0.00848385,2.04181
8.84,-0.00244706,1.07702,-0.00889436,2.03261,-0.00252011,1.10189,-0.00843824,2.04173
8.842,-0.00244706,1.07702,-0.00889436,2.03261,-0.00255663,1.10191,-0.00839263,2.04173
8.844,-0.00241054,1.07702,-0.00889436,2.03261,-0.00252011,1.10189,-0.00843824,2.04181
8.846,-0.00241054,1.07702,-0.00889436,2.03261,-0.00259316,1.10189,-0.00843824,2.04173
8.848,-0.00244706,1.07702,-0.00889436,2.03261,-0.00252011,1.10189,-0.00843824,2.04181
8.85,-0.00244706,1.07702,-0.00889436,2.03261,-0.00252011,1.10186,-0.00848385,2.04181
8.852,-0.00244706,1.07702,-0.00889436,2.03261,-0.00252011,1.10189,-0.00843824,2.04173
8.854,-0.00244706,1.07702,-0.00889436,2.03261,-0.00252011,1.10189,-0.00843824,2.04181
8.856,-0.00244706,1.07702,-0.00889436,2.03261,-0.00259316,1.10189,-0.00843824,2.04173
8.858,-0.00244706,1.07702,-0.00889436,2.03252,-0.00255663,1.10186,-0.00848385,2.04181
8.86,-0.00241054,1.07702,-0.00889436,2.03261,-0.00255663,1.10189,-0.00843824,2.04173
8.862,-0.00241054,1.07702,-0.00889436,2.03261,-0.00252011,1.10189,-0.00843824,2.04173
8.864,-0.00244706,1.07702,-0.00889436,2.03261,-0.00255663,1.10186,-0.00848385,2.04173
8.866,-0.00244706,1.07699,-0.00893997,2.03261,-0.00255663,1.10189,-0.00843824,2.04173
8.868,-0.00241054,1.07702,-0.00889436,2.03261,-0.00252011,1.10186,-0.00848385,2.04181
8.87,-0.00241054,1.07702,-0.00889436,2.03261,-0.00255663,1.10189,-0.00843824,2.04173
8.872,-0.00241054,1.07702,-0.00889436,2.03261,-0.00255663,1.10189,-0.00843824,2.04173
8.874,-0.00244706,1.07702,-0.00889436,2.03252,-0.00255663,1.10189,-0.00843824,2.04173
8.876,-0.00244706,1.07702,-0.00889436,2.03252,-0.00255663,1.10189,-0.00843824,2.04181
8.878,-0.00244706,1.07702,-0.00889436,2.03261,-0.00248359,1.10189,-0.00843824,2.04181
8.88,-0.00244706,1.07702,-0.00889436,2.03261,-0.00252011,1.10191,-0.00839263,2.04173
8.882,-0.00241054,1.07702,-0.00889436,2.03261,-0.00255663,1.10189,-0.00843824,2.04173
8.884,-0.00244706,1.07702,-0.00889436,2.03261,-0.00255663,1.10189,-0.00843824,2.04173
8.886,-0.00244706,1.07699,-0.00884875,2.03261,-0.00255663,1.10189,-0.00843824,2.04173
8.888,-0.00241054,1.07702,-0.00889436,2.03261,-0.00259316,1.10189,-0.00843824,2.04181
8.89,-0.00244706,1.07702,-0.00889436,2.03261,-0.00255663,1.10189,-0.00843824,2.04173
8.892,-0.00244706,1.07702,-0.00889436,2.03252,-0.00252011,1.10191,-0.00839263,2.04173
8.894,-0.00244706,1.07702,-0.00889436,2.03261,-0.00255663,1.10189,-0.00843824,2.04173
8.896,-0.00241054,1.07702,-0.00889436,2.03252,-0.00255663,1.10189,-0.00843824,2.04173
8.898,-0.00244706,1.07702,-0.00889436,2.03252,-0.00255663,1.10189,-0.00843824,2.04181
8.9,-0.00241054,1.07702,-0.00889436,2.03252,-0.00255663,1.10189,-0.00843824,2.04181
8.902,-0.00244706,1.07702,-0.00889436,2.03261,-0.00255663,1.10191,-0.00848385,2.04181
8.904,-0.00241054,1.07702,-0.00889436,2.03261,-0.00252011,1.10189,-0.00843824,2.04181
8.906,-0.00244706,1.07702,-0.00889436,2.03261,-0.00252011,1.10189,-0.00843824,2.04173
8.908,-0.00241054,1.07702,-0.00889436,2.03252,-0.00255663,1.10189,-0.00843824,2.04181
8.91,-0.00241054,1.07702,-0.00889436,2.03261,-0.00255663,1.10189,-0.00843824,2.04181
8.912,-0.00241054,1.07702,-0.00889436,2.03261,-0.00252011,1.10191,-0.00839263,2.04181
8.914,-0.00244706,1.07702,-0.00889436,2.03261,-0.00255663,1.10189,-0.00843824,2.04173
8.916,-0.00241054,1.07702,-0.00889436,2.03261,-0.00255663,1.10189,-0.00843824,2.04173
8.918,-0.00244706,1.07702,-0.00889436,2.03261,-0.00248359,1.10189,-0.00843824,2.04173
8.92,-0.00241054,1.07702,-0.00889436,2.03261,-0.00252011,1.10191,-0.00839263,2.04173
8.922,-0.00241054,1.07702,-0.00889436,2.03261,-0.00255663,1.10189,-0.00843824,2.04181
8.924,-0.00241054,1.07702,-0.00889436,2.03261,-0.00255663,1.10189,-0.00843824,2.04173
8.926,-0.00241054,1.07699,-0.00893997,2.03261,-0.00255663,1.10186,-0.00848385,2.04181
8.928,-0.00241054,1.07702,-0.00889436,2.03261,-0.00252011,1.10189,-0.00843824,2.04181
8.93,-0.00241054,1.07702,-0.00889436,2.03261,-0.00255663,1.10191,-0.00839263,2.04173
8.932,-0.00244706,1.07702,-0.00889436,2.03261,-0.00255663,1.10189,-0.00843824,2.04181
8.934,-0.00244706,1.07702,-0.00889436,2.03261,-0.00255663,1.10189,-0.00843824,2.04173
8.936,-0.00244706,1.07699,-0.00884875,2.03261,-0.00252011,1.10189,-0.00843824,2.04181
8.938,-0.00241054,1.07702,-0.00889436,2.03261,-0.00252011,1.10189,-0.00843824,2.04173
8.94,-0.00241054,1.07702,-0.00889436,2.03261,-0.00255663,1.10189,-0.00843824,2.04181
8.942,-0.00244706,1.07702,-0.00889436,2.03261,-0.00262968,1.10189,-0.00843824,2.04181
8.944,-0.00244706,1.07702,-0.00889436,2.03261,-0.00255663,1.10189,-0.00843824,2.04173
8.946,-0.00244706,1.07702,-0.00889436,2.03261,-0.00259316,1.10189,-0.00843824,2.04181
8.948,-0.00244706,1.07702,-0.00889436,2.03261,-0.00252011,1.10186,-0.00848385,2.04181
8.95,-0.00244706,1.07702,-0.00889436,2.03261,-0.00255663,1.10189,-0.00843824,2.04181
8.952,-0.00244706,1.07702,-0.00889436,2.03261,-0.00255663,1.10189,-0.00843824,2.04181
8.954,-0.00244706,1.07699,-0.00884875,2.03261,-0.00252011,1.10189,-0.00843824,2.04181
8.956,-0.00241054,1.07702,-0.00889436,2.03261,-0.00252011,1.10189,-0.00843824,2.04173
8.958,-0.00241054,1.07702,-0.00889436,2.03261,-0.00255663,1.10189,-0.00843824,2.04181
8.96,-0.00241054,1.07702,-0.00889436,2.03261,-0.00255663,1.10189,-0.00843824,2.04181
8.962,-0.00241054,1.07702,-0.00889436,2.03261,-0.00252011,1.10189,-0.00843824,2.04173
8.964,-0.00241054,1.07702,-0.00889436,2.03261,-0.00255663,1.10189,-0.00843824,2.04173
8.966,-0.00241054,1.07702,-0.00889436,2.03261,-0.00255663,1.10189,-0.00843824,2.04181
8.968,-0.00241054,1.07699,-0.00884875,2.03261,-0.00252011,1.10189,-0.00843824,2.04181
8.97,-0.00241054,1.07702,-0.00889436,2.03261,-0.00255663,1.10186,-0.00848385,2.04173
8.972,-0.00244706,1.07702,-0.00889436,2.03261,-0.00255663,1.10189,-0.00843824,2.04181
8.974,-0.00241054,1.07702,-0.00889436,2.03261,-0.00255663,1.10191,-0.00848385,2.04181
8.976,-0.00241054,1.07702,-0.00889436,2.03261,-0.00252011,1.10186,-0.00848385,2.04181
8.978,-0.00241054,1.07702,-0.00889436,2.03261,-0.00252011,1.10189,-0.00843824,2.04181
8.98,-0.00241054,1.07702,-0.00889436,2.03261,-0.00252011,1.10191,-0.00839263,2.04181
8.982,-0.00241054,1.07702,-0.00889436,2.03261,-0.00252011,1.10189,-0.00843824,2.04173
8.984,-0.00244706,1.07702,-0.00889436,2.03261,-0.00252011,1.10189,-0.00843824,2.04173
8.986,-0.00244706,1.07702,-0.00889436,2.03261,-0.00255663,1.10189,-0.00843824,2.04173
8.988,-0.00244706,1.07702,-0.00889436,2.03261,-0.00255663,1.10191,-0.00839263,2.04181
8.99,-0.00244706,1.07702,-0.00889436,2.03261,-0.00255663,1.10189,-0.00843824,2.04181
8.992,-0.00241054,1.07702,-0.00889436,2.03261,-0.00252011,1.10189,-0.00843824,2.04181
8.994,-0.00241054,1.07702,-0.00889436,2.03261,-0.00255663,1.10189,-0.00843824,2.04173
8.996,-0.00241054,1.07702,-0.00889436,2.03261,-0.00248359,1.10189,-0.00843824,2.04173
8.998,-0.00244706,1.07702,-0.00889436,2.03261,-0.00255663,1.10189,-0.00843824,2.04173
9,-0.00241054,1.07702,-0.00889436,2.03261,-0.00255663,1.10189,-0.00843824,2.04181
9.002,-0.00244706,1.07702,-0.00889436,2.03261,-0.00252011,1.10191,-0.00848385,2.04181
9.004,-0.00244706,1.07702,-0.00889436,2.03261,-0.00252011,1.10189,-0.00843824,2.04181
9.006,-0.00244706,1.07702,-0.00889436,2.03261,-0.00255663,1.10189,-0.00843824,2.04181
9.008,-0.00244706,1.07702,-0.00889436,2.03261,-0.00252011,1.10189,-0.00843824,2.04181
9.01,-0.00241054,1.07702,-0.00889436,2.03261,-0.00255663,1.10189,-0.00843824,2.04173
9.012,-0.00241054,1.07699,-0.00884875,2.03261,-0.00255663,1.10189,-0.00843824,2.04181
9.014,-0.00241054,1.07702,-0.00889436,2.03261,-0.00255663,1.10191,-0.00839263,2.04181
9.016,-0.00241054,1.07702,-0.00889436,2.03252,-0.00255663,1.10191,-0.00848385,2.04181
9.018,-0.00244706,1.07702,-0.00889436,2.03261,-0.00255663,1.10189,-0.00843824,2.04173
9.02,-0.00241054,1.07702,-0.00889436,2.03261,-0.00252011,1.10189,-0.00843824,2.04173
9.022,-0.00244706,1.07702,-0.00889436,2.03261,-0.00252011,1.10186,-0.00848385,2.04181
9.024,-0.00244706,1.07702,-0.00889436,2.03261,-0.00255663,1.10186,-0.00848385,2.04173
9.026,-0.00244706,1.07702,-0.00889436,2.03261,-0.00252011,1.10189,-0.00843824,2.04173
9.028,-0.00241054,1.07699,-0.00884875,2.03261,-0.00252011,1.10189,-0.00843824,2.04173
9.03,-0.00241054,1.07699,-0.00884875,2.03261,-0.00252011,1.10186,-0.00848385,2.04181
9.032,-0.00241054,1.07702,-0.00889436,2.03261,-0.00255663,1.10186,-0.00848385,2.04173
9.034,-0.00241054,1.07702,-0.00889436,2.03252,-0.00255663,1.10189,-0.00843824,2.04173
9.036,-0.00241054,1.07702,-0.00889436,2.03261,-0.00255663,1.10189,-0.00843824,2.04173
9.038,-0.00241054,1.07702,-0.00889436,2.03261,-0.00252011,1.10189,-0.00843824,2.04173
9.04,-0.00241054,1.07699,-0.00884875,2.03261,-0.00252011,1.10191,-0.00848385,2.04181
9.042,-0.00241054,1.07702,-0.00889436,2.03261,-0.00252011,1.10189,-0.00843824,2.04181
9.044,-0.00244706,1.07702,-0.00889436,2.03261,-0.00252011,1.10189,-0.00843824,2.04173
9.046,-0.00241054,1.07702,-0.00889436,2.03261,-0.00255663,1.10189,-0.00843824,2.04181
9.048,-0.00241054,1.07702,-0.00889436,2.03261,-0.00252011,1.10189,-0.00843824,2.04181
9.05,-0.00244706,1.07702,-0.00889436,2.03261,-0.00252011,1.10191,-0.00848385,2.04173
9.052,-0.00241054,1.07702,-0.00889436,2.03261,-0.00255663,1.10189,-0.00843824,2.04181
9.054,-0.00241054,1.07702,-0.00889436,2.03261,-0.00255663,1.10189,-0.00843824,2.04173
9.056,-0.00244706,1.07702,-0.00889436,2.03261,-0.00252011,1.10189,-0.00843824,2.04181
9.058,-0.00241054,1.07702,-0.00889436,2.03261,-0.00255663,1.10189,-0.00843824,2.04181
9.06,-0.00244706,1.07702,-0.00889436,2.03261,-0.00255663,1.10189,-0.00843824,2.04181
9.062,-0.00244706,1.07702,-0.00889436,2.03269,-0.00255663,1.10189,-0.00843824,2.04173
9.064,-0.00241054,1.07702,-0.00889436,2.03261,-0.00255663,1.10189,-0.00843824,2.04181
9.066,-0.00241054,1.07702,-0.00889436,2.03261,-0.00252011,1.10189,-0.00843824,2.04181
9.068,-0.00241054,1.07702,-0.00889436,2.03261,-0.00252011,1.10189,-0.00843824,2.04173
9.07,-0.00241054,1.07702,-0.00889436,2.03261,-0.00255663,1.10186,-0.00839263,2.04181
9.072,-0.00241054,1.07702,-0.00889436,2.03261,-0.00252011,1.10189,-0.00843824,2.04173
9.074,-0.00241054,1.07702,-0.00889436,2.03261,-0.00255663,1.10191,-0.00848385,2.04181
9.076,-0.00241054,1.07702,-0.00889436,2.03261,-0.00255663,1.10189,-0.00843824,2.04181
9.078,-0.00241054,1.07702,-0.00889436,2.03261,-0.00252011,1.10191,-0.00848385,2.04181
9.08,-0.00241054,1.07702,-0.00889436,2.03261,-0.00255663,1.10186,-0.00848385,2.04181
9.082,-0.00241054,1.07702,-0.00889436,2.03261,-0.00252011,1.10189,-0.00843824,2.04173
9.084,-0.00241054,1.07702,-0.00889436,2.03252,-0.00259316,1.10189,-0.00843824,2.04173
9.086,-0.00241054,1.07702,-0.00889436,2.03261,-0.00255663,1.10189,-0.00843824,2.04173
9.088,-0.00241054,1.07702,-0.00889436,2.03261,-0.00252011,1.10189,-0.00843824,2.04173
9.09,-0.00244706,1.07702,-0.00889436,2.03261,-0.00252011,1.10189,-0.00843824,2.04181
9.092,-0.00244706,1.07702,-0.00889436,2.03261,-0.00255663,1.10189,-0.00852946,2.04181
9.094,-0.00244706,1.07702,-0.00889436,2.03261,-0.00255663,1.10189,-0.00843824,2.04173
9.096,-0.00244706,1.07702,-0.00889436,2.03261,-0.00252011,1.10189,-0.00843824,2.04181
9.098,-0.00244706,1.07702,-0.00889436,2.03261,-0.00255663,1.10189,-0.00843824,2.04181
9.1,-0.00244706,1.07702,-0.00889436,2.03261,-0.00255663,1.10189,-0.00843824,2.04181
9.102,-0.00241054,1.07702,-0.00889436,2.03252,-0.00252011,1.10186,-0.00848385,2.04181
9.104,-0.00241054,1.07702,-0.00889436,2.03252,-0.00255663,1.10186,-0.00848385,2.04173
9.106,-0.00241054,1.07702,-0.00889436,2.03261,-0.00252011,1.10189,-0.00843824,2.04181
9.108,-0.00241054,1.07702,-0.00889436,2.03261,-0.00248359,1.10189,-0.00843824,2.04181
9.11,-0.00244706,1.07702,-0.00889436,2.03261,-0.00252011,1.10189,-0.00843824,2.04181
9.112,-0.00244706,1.07702,-0.00889436,2.03261,-0.00252011,1.10189,-0.00843824,2.04181
9.114,-0.00244706,1.07702,-0.00889436,2.03261,-0.00252011,1.10189,-0.00843824,2.04181
9.116,-0.00244706,1.07702,-0.00889436,2.03261,-0.00252011,1.10189,-0.00843824,2.04173
9.118,-0.00241054,1.07702,-0.00889436,2.03252,-0.00252011,1.10189,-0.00843824,2.04173
9.12,-0.00241054,1.07702,-0.00889436,2.03261,-0.00255663,1.10189,-0.00843824,2.04173
9.122,-0.00241054,1.07702,-0.00889436,2.03261,-0.00255663,1.10191,-0.00839263,2.04181
9.124,-0.00241054,1.07702,-0.00889436,2.03261,-0.00255663,1.10189,-0.00843824,2.04181
9.126,-0.00241054,1.07702,-0.00889436,2.03261,-0.00252011,1.10189,-0.00843824,2.04181
9.128,-0.00244706,1.07702,-0.00889436,2.03261,-0.00255663,1.10186,-0.00848385,2.04173
9.13,-0.00244706,1.07702,-0.00889436,2.03261,-0.00255663,1.10189,-0.00843824,2.04181
9.132,-0.00241054,1.07702,-0.00889436,2.03261,-0.00252011,1.10189,-0.00843824,2.04173
9.134,-0.00244706,1.07702,-0.00889436,2.03252,-0.00255663,1.10189,-0.00843824,2.04173
9.136,-0.00241054,1.07702,-0.00889436,2.03261,-0.00252011,1.10189,-0.00843824,2.04173
9.138,-0.00241054,1.07702,-0.00889436,2.03261,-0.00252011,1.10191,-0.00839263,2.04181
9.14,-0.00241054,1.07702,-0.00889436,2.03261,-0.00255663,1.10189,-0.00843824,2.04173
9.142,-0.00241054,1.07702,-0.00889436,2.03261,-0.00252011,1.10189,-0.00843824,2.04173
9.144,-0.00241054,1.07702,-0.00889436,2.03261,-0.00259316,1.10189,-0.00843824,2.04181
9.146,-0.00244706,1.07702,-0.00889436,2.03261,-0.00255663,1.10191,-0.00848385,2.04181
9.148,-0.00244706,1.07702,-0.00889436,2.03261,-0.00255663,1.10189,-0.00843824,2.04173
9.15,-0.00244706,1.07699,-0.00893997,2.03261,-0.00259316,1.10189,-0.00843824,2.04181
9.152,-0.00244706,1.07702,-0.00889436,2.03261,-0.00255663,1.10186,-0.00848385,2.04173
9.154,-0.00241054,1.07702,-0.00889436,2.03261,-0.00252011,1.10186,-0.00848385,2.04173
9.156,-0.00244706,1.07702,-0.00889436,2.03261,-0.00255663,1.10189,-0.00843824,2.04181
9.158,-0.00244706,1.07702,-0.00889436,2.03261,-0.00252011,1.10189,-0.00843824,2.04181
9.16,-0.00241054,1.07702,-0.00889436,2.03261,-0.00259316,1.10191,-0.00848385,2.04173
9.162,-0.00241054,1.07702,-0.00889436,2.03261,-0.00255663,1.10189,-0.00843824,2.04173
9.164,-0.00244706,1.07702,-0.00889436,2.03261,-0.00255663,1.10189,-0.00843824,2.04181
9.166,-0.00244706,1.07702,-0.00889436,2.03261,-0.00252011,1.10189,-0.00843824,2.04173
9.168,-0.00241054,1.07702,-0.00889436,2.03261,-0.00252011,1.10189,-0.00843824,2.04181
9.17,-0.00244706,1.07702,-0.00889436,2.03261,-0.00259316,1.10189,-0.00843824,2.04181
9.172,-0.00244706,1.07702,-0.00889436,2.03261,-0.00255663,1.10189,-0.00843824,2.04181
9.174,-0.00241054,1.07702,-0.00889436,2.03261,-0.00259316,1.10189,-0.00843824,2.04173
9.176,-0.00244706,1.07702,-0.00889436,2.03252,-0.00255663,1.10189,-0.00843824,2.04173
9.178,-0.00241054,1.07702,-0.00889436,2.03261,-0.00255663,1.10191,-0.00839263,2.04173
9.18,-0.00241054,1.07702,-0.00889436,2.03261,-0.00255663,1.10189,-0.00843824,2.04173
9.182,-0.00244706,1.07702,-0.00889436,2.03261,-0.00252011,1.10186,-0.00848385,2.04181
9.184,-0.00244706,1.07702,-0.00889436,2.03261,-0.00252011,1.10189,-0.00843824,2.04181
9.186,-0.00244706,1.07702,-0.00889436,2.03261,-0.00255663,1.10189,-0.00843824,2.04181
9.188,-0.00241054,1.07702,-0.00889436,2.03261,-0.00252011,1.10189,-0.00843824,2.04181
9.19,-0.00244706,1.07702,-0.00889436,2.03261,-0.00255663,1.10189,-0.00843824,2.04173
9.192,-0.00241054,1.07702,-0.00889436,2.03261,-0.00255663,1.10186,-0.00848385,2.04173
9.194,-0.00241054,1.07702,-0.00889436,2.03261,-0.00252011,1.10189,-0.00843824,2.04173
9.196,-0.00241054,1.07702,-0.00889436,2.03261,-0.00252011,1.10189,-0.00843824,2.04181
9.198,-0.00244706,1.07702,-0.00889436,2.03261,-0.00255663,1.10191,-0.00839263,2.04173
9.2,-0.00244706,1.07702,-0.00889436,2.03261,-0.00255663,1.10189,-0.00843824,2.04173
9.202,-0.00244706,1.07702,-0.00889436,2.03261,-0.00252011,1.10191,-0.00839263,2.04173
9.204,-0.00244706,1.07702,-0.00889436,2.03261,-0.00255663,1.10191,-0.00839263,2.04173
9.206,-0.00244706,1.07702,-0.00889436,2.03261,-0.00252011,1.10191,-0.00848385,2.04181
9.208,-0.00241054,1.07702,-0.00889436,2.03261,-0.00252011,1.10189,-0.00843824,2.04181
9.21,-0.00241054,1.07702,-0.00889436,2.03261,-0.00252011,1.10186,-0.00848385,2.04181
9.212,-0.00244706,1.07702,-0.00889436,2.03261,-0.00259316,1.10189,-0.00843824,2.04173
9.214,-0.00244706,1.07702,-0.00889436,2.03261,-0.00255663,1.10189,-0.00843824,2.04173
9.216,-0.00244706,1.07702,-0.00889436,2.03261,-0.00255663,1.10189,-0.00843824,2.04181
9.218,-0.00244706,1.07702,-0.00889436,2.03261,-0.00255663,1.10189,-0.00843824,2.04181
9.22,-0.00241054,1.07702,-0.00889436,2.03261,-0.00255663,1.10189,-0.00843824,2.04181
9.222,-0.00244706,1.07702,-0.00889436,2.03261,-0.00252011,1.10189,-0.00843824,2.04181
9.224,-0.00244706,1.07702,-0.00889436,2.03261,-0.00255663,1.10186,-0.00848385,2.04181
9.226,-0.00241054,1.07702,-0.00889436,2.03261,-0.00252011,1.10189,-0.00843824,2.04173
9.228,-0.00241054,1.07702,-0.00889436,2.03261,-0.00252011,1.10186,-0.00848385,2.04173
9.23,-0.00241054,1.07702,-0.00889436,2.03261,-0.00252011,1.10189,-0.00843824,2.04181
9.232,-0.00244706,1.07702,-0.00889436,2.03261,-0.00252011,1.10186,-0.00848385,2.04173
9.234,-0.00241054,1.07702,-0.00889436,2.03261,-0.00255663,1.10189,-0.00843824,2.04181
9.236,-0.00241054,1.07702,-0.00889436,2.03261,-0.00252011,1.10189,-0.00843824,2.04181
9.238,-0.00244706,1.07702,-0.00889436,2.03261,-0.00255663,1.10189,-0.00843824,2.04181
9.24,-0.00241054,1.07702,-0.00889436,2.03261,-0.00252011,1.10189,-0.00843824,2.04173
9.242,-0.00244706,1.07702,-0.00889436,2.03261,-0.00248359,1.10189,-0.00843824,2.04173
9.244,-0.00244706,1.07702,-0.00889436,2.03261,-0.00252011,1.10189,-0.00843824,2.04181
9.246,-0.00244706,1.07702,-0.00889436,2.03261,-0.00255663,1.10191,-0.00848385,2.04173
9.248,-0.00244706,1.07699,-0.00884875,2.03261,-0.00255663,1.10189,-0.00843824,2.04181
9.25,-0.00241054,1.07702,-0.00889436,2.03252,-0.00252011,1.10189,-0.00843824,2.04173
9.252,-0.00241054,1.07702,-0.00889436,2.03261,-0.00255663,1.10189,-0.00843824,2.04173
9.254,-0.00241054,1.07702,-0.00889436,2.03261,-0.00255663,1.10189,-0.00843824,2.04181
9.256,-0.00241054,1.07702,-0.00889436,2.03261,-0.00255663,1.10189,-0.00843824,2.04181
9.258,-0.00241054,1.07702,-0.00889436,2.03261,-0.00255663,1.10189,-0.00843824,2.04173
9.26,-0.00241054,1.07699,-0.00884875,2.03261,-0.00255663,1.10191,-0.00839263,2.04173
9.262,-0.00244706,1.07702,-0.00889436,2.03261,-0.00255663,1.10186,-0.00848385,2.04173
9.264,-0.00241054,1.07702,-0.00889436,2.03261,-0.00255663,1.10189,-0.00843824,2.04181
9.266,-0.00244706,1.07702,-0.00889436,2.03261,-0.00252011,1.10189,-0.00843824,2.04173
9.268,-0.00241054,1.07702,-0.00889436,2.03261,-0.00252011,1.10189,-0.00843824,2.04173
9.27,-0.00241054,1.07702,-0.00889436,2.03261,-0.00252011,1.10189,-0.00843824,2.04181
9.272,-0.00241054,1.07699,-0.00893997,2.03261,-0.00252011,1.10189,-0.00843824,2.04173
9.274,-0.00244706,1.07702,-0.00889436,2.03261,-0.00259316,1.10189,-0.00843824,2.04181
9.276,-0.00241054,1.07702,-0.00889436,2.03261,-0.00252011,1.10189,-0.00843824,2.04173
9.278,-0.00244706,1.07702,-0.00889436,2.03261,-0.00252011,1.10191,-0.00839263,2.04173
9.28,-0.00244706,1.07702,-0.00889436,2.03261,-0.00252011,1.10189,-0.00843824,2.04181
9.282,-0.00244706,1.07702,-0.00889436,2.03261,-0.00252011,1.10186,-0.00848385,2.04181
9.284,-0.00241054,1.07699,-0.00893997,2.03261,-0.00255663,1.10191,-0.00848385,2.04173
9.286,-0.00241054,1.07702,-0.00889436,2.03261,-0.00255663,1.10186,-0.00848385,2.04181
9.288,-0.00241054,1.07702,-0.00889436,2.03261,-0.00252011,1.10189,-0.00843824,2.04181
9.29,-0.00241054,1.07702,-0.00889436,2.03261,-0.00252011,1.10189,-0.00843824,2.04173
9.292,-0.00244706,1.07702,-0.00889436,2.03261,-0.00252011,1.10189,-0.00843824,2.04173
9.294,-0.00244706,1.07702,-0.00889436,2.03261,-0.00255663,1.10186,-0.00848385,2.04173
9.296,-0.00241054,1.07702,-0.00889436,2.03261,-0.00255663,1.10189,-0.00843824,2.04181
9.298,-0.00241054,1.07702,-0.00889436,2.03261,-0.00252011,1.10189,-0.00843824,2.04181
9.3,-0.00241054,1.07702,-0.00889436,2.03261,-0.00252011,1.10191,-0.00848385,2.04181
9.302,-0.00241054,1.07702,-0.00889436,2.03261,-0.00259316,1.10189,-0.00843824,2.04181
9.304,-0.00241054,1.07702,-0.00889436,2.03261,-0.00252011,1.10186,-0.00848385,2.04173
9.306,-0.00241054,1.07702,-0.00889436,2.03261,-0.00252011,1.10189,-0.00843824,2.04181
9.308,-0.00244706,1.07702,-0.00889436,2.03261,-0.00252011,1.10189,-0.00843824,2.04181
9.31,-0.00244706,1.07702,-0.00889436,2.03261,-0.00252011,1.10189,-0.00843824,2.04173
9.312,-0.00244706,1.07702,-0.00889436,2.03261,-0.00255663,1.10189,-0.00843824,2.04181
9.314,-0.00244706,1.07702,-0.00889436,2.03261,-0.00255663,1.10191,-0.00839263,2.04173
9.316,-0.00244706,1.07702,-0.00889436,2.03252,-0.00255663,1.10189,-0.00843824,2.04173
9.318,-0.00241054,1.07702,-0.00889436,2.03261,-0.00252011,1.10189,-0.00852946,2.04173
9.32,-0.00241054,1.07702,-0.00889436,2.03261,-0.00252011,1.10189,-0.00843824,2.04173
9.322,-0.00241054,1.07702,-0.00889436,2.03261,-0.00252011,1.10189,-0.00843824,2.04173
9.324,-0.00241054,1.07702,-0.00889436,2.03261,-0.00252011,1.10189,-0.00843824,2.04181
9.326,-0.00241054,1.07702,-0.00889436,2.03261,-0.00255663,1.10189,-0.00843824,2.04181
9.328,-0.00241054,1.07702,-0.00889436,2.03261,-0.00252011,1.10189,-0.00843824,2.04173
9.33,-0.00241054,1.07702,-0.00889436,2.03252,-0.00252011,1.10189,-0.00843824,2.04181
9.332,-0.00241054,1.07702,-0.00889436,2.03252,-0.00252011,1.10189,-0.00843824,2.04173
9.334,-0.00244706,1.07702,-0.00889436,2.03252,-0.00255663,1.10189,-0.00843824,2.04173
9.336,-0.00241054,1.07702,-0.00889436,2.03252,-0.00252011,1.10189,-0.00843824,2.04173
9.338,-0.00241054,1.07702,-0.00889436,2.03261,-0.00255663,1.10186,-0.00839263,2.04181
9.34,-0.00241054,1.07702,-0.00889436,2.03261,-0.00255663,1.10189,-0.00843824,2.04173
9.342,-0.00241054,1.07702,-0.00889436,2.03261,-0.00255663,1.10189,-0.00843824,2.04173
9.344,-0.00241054,1.07699,-0.00884875,2.03261,-0.00252011,1.10189,-0.00843824,2.04173
9.346,-0.00241054,1.07702,-0.00889436,2.03261,-0.00255663,1.10189,-0.00843824,2.04181
9.348,-0.00244706,1.07702,-0.00889436,2.03252,-0.00255663,1.10189,-0.00843824,2.04173
9.35,-0.00244706,1.07702,-0.00889436,2.03261,-0.00255663,1.10191,-0.00848385,2.04181
9.352,-0.00241054,1.07702,-0.00889436,2.03261,-0.00252011,1.10189,-0.00843824,2.04181
9.354,-0.00241054,1.07702,-0.00889436,2.03261,-0.00255663,1.10189,-0.00843824,2.04173
9.356,-0.00241054,1.07702,-0.00889436,2.03261,-0.00255663,1.10189,-0.00843824,2.04181
9.358,-0.00241054,1.07702,-0.00889436,2.03261,-0.00252011,1.10189,-0.00843824,2.04181
9.36,-0.00241054,1.07702,-0.00889436,2.03261,-0.00252011,1.10191,-0.00839263,2.04173
9.362,-0.00241054,1.07702,-0.00889436,2.03261,-0.00259316,1.10189,-0.00843824,2.04181
9.364,-0.00244706,1.07702,-0.00889436,2.03261,-0.00252011,1.10189,-0.00843824,2.04181
9.366,-0.00241054,1.07702,-0.00889436,2.03261,-0.00255663,1.10189,-0.00852946,2.04181
9.368,-0.00241054,1.07702,-0.00889436,2.03261,-0.00255663,1.10189,-0.00843824,2.04181
9.37,-0.00241054,1.07702,-0.00889436,2.03261,-0.00252011,1.10189,-0.00843824,2.04173
9.372,-0.00244706,1.07702,-0.00889436,2.03261,-0.00252011,1.10189,-0.00843824,2.04173
9.374,-0.00244706,1.07702,-0.00889436,2.03261,-0.00252011,1.10189,-0.00843824,2.04181
9.376,-0.00241054,1.07702,-0.00889436,2.03261,-0.00248359,1.10189,-0.00843824,2.04181
9.378,-0.00241054,1.07702,-0.00889436,2.03261,-0.00259316,1.10189,-0.00843824,2.04173
9.38,-0.00241054,1.07702,-0.00889436,2.03261,-0.00252011,1.10189,-0.00843824,2.04181
9.382,-0.00241054,1.07702,-0.00889436,2.03261,-0.00252011,1.10189,-0.00843824,2.04181
9.384,-0.00244706,1.07702,-0.00889436,2.03261,-0.00252011,1.10189,-0.00843824,2.04181
9.386,-0.00244706,1.07702,-0.00889436,2.03261,-0.00259316,1.10189,-0.00843824,2.04173
9.388,-0.00244706,1.07702,-0.00889436,2.03261,-0.00252011,1.10189,-0.00843824,2.04181
9.39,-0.00244706,1.07702,-0.00889436,2.03261,-0.00252011,1.10191,-0.00848385,2.04173
9.392,-0.00241054,1.07702,-0.00889436,2.03261,-0.00255663,1.10189,-0.00843824,2.04181
9.394,-0.00241054,1.07702,-0.00889436,2.03261,-0.00252011,1.10189,-0.00843824,2.04181
9.396,-0.00244706,1.07702,-0.00889436,2.03261,-0.00252011,1.10189,-0.00843824,2.04181
9.398,-0.00244706,1.07702,-0.00889436,2.03252,-0.00255663,1.10189,-0.00843824,2.04181
9.4,-0.00241054,1.07702,-0.00889436,2.03261,-0.00255663,1.10189,-0.00843824,2.04173
9.402,-0.00241054,1.07702,-0.00889436,2.03261,-0.00252011,1.10189,-0.00843824,2.04181
9.404,-0.00244706,1.07702,-0.00889436,2.03261,-0.00255663,1.10189,-0.00843824,2.04173
9.406,-0.00241054,1.07702,-0.00889436,2.03261,-0.00252011,1.10189,-0.00843824,2.04173
9.408,-0.00244706,1.07702,-0.00889436,2.03261,-0.00255663,1.10189,-0.00843824,2.04181
9.41,-0.00244706,1.07702,-0.00889436,2.03261,-0.00255663,1.10189,-0.00843824,2.04181
9.412,-0.00244706,1.07702,-0.00889436,2.03261,-0.00252011,1.10189,-0.00843824,2.04173
9.414,-0.00241054,1.07702,-0.00889436,2.03261,-0.00255663,1.10189,-0.00843824,2.04173
9.416,-0.00244706,1.07702,-0.00889436,2.03261,-0.00255663,1.10189,-0.00843824,2.04173
9.418,-0.00244706,1.07702,-0.00889436,2.03269,-0.00259316,1.10189,-0.00843824,2.04173
9.42,-0.00241054,1.07702,-0.00889436,2.03261,-0.00252011,1.10189,-0.00843824,2.04181
9.422,-0.00244706,1.07702,-0.00889436,2.03261,-0.00255663,1.10189,-0.00843824,2.04181
9.424,-0.00241054,1.07702,-0.00889436,2.03261,-0.00252011,1.10189,-0.00843824,2.04181
9.426,-0.00244706,1.07702,-0.00889436,2.03261,-0.00255663,1.10189,-0.00843824,2.04173
9.428,-0.00244706,1.07702,-0.00889436,2.03261,-0.00252011,1.10189,-0.00843824,2.04181
9.43,-0.00244706,1.07702,-0.00889436,2.03261,-0.00252011,1.10189,-0.00843824,2.04173
9.432,-0.00244706,1.07699,-0.00884875,2.03261,-0.00255663,1.10189,-0.00843824,2.04181
9.434,-0.00244706,1.07702,-0.00889436,2.03261,-0.00255663,1.10189,-0.00843824,2.04181
9.436,-0.00241054,1.07702,-0.00889436,2.03261,-0.00255663,1.10189,-0.00843824,2.04181
9.438,-0.00241054,1.07702,-0.00889436,2.03261,-0.00255663,1.10186,-0.00848385,2.04173
9.44,-0.00241054,1.07702,-0.00889436,2.03261,-0.00255663,1.10189,-0.00843824,2.04181
9.442,-0.00241054,1.07702,-0.00889436,2.03252,-0.00255663,1.10189,-0.00843824,2.04173
9.444,-0.00244706,1.07702,-0.00889436,2.03261,-0.00252011,1.10189,-0.00843824,2.04181
9.446,-0.00241054,1.07702,-0.00889436,2.03261,-0.00252011,1.10186,-0.00848385,2.04173
9.448,-0.00241054,1.07702,-0.00889436,2.03261,-0.00255663,1.10189,-0.00843824,2.04181
9.45,-0.00241054,1.07702,-0.00889436,2.03261,-0.00255663,1.10189,-0.00843824,2.04181
9.452,-0.00241054,1.07702,-0.00889436,2.03261,-0.00252011,1.10189,-0.00843824,2.04181
9.454,-0.00241054,1.07702,-0.00889436,2.03261,-0.00252011,1.10189,-0.00843824,2.04181
9.456,-0.00244706,1.07702,-0.00889436,2.03261,-0.00252011,1.10189,-0.00843824,2.04173
9.458,-0.00241054,1.07702,-0.00889436,2.03261,-0.00255663,1.10189,-0.00843824,2.04181
9.46,-0.00241054,1.07702,-0.00889436,2.03261,-0.00255663,1.10189,-0.00843824,2.04173
9.462,-0.00244706,1.07702,-0.00889436,2.03261,-0.00255663,1.10189,-0.00843824,2.04173
9.464,-0.00241054,1.07702,-0.00889436,2.03261,-0.00255663,1.10186,-0.00848385,2.04181
9.466,-0.00241054,1.07702,-0.00889436,2.03261,-0.00255663,1.10186,-0.00848385,2.04181
9.468,-0.00241054,1.07702,-0.00889436,2.03261,-0.00255663,1.10189,-0.00843824,2.04173
9.47,-0.00241054,1.07702,-0.00889436,2.03261,-0.00255663,1.10189,-0.00843824,2.04181
9.472,-0.00241054,1.07702,-0.00889436,2.03261,-0.00255663,1.10189,-0.00843824,2.04181
9.474,-0.00244706,1.07702,-0.00889436,2.03261,-0.00255663,1.10186,-0.00848385,2.04173
9.476,-0.00244706,1.07702,-0.00889436,2.03261,-0.00252011,1.10189,-0.00843824,2.04173
9.478,-0.00241054,1.07702,-0.00889436,2.03261,-0.00255663,1.10189,-0.00843824,2.04173
9.48,-0.00244706,1.07702,-0.00889436,2.03261,-0.00255663,1.10189,-0.00843824,2.04173
9.482,-0.00241054,1.07702,-0.00889436,2.03261,-0.00252011,1.10189,-0.00852946,2.04181
9.484,-0.00241054,1.07702,-0.00889436,2.03261,-0.00255663,1.10189,-0.00843824,2.04173
9.486,-0.00241054,1.07702,-0.00889436,2.03261,-0.00252011,1.10189,-0.00843824,2.04181
9.488,-0.00241054,1.07702,-0.00889436,2.03252,-0.00255663,1.10189,-0.00843824,2.04173
9.49,-0.00241054,1.07702,-0.00889436,2.03261,-0.00255663,1.10189,-0.00843824,2.04181
9.492,-0.00244706,1.07702,-0.00889436,2.03261,-0.00255663,1.10189,-0.00843824,2.04173
9.494,-0.00244706,1.07702,-0.00889436,2.03261,-0.00255663,1.10191,-0.00839263,2.04181
9.496,-0.00244706,1.07702,-0.00889436,2.03261,-0.00252011,1.10189,-0.00843824,2.04173
9.498,-0.00244706,1.07702,-0.00889436,2.03261,-0.00255663,1.10189,-0.00843824,2.04173
9.5,-0.00244706,1.07702,-0.00889436,2.03261,-0.00252011,1.10186,-0.00848385,2.04181
9.502,-0.00241054,1.07702,-0.00889436,2.03261,-0.00255663,1.10189,-0.00843824,2.04181
9.504,-0.00244706,1.07702,-0.00889436,2.03261,-0.00252011,1.10191,-0.00839263,2.04173
9.506,-0.00241054,1.07702,-0.00889436,2.03261,-0.00248359,1.10189,-0.00843824,2.04173
9.508,-0.00241054,1.07702,-0.00889436,2.03252,-0.00255663,1.10189,-0.00843824,2.04181
9.51,-0.00241054,1.07702,-0.00889436,2.03261,-0.00252011,1.10186,-0.00848385,2.04181
9.512,-0.00244706,1.07702,-0.00889436,2.03261,-0.00255663,1.10191,-0.00848385,2.04181
9.514,-0.00244706,1.07702,-0.00889436,2.03261,-0.00255663,1.10189,-0.00843824,2.04181
9.516,-0.00244706,1.07702,-0.00889436,2.03261,-0.00252011,1.10189,-0.00843824,2.04173
9.518,-0.00244706,1.07702,-0.00889436,2.03261,-0.00252011,1.10189,-0.00843824,2.04173
9.52,-0.00244706,1.07702,-0.00889436,2.03261,-0.00252011,1.10189,-0.00843824,2.04181
9.522,-0.00241054,1.07702,-0.00889436,2.03261,-0.00255663,1.10189,-0.00843824,2.04173
9.524,-0.00244706,1.07702,-0.00889436,2.03261,-0.00252011,1.10189,-0.00843824,2.04173
9.526,-0.00241054,1.07702,-0.00889436,2.03261,-0.00255663,1.10191,-0.00839263,2.04173
9.528,-0.00241054,1.07702,-0.00889436,2.03261,-0.00255663,1.10191,-0.00848385,2.04181
9.53,-0.00244706,1.07702,-0.00889436,2.03261,-0.00255663,1.10191,-0.00839263,2.04181
9.532,-0.00244706,1.07702,-0.00889436,2.03261,-0.00255663,1.10189,-0.00843824,2.04173
9.534,-0.00241054,1.07702,-0.00889436,2.03261,-0.00252011,1.10189,-0.00843824,2.04173
9.536,-0.00241054,1.07702,-0.00889436,2.03261,-0.00255663,1.10189,-0.00843824,2.04173
9.538,-0.00241054,1.07702,-0.00889436,2.03261,-0.00252011,1.10189,-0.00843824,2.04181
9.54,-0.00244706,1.07702,-0.00889436,2.03261,-0.00255663,1.10189,-0.00843824,2.04181
9.542,-0.00241054,1.07702,-0.00889436,2.03261,-0.00252011,1.10189,-0.00843824,2.04173
9.544,-0.00241054,1.07702,-0.00889436,2.03261,-0.00252011,1.10189,-0.00843824,2.04173
9.546,-0.00241054,1.07702,-0.00889436,2.03261,-0.00255663,1.10189,-0.00843824,2.04173
9.548,-0.00241054,1.07702,-0.00889436,2.03261,-0.00255663,1.10189,-0.00843824,2.04173
9.55,-0.00241054,1.07702,-0.00889436,2.03261,-0.00252011,1.10189,-0.00843824,2.04181
9.552,-0.00244706,1.07702,-0.00889436,2.03261,-0.00252011,1.10189,-0.00843824,2.04181
9.554,-0.00244706,1.07702,-0.00889436,2.03261,-0.00252011,1.10189,-0.00843824,2.04173
9.556,-0.00244706,1.07702,-0.00889436,2.03261,-0.00252011,1.10189,-0.00843824,2.04173
9.558,-0.00241054,1.07702,-0.00889436,2.03261,-0.00252011,1.10189,-0.00843824,2.04173
9.56,-0.00241054,1.07702,-0.00889436,2.03261,-0.00255663,1.10189,-0.00843824,2.04173
9.562,-0.00241054,1.07702,-0.00889436,2.03261,-0.00255663,1.10189,-0.00843824,2.04181
9.564,-0.00241054,1.07702,-0.00889436,2.03261,-0.00255663,1.10189,-0.00843824,2.04181
9.566,-0.00241054,1.07702,-0.00889436,2.03261,-0.00255663,1.10189,-0.00843824,2.04173
9.568,-0.00244706,1.07702,-0.00889436,2.03261,-0.00252011,1.10189,-0.00843824,2.04173
9.57,-0.00241054,1.07702,-0.00889436,2.03261,-0.00255663,1.10186,-0.00848385,2.04173
9.572,-0.00244706,1.07702,-0.00889436,2.03261,-0.00255663,1.10189,-0.00843824,2.04173
9.574,-0.00244706,1.07699,-0.00893997,2.03261,-0.00255663,1.10189,-0.00843824,2.04181
9.576,-0.00241054,1.07702,-0.00889436,2.03261,-0.00255663,1.10191,-0.00839263,2.04181
9.578,-0.00241054,1.07702,-0.00889436,2.03261,-0.00255663,1.10186,-0.00848385,2.04181
9.58,-0.00241054,1.07702,-0.00889436,2.03261,-0.00252011,1.10191,-0.00839263,2.04173
9.582,-0.00241054,1.07702,-0.00889436,2.03252,-0.00252011,1.10189,-0.00843824,2.04181
9.584,-0.00241054,1.07702,-0.00889436,2.03261,-0.00255663,1.10189,-0.00843824,2.04181
9.586,-0.00244706,1.07702,-0.00889436,2.03261,-0.00255663,1.10189,-0.00843824,2.04181
9.588,-0.00241054,1.07702,-0.00889436,2.03261,-0.00252011,1.10189,-0.00843824,2.04181
9.59,-0.00241054,1.07702,-0.00889436,2.03261,-0.00255663,1.10189,-0.00843824,2.04181
9.592,-0.00244706,1.07702,-0.00889436,2.03261,-0.00255663,1.10189,-0.00843824,2.04173
9.594,-0.00244706,1.07702,-0.00889436,2.03261,-0.00255663,1.10189,-0.00843824,2.04181
9.596,-0.00241054,1.07702,-0.00889436,2.03261,-0.00252011,1.10186,-0.00848385,2.04173
9.598,-0.00241054,1.07702,-0.00889436,2.03261,-0.00252011,1.10189,-0.00843824,2.04173
9.6,-0.00241054,1.07702,-0.00889436,2.03261,-0.00252011,1.10186,-0.00848385,2.04181
9.602,-0.00241054,1.07702,-0.00889436,2.03261,-0.00252011,1.10191,-0.00839263,2.04181
9.604,-0.00244706,1.07702,-0.00889436,2.03252,-0.00252011,1.10189,-0.00843824,2.04181
9.606,-0.00244706,1.07702,-0.00889436,2.03261,-0.00255663,1.10189,-0.00843824,2.04181
9.608,-0.00241054,1.07702,-0.00889436,2.03261,-0.00255663,1.10186,-0.00848385,2.04173
9.61,-0.00244706,1.07702,-0.00889436,2.03261,-0.00252011,1.10186,-0.00848385,2.04181
9.612,-0.00241054,1.07702,-0.00889436,2.03261,-0.00255663,1.10189,-0.00843824,2.04173
9.614,-0.00241054,1.07702,-0.00889436,2.03261,-0.00255663,1.10189,-0.00843824,2.04181
9.616,-0.00244706,1.07702,-0.00889436,2.03261,-0.00252011,1.10186,-0.00839263,2.04181
9.618,-0.00241054,1.07699,-0.00893997,2.03261,-0.00252011,1.10191,-0.00839263,2.04181
9.62,-0.00241054,1.07702,-0.00889436,2.03261,-0.00252011,1.10191,-0.00848385,2.04173
9.622,-0.00241054,1.07702,-0.00889436,2.03261,-0.00255663,1.10189,-0.00843824,2.04181
9.624,-0.00244706,1.07702,-0.00889436,2.03261,-0.00259316,1.10189,-0.00843824,2.04173
9.626,-0.00241054,1.07702,-0.00889436,2.03261,-0.00248359,1.10189,-0.00843824,2.04181
9.628,-0.00241054,1.07702,-0.00889436,2.03261,-0.00255663,1.10189,-0.00843824,2.04181
9.63,-0.00244706,1.07702,-0.00889436,2.03261,-0.00252011,1.10186,-0.00848385,2.04181
9.632,-0.00241054,1.07702,-0.00889436,2.03252,-0.00255663,1.10191,-0.00839263,2.04181
9.634,-0.00244706,1.07702,-0.00889436,2.03261,-0.00252011,1.10189,-0.00843824,2.04173
9.636,-0.00241054,1.07702,-0.00889436,2.03261,-0.00252011,1.10189,-0.00843824,2.04173
9.638,-0.00244706,1.07702,-0.00889436,2.03261,-0.00255663,1.10189,-0.00843824,2.04181
9.64,-0.00244706,1.07702,-0.00889436,2.03269,-0.00252011,1.10189,-0.00843824,2.04181
9.642,-0.00244706,1.07702,-0.00889436,2.03261,-0.00252011,1.10189,-0.00843824,2.04181
9.644,-0.00241054,1.07702,-0.00889436,2.03261,-0.00255663,1.10189,-0.00843824,2.04173
9.646,-0.00241054,1.07704,-0.00893997,2.03261,-0.00255663,1.10189,-0.00843824,2.04173
9.648,-0.00244706,1.07702,-0.00889436,2.03252,-0.00255663,1.10189,-0.00843824,2.04173
9.65,-0.00244706,1.07702,-0.00889436,2.03252,-0.00252011,1.10186,-0.00848385,2.04181
9.652,-0.00244706,1.07702,-0.00889436,2.03261,-0.00252011,1.10189,-0.00843824,2.04173
9.654,-0.00244706,1.07702,-0.00889436,2.03261,-0.00255663,1.10189,-0.00843824,2.04173
9.656,-0.00244706,1.07702,-0.00889436,2.03261,-0.00255663,1.10191,-0.00839263,2.04173
9.658,-0.00241054,1.07702,-0.00889436,2.03261,-0.00255663,1.10189,-0.00843824,2.04173
9.66,-0.00241054,1.07699,-0.00893997,2.03261,-0.00255663,1.10189,-0.00843824,2.04181
9.662,-0.00241054,1.07702,-0.00889436,2.03261,-0.00252011,1.10189,-0.00843824,2.04181
9.664,-0.00244706,1.07702,-0.00889436,2.03252,-0.00248359,1.10189,-0.00843824,2.04181
9.666,-0.00241054,1.07702,-0.00889436,2.03261,-0.00255663,1.10191,-0.00839263,2.04173
9.668,-0.00244706,1.07702,-0.00889436,2.03261,-0.00255663,1.10189,-0.00843824,2.04173
9.67,-0.00244706,1.07702,-0.00889436,2.03261,-0.00255663,1.10189,-0.00843824,2.04173
9.672,-0.00241054,1.07702,-0.00889436,2.03261,-0.00255663,1.10186,-0.00848385,2.04181
9.674,-0.00241054,1.07702,-0.00889436,2.03261,-0.00255663,1.10189,-0.00843824,2.04181
9.676,-0.00241054,1.07702,-0.00889436,2.03261,-0.00255663,1.10189,-0.00843824,2.04173
9.678,-0.00241054,1.07702,-0.00889436,2.03261,-0.00255663,1.10189,-0.00843824,2.04181
9.68,-0.00241054,1.07702,-0.00889436,2.03261,-0.00252011,1.10186,-0.00848385,2.04181
9.682,-0.00244706,1.07702,-0.00889436,2.03261,-0.00255663,1.10189,-0.00843824,2.04173
9.684,-0.00241054,1.07699,-0.00893997,2.03261,-0.00252011,1.10186,-0.00848385,2.04181
9.686,-0.00244706,1.07702,-0.00889436,2.03261,-0.00255663,1.10189,-0.00843824,2.04173
9.688,-0.00241054,1.07702,-0.00889436,2.03261,-0.00252011,1.10189,-0.00843824,2.04173
9.69,-0.00244706,1.07702,-0.00889436,2.03261,-0.00252011,1.10189,-0.00843824,2.04181
9.692,-0.00244706,1.07702,-0.00889436,2.03261,-0.00255663,1.10189,-0.00843824,2.04173
9.694,-0.00241054,1.07702,-0.00889436,2.03252,-0.00252011,1.10189,-0.00843824,2.04173
9.696,-0.00241054,1.07702,-0.00889436,2.03261,-0.00255663,1.10186,-0.00848385,2.04173
9.698,-0.00241054,1.07702,-0.00889436,2.03252,-0.00252011,1.10189,-0.00843824,2.04173
9.7,-0.00241054,1.07702,-0.00889436,2.03252,-0.00252011,1.10191,-0.00839263,2.04173
9.702,-0.00241054,1.07702,-0.00889436,2.03261,-0.00252011,1.10189,-0.00843824,2.04173
9.704,-0.00244706,1.07702,-0.00889436,2.03261,-0.00255663,1.10189,-0.00843824,2.04173
9.706,-0.00244706,1.07702,-0.00889436,2.03261,-0.00252011,1.10189,-0.00843824,2.04173
9.708,-0.00244706,1.07702,-0.00889436,2.03261,-0.00248359,1.10189,-0.00843824,2.04173
9.71,-0.00241054,1.07702,-0.00889436,2.03252,-0.00255663,1.10186,-0.00848385,2.04173
9.712,-0.00241054,1.07702,-0.00889436,2.03252,-0.00252011,1.10189,-0.00843824,2.04181
9.714,-0.00241054,1.07702,-0.00889436,2.03261,-0.00255663,1.10189,-0.00843824,2.04181
9.716,-0.00241054,1.07702,-0.00889436,2.03261,-0.00252011,1.10189,-0.00843824,2.04181
9.718,-0.00241054,1.07702,-0.00889436,2.03261,-0.00255663,1.10189,-0.00843824,2.04181
9.72,-0.00241054,1.07702,-0.00889436,2.03261,-0.00255663,1.10189,-0.00843824,2.04173
9.722,-0.00244706,1.07702,-0.00889436,2.03261,-0.00252011,1.10189,-0.00843824,2.04181
9.724,-0.00241054,1.07702,-0.00889436,2.03261,-0.00255663,1.10186,-0.00848385,2.04181
9.726,-0.00241054,1.07702,-0.00889436,2.03252,-0.00252011,1.10189,-0.00843824,2.04173
9.728,-0.00241054,1.07702,-0.00889436,2.03261,-0.00255663,1.10189,-0.00843824,2.04181
9.73,-0.00244706,1.07702,-0.00889436,2.03261,-0.00255663,1.10189,-0.00843824,2.04173
9.732,-0.00244706,1.07702,-0.00889436,2.03261,-0.00255663,1.10189,-0.00843824,2.04173
9.734,-0.00244706,1.07702,-0.00889436,2.03261,-0.00255663,1.10189,-0.00843824,2.04181
9.736,-0.00241054,1.07702,-0.00889436,2.03261,-0.00255663,1.10189,-0.00843824,2.04173
9.738,-0.00241054,1.07702,-0.00889436,2.03261,-0.00252011,1.10189,-0.00843824,2.04173
9.74,-0.00241054,1.07702,-0.00889436,2.03261,-0.00252011,1.10189,-0.00843824,2.04173
9.742,-0.00241054,1.07702,-0.00889436,2.03252,-0.00255663,1.10189,-0.00843824,2.04173
9.744,-0.00244706,1.07702,-0.00889436,2.03252,-0.00255663,1.10189,-0.00843824,2.04173
9.746,-0.00241054,1.07702,-0.00889436,2.03261,-0.00255663,1.10189,-0.00843824,2.04173
9.748,-0.00241054,1.07702,-0.00889436,2.03261,-0.00255663,1.10189,-0.00843824,2.04173
9.75,-0.00241054,1.07702,-0.00889436,2.03269,-0.00252011,1.10194,-0.00843824,2.04173
9.752,-0.00241054,1.07702,-0.00889436,2.03261,-0.00255663,1.10189,-0.00843824,2.04181
9.754,-0.00244706,1.07702,-0.00889436,2.03261,-0.00255663,1.10189,-0.00843824,2.04181
9.756,-0.00241054,1.07702,-0.00889436,2.03261,-0.00252011,1.10191,-0.00839263,2.04173
9.758,-0.00241054,1.07702,-0.00889436,2.03261,-0.00252011,1.10189,-0.00843824,2.04173
9.76,-0.00244706,1.07702,-0.00889436,2.03261,-0.00255663,1.10189,-0.00843824,2.04181
9.762,-0.00244706,1.07702,-0.00889436,2.03261,-0.00252011,1.10189,-0.00843824,2.04173
9.764,-0.00241054,1.07702,-0.00889436,2.03261,-0.00252011,1.10191,-0.00839263,2.04173
9.766,-0.00244706,1.07702,-0.00889436,2.03261,-0.00252011,1.10189,-0.00843824,2.04173
9.768,-0.00241054,1.07702,-0.00889436,2.03261,-0.00255663,1.10189,-0.00843824,2.04181
9.77,-0.00244706,1.07702,-0.00889436,2.03261,-0.00252011,1.10191,-0.00839263,2.04181
9.772,-0.00241054,1.07702,-0.00889436,2.03261,-0.00255663,1.10191,-0.00839263,2.04181
9.774,-0.00241054,1.07702,-0.00889436,2.03261,-0.00259316,1.10189,-0.00843824,2.04173
9.776,-0.00244706,1.07702,-0.00889436,2.03261,-0.00255663,1.10189,-0.00843824,2.04181
9.778,-0.00241054,1.07702,-0.00889436,2.03261,-0.00255663,1.10186,-0.00848385,2.04173
9.78,-0.00241054,1.07702,-0.00889436,2.03261,-0.00252011,1.10189,-0.00843824,2.04173
9.782,-0.00244706,1.07702,-0.00889436,2.03261,-0.00255663,1.10186,-0.00839263,2.04181
9.784,-0.00244706,1.07702,-0.00889436,2.03261,-0.00252011,1.10189,-0.00843824,2.04181
9.786,-0.00244706,1.07702,-0.00889436,2.03261,-0.00252011,1.10191,-0.00839263,2.04173
9.788,-0.00244706,1.07702,-0.00889436,2.03261,-0.00255663,1.10189,-0.00843824,2.04173
9.79,-0.00241054,1.07702,-0.00889436,2.03261,-0.00255663,1.10191,-0.00848385,2.04173
9.792,-0.00244706,1.07702,-0.00889436,2.03252,-0.00255663,1.10189,-0.00843824,2.04173
9.794,-0.00241054,1.07702,-0.00889436,2.03261,-0.00255663,1.10189,-0.00843824,2.04181
9.796,-0.00241054,1.07702,-0.00889436,2.03261,-0.00255663,1.10191,-0.00839263,2.04181
9.798,-0.00241054,1.07702,-0.00889436,2.03261,-0.00255663,1.10189,-0.00843824,2.04173
9.8,-0.00241054,1.07702,-0.00889436,2.03261,-0.00255663,1.10189,-0.00843824,2.04173
9.802,-0.00244706,1.07702,-0.00889436,2.03261,-0.00252011,1.10186,-0.00848385,2.04173
9.804,-0.00244706,1.07702,-0.00889436,2.03261,-0.00252011,1.10189,-0.00843824,2.04181
9.806,-0.00241054,1.07702,-0.00889436,2.03261,-0.00259316,1.10189,-0.00843824,2.04181
9.808,-0.00244706,1.07702,-0.00889436,2.03261,-0.00255663,1.10189,-0.00843824,2.04181
9.81,-0.00241054,1.07702,-0.00889436,2.03261,-0.00255663,1.10189,-0.00843824,2.04173
9.812,-0.00241054,1.07702,-0.00889436,2.03261,-0.00252011,1.10189,-0.00843824,2.04173
9.814,-0.00244706,1.07702,-0.00889436,2.03261,-0.00255663,1.10189,-0.00843824,2.04181
9.816,-0.00241054,1.07702,-0.00889436,2.03261,-0.00252011,1.10191,-0.00839263,2.04173
9.818,-0.00241054,1.07702,-0.00889436,2.03261,-0.00252011,1.10189,-0.00843824,2.04181
9.82,-0.00241054,1.07702,-0.00889436,2.03261,-0.00255663,1.10189,-0.00843824,2.04173
9.822,-0.00241054,1.07702,-0.00889436,2.03261,-0.00259316,1.10189,-0.00843824,2.04181
9.824,-0.00244706,1.07702,-0.00889436,2.03261,-0.00255663,1.10189,-0.00843824,2.04173
9.826,-0.00244706,1.07704,-0.00893997,2.03261,-0.00252011,1.10189,-0.00843824,2.04173
9.828,-0.00241054,1.07702,-0.00889436,2.03261,-0.00252011,1.10189,-0.00843824,2.04181
9.83,-0.00244706,1.07702,-0.00889436,2.03261,-0.00252011,1.10189,-0.00843824,2.04181
9.832,-0.00244706,1.07702,-0.00889436,2.03261,-0.00252011,1.10189,-0.00843824,2.04181
9.834,-0.00241054,1.07702,-0.00889436,2.03261,-0.00252011,1.10189,-0.00843824,2.04181
9.836,-0.00241054,1.07702,-0.00889436,2.03261,-0.00255663,1.10186,-0.00848385,2.04173
9.838,-0.00241054,1.07702,-0.00889436,2.03261,-0.00252011,1.10186,-0.00848385,2.04181
9.84,-0.00241054,1.07702,-0.00889436,2.03261,-0.00255663,1.10189,-0.00843824,2.04181
9.842,-0.00244706,1.07702,-0.00889436,2.03261,-0.00252011,1.10191,-0.00839263,2.04181
9.844,-0.00241054,1.07702,-0.00889436,2.03261,-0.00252011,1.10189,-0.00843824,2.04173
9.846,-0.00244706,1.07702,-0.00889436,2.03261,-0.00252011,1.10189,-0.00843824,2.04173
9.848,-0.00241054,1.07702,-0.00889436,2.03261,-0.00255663,1.10189,-0.00843824,2.04181
9.85,-0.00241054,1.07702,-0.00889436,2.03261,-0.00252011,1.10189,-0.00843824,2.04173
9.852,-0.00241054,1.07702,-0.00889436,2.03261,-0.00255663,1.10189,-0.00843824,2.04181
9.854,-0.00241054,1.07702,-0.00889436,2.03261,-0.00259316,1.10191,-0.00839263,2.04173
9.856,-0.00241054,1.07702,-0.00889436,2.03261,-0.00248359,1.10189,-0.00843824,2.04181
9.858,-0.00241054,1.07702,-0.00889436,2.03252,-0.00252011,1.10191,-0.00839263,2.04181
9.86,-0.00244706,1.07702,-0.00889436,2.03261,-0.00252011,1.10189,-0.00843824,2.04173
9.862,-0.00241054,1.07702,-0.00889436,2.03261,-0.00252011,1.10189,-0.00843824,2.04173
9.864,-0.00244706,1.07702,-0.00889436,2.03261,-0.00255663,1.10191,-0.00839263,2.04181
9.866,-0.00241054,1.07702,-0.00889436,2.03261,-0.00252011,1.10186,-0.00848385,2.04181
9.868,-0.00244706,1.07702,-0.00889436,2.03261,-0.00259316,1.10186,-0.00848385,2.04181
9.87,-0.00244706,1.07699,-0.00893997,2.03261,-0.00255663,1.10186,-0.00848385,2.04173
9.872,-0.00241054,1.07702,-0.00889436,2.03261,-0.00255663,1.10189,-0.00843824,2.04173
9.874,-0.00241054,1.07702,-0.00889436,2.03261,-0.00252011,1.10191,-0.00839263,2.04181
9.876,-0.00241054,1.07702,-0.00889436,2.03261,-0.00255663,1.10186,-0.00848385,2.04173
9.878,-0.00244706,1.07702,-0.00889436,2.03261,-0.00255663,1.10189,-0.00843824,2.04173
9.88,-0.00244706,1.07702,-0.00889436,2.03261,-0.00255663,1.10189,-0.00843824,2.04173
9.882,-0.00244706,1.07704,-0.00893997,2.03261,-0.00255663,1.10191,-0.00848385,2.04173
9.884,-0.00244706,1.07702,-0.00889436,2.03261,-0.00255663,1.10189,-0.00843824,2.04181
9.886,-0.00241054,1.07702,-0.00889436,2.03261,-0.00255663,1.10189,-0.00843824,2.04173
9.888,-0.00241054,1.07702,-0.00889436,2.03261,-0.00252011,1.10189,-0.00843824,2.04181
9.89,-0.00241054,1.07702,-0.00889436,2.03261,-0.00255663,1.10189,-0.00843824,2.04173
9.892,-0.00241054,1.07702,-0.00889436,2.03261,-0.00255663,1.10189,-0.00843824,2.04181
9.894,-0.00241054,1.07702,-0.00889436,2.03261,-0.00252011,1.10189,-0.00843824,2.04181
9.896,-0.00241054,1.07702,-0.00889436,2.03261,-0.00255663,1.10189,-0.00843824,2.04181
9.898,-0.00241054,1.07702,-0.00889436,2.03261,-0.00252011,1.10189,-0.00843824,2.04181
9.9,-0.00244706,1.07702,-0.00889436,2.03261,-0.00252011,1.10189,-0.00843824,2.04173
9.902,-0.00241054,1.07702,-0.00889436,2.03261,-0.00252011,1.10189,-0.00843824,2.04181
9.904,-0.00241054,1.07702,-0.00889436,2.03261,-0.00255663,1.10189,-0.00843824,2.04173
9.906,-0.00241054,1.07702,-0.00889436,2.03261,-0.00255663,1.10189,-0.00843824,2.04181
9.908,-0.00241054,1.07702,-0.00889436,2.03261,-0.00255663,1.10191,-0.00848385,2.04173
9.91,-0.00241054,1.07702,-0.00889436,2.03261,-0.00252011,1.10191,-0.00839263,2.04181
9.912,-0.00244706,1.07702,-0.00889436,2.03261,-0.00252011,1.10189,-0.00843824,2.04181
9.914,-0.00241054,1.07702,-0.00889436,2.03261,-0.00252011,1.10189,-0.00843824,2.04181
9.916,-0.00241054,1.07702,-0.00889436,2.03261,-0.00252011,1.10189,-0.00843824,2.04164
9.918,-0.00241054,1.07702,-0.00889436,2.03261,-0.00255663,1.10189,-0.00843824,2.04173
9.92,-0.00241054,1.07702,-0.00889436,2.03261,-0.00255663,1.10189,-0.00843824,2.04181
9.922,-0.00241054,1.07702,-0.00889436,2.03261,-0.00255663,1.10189,-0.00843824,2.04181
9.924,-0.00241054,1.07702,-0.00889436,2.03261,-0.00252011,1.10189,-0.00843824,2.04181
9.926,-0.00244706,1.07702,-0.00889436,2.03261,-0.00255663,1.10191,-0.00839263,2.04173
9.928,-0.00241054,1.07702,-0.00889436,2.03261,-0.00252011,1.10189,-0.00843824,2.04181
9.93,-0.00244706,1.07702,-0.00889436,2.03261,-0.00255663,1.10189,-0.00843824,2.04173
9.932,-0.00241054,1.07702,-0.00889436,2.03261,-0.00255663,1.10189,-0.00843824,2.04181
9.934,-0.00241054,1.07702,-0.00889436,2.03261,-0.00255663,1.10189,-0.00843824,2.04173
9.936,-0.00241054,1.07702,-0.00889436,2.03261,-0.00255663,1.10189,-0.00843824,2.04173
9.938,-0.00241054,1.07702,-0.00889436,2.03261,-0.00252011,1.10189,-0.00843824,2.04181
9.94,-0.00241054,1.07702,-0.00889436,2.03261,-0.00255663,1.10189,-0.00843824,2.04181
9.942,-0.00241054,1.07702,-0.00889436,2.03261,-0.00259316,1.10189,-0.00843824,2.04173
9.944,-0.00244706,1.07702,-0.00889436,2.03261,-0.00252011,1.10189,-0.00843824,2.04181
9.946,-0.00244706,1.07702,-0.00889436,2.03261,-0.00252011,1.10189,-0.00843824,2.04181
9.948,-0.00241054,1.07702,-0.00889436,2.03261,-0.00255663,1.10189,-0.00843824,2.04173
9.95,-0.00244706,1.07702,-0.00889436,2.03261,-0.00255663,1.10189,-0.00843824,2.04173
9.952,-0.00241054,1.07702,-0.00889436,2.03261,-0.00252011,1.10189,-0.00843824,2.04181
9.954,-0.00241054,1.07702,-0.00889436,2.03261,-0.00255663,1.10189,-0.00843824,2.04181
9.956,-0.00241054,1.07702,-0.00889436,2.03261,-0.00259316,1.10189,-0.00843824,2.04173
9.958,-0.00244706,1.07702,-0.00889436,2.03261,-0.00255663,1.10189,-0.00843824,2.04173
9.96,-0.00241054,1.07702,-0.00889436,2.03261,-0.00255663,1.10189,-0.00843824,2.04181
9.962,-0.00244706,1.07702,-0.00889436,2.03261,-0.00252011,1.10189,-0.00843824,2.04173
9.964,-0.00241054,1.07702,-0.00889436,2.03261,-0.00252011,1.10189,-0.00843824,2.04181
9.966,-0.00244706,1.07702,-0.00889436,2.03261,-0.00255663,1.10189,-0.00843824,2.04173
9.968,-0.00244706,1.07702,-0.00889436,2.03261,-0.00255663,1.10186,-0.00848385,2.04173
9.97,-0.00241054,1.07702,-0.00889436,2.03261,-0.00255663,1.10186,-0.00848385,2.04181
9.972,-0.00241054,1.07702,-0.00889436,2.03261,-0.00252011,1.10189,-0.00843824,2.04173
9.974,-0.00244706,1.07702,-0.00889436,2.03261,-0.00252011,1.10189,-0.00843824,2.04173
9.976,-0.00244706,1.07702,-0.00889436,2.03261,-0.00252011,1.10191,-0.00839263,2.04173
9.978,-0.00244706,1.07702,-0.00889436,2.03261,-0.00255663,1.10189,-0.00843824,2.04173
9.98,-0.00244706,1.07702,-0.00889436,2.03261,-0.00252011,1.10189,-0.00843824,2.04173
9.982,-0.00241054,1.07702,-0.00889436,2.03261,-0.00255663,1.10189,-0.00843824,2.04181
9.984,-0.00241054,1.07702,-0.00889436,2.03261,-0.00255663,1.10189,-0.00843824,2.04181
9.986,-0.00241054,1.07702,-0.00889436,2.03261,-0.00252011,1.10189,-0.00843824,2.04181
9.988,-0.00244706,1.07702,-0.00889436,2.03261,-0.00255663,1.10189,-0.00843824,2.04173
9.99,-0.00244706,1.07702,-0.00889436,2.03261,-0.00255663,1.10189,-0.00843824,2.04173
9.992,-0.00241054,1.07702,-0.00889436,2.03261,-0.00255663,1.10186,-0.00848385,2.04173
9.994,-0.00244706,1.07702,-0.00889436,2.03261,-0.00248359,1.10186,-0.00848385,2.04173
9.996,-0.00241054,1.07702,-0.00889436,2.03261,-0.00255663,1.10189,-0.00843824,2.04173
9.998,-0.00244706,1.07702,-0.00889436,2.03261,-0.00252011,1.10189,-0.00843824,2.04181
10,-0.00241054,1.07702,-0.00889436,2.03261,-0.00255663,1.10189,-0.00843824,2.04181
10.002,-0.00244706,1.07702,-0.00889436,2.03261,-0.00252011,1.10189,-0.00843824,2.04181
10.004,-0.00241054,1.07702,-0.00889436,2.03261,-0.00252011,1.10189,-0.00843824,2.04173
10.006,-0.00241054,1.07702,-0.00889436,2.03261,-0.00255663,1.10191,-0.00848385,2.04181
10.008,-0.00241054,1.07702,-0.00889436,2.03261,-0.00252011,1.10189,-0.00843824,2.04181
10.01,-0.00241054,1.07702,-0.00889436,2.03261,-0.00255663,1.10191,-0.00839263,2.04173
10.012,-0.00241054,1.07702,-0.00889436,2.03261,-0.00255663,1.10186,-0.00848385,2.04173
10.014,-0.00244706,1.07702,-0.00889436,2.03261,-0.00252011,1.10186,-0.00848385,2.04173
10.016,-0.00241054,1.07702,-0.00889436,2.03261,-0.00255663,1.10186,-0.00839263,2.04181
10.018,-0.00241054,1.07702,-0.00889436,2.03261,-0.00252011,1.10189,-0.00843824,2.04173
10.02,-0.00241054,1.07702,-0.00889436,2.03261,-0.00248359,1.10189,-0.00843824,2.04181
10.022,-0.00241054,1.07702,-0.00889436,2.03261,-0.00252011,1.10189,-0.00843824,2.04173
10.024,-0.00244706,1.07702,-0.00889436,2.03261,-0.00255663,1.10189,-0.00843824,2.04173
10.026,-0.00241054,1.07699,-0.00893997,2.03261,-0.00255663,1.10189,-0.00843824,2.04173
10.028,-0.00241054,1.07702,-0.00889436,2.03261,-0.00255663,1.10189,-0.00843824,2.04173
10.03,-0.00241054,1.07702,-0.00889436,2.03261,-0.00255663,1.10189,-0.00843824,2.04181
10.032,-0.00241054,1.07702,-0.00889436,2.03261,-0.00252011,1.10189,-0.00843824,2.04173
10.034,-0.00244706,1.07702,-0.00889436,2.03261,-0.00252011,1.10191,-0.00839263,2.04181
10.036,-0.00244706,1.07702,-0.00889436,2.03252,-0.00255663,1.10189,-0.00843824,2.04173
10.038,-0.00241054,1.07702,-0.00889436,2.03261,-0.00255663,1.10189,-0.00843824,2.04181
10.04,-0.00244706,1.07702,-0.00889436,2.03261,-0.00255663,1.10191,-0.00848385,2.04173
10.042,-0.00241054,1.07702,-0.00889436,2.03261,-0.00255663,1.10189,-0.00843824,2.04181
10.044,-0.00241054,1.07702,-0.00889436,2.03261,-0.00255663,1.10189,-0.00843824,2.04173
10.046,-0.00241054,1.07702,-0.00889436,2.03261,-0.00252011,1.10189,-0.00843824,2.04173
10.048,-0.00241054,1.07702,-0.00889436,2.03261,-0.00255663,1.10189,-0.00843824,2.04173
10.05,-0.00241054,1.07702,-0.00889436,2.03252,-0.00255663,1.10191,-0.00839263,2.04173
10.052,-0.00241054,1.07702,-0.00889436,2.03261,-0.00252011,1.10189,-0.00843824,2.04173
10.054,-0.00244706,1.07704,-0.00893997,2.03261,-0.00255663,1.10189,-0.00843824,2.04181
10.056,-0.00241054,1.07702,-0.00889436,2.03261,-0.00252011,1.10189,-0.00843824,2.04173
10.058,-0.00241054,1.07702,-0.00889436,2.03261,-0.00252011,1.10189,-0.00843824,2.04181
10.06,-0.00241054,1.07704,-0.00893997,2.03261,-0.00252011,1.10189,-0.00843824,2.04173
10.062,-0.00241054,1.07702,-0.00889436,2.03261,-0.00252011,1.10189,-0.00843824,2.04173
10.064,-0.00241054,1.07702,-0.00889436,2.03261,-0.00248359,1.10189,-0.00843824,2.04173
10.066,-0.00241054,1.07702,-0.00889436,2.03261,-0.00255663,1.10189,-0.00843824,2.04173
10.068,-0.00244706,1.07702,-0.00889436,2.03261,-0.00255663,1.10191,-0.00839263,2.04181
10.07,-0.00244706,1.07702,-0.00889436,2.03261,-0.00255663,1.10189,-0.00843824,2.04173
10.072,-0.00244706,1.07702,-0.00889436,2.03261,-0.00255663,1.10189,-0.00843824,2.04181
10.074,-0.00244706,1.07702,-0.00889436,2.03261,-0.00252011,1.10191,-0.00848385,2.04181
10.076,-0.00241054,1.07702,-0.00889436,2.03261,-0.00252011,1.10189,-0.00843824,2.04181
10.078,-0.00244706,1.07702,-0.00889436,2.03261,-0.00252011,1.10183,-0.00852946,2.04173
10.08,-0.00241054,1.07702,-0.00889436,2.03252,-0.00252011,1.10189,-0.00843824,2.04173
10.082,-0.00241054,1.07702,-0.00889436,2.03261,-0.00255663,1.10189,-0.00843824,2.04181
10.084,-0.00241054,1.07702,-0.00889436,2.03261,-0.00252011,1.10186,-0.00848385,2.04181
10.086,-0.00241054,1.07702,-0.00889436,2.03261,-0.00255663,1.10189,-0.00843824,2.04173
10.088,-0.00244706,1.07702,-0.00889436,2.03261,-0.00252011,1.10189,-0.00843824,2.04181
10.09,-0.00244706,1.07702,-0.00889436,2.03261,-0.00255663,1.10189,-0.00843824,2.04173
10.092,-0.00241054,1.07702,-0.00889436,2.03261,-0.00252011,1.10189,-0.00843824,2.04173
10.094,-0.00241054,1.07702,-0.00889436,2.03261,-0.00252011,1.10189,-0.00843824,2.04181
10.096,-0.00241054,1.07702,-0.00889436,2.03261,-0.00255663,1.10186,-0.00848385,2.04173
10.098,-0.00241054,1.07702,-0.00889436,2.03252,-0.00248359,1.10186,-0.00848385,2.04181
10.1,-0.00244706,1.07702,-0.00889436,2.03261,-0.00252011,1.10189,-0.00843824,2.04181
10.102,-0.00244706,1.07702,-0.00889436,2.03261,-0.00248359,1.10191,-0.00848385,2.04173
10.104,-0.00244706,1.07702,-0.00889436,2.03261,-0.00255663,1.10189,-0.00843824,2.04173
10.106,-0.00244706,1.07702,-0.00889436,2.03261,-0.00255663,1.10191,-0.00839263,2.04173
10.108,-0.00241054,1.07702,-0.00889436,2.03261,-0.00252011,1.10189,-0.00843824,2.04181
10.11,-0.00241054,1.07702,-0.00889436,2.03261,-0.00252011,1.10186,-0.00848385,2.04173
10.112,-0.00241054,1.07702,-0.00889436,2.03261,-0.00255663,1.10186,-0.00848385,2.04181
10.114,-0.00244706,1.07702,-0.00889436,2.03261,-0.00255663,1.10189,-0.00843824,2.04173
10.116,-0.00244706,1.07702,-0.00889436,2.03261,-0.00252011,1.10191,-0.00848385,2.04173
10.118,-0.00241054,1.07702,-0.00889436,2.03261,-0.00252011,1.10189,-0.00843824,2.04173
10.12,-0.00244706,1.07702,-0.00889436,2.03261,-0.00252011,1.10191,-0.00848385,2.04181
10.122,-0.00244706,1.07702,-0.00889436,2.03261,-0.00255663,1.10189,-0.00843824,2.04181
10.124,-0.00241054,1.07704,-0.00893997,2.03261,-0.00252011,1.10191,-0.00848385,2.04181
10.126,-0.00241054,1.07702,-0.00889436,2.03261,-0.00255663,1.10189,-0.00843824,2.04173
10.128,-0.00241054,1.07702,-0.00889436,2.03261,-0.00255663,1.10189,-0.00843824,2.04173
10.13,-0.00241054,1.07702,-0.00889436,2.03261,-0.00252011,1.10186,-0.00848385,2.04173
10.132,-0.00244706,1.07702,-0.00889436,2.03261,-0.00252011,1.10189,-0.00843824,2.04173
10.134,-0.00244706,1.07702,-0.00889436,2.03261,-0.00255663,1.10189,-0.00843824,2.04181
10.136,-0.00241054,1.07702,-0.00889436,2.03261,-0.00255663,1.10189,-0.00843824,2.04181
10.138,-0.00241054,1.07702,-0.00889436,2.03261,-0.00252011,1.10189,-0.00843824,2.04181
10.14,-0.00241054,1.07702,-0.00889436,2.03261,-0.00252011,1.10189,-0.00843824,2.04173
10.142,-0.00241054,1.07702,-0.00889436,2.03261,-0.00255663,1.10189,-0.00843824,2.04181
10.144,-0.00244706,1.07702,-0.00889436,2.03261,-0.00255663,1.10189,-0.00843824,2.04181
10.146,-0.00241054,1.07702,-0.00889436,2.03261,-0.00255663,1.10189,-0.00843824,2.04181
10.148,-0.00241054,1.07702,-0.00889436,2.03261,-0.00255663,1.10189,-0.00843824,2.04173
10.15,-0.00244706,1.07702,-0.00889436,2.03261,-0.00252011,1.10189,-0.00843824,2.04181
10.152,-0.00244706,1.07702,-0.00889436,2.03261,-0.00255663,1.10189,-0.00843824,2.04181
10.154,-0.00244706,1.07702,-0.00889436,2.03261,-0.00252011,1.10191,-0.00839263,2.04181
10.156,-0.00241054,1.07702,-0.00889436,2.03261,-0.00252011,1.10191,-0.00839263,2.04173
10.158,-0.00241054,1.07702,-0.00889436,2.03261,-0.00259316,1.10189,-0.00843824,2.04173
10.16,-0.00241054,1.07702,-0.00889436,2.03252,-0.00252011,1.10189,-0.00843824,2.04173
10.162,-0.00241054,1.07702,-0.00889436,2.03252,-0.00255663,1.10189,-0.00843824,2.04173
10.164,-0.00241054,1.07702,-0.00889436,2.03261,-0.00252011,1.10186,-0.00848385,2.04173
10.166,-0.00244706,1.07702,-0.00889436,2.03261,-0.00252011,1.10189,-0.00843824,2.04181
10.168,-0.00244706,1.07702,-0.00889436,2.03261,-0.00252011,1.10189,-0.00843824,2.04173
10.17,-0.00244706,1.07702,-0.00889436,2.03261,-0.00259316,1.10189,-0.00843824,2.04173
10.172,-0.00244706,1.07702,-0.00889436,2.03261,-0.00252011,1.10189,-0.00843824,2.04173
10.174,-0.00241054,1.07702,-0.00889436,2.03261,-0.00255663,1.10189,-0.00843824,2.04181
10.176,-0.00241054,1.07702,-0.00889436,2.03261,-0.00255663,1.10191,-0.00839263,2.04181
10.178,-0.00241054,1.07702,-0.00889436,2.03261,-0.00252011,1.10189,-0.00843824,2.04173
10.18,-0.00241054,1.07702,-0.00889436,2.03261,-0.00255663,1.10189,-0.00843824,2.04181
10.182,-0.00241054,1.07704,-0.00893997,2.03261,-0.00252011,1.10189,-0.00843824,2.04181
10.184,-0.00241054,1.07702,-0.00889436,2.03261,-0.00252011,1.10189,-0.00843824,2.04181
10.186,-0.00244706,1.07702,-0.00889436,2.03261,-0.00252011,1.10191,-0.00848385,2.04173
10.188,-0.00241054,1.07702,-0.00889436,2.03261,-0.00252011,1.10189,-0.00843824,2.04173
10.19,-0.00241054,1.07702,-0.00889436,2.03261,-0.00252011,1.10189,-0.00843824,2.04181
10.192,-0.00241054,1.07702,-0.00889436,2.03261,-0.00255663,1.10186,-0.00848385,2.04173
10.194,-0.00241054,1.07702,-0.00889436,2.03261,-0.00255663,1.10189,-0.00843824,2.04173
10.196,-0.00241054,1.07702,-0.00889436,2.03261,-0.00252011,1.10186,-0.00848385,2.04181
10.198,-0.00241054,1.07702,-0.00889436,2.03261,-0.00252011,1.10191,-0.00848385,2.04173
10.2,-0.00244706,1.07702,-0.00889436,2.03261,-0.00255663,1.10189,-0.00843824,2.04181
10.202,-0.00244706,1.07702,-0.00889436,2.03261,-0.00255663,1.10191,-0.00839263,2.04173
10.204,-0.00241054,1.07702,-0.00889436,2.03261,-0.00252011,1.10189,-0.00843824,2.04181
10.206,-0.00241054,1.07702,-0.00889436,2.03261,-0.00255663,1.10186,-0.00848385,2.04173
10.208,-0.00244706,1.07702,-0.00889436,2.03261,-0.00255663,1.10189,-0.00843824,2.04181
10.21,-0.00241054,1.07702,-0.00889436,2.03261,-0.00252011,1.10189,-0.00843824,2.04181
10.212,-0.00241054,1.07702,-0.00889436,2.03261,-0.00252011,1.10189,-0.00843824,2.04173
10.214,-0.00241054,1.07702,-0.00889436,2.03261,-0.00255663,1.10189,-0.00843824,2.04181
10.216,-0.00241054,1.07702,-0.00889436,2.03261,-0.00255663,1.10189,-0.00843824,2.04181
10.218,-0.00244706,1.07702,-0.00889436,2.03261,-0.00252011,1.10189,-0.00843824,2.04173
10.22,-0.00241054,1.07702,-0.00889436,2.03261,-0.00252011,1.10189,-0.00843824,2.04181
10.222,-0.00244706,1.07702,-0.00889436,2.03261,-0.00255663,1.10186,-0.00848385,2.04181
10.224,-0.00244706,1.07702,-0.00889436,2.03261,-0.00252011,1.10189,-0.00843824,2.04181
10.226,-0.00241054,1.07702,-0.00889436,2.03261,-0.00248359,1.10189,-0.00843824,2.04181
10.228,-0.00244706,1.07702,-0.00889436,2.03261,-0.00252011,1.10189,-0.00843824,2.04181
10.23,-0.00241054,1.07702,-0.00889436,2.03261,-0.00255663,1.10189,-0.00843824,2.04173
10.232,-0.00241054,1.07702,-0.00889436,2.03261,-0.00255663,1.10189,-0.00843824,2.04173
10.234,-0.00241054,1.07702,-0.00889436,2.03261,-0.00252011,1.10189,-0.00843824,2.04173
10.236,-0.00241054,1.07702,-0.00889436,2.03261,-0.00248359,1.10186,-0.00848385,2.04181
10.238,-0.00244706,1.07702,-0.00889436,2.03261,-0.00255663,1.10189,-0.00843824,2.04181
10.24,-0.00244706,1.07702,-0.00889436,2.03261,-0.00252011,1.10189,-0.00843824,2.04173
10.242,-0.00241054,1.07702,-0.00889436,2.03261,-0.00252011,1.10189,-0.00843824,2.04181
10.244,-0.00244706,1.07702,-0.00889436,2.03261,-0.00255663,1.10189,-0.00843824,2.04181
10.246,-0.00241054,1.07702,-0.00889436,2.03261,-0.00255663,1.10186,-0.00848385,2.04173
10.248,-0.00241054,1.07702,-0.00889436,2.03261,-0.00255663,1.10189,-0.00843824,2.04181
10.25,-0.00244706,1.07702,-0.00889436,2.03261,-0.00252011,1.10189,-0.00843824,2.04181
10.252,-0.00241054,1.07702,-0.00889436,2.03252,-0.00252011,1.10189,-0.00843824,2.04173
10.254,-0.00241054,1.07702,-0.00889436,2.03261,-0.00252011,1.10189,-0.00843824,2.04173
10.256,-0.00241054,1.07702,-0.00889436,2.03252,-0.00255663,1.10189,-0.00843824,2.04173
10.258,-0.00244706,1.07702,-0.00889436,2.03261,-0.00252011,1.10189,-0.00843824,2.04181
10.26,-0.00244706,1.07702,-0.00889436,2.03261,-0.00259316,1.10186,-0.00839263,2.04173
10.262,-0.00244706,1.07702,-0.00889436,2.03261,-0.00255663,1.10191,-0.00839263,2.04173
10.264,-0.00244706,1.07702,-0.00889436,2.03261,-0.00255663,1.10189,-0.00843824,2.04173
10.266,-0.00241054,1.07702,-0.00889436,2.03261,-0.00252011,1.10189,-0.00843824,2.04181
10.268,-0.00241054,1.07702,-0.00889436,2.03261,-0.00252011,1.10189,-0.00843824,2.04181
10.27,-0.00244706,1.07702,-0.00889436,2.03261,-0.00255663,1.10189,-0.00843824,2.04181
10.272,-0.00241054,1.07702,-0.00889436,2.03261,-0.00248359,1.10189,-0.00843824,2.04173
10.274,-0.00241054,1.07702,-0.00889436,2.03261,-0.00255663,1.10189,-0.00843824,2.04181
10.276,-0.00244706,1.07702,-0.00889436,2.03261,-0.00255663,1.10189,-0.00843824,2.04181
10.278,-0.00241054,1.07702,-0.00889436,2.03261,-0.00252011,1.10189,-0.00843824,2.04173
10.28,-0.00241054,1.07702,-0.00889436,2.03261,-0.00255663,1.10189,-0.00843824,2.04181
10.282,-0.00244706,1.07702,-0.00889436,2.03261,-0.00255663,1.10189,-0.00843824,2.04181
10.284,-0.00244706,1.07702,-0.00889436,2.03261,-0.00248359,1.10189,-0.00843824,2.04181
10.286,-0.00241054,1.07702,-0.00889436,2.03261,-0.00255663,1.10189,-0.00843824,2.04181
10.288,-0.00241054,1.07702,-0.00889436,2.03261,-0.00255663,1.10189,-0.00843824,2.04173
10.29,-0.00244706,1.07702,-0.00889436,2.03261,-0.00252011,1.10189,-0.00843824,2.04181
10.292,-0.00241054,1.07702,-0.00889436,2.03261,-0.00255663,1.10189,-0.00843824,2.04181
10.294,-0.00241054,1.07702,-0.00889436,2.03261,-0.00252011,1.10189,-0.00843824,2.04173
10.296,-0.00241054,1.07702,-0.00889436,2.03261,-0.00252011,1.10189,-0.00843824,2.04181
10.298,-0.00241054,1.07702,-0.00889436,2.03261,-0.00252011,1.10189,-0.00843824,2.04181
10.3,-0.00244706,1.07702,-0.00889436,2.03261,-0.00255663,1.10189,-0.00843824,2.04181
10.302,-0.00244706,1.07702,-0.00889436,2.03261,-0.00255663,1.10189,-0.00843824,2.04181
10.304,-0.00244706,1.07704,-0.00893997,2.03261,-0.00259316,1.10189,-0.00843824,2.04173
10.306,-0.00241054,1.07702,-0.00889436,2.03261,-0.00252011,1.10186,-0.00848385,2.04181
10.308,-0.00241054,1.07702,-0.00889436,2.03261,-0.00252011,1.10189,-0.00843824,2.04173
10.31,-0.00241054,1.07702,-0.00889436,2.03261,-0.00255663,1.10189,-0.00843824,2.04173
10.312,-0.00241054,1.07702,-0.00889436,2.03261,-0.00255663,1.10191,-0.00839263,2.04173
10.314,-0.00241054,1.07702,-0.00889436,2.03261,-0.00252011,1.10191,-0.00839263,2.04173
10.316,-0.00241054,1.07702,-0.00889436,2.03261,-0.00255663,1.10189,-0.00843824,2.04181
10.318,-0.00241054,1.07702,-0.00889436,2.03261,-0.00252011,1.10186,-0.00848385,2.04173
10.32,-0.00244706,1.07702,-0.00889436,2.03261,-0.00259316,1.10189,-0.00843824,2.04181
10.322,-0.00241054,1.07702,-0.00889436,2.03261,-0.00255663,1.10189,-0.00843824,2.04173
10.324,-0.00241054,1.07702,-0.00889436,2.03261,-0.00255663,1.10189,-0.00843824,2.04173
10.326,-0.00244706,1.07702,-0.00889436,2.03261,-0.00252011,1.10189,-0.00843824,2.04181
10.328,-0.00241054,1.07702,-0.00889436,2.03261,-0.00255663,1.10189,-0.00843824,2.04173
10.33,-0.00244706,1.07702,-0.00889436,2.03261,-0.00255663,1.10189,-0.00843824,2.04181
10.332,-0.00241054,1.07702,-0.00889436,2.03261,-0.00252011,1.10189,-0.00843824,2.04181
10.334,-0.00241054,1.07702,-0.00889436,2.03261,-0.00255663,1.10186,-0.00848385,2.04181
10.336,-0.00241054,1.07702,-0.00889436,2.03261,-0.00252011,1.10189,-0.00843824,2.04181
10.338,-0.00241054,1.07702,-0.00889436,2.03261,-0.00255663,1.10186,-0.00848385,2.04181
10.34,-0.00241054,1.07702,-0.00889436,2.03261,-0.00255663,1.10189,-0.00843824,2.04173
10.342,-0.00241054,1.07702,-0.00889436,2.03261,-0.00252011,1.10191,-0.00839263,2.04173
10.344,-0.00244706,1.07702,-0.00889436,2.03261,-0.00252011,1.10189,-0.00843824,2.04173
10.346,-0.00244706,1.07702,-0.00889436,2.03261,-0.00255663,1.10189,-0.00843824,2.04181
10.348,-0.00244706,1.07702,-0.00889436,2.03252,-0.00252011,1.10189,-0.00843824,2.04181
10.35,-0.00241054,1.07702,-0.00889436,2.03261,-0.00252011,1.10186,-0.00848385,2.04173
10.352,-0.00241054,1.07702,-0.00889436,2.03261,-0.00252011,1.10189,-0.00843824,2.04181
10.354,-0.00241054,1.07702,-0.00889436,2.03261,-0.00252011,1.10189,-0.00843824,2.04173
10.356,-0.00241054,1.07704,-0.00893997,2.03261,-0.00255663,1.10189,-0.00843824,2.04181
10.358,-0.00241054,1.07702,-0.00889436,2.03261,-0.00255663,1.10189,-0.00843824,2.04173
10.36,-0.00241054,1.07702,-0.00889436,2.03261,-0.00255663,1.10191,-0.00848385,2.04181
10.362,-0.00241054,1.07702,-0.00889436,2.03261,-0.00255663,1.10189,-0.00843824,2.04181
10.364,-0.00244706,1.07702,-0.00889436,2.03261,-0.00255663,1.10189,-0.00843824,2.04173
10.366,-0.00241054,1.07702,-0.00889436,2.03261,-0.00259316,1.10189,-0.00843824,2.04181
10.368,-0.00241054,1.07702,-0.00889436,2.03261,-0.00255663,1.10186,-0.00848385,2.04173
10.37,-0.00244706,1.07702,-0.00889436,2.03261,-0.00252011,1.10189,-0.00843824,2.04173
10.372,-0.00241054,1.07699,-0.00893997,2.03261,-0.00255663,1.10189,-0.00843824,2.04181
10.374,-0.00241054,1.07702,-0.00889436,2.03261,-0.00255663,1.10189,-0.00843824,2.04173
10.376,-0.00241054,1.07702,-0.00889436,2.03261,-0.00252011,1.10186,-0.00848385,2.04173
10.378,-0.00241054,1.07702,-0.00889436,2.03261,-0.00252011,1.10186,-0.00848385,2.04173
10.38,-0.00241054,1.07702,-0.00889436,2.03261,-0.00255663,1.10191,-0.00839263,2.04181
10.382,-0.00244706,1.07702,-0.00889436,2.03261,-0.00255663,1.10189,-0.00843824,2.04173
10.384,-0.00244706,1.07702,-0.00889436,2.03261,-0.00255663,1.10186,-0.00848385,2.04173
10.386,-0.00244706,1.07702,-0.00889436,2.03261,-0.00252011,1.10189,-0.00843824,2.04181
10.388,-0.00244706,1.07702,-0.00889436,2.03261,-0.00252011,1.10186,-0.00848385,2.04181
10.39,-0.00244706,1.07702,-0.00889436,2.03261,-0.00252011,1.10191,-0.00839263,2.04181
10.392,-0.00244706,1.07702,-0.00889436,2.03261,-0.00252011,1.10189,-0.00843824,2.04173
10.394,-0.00244706,1.07702,-0.00889436,2.03261,-0.00255663,1.10191,-0.00839263,2.04173
10.396,-0.00241054,1.07702,-0.00889436,2.03261,-0.00255663,1.10191,-0.00848385,2.04181
10.398,-0.00241054,1.07702,-0.00889436,2.03261,-0.00255663,1.10189,-0.00843824,2.04173
10.4,-0.00244706,1.07702,-0.00889436,2.03261,-0.00252011,1.10194,-0.00843824,2.04181
10.402,-0.00244706,1.07702,-0.00889436,2.03252,-0.00255663,1.10189,-0.00843824,2.04173
10.404,-0.00244706,1.07702,-0.00889436,2.03261,-0.00252011,1.10189,-0.00843824,2.04173
10.406,-0.00241054,1.07702,-0.00889436,2.03261,-0.00252011,1.10189,-0.00843824,2.04173
10.408,-0.00244706,1.07702,-0.00889436,2.03261,-0.00255663,1.10189,-0.00843824,2.04181
10.41,-0.00241054,1.07702,-0.00889436,2.03261,-0.00255663,1.10189,-0.00843824,2.04173
10.412,-0.00241054,1.07702,-0.00889436,2.03261,-0.00255663,1.10189,-0.00843824,2.04173
10.414,-0.00241054,1.07702,-0.00889436,2.03261,-0.00255663,1.10189,-0.00843824,2.04181
10.416,-0.00241054,1.07702,-0.00889436,2.03261,-0.00252011,1.10189,-0.00843824,2.04181
10.418,-0.00244706,1.07702,-0.00889436,2.03261,-0.00259316,1.10189,-0.00843824,2.04181
10.42,-0.00241054,1.07702,-0.00889436,2.03261,-0.00252011,1.10191,-0.00839263,2.04181
10.422,-0.00244706,1.07702,-0.00889436,2.03261,-0.00255663,1.10189,-0.00843824,2.04173
10.424,-0.00241054,1.07702,-0.00889436,2.03261,-0.00255663,1.10186,-0.00848385,2.04181
10.426,-0.00241054,1.07702,-0.00889436,2.03261,-0.00255663,1.10189,-0.00843824,2.04181
10.428,-0.00244706,1.07702,-0.00889436,2.03261,-0.00252011,1.10189,-0.00843824,2.04173
10.43,-0.00241054,1.07702,-0.00889436,2.03261,-0.00255663,1.10186,-0.00848385,2.04181
10.432,-0.00241054,1.07702,-0.00889436,2.03261,-0.00255663,1.10186,-0.00848385,2.04173
10.434,-0.00241054,1.07702,-0.00889436,2.03261,-0.00252011,1.10186,-0.00848385,2.04181
10.436,-0.00244706,1.07702,-0.00889436,2.03261,-0.00255663,1.10186,-0.00848385,2.04181
10.438,-0.00244706,1.07702,-0.00889436,2.03261,-0.00259316,1.10189,-0.00843824,2.04181
10.44,-0.00241054,1.07702,-0.00889436,2.03261,-0.00255663,1.10189,-0.00843824,2.04173
10.442,-0.00244706,1.07702,-0.00889436,2.03261,-0.00252011,1.10189,-0.00843824,2.04181
10.444,-0.00241054,1.07702,-0.00889436,2.03261,-0.00259316,1.10189,-0.00843824,2.04173
10.446,-0.00244706,1.07702,-0.00889436,2.03261,-0.00255663,1.10191,-0.00839263,2.04173
10.448,-0.00244706,1.07702,-0.00889436,2.03261,-0.00252011,1.10189,-0.00843824,2.04181
10.45,-0.00244706,1.07702,-0.00889436,2.03261,-0.00252011,1.10186,-0.00848385,2.04181
10.452,-0.00244706,1.07702,-0.00889436,2.03261,-0.00252011,1.10189,-0.00843824,2.04173
10.454,-0.00244706,1.07702,-0.00889436,2.03261,-0.00255663,1.10189,-0.00843824,2.04173
10.456,-0.00244706,1.07702,-0.00889436,2.03261,-0.00255663,1.10186,-0.00848385,2.04173
10.458,-0.00241054,1.07702,-0.00889436,2.03261,-0.00252011,1.10189,-0.00843824,2.04173
10.46,-0.00244706,1.07702,-0.00889436,2.03261,-0.00252011,1.10189,-0.00843824,2.04181
10.462,-0.00241054,1.07702,-0.00889436,2.03261,-0.00252011,1.10189,-0.00843824,2.04181
10.464,-0.00241054,1.07702,-0.00889436,2.03261,-0.00252011,1.10189,-0.00843824,2.04181
10.466,-0.00244706,1.07702,-0.00889436,2.03261,-0.00252011,1.10186,-0.00848385,2.04181
10.468,-0.00241054,1.07702,-0.00889436,2.03261,-0.00255663,1.10189,-0.00843824,2.04173
10.47,-0.00244706,1.07702,-0.00889436,2.03261,-0.00252011,1.10189,-0.00843824,2.04181
10.472,-0.00241054,1.07702,-0.00889436,2.03261,-0.00252011,1.10189,-0.00843824,2.04173
10.474,-0.00241054,1.07702,-0.00889436,2.03261,-0.00252011,1.10186,-0.00848385,2.04173
10.476,-0.00241054,1.07702,-0.00889436,2.03261,-0.00252011,1.10189,-0.00843824,2.04173
10.478,-0.00244706,1.07702,-0.00889436,2.03261,-0.00255663,1.10189,-0.00843824,2.04181
10.48,-0.00241054,1.07702,-0.00889436,2.03261,-0.00255663,1.10186,-0.00848385,2.04181
10.482,-0.00241054,1.07702,-0.00889436,2.03261,-0.00252011,1.10189,-0.00843824,2.04173
10.484,-0.00244706,1.07702,-0.00889436,2.03261,-0.00255663,1.10189,-0.00843824,2.04181
10.486,-0.00244706,1.07702,-0.00889436,2.03261,-0.00255663,1.10189,-0.00843824,2.04173
10.488,-0.00244706,1.07702,-0.00889436,2.03261,-0.00252011,1.10189,-0.00843824,2.04181
10.49,-0.00244706,1.07702,-0.00889436,2.03261,-0.00255663,1.10186,-0.00848385,2.04173
10.492,-0.00241054,1.07702,-0.00889436,2.03261,-0.00252011,1.10189,-0.00843824,2.04181
10.494,-0.00241054,1.07702,-0.00889436,2.03261,-0.00252011,1.10189,-0.00843824,2.04173
10.496,-0.00241054,1.07702,-0.00889436,2.03261,-0.00259316,1.10191,-0.00848385,2.04173
10.498,-0.00241054,1.07699,-0.00893997,2.03261,-0.00252011,1.10191,-0.00839263,2.04181
10.5,-0.00244706,1.07702,-0.00889436,2.03261,-0.00252011,1.10189,-0.00843824,2.04181
10.502,-0.00244706,1.07702,-0.00889436,2.03261,-0.00252011,1.10191,-0.00839263,2.04173
10.504,-0.00244706,1.07702,-0.00889436,2.03261,-0.00252011,1.10189,-0.00843824,2.04173
10.506,-0.00241054,1.07702,-0.00889436,2.03261,-0.00255663,1.10189,-0.00843824,2.04181
10.508,-0.00241054,1.07702,-0.00889436,2.03261,-0.00255663,1.10189,-0.00843824,2.04173
10.51,-0.00241054,1.07702,-0.00889436,2.03261,-0.00255663,1.10189,-0.00843824,2.04181
10.512,-0.00241054,1.07702,-0.00889436,2.03261,-0.00252011,1.10189,-0.00843824,2.04181
10.514,-0.00241054,1.07702,-0.00889436,2.03261,-0.00255663,1.10189,-0.00843824,2.04173
10.516,-0.00244706,1.07702,-0.00889436,2.03261,-0.00255663,1.10189,-0.00843824,2.04173
10.518,-0.00244706,1.07702,-0.00889436,2.03261,-0.00252011,1.10189,-0.00843824,2.04173
10.52,-0.00244706,1.07702,-0.00889436,2.03261,-0.00255663,1.10189,-0.00843824,2.04181
10.522,-0.00241054,1.07702,-0.00889436,2.03261,-0.00255663,1.10191,-0.00848385,2.04181
10.524,-0.00241054,1.07702,-0.00889436,2.03261,-0.00252011,1.10186,-0.00848385,2.04181
10.526,-0.00241054,1.07704,-0.00893997,2.03261,-0.00252011,1.10189,-0.00843824,2.04181
10.528,-0.00241054,1.07702,-0.00889436,2.03261,-0.00252011,1.10189,-0.00843824,2.04181
10.53,-0.00244706,1.07702,-0.00889436,2.03261,-0.00252011,1.10189,-0.00843824,2.04181
10.532,-0.00244706,1.07702,-0.00889436,2.03252,-0.00255663,1.10189,-0.00843824,2.04173
10.534,-0.00241054,1.07702,-0.00889436,2.03261,-0.00252011,1.10189,-0.00843824,2.04173
10.536,-0.00241054,1.07702,-0.00889436,2.03261,-0.00252011,1.10189,-0.00843824,2.04181
10.538,-0.00241054,1.07702,-0.00889436,2.03261,-0.00255663,1.10189,-0.00843824,2.04181
10.54,-0.00244706,1.07702,-0.00889436,2.03261,-0.00255663,1.10189,-0.00843824,2.04181
10.542,-0.00244706,1.07702,-0.00889436,2.03261,-0.00252011,1.10189,-0.00843824,2.04181
10.544,-0.00244706,1.07702,-0.00889436,2.03261,-0.00252011,1.10189,-0.00843824,2.04181
10.546,-0.00241054,1.07702,-0.00889436,2.03261,-0.00255663,1.10186,-0.00839263,2.04181
10.548,-0.00244706,1.07702,-0.00889436,2.03261,-0.00255663,1.10189,-0.00843824,2.04173
10.55,-0.00244706,1.07704,-0.00893997,2.03261,-0.00252011,1.10191,-0.00839263,2.04181
10.552,-0.00244706,1.07702,-0.00889436,2.03261,-0.00255663,1.10189,-0.00843824,2.04181
10.554,-0.00241054,1.07702,-0.00889436,2.03261,-0.00252011,1.10189,-0.00843824,2.04173
10.556,-0.00241054,1.07702,-0.00889436,2.03261,-0.00252011,1.10189,-0.00843824,2.04173
10.558,-0.00241054,1.07702,-0.00889436,2.03261,-0.00255663,1.10189,-0.00843824,2.04173
10.56,-0.00241054,1.07702,-0.00889436,2.03261,-0.00252011,1.10191,-0.00839263,2.04181
10.562,-0.00241054,1.07702,-0.00889436,2.03261,-0.00252011,1.10189,-0.00843824,2.04181
10.564,-0.00244706,1.07702,-0.00889436,2.03261,-0.00252011,1.10189,-0.00843824,2.04173
10.566,-0.00244706,1.07702,-0.00889436,2.03261,-0.00255663,1.10189,-0.00843824,2.04181
10.568,-0.00244706,1.07702,-0.00889436,2.03261,-0.00255663,1.10186,-0.00848385,2.04181
10.57,-0.00241054,1.07702,-0.00889436,2.03261,-0.00252011,1.10189,-0.00843824,2.04181
10.572,-0.00241054,1.07702,-0.00889436,2.03261,-0.00252011,1.10186,-0.00848385,2.04173
10.574,-0.00241054,1.07702,-0.00889436,2.03261,-0.00255663,1.10186,-0.00848385,2.04181
10.576,-0.00244706,1.07702,-0.00889436,2.03261,-0.00255663,1.10189,-0.00843824,2.04181
10.578,-0.00244706,1.07702,-0.00889436,2.03252,-0.00255663,1.10186,-0.00848385,2.04181
10.58,-0.00244706,1.07702,-0.00889436,2.03261,-0.00252011,1.10189,-0.00843824,2.04173
10.582,-0.00244706,1.07702,-0.00889436,2.03261,-0.00248359,1.10189,-0.00843824,2.04173
10.584,-0.00241054,1.07702,-0.00889436,2.03261,-0.00252011,1.10189,-0.00843824,2.04181
10.586,-0.00244706,1.07702,-0.00889436,2.03261,-0.00255663,1.10189,-0.00843824,2.04173
10.588,-0.00241054,1.07702,-0.00889436,2.03261,-0.00259316,1.10191,-0.00839263,2.04173
10.59,-0.00241054,1.07702,-0.00889436,2.03261,-0.00255663,1.10189,-0.00843824,2.04173
10.592,-0.00244706,1.07702,-0.00889436,2.03261,-0.00255663,1.10189,-0.00852946,2.04173
10.594,-0.00241054,1.07702,-0.00889436,2.03261,-0.00252011,1.10189,-0.00843824,2.04173
10.596,-0.00244706,1.07702,-0.00889436,2.03261,-0.00252011,1.10189,-0.00843824,2.04173
10.598,-0.00244706,1.07702,-0.00889436,2.03261,-0.00252011,1.10191,-0.00848385,2.04181
10.6,-0.00244706,1.07702,-0.00889436,2.03261,-0.00255663,1.10189,-0.00843824,2.04173
10.602,-0.00244706,1.07702,-0.00889436,2.03261,-0.00255663,1.10189,-0.00852946,2.04181
10.604,-0.00241054,1.07702,-0.00889436,2.03261,-0.00255663,1.10186,-0.00848385,2.04181
10.606,-0.00241054,1.07702,-0.00889436,2.03261,-0.00255663,1.10189,-0.00843824,2.04181
10.608,-0.00241054,1.07702,-0.00889436,2.03261,-0.00252011,1.10186,-0.00848385,2.04173
10.61,-0.00241054,1.07702,-0.00889436,2.03252,-0.00252011,1.10189,-0.00843824,2.04181
10.612,-0.00244706,1.07702,-0.00889436,2.03261,-0.00252011,1.10189,-0.00843824,2.04181
10.614,-0.00241054,1.07702,-0.00889436,2.03261,-0.00248359,1.10189,-0.00843824,2.04181
10.616,-0.00244706,1.07702,-0.00889436,2.03261,-0.00255663,1.10189,-0.00843824,2.04173
10.618,-0.00241054,1.07702,-0.00889436,2.03261,-0.00255663,1.10189,-0.00843824,2.04181
10.62,-0.00241054,1.07702,-0.00889436,2.03261,-0.00252011,1.10189,-0.00843824,2.04173
10.622,-0.00241054,1.07702,-0.00889436,2.03261,-0.00252011,1.10191,-0.00848385,2.04173
10.624,-0.00241054,1.07702,-0.00889436,2.03261,-0.00255663,1.10189,-0.00843824,2.04181
10.626,-0.00244706,1.07702,-0.00889436,2.03252,-0.00252011,1.10189,-0.00843824,2.04173
10.628,-0.00244706,1.07702,-0.00889436,2.03261,-0.00255663,1.10189,-0.00843824,2.04181
10.63,-0.00241054,1.07702,-0.00889436,2.03261,-0.00252011,1.10189,-0.00843824,2.04173
10.632,-0.00241054,1.07702,-0.00889436,2.03261,-0.00255663,1.10189,-0.00843824,2.04173
10.634,-0.00244706,1.07702,-0.00889436,2.03261,-0.00255663,1.10189,-0.00843824,2.04173
10.636,-0.00244706,1.07702,-0.00889436,2.03261,-0.00255663,1.10186,-0.00848385,2.04181
10.638,-0.00244706,1.07702,-0.00889436,2.03261,-0.00252011,1.10189,-0.00843824,2.04181
10.64,-0.00244706,1.07702,-0.00889436,2.03261,-0.00255663,1.10189,-0.00843824,2.04181
10.642,-0.00241054,1.07702,-0.00889436,2.03261,-0.00255663,1.10189,-0.00843824,2.04181
10.644,-0.00241054,1.07702,-0.00889436,2.03261,-0.00255663,1.10189,-0.00843824,2.04173
10.646,-0.00241054,1.07702,-0.00889436,2.03261,-0.00252011,1.10189,-0.00843824,2.04173
10.648,-0.00244706,1.07702,-0.00889436,2.03261,-0.00252011,1.10189,-0.00843824,2.04181
10.65,-0.00244706,1.07702,-0.00889436,2.03261,-0.00252011,1.10189,-0.00843824,2.04181
10.652,-0.00244706,1.07702,-0.00889436,2.03261,-0.00255663,1.10189,-0.00843824,2.04173
10.654,-0.00244706,1.07702,-0.00889436,2.03261,-0.00252011,1.10189,-0.00843824,2.04181
10.656,-0.00244706,1.07702,-0.00889436,2.03261,-0.00255663,1.10186,-0.00848385,2.04181
10.658,-0.00244706,1.07702,-0.00889436,2.03261,-0.00255663,1.10189,-0.00843824,2.04164
10.66,-0.00244706,1.07702,-0.00889436,2.03261,-0.00252011,1.10189,-0.00843824,2.04173
10.662,-0.00241054,1.07702,-0.00889436,2.03261,-0.00255663,1.10189,-0.00843824,2.04173
10.664,-0.00241054,1.07702,-0.00889436,2.03261,-0.00255663,1.10189,-0.00843824,2.04173
10.666,-0.00241054,1.07702,-0.00889436,2.03261,-0.00255663,1.10189,-0.00843824,2.04181
10.668,-0.00241054,1.07702,-0.00889436,2.03261,-0.00252011,1.10189,-0.00843824,2.04173
10.67,-0.00244706,1.07702,-0.00889436,2.03261,-0.00252011,1.10189,-0.00843824,2.04173
10.672,-0.00244706,1.07702,-0.00889436,2.03261,-0.00255663,1.10189,-0.00843824,2.04181
10.674,-0.00244706,1.07702,-0.00889436,2.03261,-0.00255663,1.10189,-0.00843824,2.04181
10.676,-0.00244706,1.07702,-0.00889436,2.03261,-0.00255663,1.10191,-0.00839263,2.04181
10.678,-0.00241054,1.07702,-0.00889436,2.03261,-0.00255663,1.10189,-0.00843824,2.04181
10.68,-0.00241054,1.07702,-0.00889436,2.03261,-0.00255663,1.10189,-0.00843824,2.04173
10.682,-0.00244706,1.07702,-0.00889436,2.03261,-0.00255663,1.10189,-0.00843824,2.04181
10.684,-0.00244706,1.07702,-0.00889436,2.03261,-0.00255663,1.10189,-0.00843824,2.04181
10.686,-0.00241054,1.07702,-0.00889436,2.03261,-0.00252011,1.10189,-0.00843824,2.04181
10.688,-0.00241054,1.07702,-0.00889436,2.03261,-0.00252011,1.10186,-0.00839263,2.04181
10.69,-0.00241054,1.07702,-0.00889436,2.03261,-0.00252011,1.10189,-0.00843824,2.04173
10.692,-0.00244706,1.07702,-0.00889436,2.03261,-0.00259316,1.10189,-0.00843824,2.04181
10.694,-0.00244706,1.07702,-0.00889436,2.03261,-0.00252011,1.10189,-0.00843824,2.04181
10.696,-0.00244706,1.07702,-0.00889436,2.03261,-0.00252011,1.10189,-0.00843824,2.04173
10.698,-0.00244706,1.07702,-0.00889436,2.03261,-0.00252011,1.10189,-0.00843824,2.04181
10.7,-0.00241054,1.07702,-0.00889436,2.03261,-0.00252011,1.10186,-0.00848385,2.04173
10.702,-0.00244706,1.07702,-0.00889436,2.03261,-0.00252011,1.10189,-0.00843824,2.04181
10.704,-0.00241054,1.07702,-0.00889436,2.03261,-0.00259316,1.10189,-0.00843824,2.04173
10.706,-0.00244706,1.07702,-0.00889436,2.03261,-0.00259316,1.10189,-0.00843824,2.04173
10.708,-0.00244706,1.07702,-0.00889436,2.03261,-0.00252011,1.10189,-0.00843824,2.04173
10.71,-0.00241054,1.07702,-0.00889436,2.03261,-0.00255663,1.10189,-0.00843824,2.04173
10.712,-0.00241054,1.07702,-0.00889436,2.03261,-0.00255663,1.10189,-0.00843824,2.04181
10.714,-0.00244706,1.07702,-0.00889436,2.03261,-0.00255663,1.10191,-0.00839263,2.04173
10.716,-0.00241054,1.07702,-0.00889436,2.03261,-0.00252011,1.10189,-0.00843824,2.04173
10.718,-0.00241054,1.07702,-0.00889436,2.03261,-0.00255663,1.10189,-0.00843824,2.04173
10.72,-0.00241054,1.07702,-0.00889436,2.03261,-0.00252011,1.10186,-0.00848385,2.04181
10.722,-0.00241054,1.07702,-0.00889436,2.03261,-0.00255663,1.10186,-0.00848385,2.04181
10.724,-0.00244706,1.07702,-0.00889436,2.03261,-0.00255663,1.10189,-0.00843824,2.04181
10.726,-0.00244706,1.07702,-0.00889436,2.03261,-0.00252011,1.10189,-0.00843824,2.04181
10.728,-0.00244706,1.07702,-0.00889436,2.03261,-0.00252011,1.10189,-0.00843824,2.04181
10.73,-0.00241054,1.07702,-0.00889436,2.03252,-0.00252011,1.10186,-0.00848385,2.04173
10.732,-0.00241054,1.07702,-0.00889436,2.03261,-0.00255663,1.10189,-0.00843824,2.04181
10.734,-0.00241054,1.07702,-0.00889436,2.03261,-0.00255663,1.10189,-0.00843824,2.04181
10.736,-0.00241054,1.07702,-0.00889436,2.03261,-0.00252011,1.10189,-0.00843824,2.04173
10.738,-0.00241054,1.07702,-0.00889436,2.03261,-0.00252011,1.10186,-0.00848385,2.04181
10.74,-0.00241054,1.07702,-0.00889436,2.03261,-0.00248359,1.10189,-0.00843824,2.04173
10.742,-0.00244706,1.07702,-0.00889436,2.03261,-0.00252011,1.10189,-0.00843824,2.04181
10.744,-0.00244706,1.07702,-0.00889436,2.03261,-0.00252011,1.10189,-0.00843824,2.04173
10.746,-0.00244706,1.07702,-0.00889436,2.03261,-0.00255663,1.10186,-0.00848385,2.04181
10.748,-0.00241054,1.07702,-0.00889436,2.03261,-0.00255663,1.10189,-0.00843824,2.04173
10.75,-0.00241054,1.07702,-0.00889436,2.03261,-0.00255663,1.10189,-0.00843824,2.04173
10.752,-0.00241054,1.07702,-0.00889436,2.03261,-0.00255663,1.10189,-0.00843824,2.04181
10.754,-0.00241054,1.07702,-0.00889436,2.03261,-0.00255663,1.10189,-0.00843824,2.04181
10.756,-0.00244706,1.07702,-0.00889436,2.03261,-0.00252011,1.10189,-0.00843824,2.04181
10.758,-0.00244706,1.07702,-0.00889436,2.03261,-0.00252011,1.10189,-0.00843824,2.04181
10.76,-0.00244706,1.07699,-0.00893997,2.03261,-0.00252011,1.10189,-0.00843824,2.04173
10.762,-0.00244706,1.07702,-0.00889436,2.03261,-0.00255663,1.10189,-0.00843824,2.04173
10.764,-0.00244706,1.07702,-0.00889436,2.03261,-0.00255663,1.10189,-0.00843824,2.04181
10.766,-0.00244706,1.07702,-0.00889436,2.03261,-0.00255663,1.10186,-0.00848385,2.04181
10.768,-0.00244706,1.07702,-0.00889436,2.03261,-0.00255663,1.10189,-0.00843824,2.04173
10.77,-0.00241054,1.07702,-0.00889436,2.03261,-0.00252011,1.10189,-0.00843824,2.04181
10.772,-0.00241054,1.07702,-0.00889436,2.03261,-0.00255663,1.10191,-0.00848385,2.04173
10.774,-0.00241054,1.07702,-0.00889436,2.03261,-0.00255663,1.10191,-0.00839263,2.04173
10.776,-0.00241054,1.07702,-0.00889436,2.03261,-0.00252011,1.10191,-0.00839263,2.04173
10.778,-0.00244706,1.07702,-0.00889436,2.03261,-0.00252011,1.10189,-0.00843824,2.04181
10.78,-0.00244706,1.07702,-0.00889436,2.03261,-0.00252011,1.10189,-0.00843824,2.04173
10.782,-0.00244706,1.07702,-0.00889436,2.03261,-0.00248359,1.10189,-0.00843824,2.04181
10.784,-0.00244706,1.07702,-0.00889436,2.03261,-0.00252011,1.10189,-0.00843824,2.04173
10.786,-0.00241054,1.07702,-0.00889436,2.03261,-0.00252011,1.10189,-0.00843824,2.04181
10.788,-0.00241054,1.07702,-0.00889436,2.03261,-0.00255663,1.10189,-0.00843824,2.04173
10.79,-0.00241054,1.07702,-0.00889436,2.03261,-0.00252011,1.10189,-0.00843824,2.04173
10.792,-0.00241054,1.07702,-0.00889436,2.03261,-0.00255663,1.10189,-0.00843824,2.04173
10.794,-0.00244706,1.07702,-0.00889436,2.03261,-0.00259316,1.10191,-0.00848385,2.04181
10.796,-0.00244706,1.07702,-0.00889436,2.03261,-0.00252011,1.10189,-0.00843824,2.04173
10.798,-0.00244706,1.07702,-0.00889436,2.03261,-0.00252011,1.10189,-0.00843824,2.04173
10.8,-0.00244706,1.07702,-0.00889436,2.03261,-0.00255663,1.10189,-0.00843824,2.04181
10.802,-0.00244706,1.07702,-0.00889436,2.03261,-0.00255663,1.10189,-0.00843824,2.04173
10.804,-0.00241054,1.07702,-0.00889436,2.03261,-0.00255663,1.10189,-0.00843824,2.04173
10.806,-0.00241054,1.07702,-0.00889436,2.03261,-0.00259316,1.10186,-0.00848385,2.04173
10.808,-0.00241054,1.07702,-0.00889436,2.03261,-0.00252011,1.10191,-0.00839263,2.04173
10.81,-0.00241054,1.07702,-0.00889436,2.03261,-0.00252011,1.10189,-0.00843824,2.04181
10.812,-0.00241054,1.07702,-0.00889436,2.03261,-0.00255663,1.10186,-0.00848385,2.04181
10.814,-0.00241054,1.07702,-0.00889436,2.03261,-0.00252011,1.10189,-0.00843824,2.04181
10.816,-0.00241054,1.07702,-0.00889436,2.03261,-0.00252011,1.10191,-0.00839263,2.04173
10.818,-0.00244706,1.07702,-0.00889436,2.03261,-0.00255663,1.10186,-0.00839263,2.04181
10.82,-0.00244706,1.07702,-0.00889436,2.03261,-0.00255663,1.10189,-0.00843824,2.04181
10.822,-0.00244706,1.07702,-0.00889436,2.03261,-0.00248359,1.10189,-0.00843824,2.04181
10.824,-0.00241054,1.07702,-0.00889436,2.03261,-0.00255663,1.10189,-0.00843824,2.04181
10.826,-0.00241054,1.07702,-0.00889436,2.03261,-0.00252011,1.10186,-0.00848385,2.04173
10.828,-0.00241054,1.07702,-0.00889436,2.03261,-0.00259316,1.10189,-0.00843824,2.04173
10.83,-0.00244706,1.07702,-0.00889436,2.03261,-0.00255663,1.10189,-0.00843824,2.04173
10.832,-0.00244706,1.07702,-0.00889436,2.03261,-0.00255663,1.10186,-0.00848385,2.04181
10.834,-0.00244706,1.07702,-0.00889436,2.03261,-0.00252011,1.10189,-0.00843824,2.04181
10.836,-0.00244706,1.07702,-0.00889436,2.03261,-0.00255663,1.10189,-0.00843824,2.04181
10.838,-0.00244706,1.07702,-0.00889436,2.03261,-0.00252011,1.10189,-0.00843824,2.04181
10.84,-0.00244706,1.07702,-0.00889436,2.03261,-0.00255663,1.10186,-0.00848385,2.04173
10.842,-0.00241054,1.07702,-0.00889436,2.03261,-0.00255663,1.10189,-0.00843824,2.04173
10.844,-0.00241054,1.07702,-0.00889436,2.03261,-0.00255663,1.10186,-0.00848385,2.04173
10.846,-0.00241054,1.07702,-0.00889436,2.03261,-0.00255663,1.10189,-0.00843824,2.04173
10.848,-0.00241054,1.07702,-0.00889436,2.03261,-0.00259316,1.10189,-0.00843824,2.04173
10.85,-0.00241054,1.07702,-0.00889436,2.03261,-0.00252011,1.10189,-0.00843824,2.04181
10.852,-0.00244706,1.07702,-0.00889436,2.03261,-0.00252011,1.10186,-0.00848385,2.04173
10.854,-0.00244706,1.07702,-0.00889436,2.03261,-0.00255663,1.10189,-0.00843824,2.04173
10.856,-0.00244706,1.07702,-0.00889436,2.03261,-0.00252011,1.10186,-0.00848385,2.04181
10.858,-0.00244706,1.07702,-0.00889436,2.03261,-0.00255663,1.10191,-0.00839263,2.04181
10.86,-0.00241054,1.07702,-0.00889436,2.03261,-0.00255663,1.10189,-0.00843824,2.04181
10.862,-0.00241054,1.07702,-0.00889436,2.03261,-0.00252011,1.10191,-0.00839263,2.04181
10.864,-0.00241054,1.07702,-0.00889436,2.03261,-0.00255663,1.10189,-0.00843824,2.04173
10.866,-0.00241054,1.07702,-0.00889436,2.03261,-0.00255663,1.10189,-0.00843824,2.04173
10.868,-0.00244706,1.07702,-0.00889436,2.03261,-0.00255663,1.10189,-0.00843824,2.04181
10.87,-0.00241054,1.07699,-0.00893997,2.03261,-0.00248359,1.10189,-0.00843824,2.04181
10.872,-0.00244706,1.07702,-0.00889436,2.03261,-0.00248359,1.10189,-0.00843824,2.04173
10.874,-0.00244706,1.07702,-0.00889436,2.03261,-0.00255663,1.10189,-0.00843824,2.04181
10.876,-0.00241054,1.07702,-0.00889436,2.03261,-0.00252011,1.10189,-0.00843824,2.04173
10.878,-0.00241054,1.07702,-0.00889436,2.03261,-0.00255663,1.10189,-0.00843824,2.04173
10.88,-0.00241054,1.07702,-0.00889436,2.03261,-0.00255663,1.10189,-0.00843824,2.04181
10.882,-0.00241054,1.07702,-0.00889436,2.03261,-0.00252011,1.10186,-0.00848385,2.04181
10.884,-0.00241054,1.07702,-0.00889436,2.03261,-0.00255663,1.10189,-0.00843824,2.04173
10.886,-0.00241054,1.07702,-0.00889436,2.03261,-0.00252011,1.10189,-0.00843824,2.04173
10.888,-0.00244706,1.07702,-0.00889436,2.03261,-0.00255663,1.10186,-0.00848385,2.04173
10.89,-0.00244706,1.07702,-0.00889436,2.03261,-0.00252011,1.10189,-0.00843824,2.04181
10.892,-0.00241054,1.07702,-0.00889436,2.03261,-0.00252011,1.10189,-0.00843824,2.04181
10.894,-0.00241054,1.07702,-0.00889436,2.03261,-0.00248359,1.10189,-0.00843824,2.04173
10.896,-0.00244706,1.07702,-0.00889436,2.03261,-0.00255663,1.10189,-0.00843824,2.04181
10.898,-0.00241054,1.07702,-0.00889436,2.03261,-0.00252011,1.10189,-0.00843824,2.04181
10.9,-0.00241054,1.07702,-0.00889436,2.03261,-0.00255663,1.10186,-0.00848385,2.04173
10.902,-0.00241054,1.07702,-0.00889436,2.03261,-0.00252011,1.10189,-0.00843824,2.04181
10.904,-0.00244706,1.07702,-0.00889436,2.03261,-0.00252011,1.10189,-0.00843824,2.04173
10.906,-0.00244706,1.07702,-0.00889436,2.03261,-0.00255663,1.10189,-0.00843824,2.04181
10.908,-0.00244706,1.07702,-0.00889436,2.03261,-0.00255663,1.10191,-0.00848385,2.04173
10.91,-0.00244706,1.07702,-0.00889436,2.03261,-0.00252011,1.10189,-0.00843824,2.04173
10.912,-0.00241054,1.07702,-0.00889436,2.03261,-0.00255663,1.10189,-0.00843824,2.04181
10.914,-0.00241054,1.07702,-0.00889436,2.03261,-0.00255663,1.10189,-0.00843824,2.04173
10.916,-0.00241054,1.07702,-0.00889436,2.03261,-0.00252011,1.10189,-0.00843824,2.04181
10.918,-0.00241054,1.07702,-0.00889436,2.03261,-0.00252011,1.10186,-0.00839263,2.04181
10.92,-0.00241054,1.07702,-0.00889436,2.03261,-0.00252011,1.10186,-0.00848385,2.04173
10.922,-0.00244706,1.07702,-0.00889436,2.03261,-0.00259316,1.10186,-0.00848385,2.04181
10.924,-0.00244706,1.07702,-0.00889436,2.03261,-0.00255663,1.10189,-0.00843824,2.04181
10.926,-0.00241054,1.07702,-0.00889436,2.03261,-0.00252011,1.10189,-0.00843824,2.04181
10.928,-0.00241054,1.07702,-0.00889436,2.03261,-0.00255663,1.10191,-0.00839263,2.04181
10.93,-0.00241054,1.07702,-0.00889436,2.03261,-0.00252011,1.10189,-0.00843824,2.04173
10.932,-0.00241054,1.07702,-0.00889436,2.03261,-0.00252011,1.10191,-0.00848385,2.04173
10.934,-0.00241054,1.07704,-0.00893997,2.03261,-0.00248359,1.10189,-0.00843824,2.04173
10.936,-0.00244706,1.07702,-0.00889436,2.03261,-0.00252011,1.10189,-0.00843824,2.04181
10.938,-0.00241054,1.07702,-0.00889436,2.03261,-0.00248359,1.10191,-0.00848385,2.04181
10.94,-0.00241054,1.07702,-0.00889436,2.03261,-0.00255663,1.10189,-0.00843824,2.04181
10.942,-0.00244706,1.07702,-0.00889436,2.03261,-0.00255663,1.10191,-0.00848385,2.04173
10.944,-0.00244706,1.07702,-0.00889436,2.03261,-0.00252011,1.10186,-0.00848385,2.04181
10.946,-0.00241054,1.07702,-0.00889436,2.03261,-0.00255663,1.10189,-0.00843824,2.04173
10.948,-0.00241054,1.07704,-0.00893997,2.03261,-0.00252011,1.10189,-0.00843824,2.04173
10.95,-0.00241054,1.07702,-0.00889436,2.03261,-0.00255663,1.10189,-0.00843824,2.04173
10.952,-0.00244706,1.07702,-0.00889436,2.03261,-0.00255663,1.10186,-0.00848385,2.04181
10.954,-0.00244706,1.07702,-0.00889436,2.03261,-0.00255663,1.10186,-0.00848385,2.04173
10.956,-0.00244706,1.07702,-0.00889436,2.03261,-0.00252011,1.10186,-0.00848385,2.04181
10.958,-0.00241054,1.07702,-0.00889436,2.03261,-0.00255663,1.10189,-0.00843824,2.04181
10.96,-0.00241054,1.07702,-0.00889436,2.03261,-0.00255663,1.10189,-0.00843824,2.04173
10.962,-0.00241054,1.07702,-0.00889436,2.03252,-0.00248359,1.10191,-0.00839263,2.04173
10.964,-0.00244706,1.07702,-0.00889436,2.03252,-0.00252011,1.10191,-0.00848385,2.04173
10.966,-0.00244706,1.07702,-0.00889436,2.03261,-0.00255663,1.10189,-0.00843824,2.04181
10.968,-0.00244706,1.07702,-0.00889436,2.03261,-0.00252011,1.10189,-0.00843824,2.04181
10.97,-0.00241054,1.07702,-0.00889436,2.03261,-0.00252011,1.10189,-0.00843824,2.04173
10.972,-0.00241054,1.07702,-0.00889436,2.03261,-0.00255663,1.10189,-0.00843824,2.04173
10.974,-0.00244706,1.07702,-0.00889436,2.03261,-0.00252011,1.10189,-0.00843824,2.04173
10.976,-0.00241054,1.07704,-0.00893997,2.03261,-0.00255663,1.10194,-0.00843824,2.04181
10.978,-0.00241054,1.07702,-0.00889436,2.03261,-0.00252011,1.10191,-0.00839263,2.04181
10.98,-0.00241054,1.07702,-0.00889436,2.03261,-0.00255663,1.10189,-0.00843824,2.04181
10.982,-0.00241054,1.07702,-0.00889436,2.03261,-0.00252011,1.10189,-0.00843824,2.04173
10.984,-0.00241054,1.07704,-0.00893997,2.03261,-0.00255663,1.10186,-0.00848385,2.04181
10.986,-0.00244706,1.07702,-0.00889436,2.03261,-0.00255663,1.10189,-0.00843824,2.04173
10.988,-0.00244706,1.07702,-0.00889436,2.03261,-0.00252011,1.10191,-0.00839263,2.04181
10.99,-0.00241054,1.07702,-0.00889436,2.03261,-0.00252011,1.10189,-0.00843824,2.04181
10.992,-0.00241054,1.07702,-0.00889436,2.03261,-0.00255663,1.10189,-0.00843824,2.04181
10.994,-0.00244706,1.07702,-0.00889436,2.03261,-0.00255663,1.10189,-0.00852946,2.04181
10.996,-0.00241054,1.07702,-0.00889436,2.03261,-0.00252011,1.10189,-0.00843824,2.04173
10.998,-0.00241054,1.07702,-0.00889436,2.03261,-0.00259316,1.10189,-0.00843824,2.04181
11,-0.00244706,1.07702,-0.00889436,2.03261,-0.00248359,1.10189,-0.00843824,2.04173
11.002,-0.00241054,1.07702,-0.00889436,2.03261,-0.00252011,1.10186,-0.00848385,2.04181
11.004,-0.00244706,1.07702,-0.00889436,2.03261,-0.00252011,1.10189,-0.00843824,2.04181
11.006,-0.00241054,1.07702,-0.00889436,2.03261,-0.00255663,1.10191,-0.00839263,2.04181
11.008,-0.00244706,1.07702,-0.00889436,2.03261,-0.00255663,1.10189,-0.00843824,2.04173
11.01,-0.00241054,1.07702,-0.00889436,2.03261,-0.00252011,1.10191,-0.00848385,2.04181
11.012,-0.00241054,1.07702,-0.00889436,2.03261,-0.00252011,1.10191,-0.00848385,2.04181
11.014,-0.00244706,1.07702,-0.00889436,2.03261,-0.00252011,1.10189,-0.00843824,2.04173
11.016,-0.00241054,1.07702,-0.00889436,2.03261,-0.00252011,1.10186,-0.00848385,2.04181
11.018,-0.00244706,1.07702,-0.00889436,2.03261,-0.00255663,1.10189,-0.00843824,2.04173
11.02,-0.00241054,1.07702,-0.00889436,2.03261,-0.00252011,1.10186,-0.00848385,2.04173
11.022,-0.00241054,1.07702,-0.00889436,2.03261,-0.00252011,1.10186,-0.00839263,2.04181
11.024,-0.00244706,1.07702,-0.00889436,2.03261,-0.00252011,1.10186,-0.00848385,2.04181
11.026,-0.00244706,1.07702,-0.00889436,2.03261,-0.00252011,1.10189,-0.00843824,2.04181
11.028,-0.00244706,1.07702,-0.00889436,2.03261,-0.00252011,1.10189,-0.00843824,2.04181
11.03,-0.00241054,1.07702,-0.00889436,2.03261,-0.00255663,1.10189,-0.00843824,2.04181
11.032,-0.00241054,1.07702,-0.00889436,2.03261,-0.00255663,1.10191,-0.00848385,2.04173
11.034,-0.00241054,1.07702,-0.00889436,2.03261,-0.00252011,1.10186,-0.00848385,2.04181
11.036,-0.00241054,1.07702,-0.00889436,2.03261,-0.00252011,1.10189,-0.00843824,2.04173
11.038,-0.00241054,1.07704,-0.00893997,2.03261,-0.00252011,1.10186,-0.00848385,2.04173
11.04,-0.00241054,1.07704,-0.00893997,2.03261,-0.00252011,1.10186,-0.00848385,2.04181
11.042,-0.00244706,1.07704,-0.00893997,2.03261,-0.00259316,1.10189,-0.00843824,2.04181
11.044,-0.00241054,1.07702,-0.00889436,2.03261,-0.00255663,1.10191,-0.00839263,2.04181
11.046,-0.00244706,1.07702,-0.00889436,2.03261,-0.00252011,1.10191,-0.00848385,2.04173
11.048,-0.00241054,1.07702,-0.00889436,2.03261,-0.00252011,1.10189,-0.00843824,2.04173
11.05,-0.00244706,1.07702,-0.00889436,2.03261,-0.00252011,1.10191,-0.00848385,2.04173
11.052,-0.00244706,1.07702,-0.00889436,2.03261,-0.00255663,1.10189,-0.00843824,2.04181
11.054,-0.00244706,1.07702,-0.00889436,2.03261,-0.00248359,1.10189,-0.00843824,2.04173
11.056,-0.00241054,1.07704,-0.00893997,2.03261,-0.00255663,1.10189,-0.00843824,2.04173
11.058,-0.00244706,1.07702,-0.00889436,2.03261,-0.00255663,1.10189,-0.00843824,2.04173
11.06,-0.00241054,1.07702,-0.00889436,2.03261,-0.00255663,1.10189,-0.00843824,2.04181
11.062,-0.00241054,1.07702,-0.00889436,2.03261,-0.00255663,1.10189,-0.00843824,2.04173
11.064,-0.00241054,1.07702,-0.00889436,2.03261,-0.00252011,1.10189,-0.00843824,2.04173
11.066,-0.00244706,1.07702,-0.00889436,2.03261,-0.00255663,1.10191,-0.00839263,2.04181
11.068,-0.00244706,1.07702,-0.00889436,2.03261,-0.00255663,1.10189,-0.00843824,2.04181
11.07,-0.00244706,1.07702,-0.00889436,2.03261,-0.00255663,1.10189,-0.00843824,2.04173
11.072,-0.00244706,1.07702,-0.00889436,2.03261,-0.00252011,1.10189,-0.00843824,2.04173
11.074,-0.00244706,1.07702,-0.00889436,2.03261,-0.00252011,1.10189,-0.00843824,2.04173
11.076,-0.00241054,1.07702,-0.00889436,2.03261,-0.00252011,1.10189,-0.00843824,2.04181
11.078,-0.00241054,1.07702,-0.00889436,2.03261,-0.00255663,1.10189,-0.00843824,2.04181
11.08,-0.00241054,1.07704,-0.00893997,2.03261,-0.00252011,1.10191,-0.00839263,2.04181
11.082,-0.00241054,1.07704,-0.00893997,2.03261,-0.00259316,1.10189,-0.00843824,2.04181
11.084,-0.00241054,1.07702,-0.00889436,2.03261,-0.00252011,1.10189,-0.00843824,2.04181
11.086,-0.00241054,1.07702,-0.00889436,2.03261,-0.00255663,1.10189,-0.00843824,2.04181
11.088,-0.00244706,1.07702,-0.00889436,2.03261,-0.00252011,1.10189,-0.00843824,2.04181
11.09,-0.00241054,1.07702,-0.00889436,2.03261,-0.00255663,1.10189,-0.00843824,2.04181
11.092,-0.00244706,1.07702,-0.00889436,2.03261,-0.00255663,1.10189,-0.00843824,2.04181
11.094,-0.00241054,1.07702,-0.00889436,2.03261,-0.00252011,1.10186,-0.00839263,2.04181
11.096,-0.00241054,1.07702,-0.00889436,2.03261,-0.00262968,1.10186,-0.00848385,2.04181
11.098,-0.00241054,1.07702,-0.00889436,2.03261,-0.00252011,1.10189,-0.00843824,2.04181
11.1,-0.00244706,1.07702,-0.00889436,2.03261,-0.00252011,1.10186,-0.00848385,2.04173
11.102,-0.00244706,1.07702,-0.00889436,2.03261,-0.00252011,1.10186,-0.00848385,2.04173
11.104,-0.00244706,1.07702,-0.00889436,2.03261,-0.00252011,1.10189,-0.00843824,2.04181
11.106,-0.00244706,1.07702,-0.00889436,2.03261,-0.00252011,1.10189,-0.00843824,2.04181
11.108,-0.00241054,1.07702,-0.00889436,2.03261,-0.00255663,1.10189,-0.00843824,2.04181
11.11,-0.00241054,1.07702,-0.00889436,2.03261,-0.00252011,1.10189,-0.00843824,2.04181
11.112,-0.00241054,1.07702,-0.00889436,2.03261,-0.00255663,1.10191,-0.00848385,2.04181
11.114,-0.00241054,1.07702,-0.00889436,2.03261,-0.00255663,1.10189,-0.00843824,2.04173
11.116,-0.00241054,1.07702,-0.00889436,2.03261,-0.00255663,1.10189,-0.00843824,2.04173
11.118,-0.00244706,1.07702,-0.00889436,2.03261,-0.00255663,1.10189,-0.00843824,2.04181
11.12,-0.00244706,1.07702,-0.00889436,2.03261,-0.00252011,1.10189,-0.00843824,2.04181
11.122,-0.00244706,1.07702,-0.00889436,2.03261,-0.00255663,1.10189,-0.00843824,2.04181
11.124,-0.00244706,1.07702,-0.00889436,2.03261,-0.00255663,1.10189,-0.00843824,2.04181
11.126,-0.00244706,1.07702,-0.00889436,2.03261,-0.00255663,1.10189,-0.00843824,2.04181
11.128,-0.00241054,1.07702,-0.00889436,2.03261,-0.00252011,1.10189,-0.00843824,2.04173
11.13,-0.00244706,1.07702,-0.00889436,2.03261,-0.00255663,1.10189,-0.00843824,2.04173
11.132,-0.00241054,1.07704,-0.00893997,2.03261,-0.00255663,1.10191,-0.00848385,2.04181
11.134,-0.00244706,1.07704,-0.00893997,2.03261,-0.00252011,1.10189,-0.00843824,2.04173
11.136,-0.00244706,1.07702,-0.00889436,2.03261,-0.00252011,1.10186,-0.00848385,2.04181
11.138,-0.00244706,1.07702,-0.00889436,2.03252,-0.00252011,1.10186,-0.00848385,2.04173
11.14,-0.00244706,1.07702,-0.00889436,2.03261,-0.00255663,1.10189,-0.00843824,2.04173
11.142,-0.00244706,1.07702,-0.00889436,2.03261,-0.00255663,1.10186,-0.00848385,2.04173
11.144,-0.00244706,1.07702,-0.00889436,2.03261,-0.00255663,1.10189,-0.00843824,2.04173
11.146,-0.00241054,1.07704,-0.00893997,2.03252,-0.00252011,1.10186,-0.00839263,2.04173
11.148,-0.00241054,1.07704,-0.00893997,2.03252,-0.00248359,1.10189,-0.00843824,2.04181
11.15,-0.00241054,1.07702,-0.00889436,2.03261,-0.00255663,1.10191,-0.00839263,2.04181
11.152,-0.00244706,1.07702,-0.00889436,2.03261,-0.00252011,1.10189,-0.00843824,2.04181
11.154,-0.00244706,1.07702,-0.00889436,2.03261,-0.00252011,1.10189,-0.00843824,2.04173
11.156,-0.00244706,1.07702,-0.00889436,2.03261,-0.00255663,1.10186,-0.00848385,2.04173
11.158,-0.00244706,1.07702,-0.00889436,2.03261,-0.00255663,1.10189,-0.00843824,2.04181
11.16,-0.00244706,1.07702,-0.00889436,2.03261,-0.00252011,1.10189,-0.00843824,2.04173
11.162,-0.00241054,1.07702,-0.00889436,2.03261,-0.00255663,1.10189,-0.00843824,2.04173
11.164,-0.00241054,1.07702,-0.00889436,2.03261,-0.00255663,1.10189,-0.00843824,2.04181
11.166,-0.00244706,1.07702,-0.00889436,2.03261,-0.00255663,1.10194,-0.00843824,2.04181
11.168,-0.00244706,1.07702,-0.00889436,2.03261,-0.00252011,1.10189,-0.00843824,2.04173
11.17,-0.00244706,1.07702,-0.00889436,2.03261,-0.00255663,1.10189,-0.00843824,2.04173
11.172,-0.00241054,1.07702,-0.00889436,2.03261,-0.00252011,1.10186,-0.00848385,2.04181
11.174,-0.00241054,1.07702,-0.00889436,2.03261,-0.00255663,1.10189,-0.00843824,2.04173
11.176,-0.00244706,1.07702,-0.00889436,2.03261,-0.00255663,1.10189,-0.00843824,2.04181
11.178,-0.00241054,1.07702,-0.00889436,2.03261,-0.00255663,1.10189,-0.00843824,2.04181
11.18,-0.00241054,1.07702,-0.00889436,2.03261,-0.00255663,1.10189,-0.00843824,2.04173
11.182,-0.00244706,1.07702,-0.00889436,2.03261,-0.00252011,1.10189,-0.00843824,2.04173
11.184,-0.00241054,1.07702,-0.00889436,2.03261,-0.00255663,1.10191,-0.00839263,2.04181
11.186,-0.00244706,1.07702,-0.00889436,2.03261,-0.00255663,1.10189,-0.00843824,2.04181
11.188,-0.00244706,1.07702,-0.00889436,2.03261,-0.00255663,1.10189,-0.00843824,2.04173
11.19,-0.00241054,1.07702,-0.00889436,2.03261,-0.00252011,1.10186,-0.00848385,2.04173
11.192,-0.00241054,1.07702,-0.00889436,2.03261,-0.00252011,1.10186,-0.00848385,2.04181
11.194,-0.00241054,1.07704,-0.00893997,2.03261,-0.00255663,1.10189,-0.00843824,2.04173
11.196,-0.00241054,1.07702,-0.00889436,2.03261,-0.00255663,1.10189,-0.00843824,2.04173
11.198,-0.00244706,1.07704,-0.00893997,2.03261,-0.00255663,1.10189,-0.00843824,2.04173
11.2,-0.00241054,1.07702,-0.00889436,2.03261,-0.00255663,1.10189,-0.00843824,2.04181
11.202,-0.00241054,1.07702,-0.00889436,2.03252,-0.00252011,1.10189,-0.00843824,2.04181
11.204,-0.00244706,1.07702,-0.00889436,2.03261,-0.00255663,1.10189,-0.00843824,2.04173
11.206,-0.00244706,1.07702,-0.00889436,2.03261,-0.00255663,1.10189,-0.00843824,2.04173
11.208,-0.00244706,1.07702,-0.00889436,2.03261,-0.00255663,1.10189,-0.00843824,2.04173
11.21,-0.00241054,1.07702,-0.00889436,2.03261,-0.00252011,1.10189,-0.00843824,2.04181
11.212,-0.00241054,1.07702,-0.00889436,2.03261,-0.00252011,1.10189,-0.00843824,2.04181
11.214,-0.00241054,1.07702,-0.00889436,2.03261,-0.00255663,1.10189,-0.00843824,2.04181
11.216,-0.00244706,1.07702,-0.00889436,2.03261,-0.00252011,1.10189,-0.00843824,2.04173
11.218,-0.00244706,1.07702,-0.00889436,2.03252,-0.00255663,1.10186,-0.00848385,2.04181
11.22,-0.00244706,1.07702,-0.00889436,2.03261,-0.00255663,1.10189,-0.00843824,2.04173
11.222,-0.00244706,1.07702,-0.00889436,2.03261,-0.00255663,1.10191,-0.00839263,2.04181
11.224,-0.00244706,1.07702,-0.00889436,2.03261,-0.00255663,1.10189,-0.00843824,2.04181
11.226,-0.00244706,1.07702,-0.00889436,2.03261,-0.00252011,1.10186,-0.00848385,2.04173
11.228,-0.00244706,1.07702,-0.00889436,2.03261,-0.00252011,1.10189,-0.00843824,2.04181
11.23,-0.00244706,1.07702,-0.00889436,2.03261,-0.00255663,1.10189,-0.00843824,2.04173
11.232,-0.00244706,1.07704,-0.00893997,2.03261,-0.00252011,1.10189,-0.00843824,2.04173
11.234,-0.00244706,1.07704,-0.00893997,2.03261,-0.00255663,1.10189,-0.00843824,2.04181
11.236,-0.00244706,1.07702,-0.00889436,2.03261,-0.00255663,1.10191,-0.00848385,2.04173
11.238,-0.00244706,1.07702,-0.00889436,2.03261,-0.00252011,1.10189,-0.00843824,2.04173
11.24,-0.00244706,1.07702,-0.00889436,2.03261,-0.00252011,1.10191,-0.00839263,2.04173
11.242,-0.00244706,1.07702,-0.00889436,2.03252,-0.00255663,1.10186,-0.00848385,2.04181
11.244,-0.00241054,1.07702,-0.00889436,2.03261,-0.00252011,1.10186,-0.00848385,2.04173
11.246,-0.00244706,1.07702,-0.00889436,2.03261,-0.00255663,1.10186,-0.00848385,2.04181
11.248,-0.00241054,1.07702,-0.00889436,2.03261,-0.00252011,1.10189,-0.00843824,2.04181
11.25,-0.00241054,1.07702,-0.00889436,2.03261,-0.00255663,1.10189,-0.00843824,2.04173
11.252,-0.00244706,1.07702,-0.00889436,2.03261,-0.00252011,1.10189,-0.00843824,2.04173
11.254,-0.00241054,1.07702,-0.00889436,2.03261,-0.00252011,1.10189,-0.00843824,2.04181
11.256,-0.00241054,1.07702,-0.00889436,2.03261,-0.00255663,1.10186,-0.00848385,2.04181
11.258,-0.00241054,1.07702,-0.00889436,2.03261,-0.00255663,1.10189,-0.00843824,2.04181
11.26,-0.00244706,1.07702,-0.00889436,2.03261,-0.00259316,1.10191,-0.00848385,2.04173
11.262,-0.00244706,1.07702,-0.00889436,2.03261,-0.00255663,1.10186,-0.00848385,2.04173
11.264,-0.00244706,1.07702,-0.00889436,2.03261,-0.00255663,1.10189,-0.00843824,2.04181
11.266,-0.00244706,1.07702,-0.00889436,2.03261,-0.00255663,1.10189,-0.00843824,2.04181
11.268,-0.00244706,1.07702,-0.00889436,2.03261,-0.00252011,1.10189,-0.00843824,2.04181
11.27,-0.00244706,1.07704,-0.00893997,2.03261,-0.00252011,1.10191,-0.00848385,2.04181
11.272,-0.00244706,1.07702,-0.00889436,2.03261,-0.00255663,1.10189,-0.00852946,2.04173
11.274,-0.00244706,1.07702,-0.00889436,2.03261,-0.00255663,1.10189,-0.00843824,2.04173
11.276,-0.00241054,1.07702,-0.00889436,2.03261,-0.00252011,1.10189,-0.00843824,2.04173
11.278,-0.00241054,1.07702,-0.00889436,2.03252,-0.00252011,1.10191,-0.00839263,2.04173
11.28,-0.00241054,1.07702,-0.00889436,2.03261,-0.00252011,1.10191,-0.00848385,2.04181
11.282,-0.00241054,1.07702,-0.00889436,2.03261,-0.00252011,1.10191,-0.00848385,2.04181
11.284,-0.00241054,1.07702,-0.00889436,2.03261,-0.00255663,1.10189,-0.00843824,2.04173
11.286,-0.00244706,1.07702,-0.00889436,2.03261,-0.00255663,1.10191,-0.00839263,2.04181
11.288,-0.00241054,1.07702,-0.00889436,2.03252,-0.00255663,1.10189,-0.00843824,2.04173
11.29,-0.00241054,1.07699,-0.00893997,2.03261,-0.00252011,1.10189,-0.00843824,2.04181
11.292,-0.00241054,1.07704,-0.00893997,2.03261,-0.00252011,1.10189,-0.00843824,2.04173
11.294,-0.00241054,1.07702,-0.00889436,2.03261,-0.00255663,1.10189,-0.00843824,2.04173
11.296,-0.00241054,1.07702,-0.00889436,2.03261,-0.00255663,1.10189,-0.00843824,2.04173
11.298,-0.00241054,1.07702,-0.00889436,2.03261,-0.00255663,1.10189,-0.00843824,2.04173
11.3,-0.00241054,1.07702,-0.00889436,2.03261,-0.00255663,1.10189,-0.00843824,2.04173
11.302,-0.00241054,1.07704,-0.00893997,2.03261,-0.00255663,1.10189,-0.00843824,2.04173
11.304,-0.00244706,1.07702,-0.00889436,2.03261,-0.00255663,1.10191,-0.00848385,2.04181
11.306,-0.00241054,1.07702,-0.00889436,2.03261,-0.00252011,1.10189,-0.00843824,2.04173
11.308,-0.00241054,1.07702,-0.00889436,2.03261,-0.00252011,1.10189,-0.00843824,2.04173
11.31,-0.00241054,1.07702,-0.00889436,2.03261,-0.00252011,1.10189,-0.00843824,2.04181
11.312,-0.00241054,1.07702,-0.00889436,2.03261,-0.00252011,1.10191,-0.00848385,2.04181
11.314,-0.00241054,1.07704,-0.00893997,2.03261,-0.00255663,1.10189,-0.00843824,2.04173
11.316,-0.00244706,1.07704,-0.00884875,2.03261,-0.00255663,1.10189,-0.00843824,2.04173
11.318,-0.00241054,1.07702,-0.00889436,2.03252,-0.00252011,1.10189,-0.00843824,2.04181
11.32,-0.00241054,1.07702,-0.00889436,2.03261,-0.00255663,1.10189,-0.00843824,2.04181
11.322,-0.00241054,1.07702,-0.00889436,2.03261,-0.00252011,1.10189,-0.00843824,2.04173
11.324,-0.00241054,1.07702,-0.00889436,2.03261,-0.00252011,1.10189,-0.00843824,2.04173
11.326,-0.00241054,1.07702,-0.00889436,2.03261,-0.00255663,1.10189,-0.00843824,2.04173
11.328,-0.00244706,1.07702,-0.00889436,2.03261,-0.00255663,1.10189,-0.00843824,2.04173
11.33,-0.00241054,1.07702,-0.00889436,2.03261,-0.00255663,1.10189,-0.00843824,2.04181
11.332,-0.00241054,1.07702,-0.00889436,2.03261,-0.00248359,1.10191,-0.00839263,2.04181
11.334,-0.00241054,1.07704,-0.00893997,2.03261,-0.00259316,1.10189,-0.00843824,2.04173
11.336,-0.00241054,1.07702,-0.00889436,2.03261,-0.00255663,1.10189,-0.00843824,2.04181
11.338,-0.00241054,1.07702,-0.00889436,2.03261,-0.00252011,1.10189,-0.00843824,2.04173
11.34,-0.00244706,1.07702,-0.00889436,2.03261,-0.00252011,1.10189,-0.00843824,2.04181
11.342,-0.00244706,1.07704,-0.00884875,2.03261,-0.00252011,1.10191,-0.00848385,2.04173
11.344,-0.00241054,1.07704,-0.00893997,2.03261,-0.00255663,1.10189,-0.00843824,2.04181
11.346,-0.00241054,1.07702,-0.00889436,2.03261,-0.00255663,1.10189,-0.00843824,2.04181
11.348,-0.00241054,1.07702,-0.00889436,2.03261,-0.00255663,1.10189,-0.00843824,2.04181
11.35,-0.00241054,1.07702,-0.00889436,2.03261,-0.00255663,1.10189,-0.00843824,2.04181
11.352,-0.00241054,1.07702,-0.00889436,2.03261,-0.00252011,1.10189,-0.00843824,2.04173
11.354,-0.00241054,1.07702,-0.00889436,2.03261,-0.00252011,1.10189,-0.00843824,2.04173
11.356,-0.00241054,1.07702,-0.00889436,2.03261,-0.00255663,1.10189,-0.00843824,2.04181
11.358,-0.00241054,1.07702,-0.00889436,2.03261,-0.00255663,1.10189,-0.00843824,2.04173
11.36,-0.00244706,1.07702,-0.00889436,2.03261,-0.00255663,1.10189,-0.00843824,2.04181
11.362,-0.00241054,1.07702,-0.00889436,2.03261,-0.00255663,1.10189,-0.00852946,2.04173
11.364,-0.00241054,1.07702,-0.00889436,2.03261,-0.00248359,1.10191,-0.00839263,2.04173
11.366,-0.00244706,1.07702,-0.00889436,2.03261,-0.00255663,1.10189,-0.00843824,2.04173
11.368,-0.00244706,1.07702,-0.00889436,2.03261,-0.00252011,1.10189,-0.00843824,2.04173
11.37,-0.00241054,1.07702,-0.00889436,2.03261,-0.00255663,1.10191,-0.00848385,2.04181
11.372,-0.00244706,1.07702,-0.00889436,2.03261,-0.00252011,1.10189,-0.00843824,2.04173
11.374,-0.00244706,1.07702,-0.00889436,2.03261,-0.00255663,1.10189,-0.00843824,2.04173
11.376,-0.00241054,1.07702,-0.00889436,2.03261,-0.00252011,1.10189,-0.00843824,2.04181
11.378,-0.00241054,1.07702,-0.00889436,2.03261,-0.00252011,1.10191,-0.00839263,2.04173
11.38,-0.00241054,1.07702,-0.00889436,2.03261,-0.00255663,1.10189,-0.00843824,2.04181
11.382,-0.00241054,1.07702,-0.00889436,2.03261,-0.00255663,1.10189,-0.00843824,2.04181
11.384,-0.00241054,1.07702,-0.00889436,2.03261,-0.00255663,1.10189,-0.00843824,2.04173
11.386,-0.00244706,1.07702,-0.00889436,2.03261,-0.00252011,1.10189,-0.00843824,2.04173
11.388,-0.00241054,1.07702,-0.00889436,2.03261,-0.00255663,1.10189,-0.00843824,2.04181
11.39,-0.00241054,1.07702,-0.00889436,2.03261,-0.00252011,1.10189,-0.00843824,2.04173
11.392,-0.00244706,1.07702,-0.00889436,2.03261,-0.00255663,1.10189,-0.00843824,2.04173
11.394,-0.00241054,1.07702,-0.00889436,2.03261,-0.00252011,1.10191,-0.00839263,2.04173
11.396,-0.00241054,1.07702,-0.00889436,2.03261,-0.00252011,1.10189,-0.00843824,2.04181
11.398,-0.00241054,1.07702,-0.00889436,2.03261,-0.00252011,1.10189,-0.00843824,2.04181
11.4,-0.00241054,1.07702,-0.00889436,2.03261,-0.00252011,1.10189,-0.00843824,2.04181
11.402,-0.00244706,1.07702,-0.00889436,2.03261,-0.00248359,1.10189,-0.00843824,2.04181
11.404,-0.00244706,1.07702,-0.00889436,2.03261,-0.00255663,1.10189,-0.00843824,2.04173
11.406,-0.00244706,1.07702,-0.00889436,2.03261,-0.00259316,1.10189,-0.00843824,2.04181
11.408,-0.00244706,1.07702,-0.00889436,2.03261,-0.00255663,1.10189,-0.00843824,2.04181
11.41,-0.00241054,1.07702,-0.00889436,2.03261,-0.00255663,1.10189,-0.00843824,2.04173
11.412,-0.00241054,1.07702,-0.00889436,2.03261,-0.00255663,1.10191,-0.00839263,2.04181
11.414,-0.00241054,1.07702,-0.00889436,2.03261,-0.00252011,1.10186,-0.00848385,2.04181
11.416,-0.00241054,1.07702,-0.00889436,2.03261,-0.00252011,1.10189,-0.00843824,2.04181
11.418,-0.00241054,1.07702,-0.00889436,2.03261,-0.00255663,1.10189,-0.00843824,2.04181
11.42,-0.00241054,1.07702,-0.00889436,2.03261,-0.00255663,1.10189,-0.00843824,2.04173
11.422,-0.00241054,1.07702,-0.00889436,2.03261,-0.00252011,1.10189,-0.00843824,2.04181
11.424,-0.00244706,1.07702,-0.00889436,2.03261,-0.00252011,1.10189,-0.00843824,2.04173
11.426,-0.00244706,1.07702,-0.00889436,2.03261,-0.00252011,1.10189,-0.00843824,2.04181
11.428,-0.00241054,1.07702,-0.00889436,2.03261,-0.00255663,1.10189,-0.00843824,2.04173
11.43,-0.00241054,1.07702,-0.00889436,2.03261,-0.00252011,1.10189,-0.00843824,2.04181
11.432,-0.00241054,1.07702,-0.00889436,2.03261,-0.00255663,1.10189,-0.00843824,2.04181
11.434,-0.00241054,1.07702,-0.00889436,2.03261,-0.00252011,1.10189,-0.00843824,2.04181
11.436,-0.00244706,1.07702,-0.00889436,2.03261,-0.00259316,1.10189,-0.00843824,2.04181
11.438,-0.00244706,1.07702,-0.00889436,2.03261,-0.00252011,1.10189,-0.00843824,2.04173
11.44,-0.00241054,1.07702,-0.00889436,2.03261,-0.00252011,1.10186,-0.00848385,2.04181
11.442,-0.00244706,1.07704,-0.00893997,2.03261,-0.00255663,1.10189,-0.00843824,2.04173
11.444,-0.00244706,1.07702,-0.00889436,2.03261,-0.00252011,1.10189,-0.00843824,2.04173
11.446,-0.00241054,1.07704,-0.00884875,2.03261,-0.00252011,1.10189,-0.00843824,2.04173
11.448,-0.00241054,1.07702,-0.00889436,2.03261,-0.00255663,1.10189,-0.00843824,2.04173
11.45,-0.00241054,1.07704,-0.00884875,2.03261,-0.00255663,1.10189,-0.00843824,2.04181
11.452,-0.00241054,1.07702,-0.00889436,2.03261,-0.00255663,1.10189,-0.00843824,2.04173
11.454,-0.00244706,1.07702,-0.00889436,2.03261,-0.00255663,1.10189,-0.00843824,2.04181
11.456,-0.00244706,1.07702,-0.00889436,2.03261,-0.00255663,1.10189,-0.00843824,2.04181
11.458,-0.00241054,1.07702,-0.00889436,2.03261,-0.00255663,1.10189,-0.00843824,2.04173
11.46,-0.00244706,1.07702,-0.00889436,2.03261,-0.00252011,1.10189,-0.00843824,2.04173
11.462,-0.00244706,1.07702,-0.00889436,2.03261,-0.00252011,1.10189,-0.00843824,2.04181
11.464,-0.00241054,1.07702,-0.00889436,2.03261,-0.00255663,1.10186,-0.00848385,2.04173
11.466,-0.00241054,1.07702,-0.00889436,2.03261,-0.00252011,1.10194,-0.00843824,2.04173
11.468,-0.00241054,1.07702,-0.00889436,2.03261,-0.00252011,1.10189,-0.00843824,2.04181
11.47,-0.00241054,1.07702,-0.00889436,2.03261,-0.00255663,1.10189,-0.00843824,2.04173
11.472,-0.00241054,1.07702,-0.00889436,2.03261,-0.00252011,1.10189,-0.00843824,2.04181
11.474,-0.00244706,1.07702,-0.00889436,2.03261,-0.00252011,1.10189,-0.00843824,2.04181
11.476,-0.00241054,1.07702,-0.00889436,2.03261,-0.00252011,1.10189,-0.00843824,2.04181
11.478,-0.00241054,1.07702,-0.00889436,2.03261,-0.00255663,1.10189,-0.00843824,2.04181
11.48,-0.00241054,1.07702,-0.00889436,2.03261,-0.00255663,1.10189,-0.00843824,2.04181
11.482,-0.00241054,1.07702,-0.00889436,2.03269,-0.00255663,1.10189,-0.00843824,2.04173
11.484,-0.00241054,1.07702,-0.00889436,2.03261,-0.00252011,1.10189,-0.00843824,2.04181
11.486,-0.00241054,1.07702,-0.00889436,2.03261,-0.00252011,1.10189,-0.00843824,2.04181
11.488,-0.00241054,1.07702,-0.00889436,2.03261,-0.00252011,1.10189,-0.00843824,2.04173
11.49,-0.00244706,1.07704,-0.00893997,2.03261,-0.00252011,1.10189,-0.00843824,2.04181
11.492,-0.00244706,1.07702,-0.00889436,2.03261,-0.00248359,1.10189,-0.00843824,2.04181
11.494,-0.00244706,1.07702,-0.00889436,2.03261,-0.00252011,1.10189,-0.00843824,2.04181
11.496,-0.00241054,1.07702,-0.00889436,2.03261,-0.00255663,1.10189,-0.00843824,2.04173
11.498,-0.00241054,1.07702,-0.00889436,2.03261,-0.00255663,1.10189,-0.00843824,2.04181
11.5,-0.00241054,1.07702,-0.00889436,2.03261,-0.00255663,1.10189,-0.00843824,2.04173
11.502,-0.00241054,1.07702,-0.00889436,2.03261,-0.00252011,1.10189,-0.00843824,2.04181
11.504,-0.00244706,1.07702,-0.00889436,2.03261,-0.00255663,1.10189,-0.00843824,2.04173
11.506,-0.00244706,1.07702,-0.00889436,2.03261,-0.00255663,1.10189,-0.00843824,2.04173
11.508,-0.00244706,1.07702,-0.00889436,2.03261,-0.00252011,1.10189,-0.00843824,2.04173
11.51,-0.00244706,1.07702,-0.00889436,2.03261,-0.00252011,1.10186,-0.00848385,2.04181
11.512,-0.00241054,1.07702,-0.00889436,2.03261,-0.00255663,1.10189,-0.00843824,2.04173
11.514,-0.00241054,1.07704,-0.00884875,2.03261,-0.00259316,1.10189,-0.00843824,2.04173
11.516,-0.00241054,1.07702,-0.00889436,2.03261,-0.00252011,1.10189,-0.00843824,2.04173
11.518,-0.00241054,1.07702,-0.00889436,2.03261,-0.00252011,1.10189,-0.00843824,2.04181
11.52,-0.00244706,1.07702,-0.00889436,2.03261,-0.00259316,1.10189,-0.00843824,2.04181
11.522,-0.00244706,1.07702,-0.00889436,2.03261,-0.00255663,1.10189,-0.00852946,2.04173
11.524,-0.00244706,1.07702,-0.00889436,2.03261,-0.00255663,1.10189,-0.00843824,2.04181
11.526,-0.00241054,1.07702,-0.00889436,2.03261,-0.00255663,1.10189,-0.00843824,2.04181
11.528,-0.00244706,1.07702,-0.00889436,2.03261,-0.00255663,1.10189,-0.00843824,2.04173
11.53,-0.00241054,1.07702,-0.00889436,2.03261,-0.00252011,1.10189,-0.00843824,2.04181
11.532,-0.00244706,1.07702,-0.00889436,2.03261,-0.00252011,1.10186,-0.00848385,2.04181
11.534,-0.00241054,1.07702,-0.00889436,2.03261,-0.00248359,1.10189,-0.00843824,2.04173
11.536,-0.00241054,1.07702,-0.00889436,2.03261,-0.00252011,1.10186,-0.00848385,2.04181
11.538,-0.00244706,1.07702,-0.00889436,2.03261,-0.00252011,1.10189,-0.00843824,2.04181
11.54,-0.00244706,1.07702,-0.00889436,2.03261,-0.00255663,1.10189,-0.00843824,2.04173
11.542,-0.00244706,1.07702,-0.00889436,2.03261,-0.00252011,1.10191,-0.00848385,2.04181
11.544,-0.00241054,1.07702,-0.00889436,2.03261,-0.00255663,1.10189,-0.00843824,2.04173
11.546,-0.00241054,1.07702,-0.00889436,2.03261,-0.00252011,1.10189,-0.00843824,2.04181
11.548,-0.00241054,1.07702,-0.00889436,2.03261,-0.00252011,1.10186,-0.00848385,2.04173
11.55,-0.00244706,1.07702,-0.00889436,2.03261,-0.00252011,1.10186,-0.00848385,2.04173
11.552,-0.00244706,1.07702,-0.00889436,2.03261,-0.00255663,1.10189,-0.00843824,2.04173
11.554,-0.00241054,1.07704,-0.00893997,2.03261,-0.00259316,1.10189,-0.00843824,2.04173
11.556,-0.00244706,1.07702,-0.00889436,2.03261,-0.00255663,1.10191,-0.00839263,2.04173
11.558,-0.00241054,1.07702,-0.00889436,2.03261,-0.00252011,1.10189,-0.00843824,2.04181
11.56,-0.00244706,1.07702,-0.00889436,2.03261,-0.00255663,1.10189,-0.00843824,2.04181
11.562,-0.00241054,1.07702,-0.00889436,2.03261,-0.00248359,1.10186,-0.00848385,2.04181
11.564,-0.00241054,1.07702,-0.00889436,2.03261,-0.00252011,1.10189,-0.00843824,2.04173
11.566,-0.00241054,1.07704,-0.00893997,2.03261,-0.00252011,1.10186,-0.00839263,2.04173
11.568,-0.00244706,1.07704,-0.00893997,2.03261,-0.00252011,1.10189,-0.00843824,2.04173
11.57,-0.00241054,1.07702,-0.00889436,2.03261,-0.00252011,1.10191,-0.00839263,2.04173
11.572,-0.00241054,1.07702,-0.00889436,2.03261,-0.00255663,1.10191,-0.00848385,2.04181
11.574,-0.00244706,1.07702,-0.00889436,2.03261,-0.00255663,1.10191,-0.00848385,2.04173
11.576,-0.00241054,1.07702,-0.00889436,2.03261,-0.00255663,1.10189,-0.00843824,2.04181
11.578,-0.00241054,1.07704,-0.00893997,2.03261,-0.00252011,1.10189,-0.00843824,2.04173
11.58,-0.00244706,1.07702,-0.00889436,2.03261,-0.00252011,1.10189,-0.00843824,2.04173
11.582,-0.00244706,1.07702,-0.00889436,2.03261,-0.00252011,1.10189,-0.00843824,2.04173
11.584,-0.00244706,1.07702,-0.00889436,2.03261,-0.00255663,1.10189,-0.00843824,2.04173
11.586,-0.00241054,1.07702,-0.00889436,2.03261,-0.00252011,1.10189,-0.00843824,2.04181
11.588,-0.00241054,1.07702,-0.00889436,2.03261,-0.00252011,1.10186,-0.00848385,2.04181
11.59,-0.00244706,1.07702,-0.00889436,2.03261,-0.00255663,1.10189,-0.00843824,2.04181
11.592,-0.00241054,1.07702,-0.00889436,2.03269,-0.00252011,1.10189,-0.00843824,2.04173
11.594,-0.00244706,1.07704,-0.00884875,2.03261,-0.00252011,1.10189,-0.00843824,2.04173
11.596,-0.00244706,1.07702,-0.00889436,2.03261,-0.00252011,1.10189,-0.00843824,2.04181
11.598,-0.00244706,1.07702,-0.00889436,2.03261,-0.00252011,1.10189,-0.00843824,2.04181
11.6,-0.00241054,1.07702,-0.00889436,2.03261,-0.00255663,1.10189,-0.00843824,2.04181
11.602,-0.00241054,1.07702,-0.00889436,2.03261,-0.00259316,1.10189,-0.00843824,2.04173
11.604,-0.00241054,1.07702,-0.00889436,2.03261,-0.00255663,1.10189,-0.00843824,2.04173
11.606,-0.00244706,1.07702,-0.00889436,2.03261,-0.00255663,1.10191,-0.00839263,2.04173
11.608,-0.00244706,1.07702,-0.00889436,2.03261,-0.00255663,1.10189,-0.00843824,2.04173
11.61,-0.00244706,1.07702,-0.00889436,2.03261,-0.00255663,1.10189,-0.00843824,2.04173
11.612,-0.00241054,1.07702,-0.00889436,2.03261,-0.00252011,1.10189,-0.00843824,2.04181
11.614,-0.00244706,1.07702,-0.00889436,2.03261,-0.00252011,1.10191,-0.00848385,2.04173
11.616,-0.00244706,1.07702,-0.00889436,2.03261,-0.00255663,1.10189,-0.00843824,2.04173
11.618,-0.00244706,1.07702,-0.00889436,2.03261,-0.00252011,1.10189,-0.00843824,2.04173
11.62,-0.00241054,1.07702,-0.00889436,2.03261,-0.00255663,1.10189,-0.00843824,2.04181
11.622,-0.00244706,1.07702,-0.00889436,2.03261,-0.00255663,1.10186,-0.00848385,2.04173
11.624,-0.00244706,1.07702,-0.00889436,2.03261,-0.00255663,1.10189,-0.00843824,2.04173
11.626,-0.00244706,1.07702,-0.00889436,2.03261,-0.00255663,1.10186,-0.00848385,2.04173
11.628,-0.00244706,1.07702,-0.00889436,2.03261,-0.00252011,1.10189,-0.00843824,2.04173
11.63,-0.00244706,1.07702,-0.00889436,2.03261,-0.00252011,1.10189,-0.00843824,2.04181
11.632,-0.00244706,1.07702,-0.00889436,2.03261,-0.00259316,1.10189,-0.00843824,2.04181
11.634,-0.00244706,1.07702,-0.00889436,2.03261,-0.00255663,1.10189,-0.00843824,2.04173
11.636,-0.00244706,1.07702,-0.00889436,2.03261,-0.00252011,1.10189,-0.00843824,2.04173
11.638,-0.00241054,1.07702,-0.00889436,2.03261,-0.00252011,1.10189,-0.00843824,2.04173
11.64,-0.00244706,1.07704,-0.00884875,2.03261,-0.00255663,1.10189,-0.00843824,2.04173
11.642,-0.00241054,1.07702,-0.00889436,2.03261,-0.00252011,1.10189,-0.00843824,2.04173
11.644,-0.00241054,1.07702,-0.00889436,2.03261,-0.00252011,1.10189,-0.00843824,2.04181
11.646,-0.00241054,1.07702,-0.00889436,2.03261,-0.00255663,1.10189,-0.00843824,2.04173
11.648,-0.00244706,1.07702,-0.00889436,2.03261,-0.00252011,1.10189,-0.00843824,2.04181
11.65,-0.00244706,1.07702,-0.00889436,2.03261,-0.00255663,1.10189,-0.00843824,2.04181
11.652,-0.00244706,1.07702,-0.00889436,2.03261,-0.00252011,1.10189,-0.00843824,2.04181
11.654,-0.00244706,1.07702,-0.00889436,2.03261,-0.00255663,1.10186,-0.00848385,2.04173
11.656,-0.00241054,1.07704,-0.00884875,2.03261,-0.00255663,1.10189,-0.00843824,2.04173
11.658,-0.00241054,1.07702,-0.00889436,2.03261,-0.00252011,1.10189,-0.00843824,2.04173
11.66,-0.00241054,1.07702,-0.00889436,2.03261,-0.00255663,1.10189,-0.00843824,2.04181
11.662,-0.00241054,1.07702,-0.00889436,2.03261,-0.00255663,1.10189,-0.00843824,2.04181
11.664,-0.00241054,1.07702,-0.00889436,2.03261,-0.00255663,1.10189,-0.00843824,2.04181
11.666,-0.00241054,1.07702,-0.00889436,2.03261,-0.00259316,1.10189,-0.00843824,2.04173
11.668,-0.00244706,1.07702,-0.00889436,2.03261,-0.00252011,1.10189,-0.00843824,2.04181
11.67,-0.00241054,1.07702,-0.00889436,2.03261,-0.00252011,1.10189,-0.00843824,2.04173
11.672,-0.00244706,1.07702,-0.00889436,2.03261,-0.00259316,1.10186,-0.00848385,2.04173
11.674,-0.00241054,1.07702,-0.00889436,2.03261,-0.00255663,1.10189,-0.00843824,2.04181
11.676,-0.00241054,1.07702,-0.00889436,2.03261,-0.00255663,1.10189,-0.00843824,2.04181
11.678,-0.00241054,1.07704,-0.00893997,2.03261,-0.00252011,1.10186,-0.00848385,2.04173
11.68,-0.00241054,1.07702,-0.00889436,2.03261,-0.00252011,1.10183,-0.00843824,2.04181
11.682,-0.00241054,1.07702,-0.00889436,2.03261,-0.00252011,1.10189,-0.00843824,2.04181
11.684,-0.00244706,1.07702,-0.00889436,2.03261,-0.00255663,1.10189,-0.00843824,2.04181
11.686,-0.00241054,1.07702,-0.00889436,2.03261,-0.00255663,1.10189,-0.00843824,2.04173
11.688,-0.00244706,1.07702,-0.00889436,2.03261,-0.00252011,1.10189,-0.00843824,2.04173
11.69,-0.00241054,1.07702,-0.00889436,2.03261,-0.00252011,1.10189,-0.00843824,2.04173
11.692,-0.00241054,1.07702,-0.00889436,2.03261,-0.00255663,1.10189,-0.00843824,2.04181
11.694,-0.00241054,1.07702,-0.00889436,2.03261,-0.00255663,1.10189,-0.00843824,2.04181
11.696,-0.00241054,1.07704,-0.00884875,2.03261,-0.00255663,1.10189,-0.00843824,2.04181
11.698,-0.00244706,1.07702,-0.00889436,2.03261,-0.00255663,1.10186,-0.00848385,2.04173
11.7,-0.00244706,1.07702,-0.00889436,2.03261,-0.00252011,1.10189,-0.00843824,2.04181
11.702,-0.00244706,1.07702,-0.00889436,2.03261,-0.00252011,1.10189,-0.00843824,2.04181
11.704,-0.00244706,1.07702,-0.00889436,2.03261,-0.00255663,1.10189,-0.00843824,2.04181
11.706,-0.00244706,1.07702,-0.00889436,2.03261,-0.00252011,1.10189,-0.00843824,2.04181
11.708,-0.00244706,1.07702,-0.00889436,2.03261,-0.00252011,1.10191,-0.00839263,2.04173
11.71,-0.00241054,1.07702,-0.00889436,2.03261,-0.00255663,1.10186,-0.00848385,2.04173
11.712,-0.00241054,1.07702,-0.00889436,2.03269,-0.00255663,1.10189,-0.00843824,2.04173
11.714,-0.00241054,1.07702,-0.00889436,2.03261,-0.00255663,1.10191,-0.00839263,2.04181
11.716,-0.00241054,1.07702,-0.00889436,2.03261,-0.00255663,1.10189,-0.00843824,2.04173
11.718,-0.00241054,1.07702,-0.00889436,2.03261,-0.00252011,1.10189,-0.00843824,2.04181
11.72,-0.00244706,1.07702,-0.00889436,2.03261,-0.00255663,1.10189,-0.00843824,2.04181
11.722,-0.00244706,1.07702,-0.00889436,2.03261,-0.00255663,1.10189,-0.00843824,2.04181
11.724,-0.00244706,1.07702,-0.00889436,2.03261,-0.00252011,1.10189,-0.00843824,2.04173
11.726,-0.00241054,1.07702,-0.00889436,2.03261,-0.00252011,1.10189,-0.00843824,2.04173
11.728,-0.00241054,1.07702,-0.00889436,2.03261,-0.00252011,1.10189,-0.00843824,2.04181
11.73,-0.00244706,1.07702,-0.00889436,2.03261,-0.00255663,1.10189,-0.00843824,2.04173
11.732,-0.00244706,1.07702,-0.00889436,2.03261,-0.00255663,1.10189,-0.00843824,2.04181
11.734,-0.00244706,1.07702,-0.00889436,2.03261,-0.00248359,1.10191,-0.00839263,2.04173
11.736,-0.00241054,1.07702,-0.00889436,2.03261,-0.00252011,1.10189,-0.00843824,2.04181
11.738,-0.00241054,1.07702,-0.00889436,2.03261,-0.00255663,1.10186,-0.00848385,2.04173
11.74,-0.00241054,1.07702,-0.00889436,2.03261,-0.00252011,1.10189,-0.00843824,2.04181
11.742,-0.00241054,1.07702,-0.00889436,2.03261,-0.00255663,1.10189,-0.00843824,2.04181
11.744,-0.00244706,1.07702,-0.00889436,2.03261,-0.00252011,1.10189,-0.00843824,2.04181
11.746,-0.00244706,1.07702,-0.00889436,2.03261,-0.00248359,1.10189,-0.00843824,2.04173
11.748,-0.00244706,1.07702,-0.00889436,2.03261,-0.00255663,1.10189,-0.00843824,2.04173
11.75,-0.00244706,1.07702,-0.00889436,2.03261,-0.00252011,1.10189,-0.00843824,2.04181
11.752,-0.00241054,1.07702,-0.00889436,2.03261,-0.00255663,1.10186,-0.00848385,2.04181
11.754,-0.00241054,1.07702,-0.00889436,2.03261,-0.00259316,1.10186,-0.00848385,2.04181
11.756,-0.00241054,1.07702,-0.00889436,2.03261,-0.00252011,1.10186,-0.00848385,2.04173
11.758,-0.00241054,1.07702,-0.00889436,2.03261,-0.00248359,1.10189,-0.00843824,2.04181
11.76,-0.00244706,1.07702,-0.00889436,2.03252,-0.00255663,1.10189,-0.00843824,2.04173
11.762,-0.00244706,1.07702,-0.00889436,2.03261,-0.00255663,1.10189,-0.00843824,2.04173
11.764,-0.00244706,1.07702,-0.00889436,2.03261,-0.00255663,1.10191,-0.00839263,2.04173
11.766,-0.00244706,1.07702,-0.00889436,2.03261,-0.00252011,1.10186,-0.00848385,2.04173
11.768,-0.00241054,1.07702,-0.00889436,2.03261,-0.00252011,1.10191,-0.00848385,2.04173
11.77,-0.00241054,1.07702,-0.00889436,2.03261,-0.00252011,1.10186,-0.00848385,2.04173
11.772,-0.00241054,1.07702,-0.00889436,2.03261,-0.00255663,1.10189,-0.00843824,2.04173
11.774,-0.00241054,1.07702,-0.00889436,2.03261,-0.00255663,1.10189,-0.00843824,2.04173
11.776,-0.00241054,1.07702,-0.00889436,2.03261,-0.00252011,1.10189,-0.00843824,2.04173
11.778,-0.00244706,1.07702,-0.00889436,2.03261,-0.00252011,1.10189,-0.00843824,2.04181
11.78,-0.00241054,1.07702,-0.00889436,2.03261,-0.00252011,1.10189,-0.00843824,2.04181
11.782,-0.00244706,1.07702,-0.00889436,2.03261,-0.00252011,1.10189,-0.00843824,2.04173
11.784,-0.00241054,1.07702,-0.00889436,2.03261,-0.00255663,1.10189,-0.00843824,2.04173
11.786,-0.00241054,1.07702,-0.00889436,2.03261,-0.00255663,1.10189,-0.00843824,2.04173
11.788,-0.00241054,1.07702,-0.00889436,2.03261,-0.00255663,1.10189,-0.00843824,2.04181
11.79,-0.00241054,1.07702,-0.00889436,2.03261,-0.00255663,1.10186,-0.00848385,2.04173
11.792,-0.00241054,1.07702,-0.00889436,2.03261,-0.00252011,1.10189,-0.00843824,2.04173
11.794,-0.00244706,1.07704,-0.00884875,2.03261,-0.00255663,1.10189,-0.00843824,2.04173
11.796,-0.00244706,1.07702,-0.00889436,2.03261,-0.00252011,1.10186,-0.00848385,2.04173
11.798,-0.00244706,1.07702,-0.00889436,2.03261,-0.00252011,1.10189,-0.00843824,2.04181
11.8,-0.00241054,1.07702,-0.00889436,2.03261,-0.00255663,1.10189,-0.00843824,2.04181
11.802,-0.00241054,1.07702,-0.00889436,2.03261,-0.00255663,1.10191,-0.00848385,2.04173
11.804,-0.00241054,1.07702,-0.00889436,2.03261,-0.00255663,1.10189,-0.00852946,2.04173
11.806,-0.00241054,1.07704,-0.00893997,2.03261,-0.00252011,1.10189,-0.00843824,2.04173
11.808,-0.00241054,1.07704,-0.00893997,2.03261,-0.00252011,1.10189,-0.00843824,2.04181
11.81,-0.00241054,1.07702,-0.00889436,2.03261,-0.00252011,1.10189,-0.00843824,2.04181
11.812,-0.00241054,1.07702,-0.00889436,2.03261,-0.00252011,1.10186,-0.00839263,2.04181
11.814,-0.00244706,1.07702,-0.00889436,2.03261,-0.00252011,1.10189,-0.00852946,2.04181
11.816,-0.00241054,1.07702,-0.00889436,2.03261,-0.00255663,1.10189,-0.00843824,2.04181
11.818,-0.00241054,1.07704,-0.00893997,2.03261,-0.00259316,1.10189,-0.00843824,2.04173
11.82,-0.00241054,1.07702,-0.00889436,2.03261,-0.00255663,1.10191,-0.00839263,2.04173
11.822,-0.00241054,1.07702,-0.00889436,2.03269,-0.00252011,1.10186,-0.00848385,2.04173
11.824,-0.00241054,1.07702,-0.00889436,2.03261,-0.00252011,1.10189,-0.00843824,2.04173
11.826,-0.00241054,1.07704,-0.00893997,2.03261,-0.00252011,1.10189,-0.00843824,2.04173
11.828,-0.00244706,1.07702,-0.00889436,2.03261,-0.00252011,1.10189,-0.00843824,2.04181
11.83,-0.00244706,1.07702,-0.00889436,2.03261,-0.00252011,1.10189,-0.00843824,2.04181
11.832,-0.00241054,1.07702,-0.00889436,2.03261,-0.00255663,1.10186,-0.00848385,2.04173
11.834,-0.00241054,1.07702,-0.00889436,2.03261,-0.00252011,1.10186,-0.00848385,2.04181
11.836,-0.00241054,1.07702,-0.00889436,2.03261,-0.00252011,1.10189,-0.00843824,2.04181
11.838,-0.00241054,1.07702,-0.00889436,2.03261,-0.00255663,1.10189,-0.00843824,2.04181
11.84,-0.00241054,1.07704,-0.00893997,2.03261,-0.00252011,1.10189,-0.00843824,2.04173
11.842,-0.00241054,1.07702,-0.00889436,2.03261,-0.00252011,1.10189,-0.00843824,2.04181
11.844,-0.00244706,1.07702,-0.00889436,2.03261,-0.00255663,1.10186,-0.00848385,2.04173
11.846,-0.00241054,1.07702,-0.00889436,2.03261,-0.00255663,1.10189,-0.00843824,2.04173
11.848,-0.00241054,1.07702,-0.00889436,2.03261,-0.00252011,1.10189,-0.00843824,2.04173
11.85,-0.00241054,1.07704,-0.00893997,2.03261,-0.00255663,1.10186,-0.00848385,2.04181
11.852,-0.00244706,1.07704,-0.00893997,2.03261,-0.00255663,1.10186,-0.00848385,2.04173
11.854,-0.00244706,1.07702,-0.00889436,2.03261,-0.00252011,1.10189,-0.00843824,2.04173
11.856,-0.00241054,1.07702,-0.00889436,2.03261,-0.00252011,1.10189,-0.00843824,2.04173
11.858,-0.00241054,1.07702,-0.00889436,2.03261,-0.00252011,1.10191,-0.00848385,2.04181
11.86,-0.00241054,1.07702,-0.00889436,2.03261,-0.00252011,1.10189,-0.00843824,2.04173
11.862,-0.00244706,1.07702,-0.00889436,2.03261,-0.00252011,1.10186,-0.00848385,2.04181
11.864,-0.00244706,1.07702,-0.00889436,2.03261,-0.00252011,1.10189,-0.00843824,2.04181
11.866,-0.00244706,1.07702,-0.00889436,2.03261,-0.00255663,1.10189,-0.00843824,2.04181
11.868,-0.00244706,1.07702,-0.00889436,2.03261,-0.00255663,1.10186,-0.00848385,2.04181
11.87,-0.00241054,1.07702,-0.00889436,2.03261,-0.00252011,1.10189,-0.00843824,2.04173
11.872,-0.00241054,1.07702,-0.00889436,2.03261,-0.00255663,1.10189,-0.00843824,2.04181
11.874,-0.00241054,1.07702,-0.00889436,2.03261,-0.00252011,1.10189,-0.00843824,2.04173
11.876,-0.00241054,1.07702,-0.00889436,2.03261,-0.00255663,1.10189,-0.00843824,2.04181
11.878,-0.00241054,1.07702,-0.00889436,2.03261,-0.00255663,1.10189,-0.00843824,2.04173
11.88,-0.00244706,1.07702,-0.00889436,2.03261,-0.00252011,1.10191,-0.00848385,2.04181
11.882,-0.00241054,1.07702,-0.00889436,2.03261,-0.00252011,1.10189,-0.00843824,2.04181
11.884,-0.00241054,1.07702,-0.00889436,2.03261,-0.00252011,1.10189,-0.00843824,2.04181
11.886,-0.00241054,1.07702,-0.00889436,2.03261,-0.00252011,1.10189,-0.00843824,2.04181
11.888,-0.00244706,1.07702,-0.00889436,2.03261,-0.00252011,1.10189,-0.00843824,2.04173
11.89,-0.00244706,1.07704,-0.00893997,2.03261,-0.00252011,1.10189,-0.00843824,2.04173
11.892,-0.00244706,1.07702,-0.00889436,2.03261,-0.00252011,1.10189,-0.00843824,2.04181
11.894,-0.00244706,1.07702,-0.00889436,2.03261,-0.00255663,1.10191,-0.00848385,2.04173
11.896,-0.00244706,1.07702,-0.00889436,2.03261,-0.00255663,1.10189,-0.00843824,2.04181
11.898,-0.00244706,1.07702,-0.00889436,2.03261,-0.00252011,1.10189,-0.00843824,2.04181
11.9,-0.00241054,1.07702,-0.00889436,2.03261,-0.00252011,1.10186,-0.00848385,2.04181
11.902,-0.00244706,1.07702,-0.00889436,2.03261,-0.00255663,1.10186,-0.00848385,2.04181
11.904,-0.00241054,1.07702,-0.00889436,2.03261,-0.00255663,1.10186,-0.00848385,2.04173
11.906,-0.00241054,1.07702,-0.00889436,2.03261,-0.00255663,1.10189,-0.00843824,2.04181
11.908,-0.00241054,1.07702,-0.00889436,2.03261,-0.00255663,1.10191,-0.00839263,2.04181
11.91,-0.00241054,1.07702,-0.00889436,2.03261,-0.00252011,1.10189,-0.00843824,2.04173
11.912,-0.00244706,1.07702,-0.00889436,2.03261,-0.00252011,1.10189,-0.00843824,2.04181
11.914,-0.00244706,1.07702,-0.00889436,2.03261,-0.00255663,1.10189,-0.00843824,2.04173
11.916,-0.00241054,1.07702,-0.00889436,2.03261,-0.00252011,1.10186,-0.00848385,2.04181
11.918,-0.00244706,1.07702,-0.00889436,2.03261,-0.00255663,1.10189,-0.00843824,2.04181
11.92,-0.00241054,1.07702,-0.00889436,2.03261,-0.00252011,1.10191,-0.00839263,2.04181
11.922,-0.00241054,1.07704,-0.00893997,2.03261,-0.00259316,1.10186,-0.00848385,2.04173
11.924,-0.00241054,1.07702,-0.00889436,2.03261,-0.00255663,1.10189,-0.00843824,2.04173
11.926,-0.00244706,1.07702,-0.00889436,2.03261,-0.00252011,1.10186,-0.00848385,2.04173
11.928,-0.00244706,1.07702,-0.00889436,2.03261,-0.00255663,1.10186,-0.00848385,2.04173
11.93,-0.00241054,1.07702,-0.00889436,2.03261,-0.00255663,1.10189,-0.00843824,2.04181
11.932,-0.00244706,1.07702,-0.00889436,2.03261,-0.00255663,1.10189,-0.00843824,2.04181
11.934,-0.00244706,1.07702,-0.00889436,2.03261,-0.00255663,1.10189,-0.00843824,2.04173
11.936,-0.00241054,1.07702,-0.00889436,2.03261,-0.00252011,1.10189,-0.00843824,2.04173
11.938,-0.00241054,1.07702,-0.00889436,2.03261,-0.00255663,1.10189,-0.00843824,2.04173
11.94,-0.00241054,1.07702,-0.00889436,2.03261,-0.00255663,1.10189,-0.00843824,2.04181
11.942,-0.00241054,1.07702,-0.00889436,2.03261,-0.00255663,1.10189,-0.00843824,2.04181
11.944,-0.00241054,1.07702,-0.00889436,2.03261,-0.00255663,1.10191,-0.00839263,2.04173
11.946,-0.00244706,1.07702,-0.00889436,2.03261,-0.00252011,1.10189,-0.00843824,2.04181
11.948,-0.00244706,1.07702,-0.00889436,2.03252,-0.00252011,1.10189,-0.00843824,2.04181
11.95,-0.00244706,1.07702,-0.00889436,2.03261,-0.00255663,1.10189,-0.00843824,2.04181
11.952,-0.00244706,1.07702,-0.00889436,2.03261,-0.00255663,1.10189,-0.00843824,2.04181
11.954,-0.00241054,1.07702,-0.00889436,2.03261,-0.00255663,1.10189,-0.00843824,2.04173
11.956,-0.00241054,1.07702,-0.00889436,2.03261,-0.00255663,1.10186,-0.00848385,2.04173
11.958,-0.00244706,1.07704,-0.00893997,2.03261,-0.00252011,1.10189,-0.00843824,2.04173
11.96,-0.00241054,1.07702,-0.00889436,2.03261,-0.00259316,1.10189,-0.00843824,2.04181
11.962,-0.00244706,1.07702,-0.00889436,2.03261,-0.00252011,1.10191,-0.00848385,2.04181
11.964,-0.00244706,1.07702,-0.00889436,2.03261,-0.00255663,1.10189,-0.00843824,2.04173
11.966,-0.00244706,1.07702,-0.00889436,2.03261,-0.00255663,1.10189,-0.00843824,2.04181
11.968,-0.00244706,1.07702,-0.00889436,2.03261,-0.00255663,1.10189,-0.00843824,2.04173
11.97,-0.00244706,1.07704,-0.00893997,2.03269,-0.00248359,1.10189,-0.00843824,2.04173
11.972,-0.00241054,1.07702,-0.00889436,2.03269,-0.00255663,1.10189,-0.00843824,2.04181
11.974,-0.00241054,1.07702,-0.00889436,2.03261,-0.00255663,1.10189,-0.00843824,2.04181
11.976,-0.00241054,1.07702,-0.00889436,2.03261,-0.00255663,1.10189,-0.00843824,2.04181
11.978,-0.00241054,1.07702,-0.00889436,2.03261,-0.00255663,1.10189,-0.00843824,2.04173
11.98,-0.00241054,1.07702,-0.00889436,2.03261,-0.00252011,1.10189,-0.00843824,2.04173
11.982,-0.00241054,1.07704,-0.00893997,2.03261,-0.00252011,1.10189,-0.00843824,2.04173
11.984,-0.00244706,1.07704,-0.00884875,2.03261,-0.00255663,1.10186,-0.00848385,2.04181
11.986,-0.00244706,1.07702,-0.00889436,2.03261,-0.00252011,1.10189,-0.00843824,2.04181
11.988,-0.00241054,1.07704,-0.00893997,2.03261,-0.00255663,1.10189,-0.00843824,2.04181
11.99,-0.00241054,1.07704,-0.00893997,2.03261,-0.00255663,1.10189,-0.00843824,2.04173
11.992,-0.00244706,1.07702,-0.00889436,2.03261,-0.00252011,1.10189,-0.00843824,2.04173
11.994,-0.00244706,1.07704,-0.00893997,2.03252,-0.00255663,1.10186,-0.00839263,2.04181
11.996,-0.00244706,1.07702,-0.00889436,2.03261,-0.00255663,1.10189,-0.00843824,2.04181
11.998,-0.00241054,1.07702,-0.00889436,2.03261,-0.00255663,1.10186,-0.00839263,2.04181
12,-0.00241054,1.07702,-0.00889436,2.03261,-0.00252011,1.10186,-0.00848385,2.04173
12.002,-0.00244706,1.07702,-0.00889436,2.03261,-0.00255663,1.10189,-0.00843824,2.04173
12.004,-0.00244706,1.07702,-0.00889436,2.03261,-0.00252011,1.10191,-0.00839263,2.04173
12.006,-0.00244706,1.07702,-0.00889436,2.03261,-0.00252011,1.10191,-0.00839263,2.04173
12.008,-0.00244706,1.07704,-0.00893997,2.03261,-0.00255663,1.10189,-0.00843824,2.04173
12.01,-0.00241054,1.07702,-0.00889436,2.03261,-0.00252011,1.10189,-0.00843824,2.04181
12.012,-0.00241054,1.07702,-0.00889436,2.03261,-0.00252011,1.10189,-0.00843824,2.04173
12.014,-0.00241054,1.07702,-0.00889436,2.03261,-0.00255663,1.10189,-0.00843824,2.04173
12.016,-0.00241054,1.07702,-0.00889436,2.03261,-0.00255663,1.10189,-0.00843824,2.04173
12.018,-0.00241054,1.07704,-0.00893997,2.03261,-0.00252011,1.10191,-0.00839263,2.04173
12.02,-0.00241054,1.07702,-0.00889436,2.03261,-0.00255663,1.10186,-0.00848385,2.04181
12.022,-0.00241054,1.07702,-0.00889436,2.03261,-0.00255663,1.10189,-0.00843824,2.04181
12.024,-0.00244706,1.07702,-0.00889436,2.03261,-0.00259316,1.10191,-0.00839263,2.04173
12.026,-0.00244706,1.07702,-0.00889436,2.03261,-0.00255663,1.10186,-0.00848385,2.04181
12.028,-0.00241054,1.07704,-0.00893997,2.03261,-0.00255663,1.10189,-0.00843824,2.04173
12.03,-0.00244706,1.07704,-0.00893997,2.03261,-0.00255663,1.10189,-0.00843824,2.04181
12.032,-0.00241054,1.07702,-0.00889436,2.03269,-0.00252011,1.10189,-0.00843824,2.04181
12.034,-0.00244706,1.07702,-0.00889436,2.03261,-0.00255663,1.10189,-0.00843824,2.04181
12.036,-0.00244706,1.07702,-0.00889436,2.03261,-0.00252011,1.10189,-0.00843824,2.04181
12.038,-0.00244706,1.07702,-0.00889436,2.03261,-0.00259316,1.10189,-0.00843824,2.04173
12.04,-0.00241054,1.07702,-0.00889436,2.03261,-0.00255663,1.10189,-0.00843824,2.04173
12.042,-0.00241054,1.07702,-0.00889436,2.03261,-0.00255663,1.10189,-0.00843824,2.04173
12.044,-0.00241054,1.07702,-0.00889436,2.03261,-0.00255663,1.10186,-0.00839263,2.04181
12.046,-0.00244706,1.07702,-0.00889436,2.03261,-0.00252011,1.10189,-0.00843824,2.04181
12.048,-0.00241054,1.07702,-0.00889436,2.03261,-0.00252011,1.10189,-0.00843824,2.04173
12.05,-0.00241054,1.07699,-0.00893997,2.03261,-0.00255663,1.10189,-0.00843824,2.04173
12.052,-0.00241054,1.07702,-0.00889436,2.03261,-0.00259316,1.10191,-0.00839263,2.04173
12.054,-0.00241054,1.07702,-0.00889436,2.03261,-0.00255663,1.10186,-0.00848385,2.04173
12.056,-0.00241054,1.07702,-0.00889436,2.03261,-0.00255663,1.10186,-0.00848385,2.04173
12.058,-0.00241054,1.07702,-0.00889436,2.03261,-0.00255663,1.10194,-0.00843824,2.04181
12.06,-0.00241054,1.07702,-0.00889436,2.03269,-0.00255663,1.10189,-0.00843824,2.04181
12.062,-0.00244706,1.07702,-0.00889436,2.03261,-0.00259316,1.10189,-0.00843824,2.04181
12.064,-0.00241054,1.07702,-0.00889436,2.03261,-0.00252011,1.10186,-0.00848385,2.04181
12.066,-0.00241054,1.07702,-0.00889436,2.03261,-0.00252011,1.10183,-0.00843824,2.04173
12.068,-0.00241054,1.07702,-0.00889436,2.03261,-0.00255663,1.10189,-0.00843824,2.04181
12.07,-0.00244706,1.07702,-0.00889436,2.03261,-0.00252011,1.10189,-0.00843824,2.04181
12.072,-0.00241054,1.07702,-0.00889436,2.03261,-0.00255663,1.10186,-0.00848385,2.04173
12.074,-0.00241054,1.07702,-0.00889436,2.03261,-0.00255663,1.10189,-0.00843824,2.04173
12.076,-0.00241054,1.07702,-0.00889436,2.03261,-0.00255663,1.10189,-0.00843824,2.04173
12.078,-0.00241054,1.07702,-0.00889436,2.03261,-0.00255663,1.10189,-0.00843824,2.04173
12.08,-0.00241054,1.07702,-0.00889436,2.03261,-0.00255663,1.10189,-0.00843824,2.04173
12.082,-0.00244706,1.07702,-0.00889436,2.03261,-0.00252011,1.10191,-0.00839263,2.04181
12.084,-0.00244706,1.07702,-0.00889436,2.03261,-0.00259316,1.10189,-0.00843824,2.04173
12.086,-0.00241054,1.07702,-0.00889436,2.03261,-0.00252011,1.10186,-0.00848385,2.04181
12.088,-0.00244706,1.07702,-0.00889436,2.03261,-0.00252011,1.10186,-0.00848385,2.04181
12.09,-0.00241054,1.07702,-0.00889436,2.03261,-0.00255663,1.10186,-0.00848385,2.04173
12.092,-0.00241054,1.07702,-0.00889436,2.03261,-0.00252011,1.10189,-0.00843824,2.04173
12.094,-0.00241054,1.07704,-0.00893997,2.03261,-0.00255663,1.10189,-0.00843824,2.04173
12.096,-0.00241054,1.07702,-0.00889436,2.03261,-0.00252011,1.10189,-0.00843824,2.04181
12.098,-0.00244706,1.07702,-0.00889436,2.03269,-0.00252011,1.10189,-0.00843824,2.04181
12.1,-0.00244706,1.07702,-0.00889436,2.03261,-0.00255663,1.10191,-0.00839263,2.04181
12.102,-0.00241054,1.07702,-0.00889436,2.03261,-0.00255663,1.10186,-0.00848385,2.04173
12.104,-0.00241054,1.07702,-0.00889436,2.03261,-0.00252011,1.10189,-0.00843824,2.04181
12.106,-0.00241054,1.07702,-0.00889436,2.03261,-0.00255663,1.10189,-0.00843824,2.04181
12.108,-0.00241054,1.07702,-0.00889436,2.03261,-0.00255663,1.10186,-0.00848385,2.04181
12.11,-0.00241054,1.07704,-0.00893997,2.03261,-0.00255663,1.10189,-0.00843824,2.04173
12.112,-0.00241054,1.07702,-0.00889436,2.03261,-0.00259316,1.10191,-0.00839263,2.04181
12.114,-0.00241054,1.07702,-0.00889436,2.03261,-0.00252011,1.10189,-0.00843824,2.04181
12.116,-0.00241054,1.07702,-0.00889436,2.03269,-0.00252011,1.10189,-0.00843824,2.04173
12.118,-0.00241054,1.07702,-0.00889436,2.03261,-0.00252011,1.10189,-0.00843824,2.04173
12.12,-0.00244706,1.07702,-0.00889436,2.03261,-0.00252011,1.10186,-0.00848385,2.04173
12.122,-0.00244706,1.07702,-0.00889436,2.03261,-0.00252011,1.10189,-0.00843824,2.04173
12.124,-0.00241054,1.07702,-0.00889436,2.03261,-0.00255663,1.10189,-0.00843824,2.04173
12.126,-0.00241054,1.07702,-0.00889436,2.03261,-0.00255663,1.10189,-0.00843824,2.04181
12.128,-0.00241054,1.07702,-0.00889436,2.03261,-0.00255663,1.10189,-0.00843824,2.04181
12.13,-0.00244706,1.07702,-0.00889436,2.03261,-0.00252011,1.10189,-0.00843824,2.04173
12.132,-0.00244706,1.07702,-0.00889436,2.03261,-0.00255663,1.10189,-0.00843824,2.04173
12.134,-0.00244706,1.07702,-0.00889436,2.03261,-0.00252011,1.10189,-0.00843824,2.04181
12.136,-0.00244706,1.07702,-0.00889436,2.03261,-0.00252011,1.10186,-0.00848385,2.04173
12.138,-0.00244706,1.07702,-0.00889436,2.03261,-0.00252011,1.10189,-0.00843824,2.04181
12.14,-0.00241054,1.07702,-0.00889436,2.03261,-0.00255663,1.10186,-0.00848385,2.04181
12.142,-0.00241054,1.07702,-0.00889436,2.03261,-0.00255663,1.10189,-0.00843824,2.04173
12.144,-0.00241054,1.07702,-0.00889436,2.03261,-0.00252011,1.10186,-0.00848385,2.04173
12.146,-0.00241054,1.07702,-0.00889436,2.03261,-0.00252011,1.10189,-0.00843824,2.04173
12.148,-0.00244706,1.07702,-0.00889436,2.03261,-0.00252011,1.10191,-0.00848385,2.04181
12.15,-0.00244706,1.07702,-0.00889436,2.03261,-0.00252011,1.10189,-0.00843824,2.04173
12.152,-0.00241054,1.07704,-0.00893997,2.03261,-0.00252011,1.10189,-0.00843824,2.04181
12.154,-0.00244706,1.07702,-0.00889436,2.03261,-0.00255663,1.10189,-0.00843824,2.04173
12.156,-0.00244706,1.07702,-0.00889436,2.03261,-0.00255663,1.10189,-0.00843824,2.04181
12.158,-0.00241054,1.07702,-0.00889436,2.03261,-0.00252011,1.10189,-0.00843824,2.04181
12.16,-0.00241054,1.07702,-0.00889436,2.03261,-0.00252011,1.10189,-0.00843824,2.04181
12.162,-0.00241054,1.07704,-0.00893997,2.03261,-0.00255663,1.10189,-0.00843824,2.04181
12.164,-0.00244706,1.07702,-0.00889436,2.03261,-0.00252011,1.10189,-0.00843824,2.04181
12.166,-0.00244706,1.07702,-0.00889436,2.03261,-0.00252011,1.10189,-0.00843824,2.04173
12.168,-0.00244706,1.07702,-0.00889436,2.03261,-0.00252011,1.10189,-0.00843824,2.04181
12.17,-0.00244706,1.07702,-0.00889436,2.03269,-0.00255663,1.10191,-0.00839263,2.04173
12.172,-0.00244706,1.07702,-0.00889436,2.03269,-0.00259316,1.10186,-0.00848385,2.04181
12.174,-0.00241054,1.07702,-0.00889436,2.03261,-0.00252011,1.10189,-0.00843824,2.04181
12.176,-0.00241054,1.07702,-0.00889436,2.03261,-0.00255663,1.10189,-0.00843824,2.04173
12.178,-0.00244706,1.07704,-0.00884875,2.03261,-0.00252011,1.10189,-0.00843824,2.04173
12.18,-0.00241054,1.07702,-0.00889436,2.03261,-0.00252011,1.10189,-0.00843824,2.04181
12.182,-0.00241054,1.07702,-0.00889436,2.03261,-0.00255663,1.10189,-0.00843824,2.04173
12.184,-0.00244706,1.07702,-0.00889436,2.03261,-0.00252011,1.10189,-0.00843824,2.04181
12.186,-0.00244706,1.07702,-0.00889436,2.03261,-0.00255663,1.10189,-0.00843824,2.04173
12.188,-0.00241054,1.07702,-0.00889436,2.03261,-0.00255663,1.10189,-0.00843824,2.04173
12.19,-0.00244706,1.07702,-0.00889436,2.03261,-0.00252011,1.10189,-0.00843824,2.04181
12.192,-0.00244706,1.07702,-0.00889436,2.03261,-0.00252011,1.10189,-0.00843824,2.04173
12.194,-0.00244706,1.07702,-0.00889436,2.03261,-0.00252011,1.10189,-0.00843824,2.04181
12.196,-0.00241054,1.07702,-0.00889436,2.03261,-0.00252011,1.10189,-0.00843824,2.04173
12.198,-0.00244706,1.07702,-0.00889436,2.03261,-0.00252011,1.10189,-0.00843824,2.04181
12.2,-0.00244706,1.07702,-0.00889436,2.03261,-0.00252011,1.10186,-0.00848385,2.04181
12.202,-0.00244706,1.07702,-0.00889436,2.03261,-0.00252011,1.10189,-0.00843824,2.04173
12.204,-0.00241054,1.07702,-0.00889436,2.03261,-0.00252011,1.10189,-0.00843824,2.04173
12.206,-0.00244706,1.07702,-0.00889436,2.03261,-0.00259316,1.10186,-0.00848385,2.04181
12.208,-0.00244706,1.07702,-0.00889436,2.03261,-0.00259316,1.10191,-0.00839263,2.04173
12.21,-0.00241054,1.07702,-0.00889436,2.03261,-0.00252011,1.10189,-0.00843824,2.04173
12.212,-0.00241054,1.07702,-0.00889436,2.03261,-0.00255663,1.10189,-0.00843824,2.04173
12.214,-0.00241054,1.07704,-0.00893997,2.03261,-0.00252011,1.10189,-0.00843824,2.04181
12.216,-0.00244706,1.07702,-0.00889436,2.03261,-0.00255663,1.10189,-0.00843824,2.04181
12.218,-0.00241054,1.07702,-0.00889436,2.03261,-0.00255663,1.10186,-0.00848385,2.04173
12.22,-0.00241054,1.07702,-0.00889436,2.03261,-0.00255663,1.10189,-0.00843824,2.04173
12.222,-0.00241054,1.07702,-0.00889436,2.03261,-0.00252011,1.10189,-0.00843824,2.04173
12.224,-0.00241054,1.07702,-0.00889436,2.03261,-0.00252011,1.10186,-0.00848385,2.04181
12.226,-0.00241054,1.07702,-0.00889436,2.03261,-0.00252011,1.10189,-0.00843824,2.04181
12.228,-0.00241054,1.07702,-0.00889436,2.03261,-0.00252011,1.10191,-0.00839263,2.04181
12.23,-0.00241054,1.07702,-0.00889436,2.03261,-0.00252011,1.10189,-0.00843824,2.04173
12.232,-0.00241054,1.07704,-0.00893997,2.03261,-0.00252011,1.10189,-0.00843824,2.04181
12.234,-0.00244706,1.07702,-0.00889436,2.03261,-0.00255663,1.10189,-0.00843824,2.04181
12.236,-0.00241054,1.07702,-0.00889436,2.03261,-0.00252011,1.10186,-0.00848385,2.04173
12.238,-0.00241054,1.07702,-0.00889436,2.03261,-0.00255663,1.10189,-0.00843824,2.04173
12.24,-0.00244706,1.07702,-0.00889436,2.03261,-0.00252011,1.10186,-0.00848385,2.04173
12.242,-0.00244706,1.07704,-0.00893997,2.03261,-0.00252011,1.10189,-0.00843824,2.04173
12.244,-0.00244706,1.07702,-0.00889436,2.03261,-0.00252011,1.10191,-0.00839263,2.04173
12.246,-0.00241054,1.07702,-0.00889436,2.03261,-0.00255663,1.10189,-0.00843824,2.04173
12.248,-0.00241054,1.07702,-0.00889436,2.03261,-0.00252011,1.10189,-0.00843824,2.04173
12.25,-0.00241054,1.07702,-0.00889436,2.03261,-0.00252011,1.10186,-0.00848385,2.04181
12.252,-0.00241054,1.07702,-0.00889436,2.03261,-0.00255663,1.10191,-0.00839263,2.04181
12.254,-0.00241054,1.07702,-0.00889436,2.03261,-0.00248359,1.10189,-0.00843824,2.04173
12.256,-0.00241054,1.07704,-0.00893997,2.03261,-0.00255663,1.10189,-0.00843824,2.04181
12.258,-0.00241054,1.07704,-0.00893997,2.03261,-0.00252011,1.10189,-0.00843824,2.04181
12.26,-0.00244706,1.07702,-0.00889436,2.03261,-0.00255663,1.10186,-0.00848385,2.04181
12.262,-0.00241054,1.07702,-0.00889436,2.03261,-0.00255663,1.10189,-0.00843824,2.04173
12.264,-0.00241054,1.07702,-0.00889436,2.03261,-0.00252011,1.10189,-0.00843824,2.04181
12.266,-0.00241054,1.07702,-0.00889436,2.03261,-0.00252011,1.10189,-0.00843824,2.04173
12.268,-0.00241054,1.07704,-0.00893997,2.03261,-0.00255663,1.10189,-0.00843824,2.04181
12.27,-0.00241054,1.07704,-0.00893997,2.03261,-0.00252011,1.10186,-0.00848385,2.04173
12.272,-0.00241054,1.07702,-0.00889436,2.03261,-0.00255663,1.10186,-0.00848385,2.04181
12.274,-0.00241054,1.07702,-0.00889436,2.03261,-0.00252011,1.10189,-0.00843824,2.04173
12.276,-0.00244706,1.07704,-0.00893997,2.03261,-0.00255663,1.10186,-0.00848385,2.04173
12.278,-0.00244706,1.07702,-0.00889436,2.03261,-0.00259316,1.10191,-0.00839263,2.04181
12.28,-0.00244706,1.07702,-0.00889436,2.03261,-0.00252011,1.10189,-0.00843824,2.04181
12.282,-0.00241054,1.07702,-0.00889436,2.03261,-0.00252011,1.10191,-0.00839263,2.04173
12.284,-0.00244706,1.07702,-0.00889436,2.03261,-0.00252011,1.10189,-0.00843824,2.04173
12.286,-0.00241054,1.07702,-0.00889436,2.03261,-0.00255663,1.10189,-0.00843824,2.04173
12.288,-0.00241054,1.07702,-0.00889436,2.03261,-0.00252011,1.10189,-0.00843824,2.04173
12.29,-0.00244706,1.07702,-0.00889436,2.03269,-0.00255663,1.10186,-0.00848385,2.04181
12.292,-0.00241054,1.07702,-0.00889436,2.03261,-0.00255663,1.10189,-0.00843824,2.04173
12.294,-0.00241054,1.07702,-0.00889436,2.03261,-0.00255663,1.10189,-0.00843824,2.04173
12.296,-0.00241054,1.07702,-0.00889436,2.03261,-0.00252011,1.10189,-0.00843824,2.04173
12.298,-0.00244706,1.07702,-0.00889436,2.03261,-0.00252011,1.10189,-0.00843824,2.04173
12.3,-0.00241054,1.07704,-0.00893997,2.03261,-0.00255663,1.10189,-0.00843824,2.04173
12.302,-0.00241054,1.07702,-0.00889436,2.03261,-0.00255663,1.10189,-0.00843824,2.04173
12.304,-0.00244706,1.07702,-0.00889436,2.03269,-0.00252011,1.10189,-0.00843824,2.04173
12.306,-0.00241054,1.07702,-0.00889436,2.03269,-0.00252011,1.10189,-0.00843824,2.04173
12.308,-0.00241054,1.07702,-0.00889436,2.03261,-0.00244706,1.10186,-0.00848385,2.04181
12.31,-0.00244706,1.07702,-0.00889436,2.03261,-0.00255663,1.10189,-0.00843824,2.04181
12.312,-0.00244706,1.07704,-0.00893997,2.03261,-0.00252011,1.10189,-0.00843824,2.04181
12.314,-0.00244706,1.07702,-0.00889436,2.03261,-0.00255663,1.10189,-0.00843824,2.04173
12.316,-0.00241054,1.07702,-0.00889436,2.03261,-0.00252011,1.10189,-0.00843824,2.04173
12.318,-0.00241054,1.07702,-0.00889436,2.03261,-0.00252011,1.10191,-0.00848385,2.04173
12.32,-0.00241054,1.07702,-0.00889436,2.03261,-0.00252011,1.10191,-0.00848385,2.04181
12.322,-0.00241054,1.07704,-0.00893997,2.03261,-0.00255663,1.10189,-0.00843824,2.04181
12.324,-0.00244706,1.07704,-0.00893997,2.03261,-0.00259316,1.10191,-0.00839263,2.04181
12.326,-0.00244706,1.07702,-0.00889436,2.03261,-0.00252011,1.10189,-0.00843824,2.04181
12.328,-0.00241054,1.07702,-0.00889436,2.03261,-0.00252011,1.10189,-0.00843824,2.04173
12.33,-0.00241054,1.07702,-0.00889436,2.03261,-0.00252011,1.10191,-0.00848385,2.04173
12.332,-0.00241054,1.07704,-0.00893997,2.03261,-0.00255663,1.10189,-0.00843824,2.04181
12.334,-0.00241054,1.07702,-0.00889436,2.03261,-0.00252011,1.10189,-0.00843824,2.04181
12.336,-0.00244706,1.07702,-0.00889436,2.03261,-0.00255663,1.10191,-0.00839263,2.04173
12.338,-0.00241054,1.07702,-0.00889436,2.03261,-0.00255663,1.10189,-0.00843824,2.04181
12.34,-0.00241054,1.07704,-0.00893997,2.03261,-0.00255663,1.10189,-0.00843824,2.04173
12.342,-0.00241054,1.07702,-0.00889436,2.03261,-0.00252011,1.10189,-0.00843824,2.04181
12.344,-0.00241054,1.07702,-0.00889436,2.03261,-0.00255663,1.10189,-0.00843824,2.04173
12.346,-0.00244706,1.07702,-0.00889436,2.03261,-0.00255663,1.10189,-0.00843824,2.04173
12.348,-0.00244706,1.07702,-0.00889436,2.03261,-0.00255663,1.10189,-0.00843824,2.04173
12.35,-0.00241054,1.07702,-0.00889436,2.03261,-0.00255663,1.10189,-0.00843824,2.04173
12.352,-0.00241054,1.07702,-0.00889436,2.03269,-0.00255663,1.10189,-0.00843824,2.04173
12.354,-0.00241054,1.07702,-0.00889436,2.03261,-0.00255663,1.10189,-0.00843824,2.04173
12.356,-0.00241054,1.07704,-0.00893997,2.03261,-0.00255663,1.10186,-0.00848385,2.04173
12.358,-0.00241054,1.07702,-0.00889436,2.03261,-0.00252011,1.10189,-0.00843824,2.04181
12.36,-0.00241054,1.07702,-0.00889436,2.03261,-0.00252011,1.10189,-0.00843824,2.04173
12.362,-0.00244706,1.07704,-0.00893997,2.03252,-0.00255663,1.10191,-0.00839263,2.04181
12.364,-0.00241054,1.07702,-0.00889436,2.03261,-0.00252011,1.10191,-0.00839263,2.04173
12.366,-0.00244706,1.07702,-0.00889436,2.03261,-0.00252011,1.10189,-0.00843824,2.04173
12.368,-0.00241054,1.07702,-0.00889436,2.03261,-0.00255663,1.10186,-0.00848385,2.04181
12.37,-0.00241054,1.07702,-0.00889436,2.03261,-0.00255663,1.10186,-0.00848385,2.04181
12.372,-0.00241054,1.07704,-0.00893997,2.03261,-0.00252011,1.10189,-0.00843824,2.04173
12.374,-0.00241054,1.07702,-0.00889436,2.03261,-0.00255663,1.10191,-0.00839263,2.04173
12.376,-0.00244706,1.07702,-0.00889436,2.03252,-0.00252011,1.10189,-0.00843824,2.04173
12.378,-0.00244706,1.07702,-0.00889436,2.03261,-0.00255663,1.10189,-0.00843824,2.04181
12.38,-0.00244706,1.07702,-0.00889436,2.03261,-0.00252011,1.10189,-0.00843824,2.04181
12.382,-0.00241054,1.07702,-0.00889436,2.03261,-0.00255663,1.10189,-0.00843824,2.04181
12.384,-0.00244706,1.07702,-0.00889436,2.03261,-0.00252011,1.10189,-0.00843824,2.04173
12.386,-0.00244706,1.07702,-0.00889436,2.03261,-0.00255663,1.10189,-0.00843824,2.04173
12.388,-0.00241054,1.07702,-0.00889436,2.03261,-0.00255663,1.10191,-0.00839263,2.04181
12.39,-0.00241054,1.07702,-0.00889436,2.03261,-0.00252011,1.10189,-0.00843824,2.04181
12.392,-0.00241054,1.07702,-0.00889436,2.03261,-0.00255663,1.10189,-0.00843824,2.04181
12.394,-0.00244706,1.07702,-0.00889436,2.03261,-0.00255663,1.10189,-0.00843824,2.04181
12.396,-0.00244706,1.07702,-0.00889436,2.03261,-0.00255663,1.10186,-0.00848385,2.04173
12.398,-0.00241054,1.07704,-0.00893997,2.03261,-0.00255663,1.10189,-0.00843824,2.04173
12.4,-0.00241054,1.07702,-0.00889436,2.03261,-0.00252011,1.10189,-0.00843824,2.04181
12.402,-0.00241054,1.07702,-0.00889436,2.03261,-0.00252011,1.10186,-0.00848385,2.04173
12.404,-0.00241054,1.07702,-0.00889436,2.03261,-0.00252011,1.10189,-0.00843824,2.04181
12.406,-0.00241054,1.07704,-0.00884875,2.03261,-0.00255663,1.10189,-0.00843824,2.04173
12.408,-0.00241054,1.07702,-0.00889436,2.03261,-0.00252011,1.10189,-0.00843824,2.04181
12.41,-0.00244706,1.07702,-0.00889436,2.03261,-0.00259316,1.10189,-0.00843824,2.04173
12.412,-0.00241054,1.07702,-0.00889436,2.03261,-0.00252011,1.10189,-0.00843824,2.04173
12.414,-0.00241054,1.07702,-0.00889436,2.03261,-0.00255663,1.10189,-0.00843824,2.04181
12.416,-0.00241054,1.07702,-0.00889436,2.03261,-0.00252011,1.10186,-0.00848385,2.04181
12.418,-0.00241054,1.07702,-0.00889436,2.03261,-0.00255663,1.10189,-0.00843824,2.04181
12.42,-0.00244706,1.07702,-0.00889436,2.03261,-0.00252011,1.10189,-0.00843824,2.04173
12.422,-0.00244706,1.07702,-0.00889436,2.03261,-0.00255663,1.10189,-0.00843824,2.04173
12.424,-0.00244706,1.07702,-0.00889436,2.03261,-0.00252011,1.10191,-0.00848385,2.04173
12.426,-0.00241054,1.07702,-0.00889436,2.03261,-0.00255663,1.10189,-0.00843824,2.04173
12.428,-0.00241054,1.07702,-0.00889436,2.03269,-0.00255663,1.10189,-0.00843824,2.04173
12.43,-0.00244706,1.07702,-0.00889436,2.03269,-0.00252011,1.10189,-0.00843824,2.04181
12.432,-0.00244706,1.07704,-0.00893997,2.03261,-0.00255663,1.10189,-0.00843824,2.04173
12.434,-0.00241054,1.07702,-0.00889436,2.03261,-0.00252011,1.10189,-0.00843824,2.04173
12.436,-0.00244706,1.07702,-0.00889436,2.03261,-0.00252011,1.10189,-0.00843824,2.04181
12.438,-0.00244706,1.07702,-0.00889436,2.03261,-0.00255663,1.10189,-0.00843824,2.04173
12.44,-0.00244706,1.07702,-0.00889436,2.03269,-0.00252011,1.10189,-0.00843824,2.04173
12.442,-0.00241054,1.07702,-0.00889436,2.03261,-0.00252011,1.10189,-0.00843824,2.04181
12.444,-0.00241054,1.07704,-0.00893997,2.03261,-0.00252011,1.10189,-0.00843824,2.04181
12.446,-0.00241054,1.07702,-0.00889436,2.03261,-0.00252011,1.10189,-0.00843824,2.04173
12.448,-0.00241054,1.07702,-0.00889436,2.03261,-0.00252011,1.10189,-0.00843824,2.04181
12.45,-0.00244706,1.07702,-0.00889436,2.03261,-0.00252011,1.10189,-0.00843824,2.04181
12.452,-0.00241054,1.07702,-0.00889436,2.03261,-0.00252011,1.10189,-0.00843824,2.04173
12.454,-0.00244706,1.07704,-0.00893997,2.03261,-0.00252011,1.10189,-0.00843824,2.04173
12.456,-0.00241054,1.07704,-0.00893997,2.03261,-0.00252011,1.10189,-0.00843824,2.04181
12.458,-0.00241054,1.07702,-0.00889436,2.03261,-0.00252011,1.10189,-0.00843824,2.04173
12.46,-0.00241054,1.07702,-0.00889436,2.03261,-0.00255663,1.10189,-0.00843824,2.04181
12.462,-0.00241054,1.07702,-0.00889436,2.03261,-0.00259316,1.10186,-0.00848385,2.04173
12.464,-0.00244706,1.07702,-0.00889436,2.03261,-0.00248359,1.10189,-0.00843824,2.04181
12.466,-0.00241054,1.07702,-0.00889436,2.03261,-0.00255663,1.10189,-0.00843824,2.04173
12.468,-0.00241054,1.07702,-0.00889436,2.03261,-0.00252011,1.10189,-0.00843824,2.04181
12.47,-0.00244706,1.07702,-0.00889436,2.03261,-0.00255663,1.10189,-0.00843824,2.04173
12.472,-0.00241054,1.07702,-0.00889436,2.03261,-0.00255663,1.10189,-0.00843824,2.04181
12.474,-0.00244706,1.07702,-0.00889436,2.03261,-0.00255663,1.10189,-0.00843824,2.04181
12.476,-0.00241054,1.07702,-0.00889436,2.03261,-0.00255663,1.10191,-0.00848385,2.04181
12.478,-0.00241054,1.07702,-0.00889436,2.03261,-0.00252011,1.10189,-0.00843824,2.04181
12.48,-0.00241054,1.07707,-0.00889436,2.03261,-0.00252011,1.10189,-0.00843824,2.04173
12.482,-0.00244706,1.07702,-0.00889436,2.03261,-0.00259316,1.10189,-0.00843824,2.04181
12.484,-0.00244706,1.07702,-0.00889436,2.03261,-0.00252011,1.10189,-0.00843824,2.04181
12.486,-0.00244706,1.07702,-0.00889436,2.03261,-0.00255663,1.10189,-0.00843824,2.04173
12.488,-0.00244706,1.07702,-0.00889436,2.03261,-0.00255663,1.10189,-0.00843824,2.04173
12.49,-0.00241054,1.07702,-0.00889436,2.03261,-0.00252011,1.10189,-0.00843824,2.04173
12.492,-0.00244706,1.07702,-0.00889436,2.03261,-0.00255663,1.10189,-0.00843824,2.04173
12.494,-0.00241054,1.07702,-0.00889436,2.03261,-0.00255663,1.10189,-0.00843824,2.04173
12.496,-0.00241054,1.07702,-0.00889436,2.03261,-0.00248359,1.10189,-0.00843824,2.04181
12.498,-0.00244706,1.07702,-0.00889436,2.03261,-0.00255663,1.10189,-0.00843824,2.04181
12.5,-0.00244706,1.07702,-0.00889436,2.03261,-0.00252011,1.10189,-0.00843824,2.04181
12.502,-0.00244706,1.07702,-0.00889436,2.03261,-0.00255663,1.10189,-0.00843824,2.04181
12.504,-0.00241054,1.07702,-0.00889436,2.03261,-0.00255663,1.10189,-0.00843824,2.04173
12.506,-0.00241054,1.07702,-0.00889436,2.03261,-0.00252011,1.10189,-0.00843824,2.04173
12.508,-0.00244706,1.07702,-0.00889436,2.03269,-0.00252011,1.10186,-0.00848385,2.04181
12.51,-0.00241054,1.07702,-0.00889436,2.03261,-0.00255663,1.10189,-0.00843824,2.04181
12.512,-0.00244706,1.07702,-0.00889436,2.03261,-0.00255663,1.10189,-0.00843824,2.04181
12.514,-0.00241054,1.07704,-0.00893997,2.03261,-0.00252011,1.10189,-0.00843824,2.04173
12.516,-0.00244706,1.07702,-0.00889436,2.03261,-0.00255663,1.10189,-0.00852946,2.04181
12.518,-0.00244706,1.07702,-0.00889436,2.03252,-0.00259316,1.10186,-0.00848385,2.04173
12.52,-0.00244706,1.07702,-0.00889436,2.03261,-0.00255663,1.10189,-0.00843824,2.04173
12.522,-0.00241054,1.07702,-0.00889436,2.03261,-0.00255663,1.10191,-0.00839263,2.04173
12.524,-0.00244706,1.07702,-0.00889436,2.03261,-0.00252011,1.10189,-0.00843824,2.04181
12.526,-0.00244706,1.07702,-0.00889436,2.03261,-0.00255663,1.10189,-0.00843824,2.04173
12.528,-0.00241054,1.07702,-0.00889436,2.03261,-0.00248359,1.10189,-0.00843824,2.04173
12.53,-0.00241054,1.07702,-0.00889436,2.03261,-0.00255663,1.10191,-0.00848385,2.04173
12.532,-0.00241054,1.07702,-0.00889436,2.03261,-0.00252011,1.10191,-0.00848385,2.04173
12.534,-0.00244706,1.07707,-0.00889436,2.03261,-0.00255663,1.10189,-0.00843824,2.04173
12.536,-0.00241054,1.07702,-0.00889436,2.03261,-0.00255663,1.10189,-0.00843824,2.04181
12.538,-0.00241054,1.07704,-0.00893997,2.03261,-0.00255663,1.10189,-0.00843824,2.04181
12.54,-0.00241054,1.07702,-0.00889436,2.03269,-0.00252011,1.10186,-0.00848385,2.04181
12.542,-0.00241054,1.07702,-0.00889436,2.03269,-0.00255663,1.10189,-0.00843824,2.04181
12.544,-0.00241054,1.07702,-0.00889436,2.03261,-0.00255663,1.10186,-0.00839263,2.04173
12.546,-0.00244706,1.07702,-0.00889436,2.03269,-0.00255663,1.10189,-0.00843824,2.04173
12.548,-0.00241054,1.07702,-0.00889436,2.03261,-0.00252011,1.10186,-0.00848385,2.04181
12.55,-0.00244706,1.07702,-0.00889436,2.03261,-0.00252011,1.10191,-0.00848385,2.04173
12.552,-0.00244706,1.07702,-0.00889436,2.03261,-0.00252011,1.10189,-0.00843824,2.04181
12.554,-0.00241054,1.07704,-0.00884875,2.03261,-0.00252011,1.10191,-0.00848385,2.04173
12.556,-0.00241054,1.07702,-0.00889436,2.03261,-0.00255663,1.10189,-0.00843824,2.04173
12.558,-0.00241054,1.07707,-0.00889436,2.03261,-0.00252011,1.10189,-0.00843824,2.04181
12.56,-0.00244706,1.07702,-0.00889436,2.03261,-0.00252011,1.10189,-0.00843824,2.04173
12.562,-0.00244706,1.07702,-0.00889436,2.03261,-0.00255663,1.10189,-0.00843824,2.04181
12.564,-0.00244706,1.07702,-0.00889436,2.03261,-0.00255663,1.10189,-0.00843824,2.04173
12.566,-0.00241054,1.07704,-0.00893997,2.03261,-0.00252011,1.10189,-0.00843824,2.04173
12.568,-0.00244706,1.07702,-0.00889436,2.03261,-0.00255663,1.10189,-0.00843824,2.04173
12.57,-0.00244706,1.07702,-0.00889436,2.03261,-0.00252011,1.10189,-0.00843824,2.04173
12.572,-0.00241054,1.07702,-0.00889436,2.03261,-0.00248359,1.10189,-0.00843824,2.04181
12.574,-0.00241054,1.07702,-0.00889436,2.03261,-0.00255663,1.10186,-0.00848385,2.04181
12.576,-0.00241054,1.07702,-0.00889436,2.03261,-0.00255663,1.10186,-0.00848385,2.04181
12.578,-0.00241054,1.07702,-0.00889436,2.03261,-0.00252011,1.10186,-0.00848385,2.04181
12.58,-0.00244706,1.07704,-0.00893997,2.03261,-0.00252011,1.10189,-0.00843824,2.04181
12.582,-0.00241054,1.07702,-0.00889436,2.03269,-0.00252011,1.10189,-0.00843824,2.04173
12.584,-0.00241054,1.07702,-0.00889436,2.03261,-0.00255663,1.10189,-0.00843824,2.04181
12.586,-0.00244706,1.07702,-0.00889436,2.03261,-0.00255663,1.10189,-0.00843824,2.04181
12.588,-0.00244706,1.07702,-0.00889436,2.03261,-0.00255663,1.10191,-0.00848385,2.04173
12.59,-0.00244706,1.07702,-0.00889436,2.03261,-0.00255663,1.10189,-0.00843824,2.04173
12.592,-0.00241054,1.07702,-0.00889436,2.03261,-0.00252011,1.10189,-0.00843824,2.04181
12.594,-0.00244706,1.07702,-0.00889436,2.03261,-0.00255663,1.10191,-0.00839263,2.04181
12.596,-0.00241054,1.07704,-0.00893997,2.03261,-0.00255663,1.10189,-0.00843824,2.04181
12.598,-0.00244706,1.07702,-0.00889436,2.03261,-0.00252011,1.10189,-0.00843824,2.04181
12.6,-0.00241054,1.07702,-0.00889436,2.03261,-0.00252011,1.10189,-0.00843824,2.04181
12.602,-0.00241054,1.07702,-0.00889436,2.03261,-0.00255663,1.10189,-0.00843824,2.04181
12.604,-0.00241054,1.07702,-0.00889436,2.03261,-0.00255663,1.10191,-0.00839263,2.04173
12.606,-0.00244706,1.07704,-0.00893997,2.03261,-0.00252011,1.10189,-0.00843824,2.04173
12.608,-0.00241054,1.07704,-0.00893997,2.03261,-0.00252011,1.10189,-0.00843824,2.04173
12.61,-0.00241054,1.07702,-0.00889436,2.03261,-0.00252011,1.10189,-0.00843824,2.04173
12.612,-0.00241054,1.07704,-0.00884875,2.03261,-0.00259316,1.10189,-0.00843824,2.04181
12.614,-0.00244706,1.07707,-0.00889436,2.03261,-0.00255663,1.10189,-0.00843824,2.04173
12.616,-0.00244706,1.07704,-0.00884875,2.03261,-0.00255663,1.10189,-0.00843824,2.04181
12.618,-0.00241054,1.07702,-0.00889436,2.03261,-0.00252011,1.10189,-0.00843824,2.04173
12.62,-0.00241054,1.07702,-0.00889436,2.03261,-0.00255663,1.10189,-0.00843824,2.04173
12.622,-0.00241054,1.07702,-0.00889436,2.03261,-0.00252011,1.10189,-0.00843824,2.04173
12.624,-0.00244706,1.07702,-0.00889436,2.03261,-0.00255663,1.10189,-0.00843824,2.04173
12.626,-0.00241054,1.07702,-0.00889436,2.03261,-0.00252011,1.10191,-0.00839263,2.04181
12.628,-0.00244706,1.07702,-0.00889436,2.03261,-0.00255663,1.10189,-0.00843824,2.04181
12.63,-0.00241054,1.07702,-0.00889436,2.03261,-0.00255663,1.10191,-0.00848385,2.04173
12.632,-0.00244706,1.07702,-0.00889436,2.03261,-0.00255663,1.10189,-0.00843824,2.04181
12.634,-0.00244706,1.07702,-0.00889436,2.03261,-0.00259316,1.10189,-0.00843824,2.04173
12.636,-0.00241054,1.07702,-0.00889436,2.03261,-0.00255663,1.10189,-0.00843824,2.04173
12.638,-0.00244706,1.07702,-0.00889436,2.03261,-0.00255663,1.10189,-0.00843824,2.04181
12.64,-0.00241054,1.07702,-0.00889436,2.03261,-0.00252011,1.10186,-0.00848385,2.04181
12.642,-0.00244706,1.07704,-0.00893997,2.03261,-0.00255663,1.10189,-0.00843824,2.04181
12.644,-0.00244706,1.07702,-0.00889436,2.03261,-0.00252011,1.10189,-0.00843824,2.04181
12.646,-0.00241054,1.07702,-0.00889436,2.03261,-0.00255663,1.10189,-0.00843824,2.04173
12.648,-0.00241054,1.07702,-0.00889436,2.03261,-0.00255663,1.10189,-0.00843824,2.04181
12.65,-0.00241054,1.07704,-0.00893997,2.03261,-0.00252011,1.10189,-0.00843824,2.04173
12.652,-0.00244706,1.07702,-0.00889436,2.03261,-0.00252011,1.10189,-0.00843824,2.04181
12.654,-0.00244706,1.07702,-0.00889436,2.03261,-0.00252011,1.10186,-0.00848385,2.04181
12.656,-0.00244706,1.07702,-0.00889436,2.03261,-0.00252011,1.10191,-0.00839263,2.04181
12.658,-0.00241054,1.07704,-0.00884875,2.03261,-0.00255663,1.10189,-0.00843824,2.04181
12.66,-0.00241054,1.07704,-0.00884875,2.03261,-0.00255663,1.10189,-0.00843824,2.04181
12.662,-0.00244706,1.07704,-0.00884875,2.03261,-0.00255663,1.10189,-0.00843824,2.04173
12.664,-0.00244706,1.07704,-0.00884875,2.03261,-0.00252011,1.10189,-0.00843824,2.04173
12.666,-0.00241054,1.07702,-0.00889436,2.03261,-0.00255663,1.10189,-0.00843824,2.04173
12.668,-0.00244706,1.07702,-0.00889436,2.03261,-0.00252011,1.10186,-0.00848385,2.04181
12.67,-0.00244706,1.07704,-0.00884875,2.03261,-0.00255663,1.10189,-0.00843824,2.04181
12.672,-0.00244706,1.07702,-0.00889436,2.03261,-0.00259316,1.10189,-0.00843824,2.04181
12.674,-0.00244706,1.07702,-0.00889436,2.03261,-0.00252011,1.10189,-0.00843824,2.04173
12.676,-0.00241054,1.07702,-0.00889436,2.03269,-0.00255663,1.10189,-0.00843824,2.04173
12.678,-0.00241054,1.07702,-0.00889436,2.03269,-0.00252011,1.10189,-0.00843824,2.04173
12.68,-0.00241054,1.07704,-0.00884875,2.03261,-0.00255663,1.10189,-0.00843824,2.04173
12.682,-0.00241054,1.07702,-0.00889436,2.03261,-0.00252011,1.10189,-0.00843824,2.04181
12.684,-0.00241054,1.07702,-0.00889436,2.03261,-0.00255663,1.10189,-0.00843824,2.04173
12.686,-0.00241054,1.07704,-0.00893997,2.03261,-0.00252011,1.10189,-0.00843824,2.04181
12.688,-0.00244706,1.07702,-0.00889436,2.03261,-0.00255663,1.10186,-0.00848385,2.04181
12.69,-0.00244706,1.07702,-0.00889436,2.03261,-0.00252011,1.10191,-0.00839263,2.04173
12.692,-0.00241054,1.07704,-0.00884875,2.03261,-0.00255663,1.10189,-0.00843824,2.04181
12.694,-0.00241054,1.07702,-0.00889436,2.03269,-0.00252011,1.10186,-0.00848385,2.04181
12.696,-0.00241054,1.07702,-0.00889436,2.03261,-0.00259316,1.10191,-0.00839263,2.04173
12.698,-0.00241054,1.07702,-0.00889436,2.03261,-0.00252011,1.10189,-0.00843824,2.04173
12.7,-0.00244706,1.07702,-0.00889436,2.03261,-0.00255663,1.10189,-0.00843824,2.04173
12.702,-0.00241054,1.07702,-0.00889436,2.03261,-0.00255663,1.10189,-0.00843824,2.04173
12.704,-0.00241054,1.07702,-0.00889436,2.03261,-0.00252011,1.10191,-0.00848385,2.04181
12.706,-0.00241054,1.07704,-0.00893997,2.03261,-0.00252011,1.10189,-0.00843824,2.04181
12.708,-0.00244706,1.07702,-0.00889436,2.03261,-0.00255663,1.10186,-0.00839263,2.04173
12.71,-0.00241054,1.07702,-0.00889436,2.03261,-0.00252011,1.10186,-0.00848385,2.04181
12.712,-0.00241054,1.07702,-0.00889436,2.03261,-0.00252011,1.10189,-0.00843824,2.04173
12.714,-0.00241054,1.07707,-0.00889436,2.03261,-0.00255663,1.10189,-0.00843824,2.04181
12.716,-0.00244706,1.07702,-0.00889436,2.03261,-0.00255663,1.10189,-0.00843824,2.04173
12.718,-0.00244706,1.07702,-0.00889436,2.03261,-0.00255663,1.10189,-0.00843824,2.04181
12.72,-0.00241054,1.07702,-0.00889436,2.03261,-0.00252011,1.10189,-0.00843824,2.04181
12.722,-0.00241054,1.07702,-0.00889436,2.03261,-0.00252011,1.10189,-0.00843824,2.04181
12.724,-0.00244706,1.07702,-0.00889436,2.03261,-0.00252011,1.10189,-0.00843824,2.04173
12.726,-0.00244706,1.07702,-0.00889436,2.03261,-0.00255663,1.10191,-0.00848385,2.04181
12.728,-0.00244706,1.07702,-0.00889436,2.03261,-0.00255663,1.10186,-0.00848385,2.04173
12.73,-0.00241054,1.07702,-0.00889436,2.03261,-0.00255663,1.10189,-0.00843824,2.04181
12.732,-0.00241054,1.07702,-0.00889436,2.03261,-0.00255663,1.10189,-0.00843824,2.04173
12.734,-0.00244706,1.07704,-0.00893997,2.03261,-0.00255663,1.10186,-0.00848385,2.04181
12.736,-0.00241054,1.07702,-0.00889436,2.03261,-0.00255663,1.10189,-0.00843824,2.04181
12.738,-0.00244706,1.07702,-0.00889436,2.03261,-0.00255663,1.10189,-0.00843824,2.04173
12.74,-0.00244706,1.07702,-0.00889436,2.03261,-0.00252011,1.10191,-0.00848385,2.04173
12.742,-0.00244706,1.07702,-0.00889436,2.03261,-0.00255663,1.10189,-0.00843824,2.04173
12.744,-0.00244706,1.07702,-0.00889436,2.03261,-0.00255663,1.10186,-0.00848385,2.04173
12.746,-0.00244706,1.07707,-0.00889436,2.03261,-0.00255663,1.10189,-0.00843824,2.04173
12.748,-0.00241054,1.07704,-0.00884875,2.03261,-0.00252011,1.10189,-0.00843824,2.04173
12.75,-0.00241054,1.07702,-0.00889436,2.03261,-0.00248359,1.10189,-0.00843824,2.04173
12.752,-0.00241054,1.07702,-0.00889436,2.03261,-0.00255663,1.10189,-0.00843824,2.04173
12.754,-0.00244706,1.07704,-0.00893997,2.03261,-0.00252011,1.10189,-0.00843824,2.04173
12.756,-0.00244706,1.07702,-0.00889436,2.03261,-0.00255663,1.10189,-0.00843824,2.04173
12.758,-0.00241054,1.07704,-0.00884875,2.03261,-0.00252011,1.10189,-0.00843824,2.04173
12.76,-0.00244706,1.07702,-0.00889436,2.03261,-0.00259316,1.10189,-0.00843824,2.04181
12.762,-0.00244706,1.07702,-0.00889436,2.03261,-0.00255663,1.10189,-0.00843824,2.04173
12.764,-0.00244706,1.07702,-0.00889436,2.03261,-0.00259316,1.10186,-0.00848385,2.04181
12.766,-0.00244706,1.07702,-0.00889436,2.03261,-0.00252011,1.10189,-0.00843824,2.04173
12.768,-0.00241054,1.07704,-0.00893997,2.03261,-0.00255663,1.10189,-0.00843824,2.04173
12.77,-0.00241054,1.07704,-0.00893997,2.03269,-0.00248359,1.10191,-0.00848385,2.04173
12.772,-0.00241054,1.07702,-0.00889436,2.03269,-0.00252011,1.10189,-0.00843824,2.04173
12.774,-0.00241054,1.07702,-0.00889436,2.03261,-0.00255663,1.10189,-0.00843824,2.04181
12.776,-0.00241054,1.07702,-0.00889436,2.03261,-0.00252011,1.10189,-0.00843824,2.04181
12.778,-0.00244706,1.07702,-0.00889436,2.03261,-0.00255663,1.10189,-0.00843824,2.04173
12.78,-0.00241054,1.07702,-0.00889436,2.03261,-0.00255663,1.10189,-0.00843824,2.04181
12.782,-0.00244706,1.07702,-0.00889436,2.03261,-0.00252011,1.10189,-0.00843824,2.04173
12.784,-0.00241054,1.07702,-0.00889436,2.03269,-0.00252011,1.10191,-0.00839263,2.04181
12.786,-0.00241054,1.07704,-0.00893997,2.03261,-0.00252011,1.10189,-0.00843824,2.04181
12.788,-0.00244706,1.07704,-0.00893997,2.03261,-0.00255663,1.10186,-0.00848385,2.04181
12.79,-0.00244706,1.07702,-0.00889436,2.03261,-0.00252011,1.10189,-0.00843824,2.04181
12.792,-0.00244706,1.07702,-0.00889436,2.03261,-0.00255663,1.10189,-0.00843824,2.04181
12.794,-0.00244706,1.07702,-0.00889436,2.03261,-0.00252011,1.10189,-0.00843824,2.04181
12.796,-0.00244706,1.07702,-0.00889436,2.03261,-0.00255663,1.10189,-0.00843824,2.04173
12.798,-0.00244706,1.07704,-0.00893997,2.03261,-0.00255663,1.10189,-0.00843824,2.04181
12.8,-0.00241054,1.07704,-0.00884875,2.03261,-0.00252011,1.10186,-0.00848385,2.04181
12.802,-0.00244706,1.07702,-0.00889436,2.03261,-0.00255663,1.10189,-0.00843824,2.04181
12.804,-0.00244706,1.07704,-0.00884875,2.03261,-0.00255663,1.10189,-0.00843824,2.04173
12.806,-0.00244706,1.07704,-0.00893997,2.03261,-0.00255663,1.10189,-0.00843824,2.04173
12.808,-0.00241054,1.07702,-0.00889436,2.03261,-0.00252011,1.10189,-0.00843824,2.04181
12.81,-0.00244706,1.07702,-0.00889436,2.03261,-0.00255663,1.10189,-0.00843824,2.04181
12.812,-0.00241054,1.07702,-0.00889436,2.03261,-0.00255663,1.10186,-0.00848385,2.04181
12.814,-0.00241054,1.07702,-0.00889436,2.03261,-0.00255663,1.10189,-0.00843824,2.04173
12.816,-0.00241054,1.07704,-0.00893997,2.03261,-0.00252011,1.10186,-0.00848385,2.04173
12.818,-0.00241054,1.07702,-0.00889436,2.03261,-0.00255663,1.10189,-0.00843824,2.04173
12.82,-0.00241054,1.07702,-0.00889436,2.03261,-0.00255663,1.10189,-0.00843824,2.04181
12.822,-0.00244706,1.07702,-0.00889436,2.03261,-0.00255663,1.10186,-0.00848385,2.04181
12.824,-0.00241054,1.07704,-0.00884875,2.03261,-0.00255663,1.10189,-0.00843824,2.04173
12.826,-0.00244706,1.07704,-0.00884875,2.03261,-0.00252011,1.10189,-0.00843824,2.04173
12.828,-0.00244706,1.07702,-0.00889436,2.03261,-0.00252011,1.10189,-0.00843824,2.04173
12.83,-0.00244706,1.07702,-0.00889436,2.03261,-0.00252011,1.10189,-0.00843824,2.04181
12.832,-0.00241054,1.07704,-0.00893997,2.03261,-0.00248359,1.10189,-0.00843824,2.04181
12.834,-0.00241054,1.07702,-0.00889436,2.03261,-0.00259316,1.10189,-0.00843824,2.04173
12.836,-0.00241054,1.07702,-0.00889436,2.03261,-0.00252011,1.10189,-0.00843824,2.04181
12.838,-0.00241054,1.07702,-0.00889436,2.03261,-0.00255663,1.10189,-0.00843824,2.04173
12.84,-0.00241054,1.07704,-0.00884875,2.03261,-0.00255663,1.10189,-0.00843824,2.04181
12.842,-0.00244706,1.07704,-0.00884875,2.03261,-0.00252011,1.10189,-0.00843824,2.04173
12.844,-0.00244706,1.07702,-0.00889436,2.03261,-0.00255663,1.10189,-0.00843824,2.04173
12.846,-0.00244706,1.07702,-0.00889436,2.03261,-0.00252011,1.10189,-0.00843824,2.04173
12.848,-0.00244706,1.07702,-0.00889436,2.03261,-0.00252011,1.10189,-0.00843824,2.04181
12.85,-0.00241054,1.07702,-0.00889436,2.03261,-0.00255663,1.10189,-0.00843824,2.04181
12.852,-0.00241054,1.07702,-0.00889436,2.03261,-0.00255663,1.10191,-0.00848385,2.04173
12.854,-0.00241054,1.07704,-0.00884875,2.03261,-0.00252011,1.10186,-0.00848385,2.04181
12.856,-0.00244706,1.07702,-0.00889436,2.03261,-0.00255663,1.10189,-0.00843824,2.04181
12.858,-0.00241054,1.07702,-0.00889436,2.03261,-0.00255663,1.10191,-0.00839263,2.04181
12.86,-0.00241054,1.07702,-0.00889436,2.03261,-0.00252011,1.10189,-0.00843824,2.04173
12.862,-0.00244706,1.07704,-0.00884875,2.03261,-0.00252011,1.10189,-0.00843824,2.04181
12.864,-0.00244706,1.07702,-0.00889436,2.03261,-0.00255663,1.10189,-0.00843824,2.04181
12.866,-0.00244706,1.07702,-0.00889436,2.03261,-0.00255663,1.10186,-0.00848385,2.04173
12.868,-0.00244706,1.07702,-0.00889436,2.03261,-0.00252011,1.10189,-0.00843824,2.04173
12.87,-0.00241054,1.07704,-0.00893997,2.03261,-0.00248359,1.10189,-0.00843824,2.04181
12.872,-0.00241054,1.07702,-0.00889436,2.03261,-0.00252011,1.10189,-0.00843824,2.04181
12.874,-0.00241054,1.07704,-0.00893997,2.03261,-0.00252011,1.10186,-0.00848385,2.04173
12.876,-0.00241054,1.07704,-0.00893997,2.03261,-0.00255663,1.10189,-0.00843824,2.04181
12.878,-0.00244706,1.07702,-0.00889436,2.03261,-0.00252011,1.10189,-0.00843824,2.04181
12.88,-0.00244706,1.07702,-0.00889436,2.03269,-0.00255663,1.10189,-0.00843824,2.04173
12.882,-0.00244706,1.07704,-0.00884875,2.03261,-0.00252011,1.10189,-0.00843824,2.04173
12.884,-0.00244706,1.07702,-0.00889436,2.03261,-0.00252011,1.10189,-0.00843824,2.04173
12.886,-0.00241054,1.07707,-0.00889436,2.03261,-0.00255663,1.10186,-0.00848385,2.04181
12.888,-0.00241054,1.07702,-0.00889436,2.03261,-0.00252011,1.10189,-0.00843824,2.04173
12.89,-0.00241054,1.07704,-0.00893997,2.03261,-0.00255663,1.10189,-0.00843824,2.04173
12.892,-0.00241054,1.07702,-0.00889436,2.03261,-0.00255663,1.10189,-0.00843824,2.04181
12.894,-0.00244706,1.07704,-0.00893997,2.03269,-0.00255663,1.10191,-0.00848385,2.04173
12.896,-0.00244706,1.07704,-0.00893997,2.03261,-0.00252011,1.10194,-0.00843824,2.04173
12.898,-0.00244706,1.07702,-0.00889436,2.03261,-0.00255663,1.10189,-0.00843824,2.04173
12.9,-0.00244706,1.07704,-0.00884875,2.03261,-0.00252011,1.10189,-0.00843824,2.04181
12.902,-0.00244706,1.07702,-0.00889436,2.03261,-0.00252011,1.10189,-0.00843824,2.04181
12.904,-0.00244706,1.07707,-0.00889436,2.03261,-0.00255663,1.10189,-0.00843824,2.04173
12.906,-0.00241054,1.07702,-0.00889436,2.03261,-0.00255663,1.10189,-0.00843824,2.04173
12.908,-0.00241054,1.07702,-0.00889436,2.03261,-0.00252011,1.10189,-0.00843824,2.04173
12.91,-0.00241054,1.07702,-0.00889436,2.03261,-0.00255663,1.10189,-0.00843824,2.04173
12.912,-0.00244706,1.07702,-0.00889436,2.03261,-0.00255663,1.10189,-0.00843824,2.04173
12.914,-0.00244706,1.07702,-0.00889436,2.03261,-0.00252011,1.10186,-0.00848385,2.04181
12.916,-0.00244706,1.07702,-0.00889436,2.03261,-0.00255663,1.10189,-0.00843824,2.04181
12.918,-0.00244706,1.07704,-0.00893997,2.03261,-0.00255663,1.10189,-0.00843824,2.04173
12.92,-0.00244706,1.07702,-0.00889436,2.03261,-0.00252011,1.10189,-0.00843824,2.04173
12.922,-0.00244706,1.07702,-0.00889436,2.03261,-0.00252011,1.10186,-0.00848385,2.04181
12.924,-0.00244706,1.07702,-0.00889436,2.03261,-0.00252011,1.10189,-0.00843824,2.04181
12.926,-0.00244706,1.07702,-0.00889436,2.03261,-0.00252011,1.10189,-0.00843824,2.04173
12.928,-0.00241054,1.07704,-0.00893997,2.03269,-0.00255663,1.10189,-0.00843824,2.04181
12.93,-0.00241054,1.07704,-0.00893997,2.03261,-0.00252011,1.10186,-0.00848385,2.04181
12.932,-0.00241054,1.07702,-0.00889436,2.03261,-0.00255663,1.10189,-0.00843824,2.04181
12.934,-0.00241054,1.07704,-0.00884875,2.03261,-0.00252011,1.10189,-0.00843824,2.04173
12.936,-0.00244706,1.07702,-0.00889436,2.03261,-0.00252011,1.10189,-0.00843824,2.04181
12.938,-0.00244706,1.07702,-0.00889436,2.03261,-0.00252011,1.10191,-0.00839263,2.04173
12.94,-0.00244706,1.07702,-0.00889436,2.03261,-0.00252011,1.10189,-0.00843824,2.04173
12.942,-0.00244706,1.07702,-0.00889436,2.03261,-0.00252011,1.10189,-0.00843824,2.04173
12.944,-0.00241054,1.07702,-0.00889436,2.03261,-0.00255663,1.10189,-0.00843824,2.04181
12.946,-0.00241054,1.07704,-0.00884875,2.03261,-0.00255663,1.10189,-0.00843824,2.04181
12.948,-0.00241054,1.07702,-0.00889436,2.03261,-0.00255663,1.10189,-0.00843824,2.04173
12.95,-0.00241054,1.07702,-0.00889436,2.03261,-0.00255663,1.10186,-0.00848385,2.04181
12.952,-0.00244706,1.07702,-0.00889436,2.03261,-0.00248359,1.10186,-0.00848385,2.04173
12.954,-0.00244706,1.07702,-0.00889436,2.03261,-0.00252011,1.10189,-0.00843824,2.04173
12.956,-0.00244706,1.07704,-0.00893997,2.03261,-0.00255663,1.10189,-0.00843824,2.04181
12.958,-0.00244706,1.07702,-0.00889436,2.03261,-0.00255663,1.10189,-0.00843824,2.04181
12.96,-0.00244706,1.07702,-0.00889436,2.03261,-0.00255663,1.10189,-0.00843824,2.04181
12.962,-0.00241054,1.07702,-0.00889436,2.03261,-0.00255663,1.10191,-0.00848385,2.04173
12.964,-0.00241054,1.07702,-0.00889436,2.03261,-0.00252011,1.10189,-0.00843824,2.04173
12.966,-0.00241054,1.07704,-0.00884875,2.03261,-0.00252011,1.10189,-0.00843824,2.04181
12.968,-0.00241054,1.07702,-0.00889436,2.03261,-0.00252011,1.10189,-0.00843824,2.04173
12.97,-0.00244706,1.07702,-0.00889436,2.03261,-0.00255663,1.10189,-0.00843824,2.04173
12.972,-0.00244706,1.07704,-0.00884875,2.03261,-0.00252011,1.10189,-0.00843824,2.04173
12.974,-0.00244706,1.07702,-0.00889436,2.03261,-0.00255663,1.10189,-0.00843824,2.04173
12.976,-0.00244706,1.07702,-0.00889436,2.03261,-0.00252011,1.10189,-0.00843824,2.04181
12.978,-0.00244706,1.07702,-0.00889436,2.03261,-0.00252011,1.10189,-0.00843824,2.04173
12.98,-0.00244706,1.07702,-0.00889436,2.03261,-0.00252011,1.10189,-0.00843824,2.04181
12.982,-0.00241054,1.07702,-0.00889436,2.03261,-0.00252011,1.10191,-0.00848385,2.04181
12.984,-0.00241054,1.07704,-0.00884875,2.03261,-0.00255663,1.10189,-0.00843824,2.04181
12.986,-0.00241054,1.07702,-0.00889436,2.03261,-0.00255663,1.10189,-0.00843824,2.04173
12.988,-0.00241054,1.07702,-0.00889436,2.03261,-0.00255663,1.10189,-0.00843824,2.04181
12.99,-0.00241054,1.07704,-0.00884875,2.03261,-0.00252011,1.10186,-0.00848385,2.04173
12.992,-0.00244706,1.07702,-0.00889436,2.03261,-0.00252011,1.10189,-0.00843824,2.04173
12.994,-0.00241054,1.07702,-0.00889436,2.03261,-0.00252011,1.10189,-0.00843824,2.04181
12.996,-0.00244706,1.07702,-0.00889436,2.03261,-0.00255663,1.10191,-0.00839263,2.04173
12.998,-0.00244706,1.07707,-0.00889436,2.03261,-0.00252011,1.10186,-0.00839263,2.04173
13,-0.00244706,1.07702,-0.00889436,2.03261,-0.00255663,1.10189,-0.00843824,2.04173
13.002,-0.00244706,1.07702,-0.00889436,2.03261,-0.00252011,1.10189,-0.00843824,2.04181
13.004,-0.00244706,1.07702,-0.00889436,2.03261,-0.00255663,1.10186,-0.00848385,2.04173
13.006,-0.00244706,1.07702,-0.00889436,2.03261,-0.00252011,1.10189,-0.00843824,2.04181
13.008,-0.00241054,1.07702,-0.00889436,2.03261,-0.00252011,1.10189,-0.00843824,2.04173
13.01,-0.00244706,1.07704,-0.00884875,2.03261,-0.00255663,1.10189,-0.00843824,2.04173
13.012,-0.00244706,1.07702,-0.00889436,2.03261,-0.00255663,1.10189,-0.00843824,2.04173
13.014,-0.00241054,1.07702,-0.00889436,2.03261,-0.00255663,1.10189,-0.00843824,2.04173
13.016,-0.00244706,1.07702,-0.00889436,2.03261,-0.00255663,1.10191,-0.00848385,2.04173
13.018,-0.00241054,1.07702,-0.00889436,2.03261,-0.00255663,1.10189,-0.00843824,2.04173
13.02,-0.00241054,1.07702,-0.00889436,2.03261,-0.00252011,1.10189,-0.00843824,2.04173
13.022,-0.00244706,1.07702,-0.00889436,2.03261,-0.00255663,1.10189,-0.00843824,2.04181
13.024,-0.00244706,1.07704,-0.00893997,2.03261,-0.00252011,1.10189,-0.00843824,2.04181
13.026,-0.00244706,1.07702,-0.00889436,2.03261,-0.00252011,1.10189,-0.00843824,2.04181
13.028,-0.00244706,1.07704,-0.00884875,2.03261,-0.00255663,1.10189,-0.00843824,2.04181
13.03,-0.00241054,1.07702,-0.00889436,2.03261,-0.00252011,1.10189,-0.00843824,2.04181
13.032,-0.00241054,1.07702,-0.00889436,2.03261,-0.00252011,1.10189,-0.00843824,2.04181
13.034,-0.00244706,1.07702,-0.00889436,2.03261,-0.00255663,1.10189,-0.00843824,2.04173
13.036,-0.00241054,1.07704,-0.00893997,2.03261,-0.00252011,1.10189,-0.00843824,2.04173
13.038,-0.00241054,1.07702,-0.00889436,2.03261,-0.00252011,1.10189,-0.00843824,2.04181
13.04,-0.00241054,1.07704,-0.00884875,2.03269,-0.00255663,1.10189,-0.00843824,2.04173
13.042,-0.00241054,1.07702,-0.00889436,2.03269,-0.00252011,1.10191,-0.00839263,2.04181
13.044,-0.00244706,1.07704,-0.00893997,2.03261,-0.00255663,1.10189,-0.00843824,2.04173
13.046,-0.00241054,1.07702,-0.00889436,2.03261,-0.00255663,1.10189,-0.00843824,2.04173
13.048,-0.00241054,1.07702,-0.00889436,2.03261,-0.00252011,1.10189,-0.00843824,2.04181
13.05,-0.00241054,1.07704,-0.00893997,2.03261,-0.00255663,1.10189,-0.00843824,2.04173
13.052,-0.00241054,1.07702,-0.00889436,2.03261,-0.00255663,1.10189,-0.00843824,2.04181
13.054,-0.00241054,1.07702,-0.00889436,2.03261,-0.00252011,1.10189,-0.00843824,2.04173
13.056,-0.00241054,1.07704,-0.00884875,2.03261,-0.00252011,1.10189,-0.00843824,2.04173
13.058,-0.00241054,1.07702,-0.00889436,2.03261,-0.00252011,1.10191,-0.00848385,2.04181
13.06,-0.00244706,1.07704,-0.00893997,2.03261,-0.00252011,1.10189,-0.00843824,2.04181
13.062,-0.00241054,1.07702,-0.00889436,2.03261,-0.00252011,1.10189,-0.00843824,2.04181
13.064,-0.00241054,1.07702,-0.00889436,2.03261,-0.00252011,1.10189,-0.00843824,2.04181
13.066,-0.00244706,1.07704,-0.00893997,2.03261,-0.00255663,1.10189,-0.00843824,2.04181
13.068,-0.00244706,1.07702,-0.00889436,2.03261,-0.00255663,1.10189,-0.00843824,2.04173
13.07,-0.00244706,1.07704,-0.00893997,2.03261,-0.00252011,1.10189,-0.00843824,2.04173
13.072,-0.00244706,1.07702,-0.00889436,2.03252,-0.00252011,1.10189,-0.00843824,2.04173
13.074,-0.00241054,1.07702,-0.00889436,2.03261,-0.00252011,1.10189,-0.00843824,2.04173
13.076,-0.00241054,1.07702,-0.00889436,2.03261,-0.00255663,1.10189,-0.00843824,2.04173
13.078,-0.00241054,1.07702,-0.00889436,2.03261,-0.00255663,1.10189,-0.00843824,2.04181
13.08,-0.00241054,1.07702,-0.00889436,2.03261,-0.00248359,1.10186,-0.00848385,2.04173
13.082,-0.00241054,1.07704,-0.00893997,2.03261,-0.00252011,1.10189,-0.00843824,2.04173
13.084,-0.00241054,1.07702,-0.00889436,2.03261,-0.00252011,1.10189,-0.00843824,2.04173
13.086,-0.00244706,1.07702,-0.00889436,2.03261,-0.00255663,1.10186,-0.00848385,2.04173
13.088,-0.00241054,1.07702,-0.00889436,2.03261,-0.00255663,1.10186,-0.00848385,2.04181
13.09,-0.00241054,1.07702,-0.00889436,2.03261,-0.00252011,1.10189,-0.00843824,2.04173
13.092,-0.00241054,1.07704,-0.00884875,2.03261,-0.00248359,1.10186,-0.00839263,2.04181
13.094,-0.00241054,1.07702,-0.00889436,2.03261,-0.00252011,1.10189,-0.00843824,2.04173
13.096,-0.00241054,1.07704,-0.00884875,2.03261,-0.00252011,1.10189,-0.00843824,2.04173
13.098,-0.00244706,1.07702,-0.00889436,2.03261,-0.00255663,1.10189,-0.00843824,2.04181
13.1,-0.00244706,1.07702,-0.00889436,2.03261,-0.00255663,1.10189,-0.00843824,2.04181
13.102,-0.00241054,1.07704,-0.00893997,2.03261,-0.00255663,1.10189,-0.00843824,2.04181
13.104,-0.00244706,1.07702,-0.00889436,2.03261,-0.00255663,1.10186,-0.00848385,2.04181
13.106,-0.00244706,1.07702,-0.00889436,2.03261,-0.00252011,1.10189,-0.00843824,2.04173
13.108,-0.00244706,1.07702,-0.00889436,2.03261,-0.00255663,1.10189,-0.00843824,2.04173
13.11,-0.00244706,1.07704,-0.00893997,2.03261,-0.00252011,1.10189,-0.00843824,2.04173
13.112,-0.00244706,1.07702,-0.00889436,2.03261,-0.00255663,1.10189,-0.00843824,2.04173
13.114,-0.00244706,1.07702,-0.00889436,2.03261,-0.00255663,1.10189,-0.00843824,2.04181
13.116,-0.00241054,1.07702,-0.00889436,2.03261,-0.00255663,1.10186,-0.00848385,2.04181
13.118,-0.00244706,1.07704,-0.00893997,2.03261,-0.00255663,1.10189,-0.00843824,2.04181
13.12,-0.00244706,1.07704,-0.00893997,2.03261,-0.00252011,1.10186,-0.00848385,2.04173
13.122,-0.00241054,1.07704,-0.00893997,2.03261,-0.00252011,1.10186,-0.00848385,2.04173
13.124,-0.00241054,1.07702,-0.00889436,2.03261,-0.00252011,1.10186,-0.00848385,2.04181
13.126,-0.00244706,1.07702,-0.00889436,2.03261,-0.00252011,1.10186,-0.00848385,2.04173
13.128,-0.00244706,1.07702,-0.00889436,2.03261,-0.00255663,1.10189,-0.00843824,2.04181
13.13,-0.00244706,1.07704,-0.00884875,2.03261,-0.00252011,1.10191,-0.00839263,2.04173
13.132,-0.00244706,1.07702,-0.00889436,2.03261,-0.00255663,1.10189,-0.00843824,2.04181
13.134,-0.00241054,1.07702,-0.00889436,2.03261,-0.00255663,1.10191,-0.00839263,2.04173
13.136,-0.00241054,1.07702,-0.00889436,2.03261,-0.00255663,1.10189,-0.00843824,2.04181
13.138,-0.00241054,1.07702,-0.00889436,2.03261,-0.00252011,1.10189,-0.00843824,2.04181
13.14,-0.00244706,1.07704,-0.00893997,2.03261,-0.00255663,1.10189,-0.00843824,2.04173
13.142,-0.00241054,1.07704,-0.00893997,2.03261,-0.00255663,1.10186,-0.00848385,2.04181
13.144,-0.00244706,1.07707,-0.00889436,2.03261,-0.00252011,1.10189,-0.00843824,2.04173
13.146,-0.00244706,1.07702,-0.00889436,2.03261,-0.00252011,1.10189,-0.00843824,2.04181
13.148,-0.00244706,1.07704,-0.00884875,2.03261,-0.00255663,1.10191,-0.00848385,2.04173
13.15,-0.00241054,1.07702,-0.00889436,2.03261,-0.00255663,1.10189,-0.00843824,2.04173
13.152,-0.00241054,1.07702,-0.00889436,2.03261,-0.00255663,1.10189,-0.00843824,2.04173
13.154,-0.00241054,1.07704,-0.00893997,2.03261,-0.00252011,1.10189,-0.00843824,2.04181
13.156,-0.00244706,1.07704,-0.00884875,2.03261,-0.00255663,1.10189,-0.00843824,2.04181
13.158,-0.00241054,1.07702,-0.00889436,2.03261,-0.00252011,1.10186,-0.00848385,2.04173
13.16,-0.00241054,1.07702,-0.00889436,2.03261,-0.00252011,1.10189,-0.00843824,2.04173
13.162,-0.00244706,1.07704,-0.00893997,2.03261,-0.00255663,1.10189,-0.00843824,2.04173
13.164,-0.00241054,1.07704,-0.00893997,2.03261,-0.00252011,1.10189,-0.00843824,2.04173
13.166,-0.00244706,1.07702,-0.00889436,2.03261,-0.00259316,1.10189,-0.00843824,2.04181
13.168,-0.00244706,1.07702,-0.00889436,2.03261,-0.00252011,1.10189,-0.00843824,2.04173
13.17,-0.00241054,1.07702,-0.00889436,2.03261,-0.00252011,1.10186,-0.00848385,2.04181
13.172,-0.00241054,1.07702,-0.00889436,2.03261,-0.00252011,1.10186,-0.00848385,2.04173
13.174,-0.00244706,1.07704,-0.00893997,2.03261,-0.00255663,1.10189,-0.00843824,2.04173
13.176,-0.00244706,1.07704,-0.00893997,2.03261,-0.00255663,1.10186,-0.00848385,2.04181
13.178,-0.00241054,1.07702,-0.00889436,2.03261,-0.00252011,1.10189,-0.00843824,2.04173
13.18,-0.00244706,1.07704,-0.00884875,2.03261,-0.00255663,1.10189,-0.00843824,2.04181
13.182,-0.00241054,1.07704,-0.00893997,2.03261,-0.00255663,1.10189,-0.00843824,2.04181
13.184,-0.00241054,1.07702,-0.00889436,2.03261,-0.00252011,1.10186,-0.00848385,2.04173
13.186,-0.00241054,1.07702,-0.00889436,2.03261,-0.00252011,1.10189,-0.00843824,2.04181
13.188,-0.00241054,1.07702,-0.00889436,2.03261,-0.00252011,1.10189,-0.00843824,2.04181
13.19,-0.00241054,1.07702,-0.00889436,2.03261,-0.00252011,1.10189,-0.00843824,2.04181
13.192,-0.00241054,1.07704,-0.00893997,2.03261,-0.00252011,1.10186,-0.00848385,2.04181
13.194,-0.00241054,1.07704,-0.00893997,2.03261,-0.00252011,1.10186,-0.00848385,2.04173
13.196,-0.00241054,1.07702,-0.00889436,2.03261,-0.00255663,1.10191,-0.00839263,2.04181
13.198,-0.00241054,1.07702,-0.00889436,2.03261,-0.00252011,1.10189,-0.00843824,2.04173
13.2,-0.00241054,1.07702,-0.00889436,2.03261,-0.00255663,1.10189,-0.00843824,2.04173
13.202,-0.00244706,1.07704,-0.00884875,2.03261,-0.00252011,1.10189,-0.00843824,2.04181
13.204,-0.00244706,1.07702,-0.00889436,2.03261,-0.00255663,1.10186,-0.00848385,2.04181
13.206,-0.00244706,1.07702,-0.00889436,2.03261,-0.00252011,1.10189,-0.00843824,2.04173
13.208,-0.00244706,1.07702,-0.00889436,2.03261,-0.00252011,1.10189,-0.00843824,2.04173
13.21,-0.00244706,1.07702,-0.00889436,2.03261,-0.00252011,1.10189,-0.00843824,2.04181
13.212,-0.00241054,1.07702,-0.00889436,2.03261,-0.00255663,1.10189,-0.00843824,2.04173
13.214,-0.00241054,1.07702,-0.00889436,2.03261,-0.00255663,1.10189,-0.00843824,2.04173
13.216,-0.00241054,1.07702,-0.00889436,2.03261,-0.00248359,1.10186,-0.00848385,2.04173
13.218,-0.00241054,1.07702,-0.00889436,2.03261,-0.00252011,1.10189,-0.00843824,2.04173
13.22,-0.00244706,1.07702,-0.00889436,2.03261,-0.00259316,1.10189,-0.00843824,2.04181
13.222,-0.00241054,1.07702,-0.00889436,2.03261,-0.00255663,1.10189,-0.00843824,2.04173
13.224,-0.00244706,1.07702,-0.00889436,2.03261,-0.00252011,1.10189,-0.00843824,2.04173
13.226,-0.00241054,1.07704,-0.00893997,2.03261,-0.00255663,1.10191,-0.00839263,2.04173
13.228,-0.00244706,1.07704,-0.00893997,2.03269,-0.00252011,1.10189,-0.00843824,2.04173
13.23,-0.00241054,1.07704,-0.00893997,2.03261,-0.00255663,1.10189,-0.00843824,2.04173
13.232,-0.00244706,1.07702,-0.00889436,2.03261,-0.00255663,1.10189,-0.00843824,2.04181
13.234,-0.00241054,1.07702,-0.00889436,2.03261,-0.00252011,1.10189,-0.00843824,2.04181
13.236,-0.00241054,1.07702,-0.00889436,2.03261,-0.00255663,1.10186,-0.00848385,2.04173
13.238,-0.00241054,1.07702,-0.00889436,2.03261,-0.00252011,1.10189,-0.00843824,2.04173
13.24,-0.00244706,1.07704,-0.00893997,2.03261,-0.00255663,1.10186,-0.00848385,2.04173
13.242,-0.00244706,1.07702,-0.00889436,2.03261,-0.00255663,1.10189,-0.00843824,2.04173
13.244,-0.00241054,1.07702,-0.00889436,2.03261,-0.00255663,1.10189,-0.00843824,2.04181
13.246,-0.00241054,1.07702,-0.00889436,2.03261,-0.00255663,1.10183,-0.00843824,2.04181
13.248,-0.00244706,1.07702,-0.00889436,2.03261,-0.00255663,1.10186,-0.00848385,2.04173
13.25,-0.00244706,1.07707,-0.00889436,2.03261,-0.00255663,1.10189,-0.00843824,2.04181
13.252,-0.00241054,1.07702,-0.00889436,2.03261,-0.00252011,1.10189,-0.00843824,2.04181
13.254,-0.00244706,1.07704,-0.00893997,2.03261,-0.00252011,1.10186,-0.00848385,2.04181
13.256,-0.00244706,1.07702,-0.00889436,2.03261,-0.00255663,1.10189,-0.00843824,2.04173
13.258,-0.00241054,1.07702,-0.00889436,2.03261,-0.00252011,1.10189,-0.00843824,2.04173
13.26,-0.00244706,1.07702,-0.00889436,2.03261,-0.00252011,1.10189,-0.00843824,2.04173
13.262,-0.00244706,1.07702,-0.00889436,2.03261,-0.00255663,1.10189,-0.00843824,2.04181
13.264,-0.00241054,1.07704,-0.00893997,2.03261,-0.00255663,1.10189,-0.00843824,2.04181
13.266,-0.00244706,1.07702,-0.00889436,2.03261,-0.00255663,1.10186,-0.00848385,2.04173
13.268,-0.00241054,1.07704,-0.00893997,2.03261,-0.00252011,1.10189,-0.00843824,2.04181
13.27,-0.00244706,1.07702,-0.00889436,2.03261,-0.00255663,1.10189,-0.00843824,2.04173
13.272,-0.00244706,1.07704,-0.00893997,2.03261,-0.00255663,1.10189,-0.00843824,2.04181
13.274,-0.00241054,1.07702,-0.00889436,2.03261,-0.00255663,1.10189,-0.00843824,2.04181
13.276,-0.00241054,1.07707,-0.00889436,2.03269,-0.00255663,1.10191,-0.00848385,2.04173
13.278,-0.00244706,1.07702,-0.00889436,2.03269,-0.00255663,1.10189,-0.00843824,2.04173
13.28,-0.00244706,1.07704,-0.00893997,2.03261,-0.00255663,1.10189,-0.00852946,2.04181
13.282,-0.00244706,1.07702,-0.00889436,2.03261,-0.00252011,1.10189,-0.00843824,2.04181
13.284,-0.00244706,1.07702,-0.00889436,2.03261,-0.00255663,1.10189,-0.00843824,2.04181
13.286,-0.00244706,1.07702,-0.00889436,2.03261,-0.00252011,1.10189,-0.00843824,2.04173
13.288,-0.00244706,1.07704,-0.00893997,2.03261,-0.00255663,1.10189,-0.00843824,2.04173
13.29,-0.00241054,1.07704,-0.00893997,2.03261,-0.00252011,1.10191,-0.00848385,2.04173
13.292,-0.00241054,1.07702,-0.00889436,2.03261,-0.00255663,1.10189,-0.00843824,2.04181
13.294,-0.00244706,1.07702,-0.00889436,2.03261,-0.00255663,1.10191,-0.00848385,2.04173
13.296,-0.00241054,1.07704,-0.00893997,2.03261,-0.00252011,1.10189,-0.00843824,2.04181
13.298,-0.00241054,1.07704,-0.00893997,2.03261,-0.00255663,1.10189,-0.00843824,2.04173
13.3,-0.00241054,1.07704,-0.00893997,2.03261,-0.00252011,1.10189,-0.00843824,2.04173
13.302,-0.00244706,1.07702,-0.00889436,2.03261,-0.00252011,1.10186,-0.00848385,2.04173
13.304,-0.00241054,1.07704,-0.00884875,2.03261,-0.00248359,1.10189,-0.00843824,2.04181
13.306,-0.00244706,1.07702,-0.00889436,2.03261,-0.00255663,1.10189,-0.00843824,2.04173
13.308,-0.00241054,1.07704,-0.00893997,2.03261,-0.00255663,1.10189,-0.00843824,2.04173
13.31,-0.00241054,1.07702,-0.00889436,2.03261,-0.00255663,1.10189,-0.00843824,2.04181
13.312,-0.00241054,1.07702,-0.00889436,2.03261,-0.00255663,1.10189,-0.00843824,2.04181
13.314,-0.00244706,1.07702,-0.00889436,2.03261,-0.00252011,1.10186,-0.00848385,2.04173
13.316,-0.00244706,1.07702,-0.00889436,2.03261,-0.00255663,1.10189,-0.00843824,2.04181
13.318,-0.00244706,1.07704,-0.00893997,2.03261,-0.00255663,1.10186,-0.00848385,2.04173
13.32,-0.00244706,1.07702,-0.00889436,2.03261,-0.00252011,1.10186,-0.00848385,2.04173
13.322,-0.00244706,1.07702,-0.00889436,2.03261,-0.00252011,1.10189,-0.00843824,2.04173
13.324,-0.00241054,1.07702,-0.00889436,2.03261,-0.00255663,1.10189,-0.00843824,2.04181
13.326,-0.00241054,1.07704,-0.00893997,2.03261,-0.00255663,1.10189,-0.00843824,2.04173
13.328,-0.00241054,1.07704,-0.00893997,2.03252,-0.00255663,1.10186,-0.00848385,2.04181
13.33,-0.00241054,1.07704,-0.00884875,2.03261,-0.00252011,1.10189,-0.00843824,2.04181
13.332,-0.00241054,1.07702,-0.00889436,2.03261,-0.00252011,1.10186,-0.00839263,2.04173
13.334,-0.00241054,1.07704,-0.00893997,2.03261,-0.00255663,1.10189,-0.00843824,2.04173
13.336,-0.00244706,1.07702,-0.00889436,2.03261,-0.00255663,1.10189,-0.00843824,2.04173
13.338,-0.00241054,1.07707,-0.00889436,2.03261,-0.00255663,1.10189,-0.00843824,2.04173
13.34,-0.00244706,1.07702,-0.00889436,2.03261,-0.00255663,1.10189,-0.00843824,2.04173
13.342,-0.00241054,1.07702,-0.00889436,2.03261,-0.00255663,1.10189,-0.00843824,2.04181
13.344,-0.00241054,1.07704,-0.00893997,2.03261,-0.00255663,1.10186,-0.00848385,2.04173
13.346,-0.00241054,1.07702,-0.00889436,2.03261,-0.00255663,1.10189,-0.00843824,2.04173
13.348,-0.00244706,1.07702,-0.00889436,2.03261,-0.00255663,1.10189,-0.00843824,2.04173
13.35,-0.00244706,1.07702,-0.00889436,2.03261,-0.00255663,1.10189,-0.00843824,2.04173
13.352,-0.00244706,1.07702,-0.00889436,2.03269,-0.00252011,1.10186,-0.00848385,2.04181
13.354,-0.00244706,1.07704,-0.00893997,2.03261,-0.00255663,1.10191,-0.00839263,2.04181
13.356,-0.00244706,1.07704,-0.00893997,2.03261,-0.00255663,1.10189,-0.00843824,2.04181
13.358,-0.00244706,1.07702,-0.00889436,2.03261,-0.00252011,1.10189,-0.00843824,2.04173
13.36,-0.00241054,1.07702,-0.00889436,2.03261,-0.00255663,1.10189,-0.00843824,2.04173
13.362,-0.00241054,1.07704,-0.00893997,2.03261,-0.00255663,1.10186,-0.00848385,2.04181
13.364,-0.00244706,1.07702,-0.00889436,2.03269,-0.00252011,1.10189,-0.00843824,2.04173
13.366,-0.00244706,1.07704,-0.00893997,2.03269,-0.00255663,1.10189,-0.00843824,2.04181
13.368,-0.00244706,1.07702,-0.00889436,2.03261,-0.00248359,1.10189,-0.00843824,2.04173
13.37,-0.00241054,1.07702,-0.00889436,2.03261,-0.00252011,1.10189,-0.00843824,2.04173
13.372,-0.00244706,1.07702,-0.00889436,2.03261,-0.00255663,1.10191,-0.00839263,2.04173
13.374,-0.00244706,1.07702,-0.00889436,2.03261,-0.00252011,1.10189,-0.00843824,2.04173
13.376,-0.00241054,1.07702,-0.00889436,2.03261,-0.00255663,1.10189,-0.00843824,2.04173
13.378,-0.00241054,1.07707,-0.00889436,2.03261,-0.00252011,1.10189,-0.00843824,2.04173
13.38,-0.00241054,1.07704,-0.00893997,2.03261,-0.00255663,1.10189,-0.00843824,2.04173
13.382,-0.00241054,1.07702,-0.00889436,2.03261,-0.00255663,1.10191,-0.00848385,2.04173
13.384,-0.00241054,1.07702,-0.00889436,2.03261,-0.00248359,1.10186,-0.00848385,2.04173
13.386,-0.00244706,1.07702,-0.00889436,2.03261,-0.00252011,1.10189,-0.00843824,2.04173
13.388,-0.00244706,1.07702,-0.00889436,2.03261,-0.00255663,1.10189,-0.00843824,2.04181
13.39,-0.00244706,1.07704,-0.00893997,2.03261,-0.00255663,1.10191,-0.00839263,2.04173
13.392,-0.00241054,1.07702,-0.00889436,2.03261,-0.00252011,1.10189,-0.00852946,2.04181
13.394,-0.00241054,1.07702,-0.00889436,2.03269,-0.00255663,1.10189,-0.00843824,2.04173
13.396,-0.00241054,1.07702,-0.00889436,2.03261,-0.00252011,1.10189,-0.00843824,2.04173
13.398,-0.00244706,1.07702,-0.00889436,2.03261,-0.00252011,1.10189,-0.00843824,2.04173
13.4,-0.00241054,1.07704,-0.00893997,2.03261,-0.00255663,1.10189,-0.00843824,2.04173
13.402,-0.00241054,1.07702,-0.00889436,2.03261,-0.00252011,1.10189,-0.00843824,2.04181
13.404,-0.00244706,1.07704,-0.00893997,2.03261,-0.00252011,1.10186,-0.00848385,2.04173
13.406,-0.00241054,1.07702,-0.00889436,2.03261,-0.00252011,1.10191,-0.00848385,2.04173
13.408,-0.00244706,1.07702,-0.00889436,2.03261,-0.00252011,1.10189,-0.00843824,2.04173
13.41,-0.00241054,1.07702,-0.00889436,2.03261,-0.00252011,1.10189,-0.00843824,2.04173
13.412,-0.00241054,1.07704,-0.00893997,2.03261,-0.00252011,1.10189,-0.00843824,2.04181
13.414,-0.00241054,1.07704,-0.00893997,2.03261,-0.00252011,1.10186,-0.00848385,2.04173
13.416,-0.00241054,1.07704,-0.00893997,2.03261,-0.00252011,1.10189,-0.00843824,2.04181
13.418,-0.00244706,1.07702,-0.00889436,2.03261,-0.00255663,1.10189,-0.00843824,2.04181
13.42,-0.00244706,1.07702,-0.00889436,2.03261,-0.00255663,1.10189,-0.00843824,2.04181
13.422,-0.00244706,1.07702,-0.00889436,2.03261,-0.00252011,1.10186,-0.00848385,2.04173
13.424,-0.00244706,1.07702,-0.00889436,2.03261,-0.00255663,1.10191,-0.00839263,2.04173
13.426,-0.00241054,1.07702,-0.00889436,2.03261,-0.00252011,1.10189,-0.00843824,2.04173
13.428,-0.00241054,1.07704,-0.00893997,2.03261,-0.00255663,1.10191,-0.00839263,2.04173
13.43,-0.00241054,1.07702,-0.00889436,2.03261,-0.00255663,1.10189,-0.00843824,2.04173
13.432,-0.00241054,1.07702,-0.00889436,2.03261,-0.00255663,1.10191,-0.00848385,2.04173
13.434,-0.00241054,1.07702,-0.00889436,2.03261,-0.00252011,1.10189,-0.00843824,2.04181
13.436,-0.00241054,1.07702,-0.00889436,2.03261,-0.00255663,1.10189,-0.00843824,2.04173
13.438,-0.00241054,1.07704,-0.00893997,2.03261,-0.00255663,1.10186,-0.00848385,2.04181
13.44,-0.00244706,1.07704,-0.00893997,2.03261,-0.00252011,1.10189,-0.00843824,2.04181
13.442,-0.00241054,1.07702,-0.00889436,2.03261,-0.00252011,1.10189,-0.00843824,2.04173
13.444,-0.00241054,1.07702,-0.00889436,2.03261,-0.00248359,1.10191,-0.00839263,2.04181
13.446,-0.00241054,1.07702,-0.00889436,2.03261,-0.00252011,1.10189,-0.00843824,2.04181
13.448,-0.00241054,1.07702,-0.00889436,2.03261,-0.00255663,1.10191,-0.00848385,2.04181
13.45,-0.00241054,1.07704,-0.00893997,2.03261,-0.00255663,1.10186,-0.00848385,2.04173
13.452,-0.00241054,1.07707,-0.00889436,2.03261,-0.00255663,1.10189,-0.00843824,2.04181
13.454,-0.00244706,1.07704,-0.00893997,2.03261,-0.00252011,1.10189,-0.00843824,2.04181
13.456,-0.00244706,1.07702,-0.00889436,2.03261,-0.00252011,1.10186,-0.00848385,2.04173
13.458,-0.00241054,1.07702,-0.00889436,2.03261,-0.00255663,1.10189,-0.00843824,2.04181
13.46,-0.00244706,1.07702,-0.00889436,2.03261,-0.00255663,1.10189,-0.00843824,2.04181
13.462,-0.00244706,1.07704,-0.00893997,2.03261,-0.00255663,1.10191,-0.00839263,2.04181
13.464,-0.00241054,1.07702,-0.00889436,2.03261,-0.00252011,1.10191,-0.00848385,2.04173
13.466,-0.00241054,1.07702,-0.00889436,2.03261,-0.00255663,1.10189,-0.00843824,2.04181
13.468,-0.00241054,1.07702,-0.00889436,2.03261,-0.00252011,1.10186,-0.00848385,2.04173
13.47,-0.00241054,1.07702,-0.00889436,2.03261,-0.00255663,1.10189,-0.00843824,2.04173
13.472,-0.00244706,1.07704,-0.00893997,2.03261,-0.00252011,1.10189,-0.00843824,2.04181
13.474,-0.00244706,1.07704,-0.00893997,2.03261,-0.00252011,1.10189,-0.00843824,2.04181
13.476,-0.00241054,1.07704,-0.00893997,2.03261,-0.00252011,1.10189,-0.00843824,2.04173
13.478,-0.00244706,1.07702,-0.00889436,2.03261,-0.00252011,1.10189,-0.00843824,2.04173
13.48,-0.00241054,1.07702,-0.00889436,2.03261,-0.00255663,1.10189,-0.00843824,2.04181
13.482,-0.00244706,1.07702,-0.00889436,2.03261,-0.00255663,1.10189,-0.00843824,2.04173
13.484,-0.00244706,1.07704,-0.00893997,2.03261,-0.00255663,1.10189,-0.00843824,2.04181
13.486,-0.00244706,1.07702,-0.00889436,2.03269,-0.00255663,1.10186,-0.00848385,2.04173
13.488,-0.00244706,1.07702,-0.00889436,2.03261,-0.00252011,1.10186,-0.00848385,2.04173
13.49,-0.00244706,1.07702,-0.00889436,2.03261,-0.00252011,1.10189,-0.00843824,2.04181
13.492,-0.00244706,1.07702,-0.00889436,2.03261,-0.00255663,1.10189,-0.00843824,2.04173
13.494,-0.00244706,1.07702,-0.00889436,2.03261,-0.00255663,1.10189,-0.00843824,2.04173
13.496,-0.00244706,1.07702,-0.00889436,2.03261,-0.00252011,1.10189,-0.00843824,2.04173
13.498,-0.00241054,1.07702,-0.00889436,2.03261,-0.00255663,1.10189,-0.00843824,2.04173
13.5,-0.00241054,1.07704,-0.00893997,2.03261,-0.00255663,1.10189,-0.00843824,2.04181
13.502,-0.00241054,1.07702,-0.00889436,2.03261,-0.00255663,1.10189,-0.00843824,2.04173
13.504,-0.00241054,1.07702,-0.00889436,2.03261,-0.00255663,1.10189,-0.00843824,2.04173
13.506,-0.00244706,1.07702,-0.00889436,2.03261,-0.00252011,1.10189,-0.00843824,2.04173
13.508,-0.00244706,1.07704,-0.00893997,2.03261,-0.00255663,1.10186,-0.00848385,2.04181
13.51,-0.00241054,1.07704,-0.00893997,2.03261,-0.00252011,1.10189,-0.00843824,2.04173
13.512,-0.00241054,1.07702,-0.00889436,2.03261,-0.00255663,1.10189,-0.00843824,2.04173
13.514,-0.00241054,1.07702,-0.00889436,2.03261,-0.00255663,1.10189,-0.00843824,2.04181
13.516,-0.00244706,1.07702,-0.00889436,2.03261,-0.00255663,1.10189,-0.00843824,2.04173
13.518,-0.00241054,1.07704,-0.00893997,2.03261,-0.00252011,1.10189,-0.00843824,2.04173
13.52,-0.00244706,1.07704,-0.00893997,2.03261,-0.00252011,1.10186,-0.00848385,2.04173
13.522,-0.00244706,1.07702,-0.00889436,2.03261,-0.00252011,1.10186,-0.00848385,2.04181
13.524,-0.00241054,1.07702,-0.00889436,2.03261,-0.00255663,1.10189,-0.00843824,2.04173
13.526,-0.00244706,1.07707,-0.00889436,2.03261,-0.00252011,1.10189,-0.00843824,2.04173
13.528,-0.00241054,1.07704,-0.00893997,2.03261,-0.00252011,1.10189,-0.00843824,2.04181
13.53,-0.00244706,1.07702,-0.00889436,2.03261,-0.00252011,1.10189,-0.00843824,2.04181
13.532,-0.00241054,1.07702,-0.00889436,2.03261,-0.00255663,1.10189,-0.00843824,2.04173
13.534,-0.00244706,1.07702,-0.00889436,2.03261,-0.00255663,1.10191,-0.00839263,2.04173
13.536,-0.00241054,1.07704,-0.00893997,2.03261,-0.00252011,1.10189,-0.00843824,2.04173
13.538,-0.00241054,1.07704,-0.00893997,2.03261,-0.00259316,1.10186,-0.00848385,2.04173
13.54,-0.00241054,1.07707,-0.00889436,2.03261,-0.00252011,1.10189,-0.00843824,2.04173
13.542,-0.00241054,1.07702,-0.00889436,2.03261,-0.00255663,1.10189,-0.00843824,2.04173
13.544,-0.00241054,1.07702,-0.00889436,2.03261,-0.00252011,1.10186,-0.00848385,2.04173
13.546,-0.00244706,1.07702,-0.00889436,2.03261,-0.00252011,1.10189,-0.00843824,2.04173
13.548,-0.00241054,1.07702,-0.00889436,2.03261,-0.00255663,1.10189,-0.00843824,2.04173
13.55,-0.00241054,1.07704,-0.00893997,2.03261,-0.00259316,1.10189,-0.00843824,2.04173
13.552,-0.00241054,1.07704,-0.00893997,2.03261,-0.00255663,1.10189,-0.00843824,2.04173
13.554,-0.00244706,1.07702,-0.00889436,2.03261,-0.00255663,1.10186,-0.00848385,2.04173
13.556,-0.00244706,1.07702,-0.00889436,2.03261,-0.00252011,1.10189,-0.00843824,2.04173
13.558,-0.00241054,1.07704,-0.00893997,2.03261,-0.00252011,1.10189,-0.00843824,2.04173
13.56,-0.00241054,1.07702,-0.00889436,2.03261,-0.00255663,1.10189,-0.00843824,2.04173
13.562,-0.00244706,1.07704,-0.00893997,2.03261,-0.00255663,1.10189,-0.00843824,2.04173
13.564,-0.00244706,1.07704,-0.00884875,2.03261,-0.00248359,1.10189,-0.00843824,2.04181
13.566,-0.00241054,1.07702,-0.00889436,2.03261,-0.00248359,1.10186,-0.00848385,2.04181
13.568,-0.00244706,1.07702,-0.00889436,2.03261,-0.00255663,1.10186,-0.00848385,2.04173
13.57,-0.00241054,1.07704,-0.00893997,2.03261,-0.00255663,1.10189,-0.00843824,2.04173
13.572,-0.00241054,1.07704,-0.00893997,2.03261,-0.00252011,1.10189,-0.00843824,2.04173
13.574,-0.00241054,1.07704,-0.00893997,2.03261,-0.00255663,1.10189,-0.00843824,2.04181
13.576,-0.00241054,1.07702,-0.00889436,2.03261,-0.00252011,1.10189,-0.00843824,2.04181
13.578,-0.00241054,1.07702,-0.00889436,2.03261,-0.00259316,1.10186,-0.00848385,2.04181
13.58,-0.00244706,1.07702,-0.00889436,2.03261,-0.00255663,1.10189,-0.00843824,2.04181
13.582,-0.00241054,1.07702,-0.00889436,2.03261,-0.00255663,1.10189,-0.00843824,2.04173
13.584,-0.00244706,1.07704,-0.00893997,2.03261,-0.00248359,1.10189,-0.00843824,2.04181
13.586,-0.00241054,1.07702,-0.00889436,2.03261,-0.00255663,1.10189,-0.00843824,2.04173
13.588,-0.00241054,1.07702,-0.00889436,2.03261,-0.00259316,1.10189,-0.00843824,2.04181
13.59,-0.00241054,1.07702,-0.00889436,2.03261,-0.00255663,1.10189,-0.00843824,2.04173
13.592,-0.00241054,1.07702,-0.00889436,2.03269,-0.00252011,1.10189,-0.00843824,2.04173
13.594,-0.00244706,1.07704,-0.00893997,2.03261,-0.00255663,1.10186,-0.00848385,2.04181
13.596,-0.00244706,1.07704,-0.00893997,2.03261,-0.00255663,1.10186,-0.00848385,2.04181
13.598,-0.00241054,1.07702,-0.00889436,2.03261,-0.00252011,1.10189,-0.00843824,2.04181
13.6,-0.00241054,1.07702,-0.00889436,2.03261,-0.00259316,1.10189,-0.00843824,2.04173
13.602,-0.00244706,1.07702,-0.00889436,2.03261,-0.00255663,1.10189,-0.00843824,2.04181
13.604,-0.00244706,1.07702,-0.00889436,2.03261,-0.00255663,1.10189,-0.00843824,2.04181
13.606,-0.00244706,1.07704,-0.00893997,2.03261,-0.00255663,1.10186,-0.00848385,2.04173
13.608,-0.00244706,1.07704,-0.00884875,2.03261,-0.00255663,1.10189,-0.00843824,2.04173
13.61,-0.00241054,1.07702,-0.00889436,2.03261,-0.00252011,1.10189,-0.00843824,2.04181
13.612,-0.00244706,1.07704,-0.00884875,2.03261,-0.00252011,1.10189,-0.00843824,2.04173
13.614,-0.00241054,1.07707,-0.00889436,2.03261,-0.00255663,1.10189,-0.00843824,2.04173
13.616,-0.00244706,1.07704,-0.00893997,2.03261,-0.00252011,1.10189,-0.00843824,2.04181
13.618,-0.00244706,1.07702,-0.00889436,2.03261,-0.00255663,1.10189,-0.00843824,2.04181
13.62,-0.00244706,1.07702,-0.00889436,2.03261,-0.00255663,1.10189,-0.00843824,2.04181
13.622,-0.00241054,1.07704,-0.00884875,2.03261,-0.00252011,1.10189,-0.00843824,2.04181
13.624,-0.00241054,1.07704,-0.00893997,2.03261,-0.00252011,1.10186,-0.00848385,2.04173
13.626,-0.00241054,1.07702,-0.00889436,2.03261,-0.00252011,1.10186,-0.00839263,2.04181
13.628,-0.00241054,1.07704,-0.00884875,2.03261,-0.00255663,1.10191,-0.00839263,2.04181
13.63,-0.00244706,1.07704,-0.00893997,2.03261,-0.00255663,1.10189,-0.00843824,2.04173
13.632,-0.00241054,1.07702,-0.00889436,2.03261,-0.00252011,1.10189,-0.00843824,2.04181
13.634,-0.00241054,1.07702,-0.00889436,2.03261,-0.00255663,1.10191,-0.00839263,2.04181
13.636,-0.00241054,1.07702,-0.00889436,2.03261,-0.00252011,1.10186,-0.00848385,2.04173
13.638,-0.00244706,1.07704,-0.00893997,2.03261,-0.00252011,1.10189,-0.00843824,2.04173
13.64,-0.00241054,1.07704,-0.00893997,2.03269,-0.00252011,1.10189,-0.00843824,2.04173
13.642,-0.00244706,1.07704,-0.00893997,2.03269,-0.00255663,1.10189,-0.00843824,2.04173
13.644,-0.00241054,1.07702,-0.00889436,2.03261,-0.00252011,1.10189,-0.00843824,2.04181
13.646,-0.00241054,1.07702,-0.00889436,2.03261,-0.00252011,1.10189,-0.00843824,2.04181
13.648,-0.00241054,1.07704,-0.00884875,2.03261,-0.00255663,1.10189,-0.00843824,2.04173
13.65,-0.00244706,1.07702,-0.00889436,2.03261,-0.00252011,1.10189,-0.00843824,2.04181
13.652,-0.00244706,1.07702,-0.00889436,2.03261,-0.00252011,1.10191,-0.00839263,2.04173
13.654,-0.00241054,1.07702,-0.00889436,2.03261,-0.00252011,1.10189,-0.00843824,2.04173
13.656,-0.00241054,1.07704,-0.00893997,2.03261,-0.00252011,1.10189,-0.00843824,2.04173
13.658,-0.00244706,1.07702,-0.00889436,2.03261,-0.00255663,1.10189,-0.00843824,2.04173
13.66,-0.00241054,1.07704,-0.00893997,2.03261,-0.00255663,1.10189,-0.00843824,2.04173
13.662,-0.00241054,1.07702,-0.00889436,2.03261,-0.00255663,1.10189,-0.00843824,2.04173
13.664,-0.00241054,1.07702,-0.00889436,2.03261,-0.00248359,1.10189,-0.00843824,2.04181
13.666,-0.00244706,1.07707,-0.00889436,2.03252,-0.00255663,1.10189,-0.00843824,2.04173
13.668,-0.00241054,1.07702,-0.00889436,2.03261,-0.00252011,1.10189,-0.00843824,2.04173
13.67,-0.00241054,1.07702,-0.00889436,2.03261,-0.00252011,1.10189,-0.00843824,2.04173
13.672,-0.00241054,1.07702,-0.00889436,2.03261,-0.00255663,1.10189,-0.00843824,2.04181
13.674,-0.00241054,1.07702,-0.00889436,2.03261,-0.00252011,1.10191,-0.00839263,2.04181
13.676,-0.00241054,1.07702,-0.00889436,2.03269,-0.00255663,1.10186,-0.00848385,2.04181
13.678,-0.00241054,1.07704,-0.00884875,2.03261,-0.00252011,1.10189,-0.00843824,2.04173
13.68,-0.00244706,1.07702,-0.00889436,2.03261,-0.00255663,1.10189,-0.00843824,2.04173
13.682,-0.00244706,1.07702,-0.00889436,2.03261,-0.00252011,1.10189,-0.00843824,2.04173
13.684,-0.00244706,1.07702,-0.00889436,2.03269,-0.00259316,1.10189,-0.00843824,2.04181
13.686,-0.00241054,1.07704,-0.00884875,2.03261,-0.00255663,1.10189,-0.00843824,2.04173
13.688,-0.00241054,1.07702,-0.00889436,2.03269,-0.00252011,1.10189,-0.00843824,2.04181
13.69,-0.00241054,1.07702,-0.00889436,2.03261,-0.00255663,1.10189,-0.00843824,2.04173
13.692,-0.00244706,1.07702,-0.00889436,2.03261,-0.00255663,1.10189,-0.00843824,2.04173
13.694,-0.00241054,1.07707,-0.00889436,2.03261,-0.00255663,1.10189,-0.00843824,2.04181
13.696,-0.00241054,1.07702,-0.00889436,2.03261,-0.00252011,1.10189,-0.00843824,2.04173
13.698,-0.00244706,1.07702,-0.00889436,2.03261,-0.00255663,1.10189,-0.00843824,2.04173
13.7,-0.00244706,1.07702,-0.00889436,2.03261,-0.00259316,1.10186,-0.00848385,2.04173
13.702,-0.00241054,1.07704,-0.00893997,2.03261,-0.00252011,1.10189,-0.00843824,2.04173
13.704,-0.00241054,1.07704,-0.00884875,2.03261,-0.00252011,1.10189,-0.00843824,2.04181
13.706,-0.00241054,1.07704,-0.00884875,2.03261,-0.00255663,1.10189,-0.00843824,2.04181
13.708,-0.00241054,1.07704,-0.00893997,2.03261,-0.00259316,1.10189,-0.00843824,2.04181
13.71,-0.00244706,1.07702,-0.00889436,2.03261,-0.00255663,1.10189,-0.00843824,2.04181
13.712,-0.00244706,1.07702,-0.00889436,2.03261,-0.00252011,1.10189,-0.00843824,2.04181
13.714,-0.00241054,1.07702,-0.00889436,2.03261,-0.00255663,1.10189,-0.00843824,2.04181
13.716,-0.00244706,1.07702,-0.00889436,2.03269,-0.00255663,1.10186,-0.00848385,2.04173
13.718,-0.00244706,1.07702,-0.00889436,2.03261,-0.00252011,1.10183,-0.00843824,2.04181
13.72,-0.00241054,1.07704,-0.00893997,2.03261,-0.00252011,1.10189,-0.00843824,2.04173
13.722,-0.00241054,1.07704,-0.00893997,2.03261,-0.00255663,1.10191,-0.00839263,2.04181
13.724,-0.00241054,1.07702,-0.00889436,2.03261,-0.00252011,1.10189,-0.00843824,2.04164
13.726,-0.00241054,1.07702,-0.00889436,2.03261,-0.00252011,1.10189,-0.00843824,2.04173
13.728,-0.00241054,1.07702,-0.00889436,2.03261,-0.00252011,1.10189,-0.00843824,2.04173
13.73,-0.00241054,1.07702,-0.00889436,2.03261,-0.00252011,1.10189,-0.00843824,2.04173
13.732,-0.00241054,1.07704,-0.00893997,2.03261,-0.00255663,1.10189,-0.00843824,2.04173
13.734,-0.00241054,1.07702,-0.00889436,2.03261,-0.00255663,1.10189,-0.00843824,2.04181
13.736,-0.00241054,1.07702,-0.00889436,2.03261,-0.00255663,1.10189,-0.00843824,2.04181
13.738,-0.00241054,1.07702,-0.00889436,2.03261,-0.00252011,1.10186,-0.00848385,2.04181
13.74,-0.00241054,1.07702,-0.00889436,2.03261,-0.00252011,1.10186,-0.00848385,2.04181
13.742,-0.00241054,1.07704,-0.00893997,2.03261,-0.00255663,1.10189,-0.00843824,2.04173
13.744,-0.00241054,1.07704,-0.00893997,2.03261,-0.00255663,1.10189,-0.00843824,2.04181
13.746,-0.00241054,1.07702,-0.00889436,2.03261,-0.00252011,1.10186,-0.00848385,2.04173
13.748,-0.00241054,1.07702,-0.00889436,2.03261,-0.00252011,1.10191,-0.00848385,2.04173
13.75,-0.00244706,1.07702,-0.00889436,2.03261,-0.00252011,1.10189,-0.00843824,2.04173
13.752,-0.00241054,1.07707,-0.00889436,2.03261,-0.00252011,1.10186,-0.00848385,2.04181
13.754,-0.00241054,1.07702,-0.00889436,2.03261,-0.00255663,1.10191,-0.00839263,2.04173
13.756,-0.00241054,1.07704,-0.00893997,2.03269,-0.00259316,1.10189,-0.00843824,2.04173
13.758,-0.00241054,1.07707,-0.00889436,2.03269,-0.00252011,1.10189,-0.00843824,2.04173
13.76,-0.00241054,1.07702,-0.00889436,2.03269,-0.00255663,1.10189,-0.00843824,2.04173
13.762,-0.00241054,1.07702,-0.00889436,2.03261,-0.00255663,1.10189,-0.00843824,2.04173
13.764,-0.00241054,1.07702,-0.00889436,2.03261,-0.00252011,1.10186,-0.00848385,2.04181
13.766,-0.00241054,1.07702,-0.00889436,2.03261,-0.00252011,1.10189,-0.00843824,2.04173
13.768,-0.00241054,1.07702,-0.00889436,2.03261,-0.00255663,1.10189,-0.00843824,2.04181
13.77,-0.00241054,1.07704,-0.00884875,2.03261,-0.00252011,1.10189,-0.00843824,2.04181
13.772,-0.00241054,1.07704,-0.00884875,2.03261,-0.00252011,1.10189,-0.00843824,2.04173
13.774,-0.00241054,1.07704,-0.00893997,2.03261,-0.00255663,1.10189,-0.00843824,2.04173
13.776,-0.00244706,1.07702,-0.00889436,2.03261,-0.00255663,1.10186,-0.00848385,2.04173
13.778,-0.00244706,1.07702,-0.00889436,2.03261,-0.00252011,1.10189,-0.00843824,2.04181
13.78,-0.00244706,1.07702,-0.00889436,2.03261,-0.00255663,1.10189,-0.00843824,2.04181
13.782,-0.00241054,1.07702,-0.00889436,2.03261,-0.00255663,1.10189,-0.00843824,2.04181
13.784,-0.00244706,1.07702,-0.00889436,2.03261,-0.00255663,1.10189,-0.00843824,2.04173
13.786,-0.00244706,1.07702,-0.00889436,2.03261,-0.00252011,1.10189,-0.00843824,2.04173
13.788,-0.00241054,1.07702,-0.00889436,2.03261,-0.00255663,1.10191,-0.00839263,2.04173
13.79,-0.00241054,1.07704,-0.00893997,2.03261,-0.00255663,1.10189,-0.00843824,2.04181
13.792,-0.00241054,1.07702,-0.00889436,2.03261,-0.00252011,1.10189,-0.00843824,2.04173
13.794,-0.00241054,1.07702,-0.00889436,2.03261,-0.00252011,1.10189,-0.00843824,2.04173
13.796,-0.00241054,1.07702,-0.00889436,2.03261,-0.00252011,1.10189,-0.00843824,2.04181
13.798,-0.00241054,1.07702,-0.00889436,2.03261,-0.00259316,1.10189,-0.00843824,2.04173
13.8,-0.00244706,1.07702,-0.00889436,2.03261,-0.00252011,1.10189,-0.00843824,2.04173
13.802,-0.00241054,1.07702,-0.00889436,2.03261,-0.00255663,1.10189,-0.00843824,2.04181
13.804,-0.00244706,1.07702,-0.00889436,2.03261,-0.00255663,1.10189,-0.00843824,2.04181
13.806,-0.00244706,1.07702,-0.00889436,2.03261,-0.00252011,1.10189,-0.00843824,2.04173
13.808,-0.00244706,1.07702,-0.00889436,2.03261,-0.00255663,1.10186,-0.00848385,2.04173
13.81,-0.00241054,1.07702,-0.00889436,2.03261,-0.00252011,1.10189,-0.00843824,2.04173
13.812,-0.00241054,1.07702,-0.00889436,2.03261,-0.00252011,1.10191,-0.00839263,2.04181
13.814,-0.00244706,1.07702,-0.00889436,2.03261,-0.00255663,1.10189,-0.00843824,2.04181
13.816,-0.00244706,1.07707,-0.00889436,2.03261,-0.00252011,1.10189,-0.00843824,2.04173
13.818,-0.00244706,1.07702,-0.00889436,2.03261,-0.00252011,1.10186,-0.00848385,2.04173
13.82,-0.00244706,1.07702,-0.00889436,2.03261,-0.00255663,1.10186,-0.00848385,2.04173
13.822,-0.00241054,1.07702,-0.00889436,2.03261,-0.00252011,1.10191,-0.00848385,2.04181
13.824,-0.00244706,1.07702,-0.00889436,2.03261,-0.00255663,1.10189,-0.00843824,2.04181
13.826,-0.00241054,1.07702,-0.00889436,2.03261,-0.00255663,1.10186,-0.00839263,2.04181
13.828,-0.00241054,1.07702,-0.00889436,2.03261,-0.00248359,1.10186,-0.00839263,2.04181
13.83,-0.00244706,1.07702,-0.00889436,2.03261,-0.00259316,1.10189,-0.00843824,2.04173
13.832,-0.00241054,1.07704,-0.00893997,2.03261,-0.00259316,1.10186,-0.00848385,2.04173
13.834,-0.00244706,1.07702,-0.00889436,2.03261,-0.00255663,1.10189,-0.00843824,2.04173
13.836,-0.00241054,1.07702,-0.00889436,2.03261,-0.00255663,1.10186,-0.00848385,2.04181
13.838,-0.00244706,1.07702,-0.00889436,2.03261,-0.00252011,1.10186,-0.00848385,2.04173
13.84,-0.00241054,1.07704,-0.00884875,2.03261,-0.00255663,1.10191,-0.00839263,2.04173
13.842,-0.00244706,1.07704,-0.00893997,2.03261,-0.00255663,1.10189,-0.00843824,2.04181
13.844,-0.00244706,1.07707,-0.00889436,2.03261,-0.00255663,1.10186,-0.00848385,2.04173
13.846,-0.00244706,1.07702,-0.00889436,2.03261,-0.00252011,1.10189,-0.00843824,2.04173
13.848,-0.00244706,1.07702,-0.00889436,2.03261,-0.00255663,1.10189,-0.00843824,2.04173
13.85,-0.00241054,1.07704,-0.00884875,2.03261,-0.00255663,1.10186,-0.00848385,2.04173
13.852,-0.00241054,1.07702,-0.00889436,2.03261,-0.00255663,1.10189,-0.00843824,2.04173
13.854,-0.00241054,1.07704,-0.00893997,2.03261,-0.00255663,1.10189,-0.00843824,2.04181
13.856,-0.00244706,1.07702,-0.00889436,2.03261,-0.00248359,1.10189,-0.00843824,2.04181
13.858,-0.00241054,1.07702,-0.00889436,2.03261,-0.00255663,1.10189,-0.00843824,2.04181
13.86,-0.00244706,1.07702,-0.00889436,2.03261,-0.00255663,1.10189,-0.00843824,2.04181
13.862,-0.00241054,1.07704,-0.00893997,2.03261,-0.00255663,1.10189,-0.00843824,2.04181
13.864,-0.00241054,1.07704,-0.00884875,2.03261,-0.00255663,1.10189,-0.00843824,2.04173
13.866,-0.00244706,1.07707,-0.00889436,2.03261,-0.00252011,1.10189,-0.00843824,2.04181
13.868,-0.00241054,1.07702,-0.00889436,2.03261,-0.00255663,1.10189,-0.00843824,2.04181
13.87,-0.00241054,1.07702,-0.00889436,2.03261,-0.00252011,1.10189,-0.00843824,2.04173
13.872,-0.00241054,1.07702,-0.00889436,2.03261,-0.00255663,1.10186,-0.00839263,2.04173
13.874,-0.00241054,1.07702,-0.00889436,2.03261,-0.00252011,1.10189,-0.00843824,2.04173
13.876,-0.00241054,1.07702,-0.00889436,2.03261,-0.00255663,1.10189,-0.00843824,2.04173
13.878,-0.00241054,1.07704,-0.00884875,2.03261,-0.00255663,1.10189,-0.00843824,2.04173
13.88,-0.00241054,1.07702,-0.00889436,2.03261,-0.00255663,1.10189,-0.00843824,2.04173
13.882,-0.00244706,1.07704,-0.00893997,2.03261,-0.00255663,1.10189,-0.00843824,2.04173
13.884,-0.00244706,1.07702,-0.00889436,2.03261,-0.00252011,1.10189,-0.00843824,2.04181
13.886,-0.00244706,1.07704,-0.00884875,2.03261,-0.00252011,1.10189,-0.00843824,2.04173
13.888,-0.00241054,1.07702,-0.00889436,2.03261,-0.00248359,1.10189,-0.00843824,2.04181
13.89,-0.00241054,1.07702,-0.00889436,2.03261,-0.00255663,1.10189,-0.00843824,2.04181
13.892,-0.00241054,1.07704,-0.00893997,2.03261,-0.00255663,1.10189,-0.00843824,2.04173
13.894,-0.00241054,1.07702,-0.00889436,2.03261,-0.00255663,1.10189,-0.00843824,2.04173
13.896,-0.00241054,1.07702,-0.00889436,2.03261,-0.00252011,1.10189,-0.00843824,2.04173
13.898,-0.00244706,1.07702,-0.00889436,2.03261,-0.00252011,1.10189,-0.00843824,2.04181
13.9,-0.00241054,1.07702,-0.00889436,2.03261,-0.00252011,1.10189,-0.00843824,2.04181
13.902,-0.00244706,1.07702,-0.00889436,2.03261,-0.00255663,1.10191,-0.00839263,2.04173
13.904,-0.00241054,1.07704,-0.00893997,2.03261,-0.00252011,1.10189,-0.00843824,2.04173
13.906,-0.00241054,1.07704,-0.00893997,2.03261,-0.00255663,1.10189,-0.00843824,2.04181
13.908,-0.00241054,1.07702,-0.00889436,2.03261,-0.00255663,1.10189,-0.00843824,2.04181
13.91,-0.00241054,1.07702,-0.00889436,2.03261,-0.00248359,1.10186,-0.00848385,2.04181
13.912,-0.00241054,1.07702,-0.00889436,2.03261,-0.00252011,1.10186,-0.00848385,2.04173
13.914,-0.00244706,1.07702,-0.00889436,2.03261,-0.00255663,1.10189,-0.00843824,2.04173
13.916,-0.00244706,1.07702,-0.00889436,2.03261,-0.00255663,1.10189,-0.00843824,2.04181
13.918,-0.00241054,1.07702,-0.00889436,2.03261,-0.00252011,1.10191,-0.00848385,2.04181
13.92,-0.00244706,1.07704,-0.00893997,2.03261,-0.00255663,1.10194,-0.00843824,2.04173
13.922,-0.00244706,1.07702,-0.00889436,2.03261,-0.00252011,1.10186,-0.00848385,2.04173
13.924,-0.00244706,1.07704,-0.00893997,2.03261,-0.00255663,1.10189,-0.00843824,2.04173
13.926,-0.00241054,1.07704,-0.00893997,2.03261,-0.00255663,1.10189,-0.00843824,2.04173
13.928,-0.00241054,1.07702,-0.00889436,2.03261,-0.00255663,1.10189,-0.00843824,2.04181
13.93,-0.00241054,1.07704,-0.00893997,2.03261,-0.00255663,1.10189,-0.00843824,2.04181
13.932,-0.00241054,1.07702,-0.00889436,2.03261,-0.00252011,1.10189,-0.00843824,2.04173
13.934,-0.00241054,1.07702,-0.00889436,2.03261,-0.00252011,1.10186,-0.00848385,2.04181
13.936,-0.00244706,1.07702,-0.00889436,2.03261,-0.00252011,1.10189,-0.00843824,2.04173
13.938,-0.00241054,1.07702,-0.00889436,2.03261,-0.00255663,1.10189,-0.00843824,2.04173
13.94,-0.00241054,1.07704,-0.00893997,2.03261,-0.00259316,1.10189,-0.00843824,2.04173
13.942,-0.00241054,1.07704,-0.00893997,2.03261,-0.00255663,1.10186,-0.00848385,2.04173
13.944,-0.00241054,1.07702,-0.00889436,2.03261,-0.00255663,1.10189,-0.00843824,2.04173
13.946,-0.00241054,1.07702,-0.00889436,2.03261,-0.00252011,1.10189,-0.00843824,2.04181
13.948,-0.00244706,1.07704,-0.00893997,2.03261,-0.00255663,1.10186,-0.00848385,2.04173
13.95,-0.00244706,1.07702,-0.00889436,2.03261,-0.00259316,1.10189,-0.00843824,2.04173
13.952,-0.00244706,1.07704,-0.00893997,2.03252,-0.00252011,1.10189,-0.00843824,2.04173
13.954,-0.00244706,1.07702,-0.00889436,2.03261,-0.00252011,1.10191,-0.00848385,2.04181
13.956,-0.00241054,1.07702,-0.00889436,2.03261,-0.00255663,1.10186,-0.00848385,2.04173
13.958,-0.00241054,1.07702,-0.00889436,2.03261,-0.00255663,1.10191,-0.00848385,2.04181
13.96,-0.00241054,1.07702,-0.00889436,2.03261,-0.00255663,1.10189,-0.00843824,2.04181
13.962,-0.00241054,1.07704,-0.00893997,2.03261,-0.00255663,1.10189,-0.00843824,2.04173
13.964,-0.00241054,1.07702,-0.00889436,2.03261,-0.00252011,1.10186,-0.00839263,2.04181
13.966,-0.00241054,1.07704,-0.00893997,2.03261,-0.00255663,1.10189,-0.00843824,2.04173
13.968,-0.00244706,1.07702,-0.00889436,2.03261,-0.00252011,1.10189,-0.00843824,2.04173
13.97,-0.00244706,1.07702,-0.00889436,2.03261,-0.00255663,1.10189,-0.00843824,2.04181
13.972,-0.00244706,1.07702,-0.00889436,2.03261,-0.00252011,1.10189,-0.00843824,2.04181
13.974,-0.00241054,1.07702,-0.00889436,2.03269,-0.00252011,1.10189,-0.00843824,2.04181
13.976,-0.00241054,1.07702,-0.00889436,2.03269,-0.00252011,1.10189,-0.00843824,2.04181
13.978,-0.00241054,1.07704,-0.00893997,2.03269,-0.00255663,1.10189,-0.00843824,2.04181
13.98,-0.00241054,1.07702,-0.00889436,2.03261,-0.00255663,1.10189,-0.00843824,2.04181
13.982,-0.00244706,1.07704,-0.00884875,2.03261,-0.00252011,1.10189,-0.00843824,2.04181
13.984,-0.00244706,1.07702,-0.00889436,2.03269,-0.00252011,1.10189,-0.00843824,2.04173
13.986,-0.00241054,1.07702,-0.00889436,2.03269,-0.00255663,1.10189,-0.00843824,2.04181
13.988,-0.00241054,1.07704,-0.00893997,2.03269,-0.00252011,1.10189,-0.00843824,2.04173
13.99,-0.00241054,1.07702,-0.00889436,2.03261,-0.00255663,1.10189,-0.00843824,2.04173
13.992,-0.00241054,1.07704,-0.00893997,2.03261,-0.00252011,1.10186,-0.00848385,2.04181
13.994,-0.00241054,1.07704,-0.00893997,2.03261,-0.00252011,1.10189,-0.00843824,2.04181
13.996,-0.00241054,1.07702,-0.00889436,2.03261,-0.00255663,1.10189,-0.00843824,2.04181
13.998,-0.00241054,1.07704,-0.00893997,2.03261,-0.00252011,1.10189,-0.00843824,2.04181
14,-0.00241054,1.07704,-0.00884875,2.03261,-0.00252011,1.10189,-0.00843824,2.04173
14.002,-0.00241054,1.07702,-0.00889436,2.03261,-0.00255663,1.10189,-0.00843824,2.04181
14.004,-0.00244706,1.07702,-0.00889436,2.03261,-0.00255663,1.10186,-0.00848385,2.04173
14.006,-0.00241054,1.07702,-0.00889436,2.03261,-0.00252011,1.10189,-0.00843824,2.04181
14.008,-0.00241054,1.07704,-0.00884875,2.03261,-0.00255663,1.10186,-0.00848385,2.04173
14.01,-0.00241054,1.07704,-0.00893997,2.03261,-0.00255663,1.10189,-0.00843824,2.04181
14.012,-0.00241054,1.07704,-0.00893997,2.03261,-0.00255663,1.10191,-0.00839263,2.04181
14.014,-0.00244706,1.07702,-0.00889436,2.03261,-0.00255663,1.10189,-0.00843824,2.04181
14.016,-0.00244706,1.07702,-0.00889436,2.03261,-0.00252011,1.10189,-0.00843824,2.04181
14.018,-0.00241054,1.07704,-0.00884875,2.03261,-0.00252011,1.10186,-0.00848385,2.04173
14.02,-0.00241054,1.07704,-0.00893997,2.03261,-0.00255663,1.10186,-0.00848385,2.04181
14.022,-0.00241054,1.07704,-0.00893997,2.03261,-0.00255663,1.10186,-0.00848385,2.04173
14.024,-0.00241054,1.07702,-0.00889436,2.03261,-0.00255663,1.10189,-0.00843824,2.04173
14.026,-0.00244706,1.07707,-0.00889436,2.03261,-0.00255663,1.10186,-0.00839263,2.04181
14.028,-0.00241054,1.07702,-0.00889436,2.03261,-0.00252011,1.10189,-0.00843824,2.04181
14.03,-0.00241054,1.07702,-0.00889436,2.03261,-0.00255663,1.10189,-0.00843824,2.04181
14.032,-0.00241054,1.07702,-0.00889436,2.03261,-0.00255663,1.10189,-0.00843824,2.04181
14.034,-0.00244706,1.07707,-0.00889436,2.03261,-0.00252011,1.10186,-0.00848385,2.04173
14.036,-0.00244706,1.07707,-0.00889436,2.03261,-0.00255663,1.10189,-0.00843824,2.04173
14.038,-0.00244706,1.07704,-0.00893997,2.03269,-0.00252011,1.10186,-0.00848385,2.04181
14.04,-0.00244706,1.07707,-0.00889436,2.03261,-0.00259316,1.10186,-0.00848385,2.04173
14.042,-0.00241054,1.07702,-0.00889436,2.03261,-0.00259316,1.10189,-0.00843824,2.04173
14.044,-0.00244706,1.07702,-0.00889436,2.03261,-0.00255663,1.10189,-0.00834702,2.04173
14.046,-0.00241054,1.07702,-0.00889436,2.03261,-0.00255663,1.10189,-0.00843824,2.04173
14.048,-0.00241054,1.07702,-0.00889436,2.03261,-0.00252011,1.10189,-0.00843824,2.04173
14.05,-0.00244706,1.07702,-0.00889436,2.03261,-0.00252011,1.10189,-0.00843824,2.04173
14.052,-0.00244706,1.07702,-0.00889436,2.03261,-0.00252011,1.10189,-0.00843824,2.04173
14.054,-0.00244706,1.07704,-0.00893997,2.03261,-0.00255663,1.10186,-0.00848385,2.04173
14.056,-0.00244706,1.07702,-0.00889436,2.03261,-0.00252011,1.10189,-0.00843824,2.04173
14.058,-0.00241054,1.07702,-0.00889436,2.03261,-0.00255663,1.10189,-0.00843824,2.04181
14.06,-0.00241054,1.07704,-0.00893997,2.03261,-0.00252011,1.10191,-0.00839263,2.04181
14.062,-0.00241054,1.07704,-0.00893997,2.03261,-0.00255663,1.10189,-0.00843824,2.04173
14.064,-0.00241054,1.07702,-0.00889436,2.03261,-0.00252011,1.10189,-0.00843824,2.04173
14.066,-0.00244706,1.07702,-0.00889436,2.03261,-0.00255663,1.10186,-0.00848385,2.04181
14.068,-0.00244706,1.07704,-0.00884875,2.03261,-0.00255663,1.10186,-0.00848385,2.04173
14.07,-0.00244706,1.07702,-0.00889436,2.03261,-0.00252011,1.10189,-0.00843824,2.04173
14.072,-0.00244706,1.07702,-0.00889436,2.03261,-0.00252011,1.10186,-0.00848385,2.04173
14.074,-0.00241054,1.07704,-0.00893997,2.03261,-0.00252011,1.10189,-0.00843824,2.04181
14.076,-0.00241054,1.07704,-0.00884875,2.03261,-0.00255663,1.10189,-0.00843824,2.04173
14.078,-0.00241054,1.07704,-0.00884875,2.03261,-0.00255663,1.10189,-0.00843824,2.04181
14.08,-0.00244706,1.07702,-0.00889436,2.03261,-0.00252011,1.10189,-0.00843824,2.04181
14.082,-0.00241054,1.07702,-0.00889436,2.03261,-0.00255663,1.10189,-0.00843824,2.04181
14.084,-0.00244706,1.07704,-0.00893997,2.03261,-0.00255663,1.10189,-0.00843824,2.04181
14.086,-0.00244706,1.07707,-0.00889436,2.03261,-0.00252011,1.10189,-0.00843824,2.04173
14.088,-0.00241054,1.07702,-0.00889436,2.03261,-0.00248359,1.10186,-0.00848385,2.04181
14.09,-0.00244706,1.07702,-0.00889436,2.03261,-0.00252011,1.10189,-0.00843824,2.04181
14.092,-0.00241054,1.07707,-0.00889436,2.03261,-0.00252011,1.10189,-0.00843824,2.04181
14.094,-0.00241054,1.07707,-0.00889436,2.03261,-0.00259316,1.10189,-0.00852946,2.04173
14.096,-0.00244706,1.07704,-0.00893997,2.03261,-0.00252011,1.10189,-0.00843824,2.04181
14.098,-0.00241054,1.07702,-0.00889436,2.03261,-0.00255663,1.10186,-0.00848385,2.04173
14.1,-0.00241054,1.07702,-0.00889436,2.03261,-0.00252011,1.10186,-0.00848385,2.04164
14.102,-0.00241054,1.07702,-0.00889436,2.03261,-0.00252011,1.10189,-0.00843824,2.04173
14.104,-0.00244706,1.07704,-0.00893997,2.03261,-0.00252011,1.10189,-0.00843824,2.04181
14.106,-0.00244706,1.07704,-0.00893997,2.03261,-0.00252011,1.10189,-0.00843824,2.04181
14.108,-0.00244706,1.07702,-0.00889436,2.03261,-0.00255663,1.10189,-0.00843824,2.04173
14.11,-0.00244706,1.07702,-0.00889436,2.03261,-0.00252011,1.10189,-0.00843824,2.04181
14.112,-0.00241054,1.07702,-0.00889436,2.03261,-0.00259316,1.10186,-0.00848385,2.04173
14.114,-0.00241054,1.07702,-0.00889436,2.03261,-0.00255663,1.10189,-0.00843824,2.04173
14.116,-0.00241054,1.07702,-0.00889436,2.03261,-0.00252011,1.10186,-0.00848385,2.04173
14.118,-0.00241054,1.07707,-0.00889436,2.03261,-0.00248359,1.10189,-0.00843824,2.04173
14.12,-0.00241054,1.07704,-0.00893997,2.03261,-0.00252011,1.10189,-0.00843824,2.04181
14.122,-0.00241054,1.07704,-0.00884875,2.03261,-0.00248359,1.10189,-0.00843824,2.04181
14.124,-0.00241054,1.07704,-0.00884875,2.03261,-0.00255663,1.10189,-0.00843824,2.04181
14.126,-0.00241054,1.07702,-0.00889436,2.03261,-0.00252011,1.10191,-0.00839263,2.04181
14.128,-0.00241054,1.07702,-0.00889436,2.03261,-0.00252011,1.10189,-0.00843824,2.04181
14.13,-0.00241054,1.07702,-0.00889436,2.03261,-0.00255663,1.10189,-0.00843824,2.04173
14.132,-0.00241054,1.07704,-0.00893997,2.03261,-0.00252011,1.10189,-0.00843824,2.04173
14.134,-0.00241054,1.07704,-0.00893997,2.03261,-0.00252011,1.10189,-0.00843824,2.04173
14.136,-0.00241054,1.07702,-0.00889436,2.03269,-0.00248359,1.10189,-0.00843824,2.04173
14.138,-0.00244706,1.07702,-0.00889436,2.03261,-0.00252011,1.10189,-0.00843824,2.04181
14.14,-0.00244706,1.07702,-0.00889436,2.03261,-0.00255663,1.10189,-0.00843824,2.04181
14.142,-0.00244706,1.07702,-0.00889436,2.03261,-0.00252011,1.10189,-0.00843824,2.04173
14.144,-0.00241054,1.07704,-0.00893997,2.03261,-0.00255663,1.10186,-0.00848385,2.04181
14.146,-0.00241054,1.07704,-0.00893997,2.03261,-0.00255663,1.10189,-0.00843824,2.04173
14.148,-0.00241054,1.07704,-0.00893997,2.03261,-0.00252011,1.10186,-0.00848385,2.04173
14.15,-0.00241054,1.07704,-0.00893997,2.03261,-0.00255663,1.10189,-0.00843824,2.04181
14.152,-0.00241054,1.07704,-0.00893997,2.03261,-0.00252011,1.10189,-0.00843824,2.04173
14.154,-0.00244706,1.07704,-0.00893997,2.03261,-0.00252011,1.10189,-0.00843824,2.04181
14.156,-0.00244706,1.07702,-0.00889436,2.03261,-0.00252011,1.10186,-0.00848385,2.04181
14.158,-0.00244706,1.07702,-0.00889436,2.03261,-0.00255663,1.10186,-0.00848385,2.04181
14.16,-0.00241054,1.07704,-0.00884875,2.03261,-0.00252011,1.10186,-0.00848385,2.04173
14.162,-0.00241054,1.07704,-0.00893997,2.03261,-0.00255663,1.10189,-0.00843824,2.04181
14.164,-0.00241054,1.07702,-0.00889436,2.03261,-0.00259316,1.10186,-0.00848385,2.04181
14.166,-0.00241054,1.07702,-0.00889436,2.03261,-0.00255663,1.10189,-0.00843824,2.04173
14.168,-0.00241054,1.07702,-0.00889436,2.03261,-0.00252011,1.10189,-0.00843824,2.04173
14.17,-0.00241054,1.07702,-0.00889436,2.03261,-0.00252011,1.10189,-0.00843824,2.04173
14.172,-0.00244706,1.07702,-0.00889436,2.03261,-0.00255663,1.10189,-0.00843824,2.04173
14.174,-0.00244706,1.07704,-0.00893997,2.03261,-0.00252011,1.10189,-0.00843824,2.04173
14.176,-0.00241054,1.07704,-0.00893997,2.03261,-0.00255663,1.10186,-0.00848385,2.04173
14.178,-0.00244706,1.07704,-0.00893997,2.03261,-0.00255663,1.10189,-0.00843824,2.04181
14.18,-0.00241054,1.07704,-0.00884875,2.03261,-0.00259316,1.10189,-0.00843824,2.04173
14.182,-0.00241054,1.07702,-0.00889436,2.03261,-0.00255663,1.10189,-0.00843824,2.04173
14.184,-0.00241054,1.07702,-0.00889436,2.03261,-0.00252011,1.10189,-0.00843824,2.04181
14.186,-0.00241054,1.07702,-0.00889436,2.03261,-0.00255663,1.10189,-0.00843824,2.04173
14.188,-0.00241054,1.07704,-0.00893997,2.03261,-0.00252011,1.10189,-0.00843824,2.04173
14.19,-0.00241054,1.07702,-0.00889436,2.03261,-0.00252011,1.10189,-0.00843824,2.04173
14.192,-0.00241054,1.07702,-0.00889436,2.03261,-0.00252011,1.10189,-0.00843824,2.04173
14.194,-0.00241054,1.07702,-0.00889436,2.03261,-0.00252011,1.10186,-0.00848385,2.04181
14.196,-0.00241054,1.07702,-0.00889436,2.03261,-0.00252011,1.10189,-0.00843824,2.04173
14.198,-0.00241054,1.07702,-0.00889436,2.03261,-0.00252011,1.10189,-0.00843824,2.04181
14.2,-0.00241054,1.07702,-0.00889436,2.03261,-0.00255663,1.10189,-0.00843824,2.04173
14.202,-0.00241054,1.07704,-0.00884875,2.03261,-0.00255663,1.10189,-0.00843824,2.04181
14.204,-0.00244706,1.07704,-0.00893997,2.03261,-0.00255663,1.10189,-0.00843824,2.04181
14.206,-0.00244706,1.07702,-0.00889436,2.03261,-0.00255663,1.10186,-0.00848385,2.04173
14.208,-0.00244706,1.07702,-0.00889436,2.03261,-0.00255663,1.10189,-0.00852946,2.04173
14.21,-0.00244706,1.07702,-0.00889436,2.03261,-0.00255663,1.10189,-0.00843824,2.04173
14.212,-0.00241054,1.07702,-0.00889436,2.03261,-0.00255663,1.10189,-0.00843824,2.04173
14.214,-0.00244706,1.07702,-0.00889436,2.03261,-0.00255663,1.10189,-0.00843824,2.04181
14.216,-0.00241054,1.07707,-0.00889436,2.03261,-0.00255663,1.10186,-0.00848385,2.04173
14.218,-0.00241054,1.07707,-0.00889436,2.03261,-0.00255663,1.10186,-0.00848385,2.04173
14.22,-0.00241054,1.07702,-0.00889436,2.03261,-0.00252011,1.10189,-0.00843824,2.04173
14.222,-0.00241054,1.07702,-0.00889436,2.03261,-0.00252011,1.10189,-0.00834702,2.04173
14.224,-0.00244706,1.07702,-0.00889436,2.03261,-0.00252011,1.10189,-0.00843824,2.04181
14.226,-0.00241054,1.07704,-0.00893997,2.03261,-0.00248359,1.10189,-0.00843824,2.04181
14.228,-0.00241054,1.07707,-0.00889436,2.03261,-0.00252011,1.10186,-0.00848385,2.04181
14.23,-0.00244706,1.07704,-0.00884875,2.03261,-0.00255663,1.10186,-0.00848385,2.04173
14.232,-0.00241054,1.07707,-0.00889436,2.03269,-0.00259316,1.10189,-0.00843824,2.04173
14.234,-0.00241054,1.07702,-0.00889436,2.03261,-0.00252011,1.10189,-0.00843824,2.04181
14.236,-0.00241054,1.07702,-0.00889436,2.03261,-0.00255663,1.10189,-0.00843824,2.04173
14.238,-0.00241054,1.07704,-0.00884875,2.03261,-0.00255663,1.10191,-0.00839263,2.04173
14.24,-0.00244706,1.07702,-0.00889436,2.03261,-0.00255663,1.10189,-0.00843824,2.04181
14.242,-0.00241054,1.07702,-0.00889436,2.03261,-0.00252011,1.10191,-0.00839263,2.04173
14.244,-0.00241054,1.07704,-0.00884875,2.03261,-0.00255663,1.10189,-0.00843824,2.04173
14.246,-0.00244706,1.07704,-0.00893997,2.03261,-0.00252011,1.10186,-0.00848385,2.04173
14.248,-0.00244706,1.07704,-0.00893997,2.03261,-0.00252011,1.10189,-0.00843824,2.04181
14.25,-0.00241054,1.07702,-0.00889436,2.03261,-0.00259316,1.10186,-0.00848385,2.04173
14.252,-0.00241054,1.07704,-0.00893997,2.03261,-0.00252011,1.10186,-0.00848385,2.04173
14.254,-0.00241054,1.07702,-0.00889436,2.03261,-0.00255663,1.10186,-0.00848385,2.04181
14.256,-0.00241054,1.07704,-0.00893997,2.03261,-0.00255663,1.10186,-0.00848385,2.04181
14.258,-0.00241054,1.07704,-0.00893997,2.03261,-0.00252011,1.10189,-0.00843824,2.04173
14.26,-0.00241054,1.07704,-0.00884875,2.03261,-0.00255663,1.10189,-0.00843824,2.04173
14.262,-0.00244706,1.07702,-0.00889436,2.03269,-0.00255663,1.10191,-0.00839263,2.04173
14.264,-0.00241054,1.07702,-0.00889436,2.03261,-0.00252011,1.10189,-0.00843824,2.04181
14.266,-0.00241054,1.07702,-0.00889436,2.03261,-0.00252011,1.10189,-0.00843824,2.04181
14.268,-0.00241054,1.07702,-0.00889436,2.03261,-0.00255663,1.10189,-0.00843824,2.04181
14.27,-0.00241054,1.07702,-0.00889436,2.03261,-0.00255663,1.10191,-0.00848385,2.04173
14.272,-0.00241054,1.07702,-0.00889436,2.03261,-0.00255663,1.10189,-0.00843824,2.04173
14.274,-0.00241054,1.07702,-0.00889436,2.03261,-0.00255663,1.10189,-0.00843824,2.04173
14.276,-0.00241054,1.07702,-0.00889436,2.03261,-0.00252011,1.10186,-0.00848385,2.04181
14.278,-0.00241054,1.07702,-0.00889436,2.03261,-0.00259316,1.10189,-0.00843824,2.04181
14.28,-0.00244706,1.07702,-0.00889436,2.03261,-0.00255663,1.10189,-0.00843824,2.04173
14.282,-0.00241054,1.07704,-0.00884875,2.03261,-0.00255663,1.10189,-0.00843824,2.04173
14.284,-0.00244706,1.07704,-0.00893997,2.03261,-0.00255663,1.10189,-0.00843824,2.04173
14.286,-0.00241054,1.07702,-0.00889436,2.03261,-0.00255663,1.10189,-0.00843824,2.04173
14.288,-0.00241054,1.07702,-0.00889436,2.03261,-0.00255663,1.10189,-0.00843824,2.04173
14.29,-0.00241054,1.07702,-0.00889436,2.03261,-0.00252011,1.10186,-0.00839263,2.04181
14.292,-0.00241054,1.07702,-0.00889436,2.03261,-0.00255663,1.10186,-0.00848385,2.04173
14.294,-0.00244706,1.07702,-0.00889436,2.03261,-0.00252011,1.10191,-0.00848385,2.04181
14.296,-0.00244706,1.07702,-0.00889436,2.03261,-0.00252011,1.10186,-0.00848385,2.04173
14.298,-0.00244706,1.07702,-0.00889436,2.03261,-0.00255663,1.10189,-0.00843824,2.04173
14.3,-0.00244706,1.07704,-0.00893997,2.03261,-0.00252011,1.10189,-0.00843824,2.04181
14.302,-0.00241054,1.07702,-0.00889436,2.03261,-0.00252011,1.10189,-0.00843824,2.04181
14.304,-0.00241054,1.07702,-0.00889436,2.03261,-0.00259316,1.10189,-0.00843824,2.04173
14.306,-0.00241054,1.07702,-0.00889436,2.03261,-0.00259316,1.10186,-0.00848385,2.04181
14.308,-0.00241054,1.07702,-0.00889436,2.03261,-0.00252011,1.10191,-0.00848385,2.04181
14.31,-0.00241054,1.07704,-0.00893997,2.03261,-0.00255663,1.10186,-0.00848385,2.04173
14.312,-0.00244706,1.07702,-0.00889436,2.03261,-0.00252011,1.10189,-0.00843824,2.04173
14.314,-0.00244706,1.07704,-0.00884875,2.03261,-0.00255663,1.10191,-0.00848385,2.04173
14.316,-0.00244706,1.07707,-0.00889436,2.03261,-0.00255663,1.10186,-0.00848385,2.04181
14.318,-0.00241054,1.07704,-0.00893997,2.03261,-0.00255663,1.10189,-0.00843824,2.04181
14.32,-0.00241054,1.07702,-0.00889436,2.03261,-0.00255663,1.10186,-0.00848385,2.04173
14.322,-0.00241054,1.07702,-0.00889436,2.03252,-0.00252011,1.10186,-0.00848385,2.04173
14.324,-0.00241054,1.07704,-0.00893997,2.03261,-0.00252011,1.10186,-0.00848385,2.04173
14.326,-0.00241054,1.07704,-0.00893997,2.03269,-0.00252011,1.10186,-0.00848385,2.04173
14.328,-0.00244706,1.07704,-0.00884875,2.03269,-0.00252011,1.10189,-0.00843824,2.04181
14.33,-0.00241054,1.07702,-0.00889436,2.03269,-0.00255663,1.10189,-0.00843824,2.04173
14.332,-0.00241054,1.07702,-0.00889436,2.03261,-0.00255663,1.10189,-0.00843824,2.04181
14.334,-0.00241054,1.07702,-0.00889436,2.03261,-0.00255663,1.10186,-0.00848385,2.04173
14.336,-0.00241054,1.07707,-0.00889436,2.03261,-0.00252011,1.10186,-0.00848385,2.04181
14.338,-0.00241054,1.07707,-0.00889436,2.03261,-0.00255663,1.10189,-0.00843824,2.04173
14.34,-0.00241054,1.07707,-0.00889436,2.03261,-0.00255663,1.10189,-0.00843824,2.04173
14.342,-0.00241054,1.07704,-0.00884875,2.03261,-0.00255663,1.10186,-0.00848385,2.04181
14.344,-0.00241054,1.07702,-0.00889436,2.03269,-0.00255663,1.10189,-0.00843824,2.04173
14.346,-0.00244706,1.07702,-0.00889436,2.03261,-0.00255663,1.10189,-0.00843824,2.04181
14.348,-0.00244706,1.07702,-0.00889436,2.03261,-0.00259316,1.10189,-0.00843824,2.04181
14.35,-0.00241054,1.07702,-0.00889436,2.03261,-0.00255663,1.10189,-0.00843824,2.04181
14.352,-0.00241054,1.07704,-0.00884875,2.03261,-0.00255663,1.10189,-0.00843824,2.04181
14.354,-0.00244706,1.07704,-0.00893997,2.03261,-0.00252011,1.10189,-0.00843824,2.04181
14.356,-0.00241054,1.07704,-0.00884875,2.03261,-0.00252011,1.10189,-0.00843824,2.04173
14.358,-0.00241054,1.07704,-0.00893997,2.03261,-0.00248359,1.10186,-0.00848385,2.04181
14.36,-0.00241054,1.07702,-0.00889436,2.03269,-0.00252011,1.10189,-0.00843824,2.04173
14.362,-0.00241054,1.07702,-0.00889436,2.03261,-0.00255663,1.10186,-0.00848385,2.04173
14.364,-0.00241054,1.07702,-0.00889436,2.03261,-0.00255663,1.10189,-0.00843824,2.04173
14.366,-0.00241054,1.07702,-0.00889436,2.03261,-0.00255663,1.10189,-0.00843824,2.04181
14.368,-0.00241054,1.07702,-0.00889436,2.03261,-0.00255663,1.10186,-0.00848385,2.04173
14.37,-0.00241054,1.07704,-0.00893997,2.03261,-0.00259316,1.10189,-0.00843824,2.04181
14.372,-0.00241054,1.07702,-0.00889436,2.03261,-0.00252011,1.10189,-0.00843824,2.04173
14.374,-0.00244706,1.07704,-0.00884875,2.03261,-0.00255663,1.10189,-0.00843824,2.04173
14.376,-0.00241054,1.07704,-0.00893997,2.03261,-0.00255663,1.10186,-0.00848385,2.04173
14.378,-0.00244706,1.07707,-0.00889436,2.03261,-0.00255663,1.10186,-0.00848385,2.04173
14.38,-0.00241054,1.07704,-0.00884875,2.03261,-0.00255663,1.10189,-0.00843824,2.04173
14.382,-0.00241054,1.07702,-0.00889436,2.03261,-0.00255663,1.10189,-0.00843824,2.04173
14.384,-0.00241054,1.07702,-0.00889436,2.03261,-0.00255663,1.10189,-0.00843824,2.04181
14.386,-0.00241054,1.07704,-0.00884875,2.03261,-0.00252011,1.10191,-0.00848385,2.04173
14.388,-0.00244706,1.07702,-0.00889436,2.03261,-0.00255663,1.10189,-0.00843824,2.04173
14.39,-0.00241054,1.07704,-0.00893997,2.03261,-0.00252011,1.10189,-0.00843824,2.04181
14.392,-0.00241054,1.07702,-0.00889436,2.03261,-0.00252011,1.10189,-0.00843824,2.04173
14.394,-0.00241054,1.07702,-0.00889436,2.03261,-0.00252011,1.10189,-0.00843824,2.04173
14.396,-0.00244706,1.07702,-0.00889436,2.03261,-0.00252011,1.10186,-0.00848385,2.04181
14.398,-0.00244706,1.07702,-0.00889436,2.03261,-0.00252011,1.10189,-0.00843824,2.04181
14.4,-0.00244706,1.07702,-0.00889436,2.03261,-0.00252011,1.10189,-0.00843824,2.04173
14.402,-0.00241054,1.07704,-0.00893997,2.03261,-0.00252011,1.10189,-0.00843824,2.04173
14.404,-0.00241054,1.07702,-0.00889436,2.03261,-0.00252011,1.10189,-0.00843824,2.04173
14.406,-0.00241054,1.07702,-0.00889436,2.03261,-0.00255663,1.10189,-0.00843824,2.04173
14.408,-0.00241054,1.07702,-0.00889436,2.03261,-0.00255663,1.10189,-0.00843824,2.04181
14.41,-0.00244706,1.07704,-0.00893997,2.03261,-0.00255663,1.10189,-0.00843824,2.04173
14.412,-0.00244706,1.07704,-0.00893997,2.03261,-0.00255663,1.10189,-0.00843824,2.04173
14.414,-0.00244706,1.07702,-0.00889436,2.03269,-0.00259316,1.10186,-0.00848385,2.04173
14.416,-0.00241054,1.07704,-0.00893997,2.03269,-0.00255663,1.10189,-0.00843824,2.04173
14.418,-0.00244706,1.07702,-0.00889436,2.03269,-0.00252011,1.10189,-0.00843824,2.04173
14.42,-0.00241054,1.07702,-0.00889436,2.03261,-0.00252011,1.10189,-0.00843824,2.04181
14.422,-0.00244706,1.07702,-0.00889436,2.03261,-0.00259316,1.10189,-0.00843824,2.04181
14.424,-0.00244706,1.07702,-0.00889436,2.03261,-0.00255663,1.10189,-0.00843824,2.04181
14.426,-0.00241054,1.07704,-0.00893997,2.03261,-0.00255663,1.10186,-0.00848385,2.04173
14.428,-0.00241054,1.07702,-0.00889436,2.03261,-0.00252011,1.10186,-0.00848385,2.04181
14.43,-0.00244706,1.07702,-0.00889436,2.03261,-0.00255663,1.10189,-0.00843824,2.04181
14.432,-0.00241054,1.07707,-0.00889436,2.03261,-0.00252011,1.10186,-0.00848385,2.04173
14.434,-0.00241054,1.07704,-0.00893997,2.03261,-0.00255663,1.10189,-0.00843824,2.04173
14.436,-0.00241054,1.07702,-0.00889436,2.03261,-0.00255663,1.10189,-0.00843824,2.04181
14.438,-0.00241054,1.07702,-0.00889436,2.03261,-0.00255663,1.10189,-0.00843824,2.04181
14.44,-0.00244706,1.07702,-0.00889436,2.03261,-0.00259316,1.10189,-0.00843824,2.04173
14.442,-0.00241054,1.07702,-0.00889436,2.03261,-0.00255663,1.10189,-0.00843824,2.04181
14.444,-0.00241054,1.07704,-0.00884875,2.03261,-0.00252011,1.10189,-0.00843824,2.04181
14.446,-0.00241054,1.07704,-0.00893997,2.03261,-0.00252011,1.10186,-0.00848385,2.04181
14.448,-0.00241054,1.07704,-0.00884875,2.03261,-0.00252011,1.10189,-0.00843824,2.04173
14.45,-0.00241054,1.07702,-0.00889436,2.03261,-0.00252011,1.10189,-0.00843824,2.04173
14.452,-0.00241054,1.07704,-0.00893997,2.03261,-0.00255663,1.10189,-0.00843824,2.04173
14.454,-0.00241054,1.07702,-0.00889436,2.03261,-0.00255663,1.10189,-0.00852946,2.04173
14.456,-0.00244706,1.07702,-0.00889436,2.03261,-0.00255663,1.10189,-0.00843824,2.04173
14.458,-0.00241054,1.07702,-0.00889436,2.03261,-0.00252011,1.10189,-0.00843824,2.04181
14.46,-0.00241054,1.07702,-0.00889436,2.03261,-0.00259316,1.10189,-0.00843824,2.04181
14.462,-0.00241054,1.07704,-0.00893997,2.03261,-0.00255663,1.10186,-0.00848385,2.04181
14.464,-0.00241054,1.07704,-0.00884875,2.03261,-0.00252011,1.10186,-0.00848385,2.04173
14.466,-0.00241054,1.07702,-0.00889436,2.03261,-0.00252011,1.10189,-0.00843824,2.04173
14.468,-0.00241054,1.07702,-0.00889436,2.03261,-0.00259316,1.10191,-0.00839263,2.04173
14.47,-0.00241054,1.07702,-0.00889436,2.03261,-0.00255663,1.10189,-0.00843824,2.04173
14.472,-0.00244706,1.07702,-0.00889436,2.03261,-0.00252011,1.10186,-0.00848385,2.04181
14.474,-0.00241054,1.07702,-0.00889436,2.03261,-0.00255663,1.10189,-0.00843824,2.04181
14.476,-0.00244706,1.07704,-0.00884875,2.03261,-0.00255663,1.10189,-0.00843824,2.04173
14.478,-0.00244706,1.07702,-0.00889436,2.03261,-0.00255663,1.10189,-0.00843824,2.04181
14.48,-0.00241054,1.07702,-0.00889436,2.03261,-0.00255663,1.10186,-0.00848385,2.04173
14.482,-0.00241054,1.07704,-0.00893997,2.03261,-0.00252011,1.10189,-0.00843824,2.04173
14.484,-0.00241054,1.07704,-0.00884875,2.03261,-0.00259316,1.10189,-0.00843824,2.04181
14.486,-0.00241054,1.07707,-0.00889436,2.03261,-0.00255663,1.10189,-0.00843824,2.04181
14.488,-0.00244706,1.07702,-0.00889436,2.03261,-0.00255663,1.10191,-0.00839263,2.04173
14.49,-0.00244706,1.07702,-0.00889436,2.03261,-0.00252011,1.10189,-0.00843824,2.04181
14.492,-0.00241054,1.07702,-0.00889436,2.03261,-0.00255663,1.10191,-0.00839263,2.04181
14.494,-0.00241054,1.07702,-0.00889436,2.03269,-0.00255663,1.10186,-0.00839263,2.04173
14.496,-0.00241054,1.07704,-0.00884875,2.03261,-0.00252011,1.10186,-0.00839263,2.04173
14.498,-0.00241054,1.07704,-0.00884875,2.03261,-0.00255663,1.10189,-0.00843824,2.04173
14.5,-0.00241054,1.07707,-0.00889436,2.03261,-0.00248359,1.10186,-0.00848385,2.04173
14.502,-0.00241054,1.07702,-0.00889436,2.03269,-0.00255663,1.10186,-0.00848385,2.04173
14.504,-0.00241054,1.07702,-0.00889436,2.03261,-0.00255663,1.10189,-0.00843824,2.04181
14.506,-0.00241054,1.07702,-0.00889436,2.03261,-0.00255663,1.10189,-0.00843824,2.04181
14.508,-0.00241054,1.07704,-0.00884875,2.03261,-0.00252011,1.10189,-0.00843824,2.04181
14.51,-0.00241054,1.07702,-0.00889436,2.03261,-0.00252011,1.10189,-0.00843824,2.04164
14.512,-0.00244706,1.07702,-0.00889436,2.03269,-0.00255663,1.10189,-0.00843824,2.04181
14.514,-0.00244706,1.07707,-0.00889436,2.03261,-0.00259316,1.10189,-0.00843824,2.04181
14.516,-0.00241054,1.07704,-0.00893997,2.03261,-0.00259316,1.10189,-0.00843824,2.04173
14.518,-0.00244706,1.07704,-0.00884875,2.03261,-0.00255663,1.10189,-0.00843824,2.04181
14.52,-0.00244706,1.07704,-0.00893997,2.03261,-0.00255663,1.10189,-0.00843824,2.04181
14.522,-0.00241054,1.07704,-0.00893997,2.03261,-0.00255663,1.10189,-0.00843824,2.04173
14.524,-0.00244706,1.07702,-0.00889436,2.03261,-0.00255663,1.10186,-0.00848385,2.04173
14.526,-0.00244706,1.07702,-0.00889436,2.03261,-0.00255663,1.10189,-0.00843824,2.04173
14.528,-0.00244706,1.07704,-0.00893997,2.03261,-0.00255663,1.10186,-0.00848385,2.04181
14.53,-0.00241054,1.07704,-0.00893997,2.03269,-0.00255663,1.10189,-0.00843824,2.04181
14.532,-0.00241054,1.07702,-0.00889436,2.03261,-0.00252011,1.10189,-0.00843824,2.04181
14.534,-0.00241054,1.07702,-0.00889436,2.03269,-0.00255663,1.10189,-0.00843824,2.04173
14.536,-0.00241054,1.07702,-0.00889436,2.03261,-0.00252011,1.10189,-0.00843824,2.04173
14.538,-0.00241054,1.07702,-0.00889436,2.03261,-0.00255663,1.10186,-0.00848385,2.04173
14.54,-0.00244706,1.07702,-0.00889436,2.03261,-0.00255663,1.10186,-0.00848385,2.04173
14.542,-0.00241054,1.07704,-0.00884875,2.03261,-0.00255663,1.10186,-0.00848385,2.04173
14.544,-0.00241054,1.07704,-0.00884875,2.03261,-0.00248359,1.10189,-0.00843824,2.04181
14.546,-0.00241054,1.07707,-0.00889436,2.03261,-0.00255663,1.10186,-0.00848385,2.04173
14.548,-0.00241054,1.07702,-0.00889436,2.03261,-0.00255663,1.10189,-0.00843824,2.04173
14.55,-0.00241054,1.07702,-0.00889436,2.03261,-0.00255663,1.10189,-0.00843824,2.04173
14.552,-0.00244706,1.07704,-0.00893997,2.03261,-0.00252011,1.10189,-0.00843824,2.04181
14.554,-0.00241054,1.07702,-0.00889436,2.03261,-0.00252011,1.10189,-0.00843824,2.04173
14.556,-0.00241054,1.07704,-0.00893997,2.03261,-0.00255663,1.10186,-0.00848385,2.04181
14.558,-0.00241054,1.07704,-0.00884875,2.03261,-0.00255663,1.10189,-0.00852946,2.04173
14.56,-0.00241054,1.07702,-0.00889436,2.03261,-0.00255663,1.10189,-0.00843824,2.04181
14.562,-0.00241054,1.07702,-0.00889436,2.03261,-0.00259316,1.10186,-0.00848385,2.04173
14.564,-0.00241054,1.07702,-0.00889436,2.03261,-0.00255663,1.10189,-0.00843824,2.04173
14.566,-0.00241054,1.07704,-0.00893997,2.03261,-0.00255663,1.10191,-0.00839263,2.04181
14.568,-0.00244706,1.07704,-0.00893997,2.03261,-0.00252011,1.10191,-0.00839263,2.04173
14.57,-0.00241054,1.07702,-0.00889436,2.03269,-0.00255663,1.10189,-0.00843824,2.04181
14.572,-0.00241054,1.07702,-0.00889436,2.03261,-0.00255663,1.10189,-0.00843824,2.04181
14.574,-0.00241054,1.07702,-0.00889436,2.03261,-0.00255663,1.10189,-0.00843824,2.04181
14.576,-0.00241054,1.07702,-0.00889436,2.03261,-0.00255663,1.10189,-0.00843824,2.04181
14.578,-0.00244706,1.07702,-0.00889436,2.03261,-0.00252011,1.10189,-0.00843824,2.04173
14.58,-0.00241054,1.07704,-0.00884875,2.03261,-0.00255663,1.10189,-0.00843824,2.04181
14.582,-0.00241054,1.07702,-0.00889436,2.03261,-0.00255663,1.10186,-0.00848385,2.04181
14.584,-0.00244706,1.07704,-0.00893997,2.03261,-0.00252011,1.10189,-0.00843824,2.04173
14.586,-0.00241054,1.07702,-0.00889436,2.03261,-0.00252011,1.10189,-0.00843824,2.04173
14.588,-0.00241054,1.07702,-0.00889436,2.03261,-0.00255663,1.10191,-0.00839263,2.04173
14.59,-0.00241054,1.07702,-0.00889436,2.03261,-0.00252011,1.10189,-0.00843824,2.04173
14.592,-0.00241054,1.07702,-0.00889436,2.03261,-0.00255663,1.10186,-0.00848385,2.04173
14.594,-0.00241054,1.07704,-0.00884875,2.03261,-0.00252011,1.10186,-0.00848385,2.04173
14.596,-0.00241054,1.07704,-0.00884875,2.03261,-0.00255663,1.10189,-0.00843824,2.04181
14.598,-0.00241054,1.07707,-0.00889436,2.03269,-0.00252011,1.10189,-0.00843824,2.04181
14.6,-0.00241054,1.07707,-0.00889436,2.03261,-0.00255663,1.10189,-0.00843824,2.04173
14.602,-0.00241054,1.07702,-0.00889436,2.03261,-0.00255663,1.10189,-0.00843824,2.04181
14.604,-0.00241054,1.07702,-0.00889436,2.03261,-0.00255663,1.10189,-0.00843824,2.04173
14.606,-0.00241054,1.07702,-0.00889436,2.03261,-0.00255663,1.10186,-0.00848385,2.04173
14.608,-0.00241054,1.07702,-0.00889436,2.03261,-0.00252011,1.10189,-0.00843824,2.04181
14.61,-0.00244706,1.07704,-0.00884875,2.03261,-0.00255663,1.10189,-0.00843824,2.04173
14.612,-0.00244706,1.07702,-0.00889436,2.03269,-0.00255663,1.10189,-0.00843824,2.04173
14.614,-0.00244706,1.07704,-0.00893997,2.03261,-0.00252011,1.10189,-0.00843824,2.04181
14.616,-0.00241054,1.07702,-0.00889436,2.03269,-0.00255663,1.10186,-0.00848385,2.04173
14.618,-0.00244706,1.07702,-0.00889436,2.03261,-0.00255663,1.10189,-0.00843824,2.04173
14.62,-0.00241054,1.07702,-0.00889436,2.03261,-0.00252011,1.10186,-0.00839263,2.04173
14.622,-0.00241054,1.07702,-0.00889436,2.03261,-0.00255663,1.10189,-0.00843824,2.04173
14.624,-0.00244706,1.07704,-0.00893997,2.03261,-0.00255663,1.10186,-0.00848385,2.04173
14.626,-0.00241054,1.07704,-0.00893997,2.03261,-0.00252011,1.10189,-0.00843824,2.04181
14.628,-0.00241054,1.07704,-0.00893997,2.03261,-0.00259316,1.10189,-0.00843824,2.04173
14.63,-0.00244706,1.07704,-0.00893997,2.03261,-0.00252011,1.10186,-0.00848385,2.04181
14.632,-0.00244706,1.07702,-0.00889436,2.03261,-0.00255663,1.10191,-0.00839263,2.04181
14.634,-0.00244706,1.07702,-0.00889436,2.03261,-0.00252011,1.10189,-0.00843824,2.04173
14.636,-0.00244706,1.07704,-0.00893997,2.03261,-0.00255663,1.10191,-0.00839263,2.04181
14.638,-0.00244706,1.07704,-0.00893997,2.03261,-0.00255663,1.10186,-0.00848385,2.04173
14.64,-0.00241054,1.07702,-0.00889436,2.03261,-0.00252011,1.10189,-0.00843824,2.04181
14.642,-0.00241054,1.07702,-0.00889436,2.03261,-0.00252011,1.10186,-0.00848385,2.04181
14.644,-0.00241054,1.07702,-0.00889436,2.03261,-0.00252011,1.10189,-0.00843824,2.04173
14.646,-0.00241054,1.07702,-0.00889436,2.03261,-0.00252011,1.10189,-0.00843824,2.04173
14.648,-0.00244706,1.07702,-0.00889436,2.03261,-0.00252011,1.10189,-0.00843824,2.04181
14.65,-0.00244706,1.07704,-0.00893997,2.03261,-0.00252011,1.10191,-0.00839263,2.04181
14.652,-0.00241054,1.07704,-0.00893997,2.03261,-0.00255663,1.10191,-0.00839263,2.04181
14.654,-0.00241054,1.07702,-0.00889436,2.03261,-0.00255663,1.10186,-0.00848385,2.04181
14.656,-0.00241054,1.07704,-0.00884875,2.03261,-0.00252011,1.10189,-0.00843824,2.04181
14.658,-0.00241054,1.07704,-0.00884875,2.03261,-0.00255663,1.10189,-0.00843824,2.04181
14.66,-0.00241054,1.07702,-0.00889436,2.03269,-0.00252011,1.10189,-0.00843824,2.04181
14.662,-0.00244706,1.07704,-0.00893997,2.03269,-0.00255663,1.10189,-0.00843824,2.04173
14.664,-0.00244706,1.07702,-0.00889436,2.03261,-0.00252011,1.10186,-0.00848385,2.04173
14.666,-0.00244706,1.07702,-0.00889436,2.03269,-0.00252011,1.10186,-0.00848385,2.04173
14.668,-0.00244706,1.07702,-0.00889436,2.03261,-0.00259316,1.10191,-0.00839263,2.04173
14.67,-0.00244706,1.07704,-0.00884875,2.03269,-0.00252011,1.10186,-0.00848385,2.04181
14.672,-0.00241054,1.07702,-0.00889436,2.03261,-0.00255663,1.10186,-0.00848385,2.04181
14.674,-0.00241054,1.07702,-0.00889436,2.03261,-0.00255663,1.10189,-0.00843824,2.04181
14.676,-0.00241054,1.07702,-0.00889436,2.03261,-0.00255663,1.10186,-0.00839263,2.04173
14.678,-0.00241054,1.07704,-0.00884875,2.03269,-0.00252011,1.10191,-0.00839263,2.04181
14.68,-0.00241054,1.07704,-0.00884875,2.03261,-0.00252011,1.10186,-0.00848385,2.04181
14.682,-0.00241054,1.07702,-0.00889436,2.03261,-0.00255663,1.10189,-0.00843824,2.04181
14.684,-0.00244706,1.07702,-0.00889436,2.03261,-0.00252011,1.10189,-0.00843824,2.04181
14.686,-0.00244706,1.07702,-0.00889436,2.03261,-0.00255663,1.10189,-0.00843824,2.04173
14.688,-0.00241054,1.07702,-0.00889436,2.03261,-0.00252011,1.10189,-0.00843824,2.04173
14.69,-0.00241054,1.07702,-0.00889436,2.03261,-0.00255663,1.10189,-0.00843824,2.04181
14.692,-0.00241054,1.07702,-0.00889436,2.03269,-0.00252011,1.10189,-0.00843824,2.04181
14.694,-0.00244706,1.07704,-0.00884875,2.03261,-0.00255663,1.10189,-0.00843824,2.04173
14.696,-0.00241054,1.07704,-0.00884875,2.03261,-0.00255663,1.10189,-0.00843824,2.04181
14.698,-0.00244706,1.07704,-0.00884875,2.03261,-0.00252011,1.10189,-0.00843824,2.04181
14.7,-0.00241054,1.07702,-0.00889436,2.03261,-0.00252011,1.10186,-0.00839263,2.04181
14.702,-0.00241054,1.07702,-0.00889436,2.03261,-0.00255663,1.10189,-0.00843824,2.04173
14.704,-0.00241054,1.07702,-0.00889436,2.03261,-0.00255663,1.10186,-0.00848385,2.04181
14.706,-0.00241054,1.07702,-0.00889436,2.03261,-0.00255663,1.10189,-0.00843824,2.04173
14.708,-0.00241054,1.07704,-0.00884875,2.03261,-0.00259316,1.10189,-0.00843824,2.04173
14.71,-0.00241054,1.07702,-0.00889436,2.03261,-0.00252011,1.10186,-0.00848385,2.04173
14.712,-0.00241054,1.07702,-0.00889436,2.03261,-0.00255663,1.10189,-0.00843824,2.04181
14.714,-0.00241054,1.07702,-0.00889436,2.03261,-0.00252011,1.10189,-0.00843824,2.04181
14.716,-0.00244706,1.07702,-0.00889436,2.03261,-0.00255663,1.10191,-0.00839263,2.04173
14.718,-0.00244706,1.07704,-0.00884875,2.03261,-0.00255663,1.10189,-0.00843824,2.04173
14.72,-0.00244706,1.07704,-0.00884875,2.03261,-0.00252011,1.10189,-0.00843824,2.04173
14.722,-0.00244706,1.07704,-0.00884875,2.03261,-0.00255663,1.10189,-0.00843824,2.04181
14.724,-0.00241054,1.07704,-0.00893997,2.03261,-0.00252011,1.10186,-0.00848385,2.04181
14.726,-0.00241054,1.07702,-0.00889436,2.03261,-0.00252011,1.10189,-0.00843824,2.04181
14.728,-0.00241054,1.07702,-0.00889436,2.03261,-0.00248359,1.10189,-0.00843824,2.04173
14.73,-0.00241054,1.07704,-0.00893997,2.03261,-0.00255663,1.10191,-0.00839263,2.04173
14.732,-0.00241054,1.07704,-0.00893997,2.03261,-0.00248359,1.10189,-0.00843824,2.04181
14.734,-0.00241054,1.07702,-0.00889436,2.03261,-0.00252011,1.10189,-0.00843824,2.04173
14.736,-0.00241054,1.07702,-0.00889436,2.03269,-0.00255663,1.10189,-0.00843824,2.04173
14.738,-0.00244706,1.07702,-0.00889436,2.03269,-0.00252011,1.10189,-0.00843824,2.04173
14.74,-0.00241054,1.07702,-0.00889436,2.03261,-0.00255663,1.10189,-0.00843824,2.04181
14.742,-0.00241054,1.07702,-0.00889436,2.03261,-0.00248359,1.10186,-0.00848385,2.04173
14.744,-0.00241054,1.07702,-0.00889436,2.03261,-0.00252011,1.10189,-0.00843824,2.04181
14.746,-0.00241054,1.07702,-0.00889436,2.03261,-0.00255663,1.10191,-0.00839263,2.04173
14.748,-0.00241054,1.07702,-0.00889436,2.03269,-0.00255663,1.10186,-0.00848385,2.04173
14.75,-0.00244706,1.07702,-0.00889436,2.03261,-0.00252011,1.10189,-0.00843824,2.04173
14.752,-0.00244706,1.07702,-0.00889436,2.03261,-0.00255663,1.10189,-0.00843824,2.04181
14.754,-0.00244706,1.07702,-0.00889436,2.03261,-0.00252011,1.10189,-0.00843824,2.04181
14.756,-0.00244706,1.07704,-0.00884875,2.03261,-0.00255663,1.10186,-0.00848385,2.04181
14.758,-0.00241054,1.07702,-0.00889436,2.03261,-0.00259316,1.10189,-0.00843824,2.04181
14.76,-0.00244706,1.07702,-0.00889436,2.03261,-0.00252011,1.10189,-0.00843824,2.04173
14.762,-0.00244706,1.07707,-0.00889436,2.03261,-0.00255663,1.10189,-0.00843824,2.04181
14.764,-0.00241054,1.07704,-0.00893997,2.03261,-0.00255663,1.10191,-0.00839263,2.04173
14.766,-0.00241054,1.07702,-0.00889436,2.03261,-0.00255663,1.10189,-0.00843824,2.04181
14.768,-0.00244706,1.07702,-0.00889436,2.03269,-0.00255663,1.10189,-0.00843824,2.04181
14.77,-0.00241054,1.07702,-0.00889436,2.03261,-0.00255663,1.10186,-0.00848385,2.04181
14.772,-0.00244706,1.07702,-0.00889436,2.03269,-0.00259316,1.10189,-0.00843824,2.04173
14.774,-0.00244706,1.07702,-0.00889436,2.03261,-0.00252011,1.10186,-0.00848385,2.04173
14.776,-0.00241054,1.07702,-0.00889436,2.03261,-0.00252011,1.10191,-0.00839263,2.04173
14.778,-0.00241054,1.07702,-0.00889436,2.03261,-0.00255663,1.10189,-0.00843824,2.04181
14.78,-0.00241054,1.07702,-0.00889436,2.03261,-0.00252011,1.10189,-0.00843824,2.04181
14.782,-0.00244706,1.07702,-0.00889436,2.03261,-0.00255663,1.10189,-0.00843824,2.04181
14.784,-0.00241054,1.07702,-0.00889436,2.03261,-0.00255663,1.10191,-0.00848385,2.04181
14.786,-0.00244706,1.07704,-0.00884875,2.03261,-0.00255663,1.10186,-0.00848385,2.04173
14.788,-0.00244706,1.07704,-0.00884875,2.03261,-0.00255663,1.10189,-0.00843824,2.04173
14.79,-0.00241054,1.07704,-0.00893997,2.03261,-0.00255663,1.10189,-0.00843824,2.04181
14.792,-0.00244706,1.07702,-0.00889436,2.03261,-0.00255663,1.10189,-0.00843824,2.04173
14.794,-0.00241054,1.07704,-0.00893997,2.03261,-0.00255663,1.10189,-0.00843824,2.04173
14.796,-0.00244706,1.07702,-0.00889436,2.03261,-0.00252011,1.10194,-0.00834702,2.04181
14.798,-0.00241054,1.07702,-0.00889436,2.03261,-0.00252011,1.10186,-0.00848385,2.04173
14.8,-0.00244706,1.07704,-0.00884875,2.03261,-0.00255663,1.10189,-0.00843824,2.04173
14.802,-0.00241054,1.07702,-0.00889436,2.03261,-0.00255663,1.10189,-0.00843824,2.04181
14.804,-0.00241054,1.07702,-0.00889436,2.03261,-0.00252011,1.10189,-0.00843824,2.04181
14.806,-0.00241054,1.07702,-0.00889436,2.03261,-0.00255663,1.10186,-0.00848385,2.04173
14.808,-0.00241054,1.07702,-0.00889436,2.03261,-0.00255663,1.10189,-0.00843824,2.04181
14.81,-0.00241054,1.07702,-0.00889436,2.03261,-0.00255663,1.10189,-0.00843824,2.04181
14.812,-0.00244706,1.07702,-0.00889436,2.03261,-0.00255663,1.10189,-0.00843824,2.04181
14.814,-0.00244706,1.07702,-0.00889436,2.03261,-0.00252011,1.10189,-0.00843824,2.04181
14.816,-0.00244706,1.07704,-0.00884875,2.03261,-0.00255663,1.10191,-0.00848385,2.04181
14.818,-0.00244706,1.07702,-0.00889436,2.03261,-0.00255663,1.10189,-0.00843824,2.04173
14.82,-0.00241054,1.07702,-0.00889436,2.03261,-0.00259316,1.10189,-0.00843824,2.04173
14.822,-0.00241054,1.07702,-0.00889436,2.03261,-0.00252011,1.10189,-0.00843824,2.04173
14.824,-0.00241054,1.07702,-0.00889436,2.03261,-0.00248359,1.10189,-0.00843824,2.04181
14.826,-0.00241054,1.07702,-0.00889436,2.03261,-0.00248359,1.10191,-0.00839263,2.04173
14.828,-0.00244706,1.07702,-0.00889436,2.03261,-0.00255663,1.10189,-0.00843824,2.04181
14.83,-0.00244706,1.07702,-0.00889436,2.03261,-0.00252011,1.10186,-0.00848385,2.04181
14.832,-0.00244706,1.07702,-0.00889436,2.03261,-0.00255663,1.10189,-0.00843824,2.04173
14.834,-0.00241054,1.07704,-0.00884875,2.03261,-0.00255663,1.10186,-0.00848385,2.04173
14.836,-0.00244706,1.07702,-0.00889436,2.03261,-0.00252011,1.10189,-0.00843824,2.04181
14.838,-0.00241054,1.07702,-0.00889436,2.03261,-0.00255663,1.10186,-0.00848385,2.04181
14.84,-0.00241054,1.07702,-0.00889436,2.03261,-0.00255663,1.10189,-0.00843824,2.04173
14.842,-0.00241054,1.07702,-0.00889436,2.03261,-0.00255663,1.10189,-0.00843824,2.04181
14.844,-0.00241054,1.07702,-0.00889436,2.03261,-0.00252011,1.10186,-0.00848385,2.04181
14.846,-0.00241054,1.07702,-0.00889436,2.03261,-0.00252011,1.10183,-0.00843824,2.04181
14.848,-0.00241054,1.07704,-0.00884875,2.03261,-0.00252011,1.10186,-0.00848385,2.04181
14.85,-0.00244706,1.07702,-0.00889436,2.03261,-0.00255663,1.10186,-0.00848385,2.04173
14.852,-0.00244706,1.07704,-0.00893997,2.03261,-0.00252011,1.10189,-0.00843824,2.0419
14.854,-0.00241054,1.07702,-0.00889436,2.03261,-0.00255663,1.10191,-0.00839263,2.04181
14.856,-0.00241054,1.07702,-0.00889436,2.03261,-0.00252011,1.10189,-0.00843824,2.04173
14.858,-0.00241054,1.07702,-0.00889436,2.03261,-0.00252011,1.10189,-0.00843824,2.04173
14.86,-0.00241054,1.07702,-0.00889436,2.03261,-0.00255663,1.10189,-0.00843824,2.04181
14.862,-0.00244706,1.07704,-0.00884875,2.03261,-0.00255663,1.10189,-0.00843824,2.04181
14.864,-0.00244706,1.07707,-0.00889436,2.03261,-0.00255663,1.10189,-0.00843824,2.04173
14.866,-0.00244706,1.07702,-0.00889436,2.03261,-0.00252011,1.10189,-0.00843824,2.04173
14.868,-0.00244706,1.07702,-0.00889436,2.03261,-0.00252011,1.10189,-0.00843824,2.04173
14.87,-0.00244706,1.07704,-0.00893997,2.03261,-0.00255663,1.10189,-0.00843824,2.04173
14.872,-0.00241054,1.07702,-0.00889436,2.03261,-0.00259316,1.10186,-0.00848385,2.04181
14.874,-0.00244706,1.07702,-0.00889436,2.03261,-0.00259316,1.10189,-0.00843824,2.04173
14.876,-0.00241054,1.07702,-0.00889436,2.03261,-0.00252011,1.10191,-0.00839263,2.04181
14.878,-0.00241054,1.07702,-0.00889436,2.03269,-0.00259316,1.10186,-0.00848385,2.04173
14.88,-0.00241054,1.07702,-0.00889436,2.03261,-0.00252011,1.10186,-0.00848385,2.04181
14.882,-0.00244706,1.07704,-0.00893997,2.03269,-0.00252011,1.10189,-0.00843824,2.04181
14.884,-0.00244706,1.07704,-0.00884875,2.03261,-0.00252011,1.10189,-0.00843824,2.04181
14.886,-0.00244706,1.07702,-0.00889436,2.03261,-0.00255663,1.10189,-0.00843824,2.04181
14.888,-0.00244706,1.07704,-0.00893997,2.03261,-0.00252011,1.10186,-0.00848385,2.04181
14.89,-0.00244706,1.07707,-0.00889436,2.03261,-0.00255663,1.10186,-0.00848385,2.04181
14.892,-0.00241054,1.07704,-0.00884875,2.03261,-0.00252011,1.10189,-0.00843824,2.04173
14.894,-0.00241054,1.07704,-0.00884875,2.03261,-0.00252011,1.10189,-0.00843824,2.04173
14.896,-0.00241054,1.07704,-0.00893997,2.03269,-0.00255663,1.10186,-0.00848385,2.04181
14.898,-0.00241054,1.07704,-0.00893997,2.03261,-0.00259316,1.10189,-0.00843824,2.04181
14.9,-0.00244706,1.07704,-0.00893997,2.03261,-0.00255663,1.10189,-0.00843824,2.04181
14.902,-0.00244706,1.07707,-0.00889436,2.03261,-0.00248359,1.10189,-0.00843824,2.04181
14.904,-0.00244706,1.07702,-0.00889436,2.03261,-0.00252011,1.10186,-0.00848385,2.04173
14.906,-0.00244706,1.07702,-0.00889436,2.03261,-0.00255663,1.10189,-0.00843824,2.04181
14.908,-0.00244706,1.07702,-0.00889436,2.03261,-0.00255663,1.10186,-0.00839263,2.04181
14.91,-0.00241054,1.07702,-0.00889436,2.03261,-0.00255663,1.10189,-0.00843824,2.04181
14.912,-0.00241054,1.07702,-0.00889436,2.03261,-0.00252011,1.10186,-0.00848385,2.04173
14.914,-0.00241054,1.07702,-0.00889436,2.03261,-0.00255663,1.10189,-0.00843824,2.04173
14.916,-0.00241054,1.07707,-0.00889436,2.03261,-0.00252011,1.10189,-0.00843824,2.04181
14.918,-0.00241054,1.07704,-0.00893997,2.03261,-0.00255663,1.10189,-0.00843824,2.04181
14.92,-0.00244706,1.07704,-0.00893997,2.03261,-0.00255663,1.10189,-0.00843824,2.04181
14.922,-0.00244706,1.07704,-0.00893997,2.03261,-0.00255663,1.10189,-0.00843824,2.04173
14.924,-0.00244706,1.07702,-0.00889436,2.03261,-0.00255663,1.10186,-0.00848385,2.04181
14.926,-0.00241054,1.07702,-0.00889436,2.03261,-0.00248359,1.10189,-0.00843824,2.04173
14.928,-0.00241054,1.07704,-0.00893997,2.03261,-0.00259316,1.10186,-0.00848385,2.04173
14.93,-0.00241054,1.07707,-0.00889436,2.03261,-0.00255663,1.10186,-0.00848385,2.04181
14.932,-0.00241054,1.07702,-0.00889436,2.03261,-0.00255663,1.10189,-0.00843824,2.04173
14.934,-0.00241054,1.07702,-0.00889436,2.03261,-0.00255663,1.10189,-0.00843824,2.04181
14.936,-0.00241054,1.07702,-0.00889436,2.03261,-0.00255663,1.10189,-0.00843824,2.04173
14.938,-0.00244706,1.07702,-0.00889436,2.03261,-0.00255663,1.10189,-0.00843824,2.04173
14.94,-0.00244706,1.07702,-0.00889436,2.03261,-0.00252011,1.10189,-0.00843824,2.04181
14.942,-0.00241054,1.07704,-0.00884875,2.03261,-0.00255663,1.10189,-0.00843824,2.04173
14.944,-0.00241054,1.07704,-0.00893997,2.03261,-0.00255663,1.10189,-0.00843824,2.04181
14.946,-0.00241054,1.07704,-0.00893997,2.03261,-0.00252011,1.10186,-0.00839263,2.04173
14.948,-0.00241054,1.07702,-0.00889436,2.03261,-0.00252011,1.10186,-0.00839263,2.04181
14.95,-0.00241054,1.07702,-0.00889436,2.03261,-0.00255663,1.10189,-0.00843824,2.04181
14.952,-0.00241054,1.07702,-0.00889436,2.03261,-0.00255663,1.10186,-0.00848385,2.04173
14.954,-0.00244706,1.07702,-0.00889436,2.03261,-0.00255663,1.10189,-0.00843824,2.04181
14.956,-0.00244706,1.07702,-0.00889436,2.03269,-0.00255663,1.10189,-0.00843824,2.04173
14.958,-0.00244706,1.07704,-0.00884875,2.03261,-0.00252011,1.10191,-0.00839263,2.04173
14.96,-0.00244706,1.07702,-0.00889436,2.03261,-0.00255663,1.10186,-0.00848385,2.04173
14.962,-0.00241054,1.07704,-0.00893997,2.03261,-0.00252011,1.10189,-0.00843824,2.04173
14.964,-0.00241054,1.07704,-0.00884875,2.03261,-0.00252011,1.10186,-0.00848385,2.04181
14.966,-0.00241054,1.07704,-0.00884875,2.03261,-0.00255663,1.10189,-0.00843824,2.04173
14.968,-0.00241054,1.07704,-0.00884875,2.03261,-0.00255663,1.10189,-0.00843824,2.04173
14.97,-0.00244706,1.07702,-0.00889436,2.03261,-0.00255663,1.10191,-0.00839263,2.04173
14.972,-0.00244706,1.07702,-0.00889436,2.03261,-0.00248359,1.10189,-0.00843824,2.04181
14.974,-0.00241054,1.07702,-0.00889436,2.03261,-0.00255663,1.10189,-0.00843824,2.04181
14.976,-0.00244706,1.07702,-0.00889436,2.03269,-0.00252011,1.10186,-0.00839263,2.04181
14.978,-0.00241054,1.07704,-0.00893997,2.03261,-0.00255663,1.10186,-0.00848385,2.04173
14.98,-0.00244706,1.07707,-0.00889436,2.03261,-0.00255663,1.10189,-0.00843824,2.04173
14.982,-0.00241054,1.07702,-0.00889436,2.03261,-0.00255663,1.10186,-0.00848385,2.04173
14.984,-0.00241054,1.07704,-0.00893997,2.03261,-0.00252011,1.10189,-0.00843824,2.04181
14.986,-0.00241054,1.07704,-0.00893997,2.03261,-0.00252011,1.10189,-0.00843824,2.04181
14.988,-0.00244706,1.07702,-0.00889436,2.03261,-0.00252011,1.10189,-0.00843824,2.04181
14.99,-0.00244706,1.07702,-0.00889436,2.03261,-0.00255663,1.10186,-0.00848385,2.04173
14.992,-0.00244706,1.07704,-0.00893997,2.03261,-0.00255663,1.10186,-0.00848385,2.04173
14.994,-0.00241054,1.07704,-0.00884875,2.03261,-0.00255663,1.10189,-0.00843824,2.04181
14.996,-0.00241054,1.07704,-0.00893997,2.03261,-0.00255663,1.10194,-0.00843824,2.04181
14.998,-0.00241054,1.07702,-0.00889436,2.03261,-0.00255663,1.10189,-0.00843824,2.04173
15,-0.00241054,1.07702,-0.00889436,2.03261,-0.00255663,1.10189,-0.00843824,2.04181
15.002,-0.00244706,1.07702,-0.00889436,2.03261,-0.00252011,1.10189,-0.00843824,2.04181
15.004,-0.00244706,1.07707,-0.00889436,2.03261,-0.00255663,1.10186,-0.00848385,2.04173
15.006,-0.00244706,1.07704,-0.00893997,2.03261,-0.00255663,1.10189,-0.00843824,2.04181
15.008,-0.00241054,1.07704,-0.00884875,2.03261,-0.00252011,1.10186,-0.00848385,2.04173
15.01,-0.00241054,1.07702,-0.00889436,2.03261,-0.00255663,1.10189,-0.00843824,2.04173
15.012,-0.00244706,1.07702,-0.00889436,2.03261,-0.00248359,1.10189,-0.00843824,2.04181
15.014,-0.00244706,1.07704,-0.00893997,2.03261,-0.00255663,1.10189,-0.00843824,2.04181
15.016,-0.00244706,1.07704,-0.00893997,2.03261,-0.00255663,1.10189,-0.00843824,2.04173
15.018,-0.00241054,1.07704,-0.00893997,2.03261,-0.00252011,1.10189,-0.00843824,2.04181
15.02,-0.00244706,1.07702,-0.00889436,2.03261,-0.00255663,1.10189,-0.00843824,2.04173
15.022,-0.00244706,1.07704,-0.00893997,2.03261,-0.00252011,1.10186,-0.00848385,2.04181
15.024,-0.00244706,1.07702,-0.00889436,2.03261,-0.00252011,1.10189,-0.00843824,2.04173
15.026,-0.00244706,1.07702,-0.00889436,2.03261,-0.00255663,1.10189,-0.00843824,2.04181
15.028,-0.00241054,1.07702,-0.00889436,2.03269,-0.00255663,1.10189,-0.00843824,2.04173
15.03,-0.00241054,1.07702,-0.00889436,2.03261,-0.00255663,1.10189,-0.00843824,2.04181
15.032,-0.00241054,1.07702,-0.00889436,2.03261,-0.00252011,1.10189,-0.00843824,2.04181
15.034,-0.00241054,1.07702,-0.00889436,2.03261,-0.00252011,1.10189,-0.00843824,2.04173
15.036,-0.00241054,1.07707,-0.00889436,2.03261,-0.00255663,1.10189,-0.00843824,2.04181
15.038,-0.00241054,1.07704,-0.00893997,2.03261,-0.00255663,1.10189,-0.00843824,2.04173
15.04,-0.00241054,1.07702,-0.00889436,2.03261,-0.00259316,1.10189,-0.00843824,2.04173
15.042,-0.00241054,1.07704,-0.00893997,2.03261,-0.00252011,1.10189,-0.00843824,2.04181
15.044,-0.00241054,1.07702,-0.00889436,2.03261,-0.00252011,1.10189,-0.00843824,2.04173
15.046,-0.00244706,1.07704,-0.00893997,2.03261,-0.00252011,1.10189,-0.00843824,2.04173
15.048,-0.00244706,1.07704,-0.00884875,2.03261,-0.00255663,1.10189,-0.00843824,2.04173
15.05,-0.00241054,1.07704,-0.00893997,2.03261,-0.00255663,1.10189,-0.00843824,2.04173
15.052,-0.00241054,1.07702,-0.00889436,2.03261,-0.00255663,1.10189,-0.00843824,2.04173
15.054,-0.00241054,1.07702,-0.00889436,2.03269,-0.00252011,1.10186,-0.00848385,2.04181
15.056,-0.00241054,1.07702,-0.00889436,2.03269,-0.00252011,1.10189,-0.00843824,2.04181
15.058,-0.00244706,1.07702,-0.00889436,2.03261,-0.00255663,1.10186,-0.00848385,2.04181
15.06,-0.00244706,1.07702,-0.00889436,2.03261,-0.00252011,1.10189,-0.00843824,2.04173
15.062,-0.00244706,1.07704,-0.00884875,2.03261,-0.00252011,1.10189,-0.00843824,2.04173
15.064,-0.00241054,1.07704,-0.00893997,2.03261,-0.00252011,1.10189,-0.00843824,2.04173
15.066,-0.00241054,1.07702,-0.00889436,2.03261,-0.00255663,1.10189,-0.00843824,2.04181
15.068,-0.00244706,1.07702,-0.00889436,2.03261,-0.00252011,1.10189,-0.00843824,2.04173
15.07,-0.00241054,1.07702,-0.00889436,2.03261,-0.00255663,1.10186,-0.00848385,2.04173
15.072,-0.00241054,1.07702,-0.00889436,2.03261,-0.00252011,1.10191,-0.00848385,2.04181
15.074,-0.00241054,1.07702,-0.00889436,2.03269,-0.00255663,1.10189,-0.00843824,2.04173
15.076,-0.00241054,1.07702,-0.00889436,2.03269,-0.00252011,1.10189,-0.00843824,2.04173
15.078,-0.00244706,1.07704,-0.00893997,2.03261,-0.00255663,1.10189,-0.00843824,2.04173
15.08,-0.00244706,1.07702,-0.00889436,2.03261,-0.00252011,1.10191,-0.00839263,2.04181
15.082,-0.00244706,1.07702,-0.00889436,2.03261,-0.00252011,1.10186,-0.00848385,2.04181
15.084,-0.00241054,1.07704,-0.00884875,2.03261,-0.00255663,1.10189,-0.00843824,2.04181
15.086,-0.00241054,1.07702,-0.00889436,2.03269,-0.00259316,1.10186,-0.00848385,2.04181
15.088,-0.00241054,1.07704,-0.00893997,2.03269,-0.00255663,1.10189,-0.00843824,2.04173
15.09,-0.00241054,1.07707,-0.00889436,2.03269,-0.00252011,1.10191,-0.00839263,2.04173
15.092,-0.00244706,1.07702,-0.00889436,2.03261,-0.00255663,1.10191,-0.00839263,2.04173
15.094,-0.00244706,1.07702,-0.00889436,2.03261,-0.00255663,1.10191,-0.00839263,2.04173
15.096,-0.00244706,1.07702,-0.00889436,2.03269,-0.00255663,1.10189,-0.00843824,2.04181
15.098,-0.00244706,1.07702,-0.00889436,2.03261,-0.00252011,1.10186,-0.00848385,2.04173
15.1,-0.00241054,1.07702,-0.00889436,2.03261,-0.00248359,1.10189,-0.00843824,2.04181
15.102,-0.00244706,1.07707,-0.00889436,2.03261,-0.00255663,1.10189,-0.00843824,2.04173
15.104,-0.00241054,1.07704,-0.00893997,2.03261,-0.00259316,1.10189,-0.00843824,2.04173
15.106,-0.00244706,1.07702,-0.00889436,2.03261,-0.00259316,1.10189,-0.00843824,2.04181
15.108,-0.00241054,1.07702,-0.00889436,2.03269,-0.00255663,1.10189,-0.00843824,2.04173
15.11,-0.00241054,1.07702,-0.00889436,2.03261,-0.00255663,1.10189,-0.00843824,2.04173
15.112,-0.00241054,1.07702,-0.00889436,2.03269,-0.00259316,1.10186,-0.00848385,2.04181
15.114,-0.00244706,1.07704,-0.00893997,2.03261,-0.00255663,1.10186,-0.00848385,2.04181
15.116,-0.00244706,1.07704,-0.00884875,2.03261,-0.00255663,1.10186,-0.00848385,2.04173
15.118,-0.00244706,1.07704,-0.00884875,2.03261,-0.00255663,1.10186,-0.00848385,2.04181
15.12,-0.00244706,1.07702,-0.00889436,2.03261,-0.00252011,1.10189,-0.00843824,2.04181
15.122,-0.00244706,1.07704,-0.00893997,2.03261,-0.00252011,1.10186,-0.00848385,2.04181
15.124,-0.00241054,1.07704,-0.00884875,2.03261,-0.00255663,1.10189,-0.00843824,2.04181
15.126,-0.00244706,1.07704,-0.00893997,2.03261,-0.00255663,1.10189,-0.00843824,2.04181
15.128,-0.00244706,1.07702,-0.00889436,2.03261,-0.00252011,1.10189,-0.00843824,2.04181
15.13,-0.00244706,1.07702,-0.00889436,2.03261,-0.00255663,1.10186,-0.00848385,2.04181
15.132,-0.00244706,1.07704,-0.00893997,2.03261,-0.00248359,1.10186,-0.00848385,2.04173
15.134,-0.00244706,1.07702,-0.00889436,2.03261,-0.00255663,1.10186,-0.00848385,2.04173
15.136,-0.00241054,1.07702,-0.00889436,2.03261,-0.00255663,1.10186,-0.00848385,2.04173
15.138,-0.00241054,1.07702,-0.00889436,2.03261,-0.00252011,1.10189,-0.00843824,2.04173
15.14,-0.00241054,1.07702,-0.00889436,2.03261,-0.00255663,1.10186,-0.00848385,2.04173
15.142,-0.00241054,1.07704,-0.00884875,2.03261,-0.00252011,1.10189,-0.00843824,2.04173
15.144,-0.00241054,1.07702,-0.00889436,2.03261,-0.00255663,1.10189,-0.00843824,2.04173
15.146,-0.00241054,1.07702,-0.00889436,2.03261,-0.00252011,1.10189,-0.00843824,2.04181
15.148,-0.00244706,1.07702,-0.00889436,2.03261,-0.00259316,1.10186,-0.00848385,2.04173
15.15,-0.00244706,1.07702,-0.00889436,2.03261,-0.00255663,1.10186,-0.00848385,2.04181
15.152,-0.00244706,1.07702,-0.00889436,2.03261,-0.00259316,1.10189,-0.00843824,2.04181
15.154,-0.00241054,1.07702,-0.00889436,2.03261,-0.00255663,1.10189,-0.00843824,2.04181
15.156,-0.00244706,1.07702,-0.00889436,2.03261,-0.00255663,1.10189,-0.00843824,2.04173
15.158,-0.00241054,1.07704,-0.00884875,2.03261,-0.00252011,1.10186,-0.00848385,2.04173
15.16,-0.00241054,1.07702,-0.00889436,2.03269,-0.00252011,1.10189,-0.00843824,2.04181
15.162,-0.00241054,1.07704,-0.00893997,2.03261,-0.00255663,1.10189,-0.00843824,2.04181
15.164,-0.00241054,1.07704,-0.00893997,2.03261,-0.00255663,1.10194,-0.00843824,2.04173
15.166,-0.00241054,1.07702,-0.00889436,2.03261,-0.00255663,1.10189,-0.00843824,2.04173
15.168,-0.00241054,1.07702,-0.00889436,2.03261,-0.00255663,1.10189,-0.00843824,2.04173
15.17,-0.00241054,1.07704,-0.00884875,2.03261,-0.00252011,1.10189,-0.00843824,2.04181
15.172,-0.00241054,1.07704,-0.00884875,2.03261,-0.00255663,1.10189,-0.00843824,2.04173
15.174,-0.00241054,1.07704,-0.00893997,2.03269,-0.00252011,1.10189,-0.00843824,2.04181
15.176,-0.00241054,1.07704,-0.00893997,2.03261,-0.00255663,1.10189,-0.00843824,2.04181
15.178,-0.00241054,1.07702,-0.00889436,2.03261,-0.00255663,1.10189,-0.00843824,2.04181
15.18,-0.00241054,1.07702,-0.00889436,2.03261,-0.00252011,1.10189,-0.00843824,2.04173
15.182,-0.00241054,1.07704,-0.00884875,2.03261,-0.00252011,1.10189,-0.00843824,2.04173
15.184,-0.00244706,1.07702,-0.00889436,2.03261,-0.00255663,1.10186,-0.00848385,2.04173
15.186,-0.00241054,1.07702,-0.00889436,2.03261,-0.00255663,1.10189,-0.00843824,2.04181
15.188,-0.00241054,1.07704,-0.00893997,2.03261,-0.00252011,1.10189,-0.00843824,2.04173
15.19,-0.00241054,1.07702,-0.00889436,2.03261,-0.00255663,1.10191,-0.00839263,2.04181
15.192,-0.00241054,1.07702,-0.00889436,2.03269,-0.00252011,1.10189,-0.00843824,2.04181
15.194,-0.00241054,1.07702,-0.00889436,2.03269,-0.00259316,1.10189,-0.00843824,2.04181
15.196,-0.00244706,1.07704,-0.00893997,2.03261,-0.00255663,1.10191,-0.00839263,2.04173
15.198,-0.00241054,1.07704,-0.00884875,2.03261,-0.00255663,1.10189,-0.00843824,2.04173
15.2,-0.00244706,1.07704,-0.00893997,2.03261,-0.00259316,1.10189,-0.00843824,2.04173
15.202,-0.00241054,1.07702,-0.00889436,2.03261,-0.00252011,1.10189,-0.00843824,2.04181
15.204,-0.00244706,1.07702,-0.00889436,2.03269,-0.00252011,1.10189,-0.00843824,2.04181
15.206,-0.00241054,1.07702,-0.00889436,2.03261,-0.00252011,1.10189,-0.00843824,2.04173
15.208,-0.00241054,1.07702,-0.00889436,2.03261,-0.00255663,1.10194,-0.00843824,2.04173
15.21,-0.00241054,1.07704,-0.00893997,2.03261,-0.00248359,1.10186,-0.00839263,2.04173
15.212,-0.00241054,1.07704,-0.00893997,2.03261,-0.00255663,1.10186,-0.00848385,2.04181
15.214,-0.00241054,1.07707,-0.00889436,2.03269,-0.00255663,1.10189,-0.00843824,2.04173
15.216,-0.00244706,1.07702,-0.00889436,2.03269,-0.00255663,1.10186,-0.00848385,2.04181
15.218,-0.00241054,1.07702,-0.00889436,2.03269,-0.00255663,1.10186,-0.00848385,2.04173
15.22,-0.00244706,1.07702,-0.00889436,2.03269,-0.00252011,1.10189,-0.00843824,2.04173
15.222,-0.00244706,1.07702,-0.00889436,2.03269,-0.00255663,1.10189,-0.00843824,2.04181
15.224,-0.00244706,1.07704,-0.00893997,2.03261,-0.00255663,1.10189,-0.00843824,2.04181
15.226,-0.00241054,1.07702,-0.00889436,2.03261,-0.00255663,1.10186,-0.00848385,2.04181
15.228,-0.00241054,1.07704,-0.00884875,2.03261,-0.00255663,1.10189,-0.00843824,2.04181
15.23,-0.00241054,1.07702,-0.00889436,2.03261,-0.00255663,1.10189,-0.00843824,2.04173
15.232,-0.00244706,1.07702,-0.00889436,2.03261,-0.00255663,1.10189,-0.00843824,2.04173
15.234,-0.00244706,1.07702,-0.00889436,2.03269,-0.00252011,1.10186,-0.00848385,2.04181
15.236,-0.00241054,1.07704,-0.00893997,2.03261,-0.00252011,1.10189,-0.00843824,2.04181
15.238,-0.00244706,1.07704,-0.00893997,2.03261,-0.00255663,1.10189,-0.00852946,2.04181
15.24,-0.00244706,1.07702,-0.00889436,2.03261,-0.00252011,1.10189,-0.00843824,2.04173
15.242,-0.00244706,1.07702,-0.00889436,2.03261,-0.00255663,1.10186,-0.00848385,2.04181
15.244,-0.00244706,1.07702,-0.00889436,2.03261,-0.00252011,1.10189,-0.00843824,2.04173
15.246,-0.00241054,1.07702,-0.00889436,2.03261,-0.00255663,1.10189,-0.00843824,2.04173
15.248,-0.00244706,1.07702,-0.00889436,2.03261,-0.00255663,1.10189,-0.00843824,2.04181
15.25,-0.00244706,1.07702,-0.00889436,2.03261,-0.00255663,1.10189,-0.00843824,2.04181
15.252,-0.00244706,1.07702,-0.00889436,2.03261,-0.00252011,1.10189,-0.00843824,2.04181
15.254,-0.00244706,1.07704,-0.00884875,2.03261,-0.00252011,1.10191,-0.00839263,2.04173
15.256,-0.00244706,1.07704,-0.00893997,2.03261,-0.00255663,1.10191,-0.00839263,2.04173
15.258,-0.00241054,1.07704,-0.00893997,2.03261,-0.00252011,1.10189,-0.00843824,2.04181
15.26,-0.00241054,1.07702,-0.00889436,2.03261,-0.00252011,1.10186,-0.00848385,2.04173
15.262,-0.00241054,1.07702,-0.00889436,2.03261,-0.00255663,1.10186,-0.00848385,2.04181
15.264,-0.00241054,1.07704,-0.00884875,2.03261,-0.00255663,1.10189,-0.00843824,2.04173
15.266,-0.00244706,1.07704,-0.00893997,2.03269,-0.00255663,1.10189,-0.00843824,2.04181
15.268,-0.00244706,1.07702,-0.00889436,2.03261,-0.00255663,1.10189,-0.00843824,2.04181
15.27,-0.00244706,1.07707,-0.00889436,2.03261,-0.00252011,1.10186,-0.00848385,2.04173
15.272,-0.00244706,1.07702,-0.00889436,2.03261,-0.00252011,1.10191,-0.00839263,2.04181
15.274,-0.00244706,1.07702,-0.00889436,2.03261,-0.00255663,1.10189,-0.00843824,2.04181
15.276,-0.00244706,1.07704,-0.00893997,2.03261,-0.00255663,1.10189,-0.00843824,2.04181
15.278,-0.00241054,1.07702,-0.00889436,2.03261,-0.00255663,1.10191,-0.00848385,2.04181
15.28,-0.00241054,1.07702,-0.00889436,2.03261,-0.00252011,1.10186,-0.00848385,2.04173
15.282,-0.00244706,1.07704,-0.00884875,2.03261,-0.00252011,1.10189,-0.00843824,2.04173
15.284,-0.00244706,1.07704,-0.00884875,2.03261,-0.00252011,1.10189,-0.00843824,2.04173
15.286,-0.00244706,1.07704,-0.00893997,2.03261,-0.00252011,1.10189,-0.00843824,2.04173
15.288,-0.00244706,1.07707,-0.00889436,2.03261,-0.00255663,1.10189,-0.00843824,2.04181
15.29,-0.00241054,1.07702,-0.00889436,2.03261,-0.00259316,1.10189,-0.00843824,2.04181
15.292,-0.00241054,1.07702,-0.00889436,2.03261,-0.00252011,1.10189,-0.00843824,2.04181
15.294,-0.00241054,1.07702,-0.00889436,2.03261,-0.00252011,1.10189,-0.00843824,2.04173
15.296,-0.00244706,1.07702,-0.00889436,2.03269,-0.00252011,1.10189,-0.00843824,2.04173
15.298,-0.00244706,1.07702,-0.00889436,2.03269,-0.00255663,1.10189,-0.00843824,2.04173
15.3,-0.00241054,1.07702,-0.00889436,2.03261,-0.00255663,1.10189,-0.00843824,2.04181
15.302,-0.00241054,1.07702,-0.00889436,2.03261,-0.00255663,1.10186,-0.00848385,2.04181
15.304,-0.00241054,1.07704,-0.00893997,2.03261,-0.00255663,1.10189,-0.00843824,2.04181
15.306,-0.00241054,1.07702,-0.00889436,2.03261,-0.00255663,1.10189,-0.00843824,2.04181
15.308,-0.00244706,1.07702,-0.00889436,2.03269,-0.00252011,1.10189,-0.00843824,2.04173
15.31,-0.00244706,1.07702,-0.00889436,2.03269,-0.00255663,1.10189,-0.00843824,2.04173
15.312,-0.00244706,1.07702,-0.00889436,2.03261,-0.00252011,1.10189,-0.00843824,2.04173
15.314,-0.00244706,1.07702,-0.00889436,2.03261,-0.00255663,1.10189,-0.00843824,2.04181
15.316,-0.00241054,1.07702,-0.00889436,2.03261,-0.00252011,1.10189,-0.00843824,2.04173
15.318,-0.00241054,1.07702,-0.00889436,2.03261,-0.00255663,1.10189,-0.00843824,2.04173
15.32,-0.00241054,1.07704,-0.00884875,2.03261,-0.00252011,1.10189,-0.00843824,2.04173
15.322,-0.00244706,1.07704,-0.00884875,2.03269,-0.00259316,1.10189,-0.00843824,2.04181
15.324,-0.00241054,1.07707,-0.00889436,2.03261,-0.00255663,1.10189,-0.00843824,2.04173
15.326,-0.00244706,1.07702,-0.00889436,2.03261,-0.00252011,1.10189,-0.00843824,2.04173
15.328,-0.00244706,1.07702,-0.00889436,2.03261,-0.00255663,1.10189,-0.00843824,2.04181
15.33,-0.00244706,1.07702,-0.00889436,2.03261,-0.00252011,1.10189,-0.00843824,2.04181
15.332,-0.00244706,1.07702,-0.00889436,2.03261,-0.00255663,1.10189,-0.00843824,2.04181
15.334,-0.00241054,1.07704,-0.00884875,2.03261,-0.00252011,1.10189,-0.00843824,2.04173
15.336,-0.00244706,1.07704,-0.00893997,2.03261,-0.00252011,1.10186,-0.00848385,2.04181
15.338,-0.00244706,1.07702,-0.00889436,2.03269,-0.00252011,1.10186,-0.00848385,2.04181
15.34,-0.00241054,1.07707,-0.00889436,2.03261,-0.00255663,1.10189,-0.00843824,2.04173
15.342,-0.00241054,1.07702,-0.00889436,2.03269,-0.00252011,1.10189,-0.00843824,2.04181
15.344,-0.00241054,1.07702,-0.00889436,2.03261,-0.00255663,1.10189,-0.00843824,2.04181
15.346,-0.00241054,1.07702,-0.00889436,2.03261,-0.00252011,1.10189,-0.00843824,2.04181
15.348,-0.00244706,1.07702,-0.00889436,2.03269,-0.00252011,1.10189,-0.00843824,2.04173
15.35,-0.00241054,1.07704,-0.00893997,2.03261,-0.00252011,1.10189,-0.00843824,2.04164
15.352,-0.00241054,1.07707,-0.00889436,2.03261,-0.00252011,1.10189,-0.00843824,2.04173
15.354,-0.00244706,1.07702,-0.00889436,2.03261,-0.00255663,1.10189,-0.00843824,2.04173
15.356,-0.00244706,1.07704,-0.00884875,2.03261,-0.00252011,1.10186,-0.00848385,2.04181
15.358,-0.00241054,1.07704,-0.00893997,2.03261,-0.00252011,1.10189,-0.00843824,2.04181
15.36,-0.00241054,1.07704,-0.00893997,2.03261,-0.00252011,1.10189,-0.00843824,2.04181
15.362,-0.00244706,1.07702,-0.00889436,2.03261,-0.00252011,1.10189,-0.00843824,2.04173
15.364,-0.00241054,1.07704,-0.00893997,2.03261,-0.00255663,1.10189,-0.00843824,2.04173
15.366,-0.00241054,1.07702,-0.00889436,2.03269,-0.00255663,1.10186,-0.00848385,2.04181
15.368,-0.00241054,1.07704,-0.00884875,2.03269,-0.00255663,1.10189,-0.00843824,2.04181
15.37,-0.00241054,1.07702,-0.00889436,2.03261,-0.00255663,1.10189,-0.00843824,2.04173
15.372,-0.00244706,1.07704,-0.00893997,2.03261,-0.00255663,1.10189,-0.00843824,2.04181
15.374,-0.00244706,1.07704,-0.00893997,2.03261,-0.00252011,1.10186,-0.00848385,2.04181
15.376,-0.00244706,1.07702,-0.00889436,2.03261,-0.00255663,1.10189,-0.00843824,2.04173
15.378,-0.00244706,1.07704,-0.00884875,2.03261,-0.00252011,1.10189,-0.00843824,2.04181
15.38,-0.00241054,1.07704,-0.00884875,2.03261,-0.00255663,1.10189,-0.00843824,2.04181
15.382,-0.00241054,1.07702,-0.00889436,2.03269,-0.00255663,1.10189,-0.00843824,2.04173
15.384,-0.00241054,1.07702,-0.00889436,2.03269,-0.00255663,1.10189,-0.00843824,2.04173
15.386,-0.00244706,1.07702,-0.00889436,2.03269,-0.00255663,1.10189,-0.00843824,2.04173
15.388,-0.00241054,1.07702,-0.00889436,2.03261,-0.00252011,1.10189,-0.00843824,2.04181
15.39,-0.00244706,1.07702,-0.00889436,2.03261,-0.00252011,1.10189,-0.00843824,2.04173
15.392,-0.00244706,1.07702,-0.00889436,2.03261,-0.00252011,1.10189,-0.00843824,2.04181
15.394,-0.00244706,1.07707,-0.00889436,2.03261,-0.00255663,1.10189,-0.00843824,2.04173
15.396,-0.00241054,1.07702,-0.00889436,2.03269,-0.00252011,1.10189,-0.00843824,2.04173
15.398,-0.00241054,1.07702,-0.00889436,2.03269,-0.00255663,1.10191,-0.00839263,2.04181
15.4,-0.00241054,1.07702,-0.00889436,2.03269,-0.00252011,1.10189,-0.00843824,2.04181
15.402,-0.00244706,1.07704,-0.00884875,2.03261,-0.00255663,1.10189,-0.00843824,2.04173
15.404,-0.00244706,1.07704,-0.00893997,2.03261,-0.00255663,1.10189,-0.00843824,2.04173
15.406,-0.00244706,1.07704,-0.00884875,2.03261,-0.00255663,1.10189,-0.00843824,2.04173
15.408,-0.00244706,1.07704,-0.00884875,2.03261,-0.00252011,1.10189,-0.00843824,2.04173
15.41,-0.00244706,1.07704,-0.00884875,2.03269,-0.00255663,1.10189,-0.00843824,2.04173
15.412,-0.00241054,1.07704,-0.00884875,2.03261,-0.00252011,1.10186,-0.00839263,2.04181
15.414,-0.00241054,1.07702,-0.00889436,2.03261,-0.00255663,1.10189,-0.00843824,2.04173
15.416,-0.00241054,1.07704,-0.00893997,2.03261,-0.00255663,1.10189,-0.00843824,2.04181
15.418,-0.00241054,1.07702,-0.00889436,2.03261,-0.00255663,1.10189,-0.00843824,2.04173
15.42,-0.00244706,1.07702,-0.00889436,2.03261,-0.00255663,1.10189,-0.00843824,2.04181
15.422,-0.00244706,1.07702,-0.00889436,2.03261,-0.00255663,1.10189,-0.00843824,2.04173
15.424,-0.00244706,1.07702,-0.00889436,2.03261,-0.00259316,1.10189,-0.00843824,2.04181
15.426,-0.00244706,1.07704,-0.00884875,2.03261,-0.00252011,1.10189,-0.00843824,2.04173
15.428,-0.00244706,1.07704,-0.00884875,2.03261,-0.00255663,1.10189,-0.00843824,2.04181
15.43,-0.00244706,1.07704,-0.00893997,2.03261,-0.00255663,1.10189,-0.00843824,2.04173
15.432,-0.00244706,1.07702,-0.00889436,2.03261,-0.00255663,1.10186,-0.00848385,2.04173
15.434,-0.00244706,1.07702,-0.00889436,2.03261,-0.00252011,1.10189,-0.00843824,2.04173
15.436,-0.00244706,1.07702,-0.00889436,2.03261,-0.00252011,1.10189,-0.00843824,2.04173
15.438,-0.00241054,1.07702,-0.00889436,2.03261,-0.00252011,1.10189,-0.00843824,2.04181
15.44,-0.00244706,1.07704,-0.00893997,2.03261,-0.00252011,1.10189,-0.00843824,2.04181
15.442,-0.00241054,1.07702,-0.00889436,2.03261,-0.00252011,1.10191,-0.00839263,2.04181
15.444,-0.00244706,1.07702,-0.00889436,2.03261,-0.00252011,1.10186,-0.00848385,2.04173
15.446,-0.00241054,1.07704,-0.00893997,2.03261,-0.00255663,1.10189,-0.00843824,2.04173
15.448,-0.00241054,1.07704,-0.00884875,2.03261,-0.00255663,1.10189,-0.00843824,2.04173
15.45,-0.00241054,1.07707,-0.00889436,2.03261,-0.00255663,1.10189,-0.00843824,2.04173
15.452,-0.00244706,1.07704,-0.00893997,2.03261,-0.00255663,1.10189,-0.00843824,2.04181
15.454,-0.00241054,1.07702,-0.00889436,2.03261,-0.00252011,1.10191,-0.00848385,2.04181
15.456,-0.00241054,1.07702,-0.00889436,2.03261,-0.00255663,1.10189,-0.00843824,2.04173
15.458,-0.00241054,1.07704,-0.00884875,2.03261,-0.00252011,1.10189,-0.00843824,2.04173
15.46,-0.00241054,1.07702,-0.00889436,2.03269,-0.00252011,1.10186,-0.00848385,2.04181
15.462,-0.00244706,1.07702,-0.00889436,2.03269,-0.00252011,1.10186,-0.00848385,2.04181
15.464,-0.00244706,1.07704,-0.00893997,2.03269,-0.00255663,1.10189,-0.00843824,2.04173
15.466,-0.00244706,1.07704,-0.00893997,2.03261,-0.00255663,1.10189,-0.00843824,2.04181
15.468,-0.00244706,1.07702,-0.00889436,2.03261,-0.00255663,1.10186,-0.00848385,2.04181
15.47,-0.00244706,1.07702,-0.00889436,2.03261,-0.00255663,1.10189,-0.00843824,2.04173
15.472,-0.00244706,1.07702,-0.00889436,2.03269,-0.00259316,1.10189,-0.00843824,2.04173
15.474,-0.00241054,1.07704,-0.00893997,2.03261,-0.00255663,1.10186,-0.00848385,2.04181
15.476,-0.00241054,1.07702,-0.00889436,2.03269,-0.00255663,1.10189,-0.00843824,2.04173
15.478,-0.00244706,1.07704,-0.00893997,2.03269,-0.00255663,1.10189,-0.00843824,2.04181
15.48,-0.00244706,1.07702,-0.00889436,2.03261,-0.00255663,1.10191,-0.00839263,2.04173
15.482,-0.00244706,1.07702,-0.00889436,2.03261,-0.00255663,1.10189,-0.00843824,2.04181
15.484,-0.00244706,1.07702,-0.00889436,2.03261,-0.00255663,1.10189,-0.00843824,2.04173
15.486,-0.00244706,1.07704,-0.00893997,2.03261,-0.00255663,1.10191,-0.00839263,2.04181
15.488,-0.00244706,1.07704,-0.00884875,2.03261,-0.00255663,1.10186,-0.00848385,2.04173
15.49,-0.00244706,1.07707,-0.00889436,2.03261,-0.00255663,1.10186,-0.00848385,2.04173
15.492,-0.00244706,1.07707,-0.00889436,2.03261,-0.00252011,1.10189,-0.00843824,2.04173
15.494,-0.00241054,1.07702,-0.00889436,2.03261,-0.00252011,1.10189,-0.00843824,2.04173
15.496,-0.00241054,1.07702,-0.00889436,2.03261,-0.00255663,1.10189,-0.00843824,2.04173
15.498,-0.00241054,1.07702,-0.00889436,2.03261,-0.00255663,1.10186,-0.00848385,2.04173
15.5,-0.00241054,1.07704,-0.00884875,2.03261,-0.00255663,1.10191,-0.00848385,2.04173
15.502,-0.00241054,1.07702,-0.00889436,2.03261,-0.00255663,1.10189,-0.00843824,2.04181
15.504,-0.00244706,1.07702,-0.00889436,2.03261,-0.00252011,1.10189,-0.00843824,2.04173
15.506,-0.00244706,1.07704,-0.00884875,2.03261,-0.00248359,1.10191,-0.00839263,2.04181
15.508,-0.00241054,1.07704,-0.00884875,2.03269,-0.00255663,1.10189,-0.00843824,2.04181
15.51,-0.00241054,1.07702,-0.00889436,2.03261,-0.00255663,1.10186,-0.00848385,2.04181
15.512,-0.00241054,1.07707,-0.00889436,2.03261,-0.00255663,1.10189,-0.00843824,2.04181
15.514,-0.00241054,1.07704,-0.00884875,2.03261,-0.00255663,1.10189,-0.00843824,2.04181
15.516,-0.00241054,1.07702,-0.00889436,2.03269,-0.00252011,1.10189,-0.00843824,2.04181
15.518,-0.00241054,1.07702,-0.00889436,2.03269,-0.00252011,1.10189,-0.00843824,2.04181
15.52,-0.00244706,1.07704,-0.00893997,2.03269,-0.00252011,1.10189,-0.00843824,2.04173
15.522,-0.00244706,1.07704,-0.00893997,2.03261,-0.00252011,1.10189,-0.00843824,2.04181
15.524,-0.00241054,1.07704,-0.00884875,2.03269,-0.00255663,1.10189,-0.00843824,2.04173
15.526,-0.00241054,1.07704,-0.00884875,2.03261,-0.00255663,1.10189,-0.00843824,2.04173
15.528,-0.00241054,1.07704,-0.00884875,2.03261,-0.00252011,1.10186,-0.00848385,2.04181
15.53,-0.00241054,1.07702,-0.00889436,2.03261,-0.00255663,1.10189,-0.00843824,2.04173
15.532,-0.00244706,1.07704,-0.00884875,2.03261,-0.00252011,1.10189,-0.00843824,2.04173
15.534,-0.00244706,1.07702,-0.00889436,2.03261,-0.00248359,1.10189,-0.00843824,2.04173
15.536,-0.00244706,1.07702,-0.00889436,2.03261,-0.00252011,1.10189,-0.00843824,2.04173
15.538,-0.00244706,1.07702,-0.00889436,2.03261,-0.00255663,1.10186,-0.00848385,2.04181
15.54,-0.00241054,1.07707,-0.00889436,2.03261,-0.00255663,1.10189,-0.00843824,2.04181
15.542,-0.00241054,1.07702,-0.00889436,2.03261,-0.00252011,1.10189,-0.00843824,2.04173
15.544,-0.00241054,1.07707,-0.00889436,2.03261,-0.00252011,1.10191,-0.00848385,2.04181
15.546,-0.00241054,1.07704,-0.00884875,2.03261,-0.00255663,1.10186,-0.00848385,2.04181
15.548,-0.00241054,1.07702,-0.00889436,2.03261,-0.00252011,1.10189,-0.00843824,2.04173
15.55,-0.00244706,1.07704,-0.00893997,2.03261,-0.00252011,1.10186,-0.00848385,2.04173
15.552,-0.00241054,1.07704,-0.00893997,2.03261,-0.00252011,1.10189,-0.00843824,2.04181
15.554,-0.00244706,1.07702,-0.00889436,2.03261,-0.00255663,1.10186,-0.00848385,2.04181
15.556,-0.00241054,1.07707,-0.00889436,2.03261,-0.00252011,1.10186,-0.00848385,2.04181
15.558,-0.00241054,1.07704,-0.00884875,2.03261,-0.00255663,1.10191,-0.00839263,2.04181
15.56,-0.00241054,1.07704,-0.00884875,2.03261,-0.00252011,1.10186,-0.00848385,2.04173
15.562,-0.00241054,1.07704,-0.00884875,2.03269,-0.00252011,1.10186,-0.00848385,2.04181
15.564,-0.00244706,1.07702,-0.00889436,2.03269,-0.00252011,1.10189,-0.00843824,2.04181
15.566,-0.00244706,1.07702,-0.00889436,2.03269,-0.00259316,1.10186,-0.00848385,2.04181
15.568,-0.00244706,1.07702,-0.00889436,2.03269,-0.00255663,1.10189,-0.00843824,2.04181
15.57,-0.00241054,1.07704,-0.00884875,2.03261,-0.00255663,1.10189,-0.00843824,2.04173
15.572,-0.00241054,1.07702,-0.00889436,2.03261,-0.00255663,1.10189,-0.00843824,2.04181
15.574,-0.00241054,1.07704,-0.00893997,2.03261,-0.00252011,1.10189,-0.00843824,2.04173
15.576,-0.00241054,1.07702,-0.00889436,2.03261,-0.00255663,1.10189,-0.00843824,2.04181
15.578,-0.00244706,1.07702,-0.00889436,2.03261,-0.00252011,1.10189,-0.00843824,2.04181
15.58,-0.00244706,1.07704,-0.00884875,2.03261,-0.00255663,1.10189,-0.00843824,2.04173
15.582,-0.00244706,1.07704,-0.00884875,2.03261,-0.00252011,1.10186,-0.00848385,2.04181
15.584,-0.00241054,1.07702,-0.00889436,2.03261,-0.00255663,1.10186,-0.00848385,2.04173
15.586,-0.00241054,1.07702,-0.00889436,2.03261,-0.00255663,1.10189,-0.00843824,2.04181
15.588,-0.00244706,1.07702,-0.00889436,2.03261,-0.00252011,1.10191,-0.00839263,2.04181
15.59,-0.00241054,1.07702,-0.00889436,2.03261,-0.00252011,1.10189,-0.00843824,2.04181
15.592,-0.00244706,1.07704,-0.00893997,2.03261,-0.00255663,1.10189,-0.00843824,2.04181
15.594,-0.00244706,1.07702,-0.00889436,2.03269,-0.00255663,1.10189,-0.00843824,2.04181
15.596,-0.00244706,1.07704,-0.00893997,2.03261,-0.00255663,1.10186,-0.00848385,2.04173
15.598,-0.00241054,1.07704,-0.00884875,2.03269,-0.00252011,1.10186,-0.00848385,2.04173
15.6,-0.00241054,1.07707,-0.00889436,2.03269,-0.00252011,1.10189,-0.00843824,2.04181
15.602,-0.00241054,1.07702,-0.00889436,2.03269,-0.00255663,1.10189,-0.00843824,2.04173
15.604,-0.00244706,1.07702,-0.00889436,2.03261,-0.00252011,1.10189,-0.00843824,2.04173
15.606,-0.00244706,1.07704,-0.00893997,2.03261,-0.00255663,1.10186,-0.00848385,2.04173
15.608,-0.00244706,1.07704,-0.00893997,2.03261,-0.00252011,1.10189,-0.00843824,2.04173
15.61,-0.00241054,1.07707,-0.00889436,2.03269,-0.00255663,1.10189,-0.00843824,2.04181
15.612,-0.00241054,1.07707,-0.00889436,2.03261,-0.00255663,1.10189,-0.00843824,2.04173
15.614,-0.00244706,1.07702,-0.00889436,2.03261,-0.00252011,1.10191,-0.00839263,2.04181
15.616,-0.00241054,1.07702,-0.00889436,2.03261,-0.00255663,1.10189,-0.00852946,2.04173
15.618,-0.00241054,1.07704,-0.00893997,2.03261,-0.00259316,1.10186,-0.00848385,2.04181
15.62,-0.00241054,1.07704,-0.00893997,2.03261,-0.00255663,1.10189,-0.00843824,2.04173
15.622,-0.00241054,1.07702,-0.00889436,2.03261,-0.00252011,1.10189,-0.00843824,2.04181
15.624,-0.00241054,1.07704,-0.00893997,2.03261,-0.00252011,1.10189,-0.00843824,2.04181
15.626,-0.00241054,1.07704,-0.00884875,2.03261,-0.00252011,1.10189,-0.00843824,2.04181
15.628,-0.00244706,1.07702,-0.00889436,2.03269,-0.00252011,1.10189,-0.00843824,2.04173
15.63,-0.00244706,1.07704,-0.00893997,2.03261,-0.00252011,1.10189,-0.00843824,2.04181
15.632,-0.00241054,1.07702,-0.00889436,2.03261,-0.00252011,1.10191,-0.00848385,2.04181
15.634,-0.00244706,1.07704,-0.00884875,2.03261,-0.00255663,1.10189,-0.00843824,2.04173
15.636,-0.00241054,1.07704,-0.00884875,2.03261,-0.00248359,1.10189,-0.00843824,2.04181
15.638,-0.00244706,1.07707,-0.00889436,2.03269,-0.00255663,1.10189,-0.00843824,2.04173
15.64,-0.00241054,1.07707,-0.00889436,2.03261,-0.00255663,1.10189,-0.00843824,2.04173
15.642,-0.00241054,1.07702,-0.00889436,2.03261,-0.00252011,1.10186,-0.00848385,2.04173
15.644,-0.00241054,1.07702,-0.00889436,2.03261,-0.00252011,1.10189,-0.00843824,2.04173
15.646,-0.00241054,1.07704,-0.00884875,2.03261,-0.00255663,1.10189,-0.00843824,2.04181
15.648,-0.00241054,1.07702,-0.00889436,2.03261,-0.00259316,1.10191,-0.00839263,2.04181
15.65,-0.00241054,1.07702,-0.00889436,2.03269,-0.00252011,1.10189,-0.00843824,2.04181
15.652,-0.00241054,1.07707,-0.00889436,2.03261,-0.00255663,1.10189,-0.00843824,2.04181
15.654,-0.00241054,1.07702,-0.00889436,2.03261,-0.00252011,1.10189,-0.00843824,2.04181
15.656,-0.00241054,1.07707,-0.00889436,2.03261,-0.00259316,1.10186,-0.00848385,2.04181
15.658,-0.00241054,1.07704,-0.00884875,2.03261,-0.00255663,1.10189,-0.00843824,2.04181
15.66,-0.00241054,1.07704,-0.00884875,2.03261,-0.00252011,1.10189,-0.00843824,2.04173
15.662,-0.00244706,1.07704,-0.00893997,2.03261,-0.00255663,1.10189,-0.00843824,2.04181
15.664,-0.00241054,1.07702,-0.00889436,2.03261,-0.00255663,1.10189,-0.00843824,2.04173
15.666,-0.00244706,1.07704,-0.00893997,2.03261,-0.00255663,1.10189,-0.00843824,2.04173
15.668,-0.00244706,1.07702,-0.00889436,2.03269,-0.00252011,1.10189,-0.00843824,2.04173
15.67,-0.00244706,1.07702,-0.00889436,2.03269,-0.00252011,1.10189,-0.00843824,2.04181
15.672,-0.00244706,1.07704,-0.00884875,2.03261,-0.00259316,1.10191,-0.00839263,2.04181
15.674,-0.00241054,1.07704,-0.00884875,2.03261,-0.00255663,1.10189,-0.00843824,2.04173
15.676,-0.00241054,1.07707,-0.00889436,2.03269,-0.00255663,1.10186,-0.00848385,2.04173
15.678,-0.00241054,1.07707,-0.00889436,2.03261,-0.00255663,1.10189,-0.00843824,2.04173
15.68,-0.00241054,1.07702,-0.00889436,2.03261,-0.00252011,1.10189,-0.00843824,2.04173
15.682,-0.00244706,1.07702,-0.00889436,2.03261,-0.00255663,1.10189,-0.00843824,2.04181
15.684,-0.00244706,1.07704,-0.00893997,2.03261,-0.00252011,1.10189,-0.00843824,2.04173
15.686,-0.00244706,1.07702,-0.00889436,2.03269,-0.00255663,1.10189,-0.00843824,2.04173
15.688,-0.00241054,1.07702,-0.00889436,2.03261,-0.00255663,1.10186,-0.00848385,2.04181
15.69,-0.00241054,1.07704,-0.00884875,2.03261,-0.00259316,1.10186,-0.00848385,2.04181
15.692,-0.00241054,1.07704,-0.00893997,2.03261,-0.00252011,1.10189,-0.00843824,2.04173
15.694,-0.00241054,1.07704,-0.00893997,2.03261,-0.00255663,1.10186,-0.00848385,2.04181
15.696,-0.00244706,1.07704,-0.00893997,2.03261,-0.00255663,1.10191,-0.00839263,2.04181
15.698,-0.00244706,1.07704,-0.00893997,2.03261,-0.00252011,1.10189,-0.00843824,2.04173
15.7,-0.00244706,1.07704,-0.00884875,2.03261,-0.00255663,1.10186,-0.00848385,2.04173
15.702,-0.00241054,1.07704,-0.00884875,2.03261,-0.00255663,1.10186,-0.00848385,2.04181
15.704,-0.00241054,1.07702,-0.00889436,2.03261,-0.00255663,1.10186,-0.00848385,2.04173
15.706,-0.00241054,1.07704,-0.00884875,2.03261,-0.00252011,1.10189,-0.00843824,2.04181
15.708,-0.00241054,1.07704,-0.00884875,2.03261,-0.00255663,1.10189,-0.00843824,2.04173
15.71,-0.00244706,1.07704,-0.00893997,2.03269,-0.00252011,1.10189,-0.00843824,2.04173
15.712,-0.00244706,1.07702,-0.00889436,2.03261,-0.00252011,1.10189,-0.00843824,2.04173
15.714,-0.00244706,1.07702,-0.00889436,2.03261,-0.00252011,1.10189,-0.00843824,2.04173
15.716,-0.00244706,1.07704,-0.00884875,2.03261,-0.00255663,1.10186,-0.00848385,2.04173
15.718,-0.00241054,1.07707,-0.00889436,2.03261,-0.00259316,1.10189,-0.00843824,2.04181
15.72,-0.00241054,1.07702,-0.00889436,2.03261,-0.00255663,1.10189,-0.00843824,2.04181
15.722,-0.00241054,1.07702,-0.00889436,2.03261,-0.00255663,1.10186,-0.00839263,2.04181
15.724,-0.00241054,1.07702,-0.00889436,2.03261,-0.00252011,1.10186,-0.00848385,2.04181
15.726,-0.00241054,1.07702,-0.00889436,2.03261,-0.00252011,1.10189,-0.00843824,2.04173
15.728,-0.00244706,1.07707,-0.00889436,2.03261,-0.00252011,1.10189,-0.00843824,2.04173
15.73,-0.00244706,1.07704,-0.00884875,2.03269,-0.00252011,1.10189,-0.00843824,2.04181
15.732,-0.00244706,1.07707,-0.00889436,2.03261,-0.00252011,1.10186,-0.00848385,2.04173
15.734,-0.00244706,1.07702,-0.00889436,2.03261,-0.00255663,1.10189,-0.00843824,2.04181
15.736,-0.00241054,1.07702,-0.00889436,2.03261,-0.00255663,1.10189,-0.00843824,2.04181
15.738,-0.00241054,1.07702,-0.00889436,2.03261,-0.00255663,1.10189,-0.00843824,2.04173
15.74,-0.00241054,1.07707,-0.00889436,2.03261,-0.00252011,1.10189,-0.00843824,2.04173
15.742,-0.00241054,1.07702,-0.00889436,2.03261,-0.00252011,1.10189,-0.00843824,2.04181
15.744,-0.00241054,1.07707,-0.00889436,2.03261,-0.00252011,1.10189,-0.00843824,2.04173
15.746,-0.00241054,1.07707,-0.00889436,2.03261,-0.00255663,1.10189,-0.00843824,2.04181
15.748,-0.00244706,1.07702,-0.00889436,2.03261,-0.00255663,1.10189,-0.00843824,2.04173
15.75,-0.00241054,1.07702,-0.00889436,2.03261,-0.00252011,1.10186,-0.00848385,2.04173
15.752,-0.00241054,1.07702,-0.00889436,2.03261,-0.00252011,1.10189,-0.00843824,2.04173
15.754,-0.00241054,1.07702,-0.00889436,2.03261,-0.00252011,1.10189,-0.00843824,2.04173
15.756,-0.00241054,1.07707,-0.00889436,2.03261,-0.00255663,1.10183,-0.00843824,2.04173
15.758,-0.00241054,1.07704,-0.00893997,2.03261,-0.00255663,1.10189,-0.00843824,2.04181
15.76,-0.00244706,1.07707,-0.00889436,2.03269,-0.00255663,1.10189,-0.00843824,2.04181
15.762,-0.00241054,1.07702,-0.00889436,2.03261,-0.00252011,1.10189,-0.00843824,2.04181
15.764,-0.00241054,1.07702,-0.00889436,2.03261,-0.00255663,1.10191,-0.00839263,2.04181
15.766,-0.00241054,1.07702,-0.00889436,2.03261,-0.00252011,1.10189,-0.00843824,2.04173
15.768,-0.00244706,1.07704,-0.00884875,2.03261,-0.00255663,1.10189,-0.00843824,2.04181
15.77,-0.00244706,1.07704,-0.00893997,2.03261,-0.00255663,1.10191,-0.00848385,2.04173
15.772,-0.00241054,1.07707,-0.00889436,2.03269,-0.00252011,1.10186,-0.00848385,2.04173
15.774,-0.00241054,1.07702,-0.00889436,2.03269,-0.00255663,1.10189,-0.00843824,2.04173
15.776,-0.00241054,1.07704,-0.00884875,2.03269,-0.00255663,1.10186,-0.00848385,2.04173
15.778,-0.00241054,1.07704,-0.00884875,2.03269,-0.00255663,1.10191,-0.00839263,2.04181
15.78,-0.00241054,1.07704,-0.00884875,2.03269,-0.00255663,1.10191,-0.00839263,2.04173
15.782,-0.00241054,1.07702,-0.00889436,2.03269,-0.00252011,1.10189,-0.00843824,2.04181
15.784,-0.00244706,1.07704,-0.00884875,2.03269,-0.00255663,1.10189,-0.00843824,2.04173
15.786,-0.00244706,1.07702,-0.00889436,2.03269,-0.00255663,1.10189,-0.00843824,2.04173
15.788,-0.00244706,1.07704,-0.00884875,2.03261,-0.00255663,1.10189,-0.00843824,2.04173
15.79,-0.00244706,1.07702,-0.00889436,2.03261,-0.00252011,1.10189,-0.00843824,2.04181
15.792,-0.00241054,1.07702,-0.00889436,2.03261,-0.00255663,1.10189,-0.00843824,2.04173
15.794,-0.00241054,1.07704,-0.00893997,2.03261,-0.00255663,1.10186,-0.00848385,2.04181
15.796,-0.00241054,1.07702,-0.00889436,2.03261,-0.00255663,1.10189,-0.00843824,2.04173
15.798,-0.00244706,1.07702,-0.00889436,2.03261,-0.00252011,1.10189,-0.00843824,2.04173
15.8,-0.00244706,1.07702,-0.00889436,2.03261,-0.00255663,1.10189,-0.00843824,2.04181
15.802,-0.00244706,1.07702,-0.00889436,2.03269,-0.00255663,1.10189,-0.00843824,2.04181
15.804,-0.00244706,1.07702,-0.00889436,2.03261,-0.00252011,1.10186,-0.00848385,2.04173
15.806,-0.00244706,1.07702,-0.00889436,2.03261,-0.00252011,1.10189,-0.00843824,2.04173
15.808,-0.00241054,1.07702,-0.00889436,2.03261,-0.00255663,1.10189,-0.00843824,2.04181
15.81,-0.00241054,1.07702,-0.00889436,2.03261,-0.00252011,1.10189,-0.00843824,2.04173
15.812,-0.00241054,1.07704,-0.00893997,2.03261,-0.00255663,1.10186,-0.00848385,2.04181
15.814,-0.00241054,1.07704,-0.00893997,2.03261,-0.00255663,1.10189,-0.00843824,2.04173
15.816,-0.00244706,1.07704,-0.00884875,2.03269,-0.00255663,1.10186,-0.00848385,2.04173
15.818,-0.00244706,1.07702,-0.00889436,2.03261,-0.00255663,1.10189,-0.00843824,2.04181
15.82,-0.00241054,1.07702,-0.00889436,2.03261,-0.00252011,1.10189,-0.00843824,2.04181
15.822,-0.00241054,1.07702,-0.00889436,2.03269,-0.00259316,1.10189,-0.00843824,2.04181
15.824,-0.00241054,1.07704,-0.00893997,2.03269,-0.00255663,1.10186,-0.00848385,2.04181
15.826,-0.00244706,1.07707,-0.00889436,2.03261,-0.00255663,1.10189,-0.00843824,2.04181
15.828,-0.00241054,1.07704,-0.00884875,2.03261,-0.00252011,1.10186,-0.00848385,2.04173
15.83,-0.00244706,1.07704,-0.00884875,2.03261,-0.00255663,1.10189,-0.00843824,2.04173
15.832,-0.00244706,1.07704,-0.00893997,2.03261,-0.00252011,1.10186,-0.00848385,2.04181
15.834,-0.00244706,1.07704,-0.00893997,2.03269,-0.00255663,1.10189,-0.00843824,2.04181
15.836,-0.00241054,1.07704,-0.00893997,2.03261,-0.00255663,1.10186,-0.00848385,2.04181
15.838,-0.00241054,1.07704,-0.00893997,2.03261,-0.00255663,1.10186,-0.00848385,2.04173
15.84,-0.00244706,1.07704,-0.00884875,2.03261,-0.00255663,1.10189,-0.00843824,2.04173
15.842,-0.00244706,1.07702,-0.00889436,2.03261,-0.00252011,1.10189,-0.00843824,2.04181
15.844,-0.00244706,1.07702,-0.00889436,2.03261,-0.00252011,1.10191,-0.00839263,2.04181
15.846,-0.00244706,1.07702,-0.00889436,2.03261,-0.00255663,1.10189,-0.00843824,2.04173
15.848,-0.00241054,1.07702,-0.00889436,2.03261,-0.00259316,1.10189,-0.00843824,2.04173
15.85,-0.00241054,1.07707,-0.00889436,2.03261,-0.00255663,1.10186,-0.00848385,2.04173
15.852,-0.00241054,1.07704,-0.00884875,2.03261,-0.00255663,1.10191,-0.00848385,2.04173
15.854,-0.00244706,1.07704,-0.00884875,2.03261,-0.00252011,1.10189,-0.00843824,2.04173
15.856,-0.00241054,1.07702,-0.00889436,2.03261,-0.00252011,1.10189,-0.00843824,2.04181
15.858,-0.00244706,1.07704,-0.00893997,2.03261,-0.00255663,1.10189,-0.00843824,2.04173
15.86,-0.00244706,1.07704,-0.00893997,2.03261,-0.00255663,1.10189,-0.00843824,2.04181
15.862,-0.00244706,1.07707,-0.00889436,2.03261,-0.00255663,1.10189,-0.00843824,2.04181
15.864,-0.00244706,1.07704,-0.00884875,2.03261,-0.00252011,1.10186,-0.00848385,2.04181
15.866,-0.00241054,1.07702,-0.00889436,2.03261,-0.00255663,1.10186,-0.00848385,2.04173
15.868,-0.00241054,1.07704,-0.00884875,2.03269,-0.00255663,1.10189,-0.00843824,2.04173
15.87,-0.00241054,1.07707,-0.00889436,2.03269,-0.00252011,1.10189,-0.00843824,2.04173
15.872,-0.00244706,1.07707,-0.00889436,2.03269,-0.00252011,1.10189,-0.00843824,2.04181
15.874,-0.00244706,1.07704,-0.00893997,2.03269,-0.00255663,1.10189,-0.00843824,2.04173
15.876,-0.00244706,1.07702,-0.00889436,2.03261,-0.00252011,1.10189,-0.00843824,2.04181
15.878,-0.00244706,1.07707,-0.00889436,2.03261,-0.00255663,1.10189,-0.00843824,2.04173
15.88,-0.00241054,1.07702,-0.00889436,2.03261,-0.00248359,1.10189,-0.00843824,2.04173
15.882,-0.00241054,1.07704,-0.00884875,2.03261,-0.00255663,1.10189,-0.00843824,2.04181
15.884,-0.00241054,1.07707,-0.00889436,2.03261,-0.00255663,1.10189,-0.00843824,2.04173
15.886,-0.00241054,1.07704,-0.00884875,2.03269,-0.00255663,1.10189,-0.00843824,2.04173
15.888,-0.00241054,1.07707,-0.00889436,2.03261,-0.00252011,1.10189,-0.00843824,2.04181
15.89,-0.00244706,1.07704,-0.00893997,2.03261,-0.00255663,1.10189,-0.00843824,2.04181
15.892,-0.00241054,1.07702,-0.00889436,2.03261,-0.00255663,1.10191,-0.00839263,2.04181
15.894,-0.00244706,1.07704,-0.00884875,2.03261,-0.00252011,1.10189,-0.00852946,2.04181
15.896,-0.00244706,1.07704,-0.00884875,2.03261,-0.00255663,1.10189,-0.00843824,2.04173
15.898,-0.00241054,1.07707,-0.00889436,2.03261,-0.00252011,1.10189,-0.00843824,2.04181
15.9,-0.00241054,1.07707,-0.00889436,2.03269,-0.00255663,1.10189,-0.00843824,2.04181
15.902,-0.00241054,1.07704,-0.00893997,2.03261,-0.00255663,1.10189,-0.00843824,2.04173
15.904,-0.00241054,1.07707,-0.00889436,2.03261,-0.00252011,1.10189,-0.00843824,2.04181
15.906,-0.00241054,1.07702,-0.00889436,2.03261,-0.00255663,1.10189,-0.00843824,2.04181
15.908,-0.00244706,1.07702,-0.00889436,2.03261,-0.00252011,1.10189,-0.00843824,2.04173
15.91,-0.00244706,1.07702,-0.00889436,2.03261,-0.00255663,1.10186,-0.00848385,2.04173
15.912,-0.00244706,1.07704,-0.00884875,2.03269,-0.00252011,1.10186,-0.00848385,2.04173
15.914,-0.00244706,1.07702,-0.00889436,2.03269,-0.00255663,1.10186,-0.00839263,2.04173
15.916,-0.00241054,1.07707,-0.00889436,2.03269,-0.00259316,1.10186,-0.00848385,2.04173
15.918,-0.00241054,1.07704,-0.00893997,2.03269,-0.00252011,1.10189,-0.00843824,2.04173
15.92,-0.00241054,1.07702,-0.00889436,2.03269,-0.00244706,1.10186,-0.00848385,2.04173
15.922,-0.00241054,1.07702,-0.00889436,2.03261,-0.00252011,1.10191,-0.00839263,2.04173
15.924,-0.00244706,1.07702,-0.00889436,2.03261,-0.00255663,1.10189,-0.00843824,2.04181
15.926,-0.00244706,1.07702,-0.00889436,2.03261,-0.00252011,1.10189,-0.00843824,2.04173
15.928,-0.00241054,1.07702,-0.00889436,2.03261,-0.00255663,1.10189,-0.00843824,2.04173
15.93,-0.00244706,1.07702,-0.00889436,2.03269,-0.00255663,1.10189,-0.00843824,2.04181
15.932,-0.00241054,1.07702,-0.00889436,2.03269,-0.00255663,1.10186,-0.00848385,2.04181
15.934,-0.00244706,1.07702,-0.00889436,2.03261,-0.00255663,1.10189,-0.00843824,2.04173
15.936,-0.00244706,1.07702,-0.00889436,2.03261,-0.00255663,1.10189,-0.00843824,2.04181
15.938,-0.00244706,1.07704,-0.00884875,2.03261,-0.00252011,1.10189,-0.00843824,2.04173
15.94,-0.00244706,1.07702,-0.00889436,2.03261,-0.00252011,1.10189,-0.00843824,2.04173
15.942,-0.00244706,1.07702,-0.00889436,2.03261,-0.00252011,1.10189,-0.00843824,2.04173
15.944,-0.00244706,1.07707,-0.00889436,2.03261,-0.00252011,1.10189,-0.00843824,2.04181
15.946,-0.00241054,1.07707,-0.00889436,2.03261,-0.00255663,1.10186,-0.00848385,2.04173
15.948,-0.00241054,1.07707,-0.00889436,2.03261,-0.00255663,1.10186,-0.00839263,2.04173
15.95,-0.00241054,1.07704,-0.00893997,2.03261,-0.00252011,1.10189,-0.00843824,2.04173
15.952,-0.00244706,1.07704,-0.00893997,2.03261,-0.00255663,1.10189,-0.00843824,2.04181
15.954,-0.00241054,1.07702,-0.00889436,2.03261,-0.00252011,1.10189,-0.00843824,2.04173
15.956,-0.00244706,1.07704,-0.00884875,2.03261,-0.00252011,1.10191,-0.00839263,2.04173
15.958,-0.00244706,1.07704,-0.00884875,2.03261,-0.00252011,1.10189,-0.00843824,2.04173
15.96,-0.00244706,1.07704,-0.00884875,2.03261,-0.00255663,1.10189,-0.00843824,2.04173
15.962,-0.00241054,1.07702,-0.00889436,2.03261,-0.00259316,1.10186,-0.00848385,2.04173
15.964,-0.00241054,1.07704,-0.00893997,2.03261,-0.00255663,1.10189,-0.00843824,2.04181
15.966,-0.00241054,1.07704,-0.00893997,2.03261,-0.00255663,1.10189,-0.00843824,2.04173
15.968,-0.00241054,1.07702,-0.00889436,2.03269,-0.00255663,1.10189,-0.00843824,2.04181
15.97,-0.00244706,1.07704,-0.00893997,2.03261,-0.00255663,1.10189,-0.00843824,2.04173
15.972,-0.00244706,1.07704,-0.00893997,2.03261,-0.00255663,1.10189,-0.00843824,2.04181
15.974,-0.00244706,1.07704,-0.00884875,2.03261,-0.00252011,1.10189,-0.00843824,2.04173
15.976,-0.00244706,1.07704,-0.00893997,2.03261,-0.00255663,1.10189,-0.00843824,2.04181
15.978,-0.00241054,1.07704,-0.00884875,2.03261,-0.00255663,1.10189,-0.00843824,2.04173
15.98,-0.00241054,1.07704,-0.00884875,2.03261,-0.00255663,1.10189,-0.00843824,2.04173
15.982,-0.00241054,1.07707,-0.00889436,2.03261,-0.00252011,1.10189,-0.00843824,2.04181
15.984,-0.00241054,1.07704,-0.00893997,2.03269,-0.00252011,1.10191,-0.00839263,2.04173
15.986,-0.00241054,1.07707,-0.00889436,2.03261,-0.00252011,1.10186,-0.00848385,2.04181
15.988,-0.00241054,1.07702,-0.00889436,2.03261,-0.00259316,1.10189,-0.00843824,2.04181
15.99,-0.00244706,1.07702,-0.00889436,2.03261,-0.00255663,1.10189,-0.00843824,2.04181
15.992,-0.00244706,1.07702,-0.00889436,2.03261,-0.00255663,1.10189,-0.00843824,2.04173
15.994,-0.00244706,1.07704,-0.00893997,2.03261,-0.00252011,1.10189,-0.00843824,2.04181
15.996,-0.00244706,1.07704,-0.00884875,2.03261,-0.00252011,1.10189,-0.00843824,2.04173
15.998,-0.00241054,1.07707,-0.00889436,2.03261,-0.00255663,1.10186,-0.00839263,2.04181
16,-0.00241054,1.07704,-0.00884875,2.03261,-0.00255663,1.10189,-0.00843824,2.04181
16.002,-0.00241054,1.07702,-0.00889436,2.03261,-0.00252011,1.10189,-0.00843824,2.04181
16.004,-0.00241054,1.07704,-0.00893997,2.03261,-0.00252011,1.10189,-0.00843824,2.04173
16.006,-0.00241054,1.07702,-0.00889436,2.03261,-0.00252011,1.10189,-0.00843824,2.04181
16.008,-0.00241054,1.07702,-0.00889436,2.03261,-0.00252011,1.10189,-0.00843824,2.04173
16.01,-0.00244706,1.07702,-0.00889436,2.03261,-0.00248359,1.10189,-0.00843824,2.04173
16.012,-0.00244706,1.07704,-0.00884875,2.03261,-0.00252011,1.10186,-0.00848385,2.04181
16.014,-0.00244706,1.07704,-0.00893997,2.03261,-0.00255663,1.10189,-0.00843824,2.04173
16.016,-0.00241054,1.07707,-0.00889436,2.03261,-0.00255663,1.10189,-0.00843824,2.04181
16.018,-0.00241054,1.07704,-0.00893997,2.03261,-0.00252011,1.10191,-0.00839263,2.04173
16.02,-0.00241054,1.07702,-0.00889436,2.03261,-0.00255663,1.10189,-0.00843824,2.04173
16.022,-0.00244706,1.07702,-0.00889436,2.03261,-0.00255663,1.10186,-0.00848385,2.04173
16.024,-0.00244706,1.07704,-0.00893997,2.03261,-0.00255663,1.10189,-0.00843824,2.04173
16.026,-0.00244706,1.07704,-0.00893997,2.03261,-0.00255663,1.10186,-0.00848385,2.04173
16.028,-0.00244706,1.07704,-0.00884875,2.03261,-0.00255663,1.10183,-0.00852946,2.04173
16.03,-0.00241054,1.07707,-0.00889436,2.03261,-0.00255663,1.10189,-0.00843824,2.04181
16.032,-0.00244706,1.07704,-0.00893997,2.03261,-0.00255663,1.10189,-0.00843824,2.04181
16.034,-0.00244706,1.07702,-0.00889436,2.03269,-0.00255663,1.10191,-0.00839263,2.04181
16.036,-0.00241054,1.07702,-0.00889436,2.03261,-0.00252011,1.10189,-0.00843824,2.04181
16.038,-0.00241054,1.07704,-0.00884875,2.03261,-0.00252011,1.10189,-0.00843824,2.04181
16.04,-0.00241054,1.07704,-0.00893997,2.03261,-0.00255663,1.10189,-0.00843824,2.04173
16.042,-0.00244706,1.07707,-0.00889436,2.03261,-0.00255663,1.10189,-0.00843824,2.04173
16.044,-0.00244706,1.07704,-0.00893997,2.03261,-0.00259316,1.10186,-0.00848385,2.04173
16.046,-0.00244706,1.07702,-0.00889436,2.03261,-0.00252011,1.10189,-0.00843824,2.04173
16.048,-0.00244706,1.07702,-0.00889436,2.03261,-0.00252011,1.10189,-0.00843824,2.04173
16.05,-0.00241054,1.07702,-0.00889436,2.03269,-0.00255663,1.10189,-0.00843824,2.04173
16.052,-0.00241054,1.07704,-0.00893997,2.03269,-0.00255663,1.10189,-0.00843824,2.04173
16.054,-0.00244706,1.07702,-0.00889436,2.03261,-0.00255663,1.10189,-0.00843824,2.04181
16.056,-0.00241054,1.07702,-0.00889436,2.03261,-0.00252011,1.10189,-0.00843824,2.04181
16.058,-0.00244706,1.07702,-0.00889436,2.03269,-0.00255663,1.10189,-0.00843824,2.04181
16.06,-0.00244706,1.07704,-0.00893997,2.03269,-0.00255663,1.10191,-0.00839263,2.04181
16.062,-0.00244706,1.07702,-0.00889436,2.03261,-0.00252011,1.10186,-0.00848385,2.04173
16.064,-0.00244706,1.07704,-0.00893997,2.03269,-0.00255663,1.10189,-0.00843824,2.04181
16.066,-0.00244706,1.07707,-0.00889436,2.03269,-0.00255663,1.10189,-0.00843824,2.04173
16.068,-0.00244706,1.07707,-0.00889436,2.03261,-0.00252011,1.10189,-0.00843824,2.04173
16.07,-0.00241054,1.07704,-0.00884875,2.03261,-0.00252011,1.10189,-0.00843824,2.04181
16.072,-0.00241054,1.07704,-0.00893997,2.03269,-0.00255663,1.10189,-0.00843824,2.04173
16.074,-0.00244706,1.07702,-0.00889436,2.03261,-0.00252011,1.10189,-0.00843824,2.04173
16.076,-0.00241054,1.07702,-0.00889436,2.03261,-0.00255663,1.10186,-0.00848385,2.04173
16.078,-0.00244706,1.07707,-0.00889436,2.03261,-0.00252011,1.10191,-0.00839263,2.04173
16.08,-0.00241054,1.07702,-0.00889436,2.03261,-0.00255663,1.10189,-0.00843824,2.04181
16.082,-0.00241054,1.07702,-0.00889436,2.03269,-0.00255663,1.10189,-0.00843824,2.04173
16.084,-0.00241054,1.07702,-0.00889436,2.03261,-0.00255663,1.10189,-0.00843824,2.04173
16.086,-0.00244706,1.07704,-0.00893997,2.03261,-0.00255663,1.10189,-0.00843824,2.04181
16.088,-0.00244706,1.07702,-0.00889436,2.03261,-0.00252011,1.10189,-0.00843824,2.04173
16.09,-0.00241054,1.07707,-0.00889436,2.03261,-0.00252011,1.10189,-0.00843824,2.04173
16.092,-0.00241054,1.07702,-0.00889436,2.03261,-0.00252011,1.10189,-0.00843824,2.04173
16.094,-0.00241054,1.07704,-0.00884875,2.03261,-0.00248359,1.10189,-0.00843824,2.04181
16.096,-0.00241054,1.07702,-0.00889436,2.03269,-0.00255663,1.10189,-0.00843824,2.04181
16.098,-0.00241054,1.07702,-0.00889436,2.03261,-0.00255663,1.10189,-0.00843824,2.04181
16.1,-0.00244706,1.07707,-0.00889436,2.03261,-0.00255663,1.10189,-0.00843824,2.04181
16.102,-0.00241054,1.07702,-0.00889436,2.03261,-0.00252011,1.10189,-0.00843824,2.04173
16.104,-0.00244706,1.07702,-0.00889436,2.03261,-0.00255663,1.10189,-0.00843824,2.04173
16.106,-0.00244706,1.07704,-0.00884875,2.03261,-0.00252011,1.10189,-0.00843824,2.04173
16.108,-0.00241054,1.07702,-0.00889436,2.03261,-0.00252011,1.10189,-0.00843824,2.04173
16.11,-0.00241054,1.07704,-0.00893997,2.03261,-0.00255663,1.10186,-0.00848385,2.04173
16.112,-0.00244706,1.07702,-0.00889436,2.03261,-0.00255663,1.10189,-0.00843824,2.04173
16.114,-0.00241054,1.07702,-0.00889436,2.03269,-0.00252011,1.10189,-0.00843824,2.04181
16.116,-0.00241054,1.07704,-0.00884875,2.03261,-0.00255663,1.10189,-0.00843824,2.04181
16.118,-0.00241054,1.07702,-0.00889436,2.03261,-0.00259316,1.10189,-0.00843824,2.04181
16.12,-0.00241054,1.07704,-0.00893997,2.03261,-0.00255663,1.10186,-0.00848385,2.04181
16.122,-0.00241054,1.07704,-0.00884875,2.03261,-0.00259316,1.10189,-0.00843824,2.04181
16.124,-0.00241054,1.07704,-0.00884875,2.03261,-0.00252011,1.10191,-0.00839263,2.04173
16.126,-0.00244706,1.07702,-0.00889436,2.03261,-0.00255663,1.10189,-0.00843824,2.04181
16.128,-0.00241054,1.07702,-0.00889436,2.03261,-0.00255663,1.10189,-0.00843824,2.04181
16.13,-0.00244706,1.07704,-0.00884875,2.03261,-0.00252011,1.10189,-0.00843824,2.04173
16.132,-0.00244706,1.07702,-0.00889436,2.03261,-0.00255663,1.10189,-0.00843824,2.04181
16.134,-0.00244706,1.07704,-0.00884875,2.03261,-0.00252011,1.10189,-0.00843824,2.04173
16.136,-0.00244706,1.07704,-0.00884875,2.03261,-0.00259316,1.10189,-0.00843824,2.04173
16.138,-0.00241054,1.07704,-0.00893997,2.03261,-0.00255663,1.10189,-0.00843824,2.04181
16.14,-0.00244706,1.07702,-0.00889436,2.03269,-0.00252011,1.10189,-0.00843824,2.04173
16.142,-0.00241054,1.07704,-0.00884875,2.03261,-0.00252011,1.10189,-0.00843824,2.04173
16.144,-0.00241054,1.07702,-0.00889436,2.03269,-0.00252011,1.10186,-0.00848385,2.04173
16.146,-0.00241054,1.07702,-0.00889436,2.03269,-0.00255663,1.10186,-0.00839263,2.04181
16.148,-0.00241054,1.07707,-0.00889436,2.03269,-0.00255663,1.10189,-0.00843824,2.04173
16.15,-0.00241054,1.07704,-0.00893997,2.03269,-0.00252011,1.10189,-0.00843824,2.04181
16.152,-0.00241054,1.07704,-0.00893997,2.03261,-0.00255663,1.10186,-0.00848385,2.04173
16.154,-0.00241054,1.07704,-0.00884875,2.03261,-0.00255663,1.10189,-0.00843824,2.04173
16.156,-0.00241054,1.07702,-0.00889436,2.03269,-0.00255663,1.10186,-0.00848385,2.04173
16.158,-0.00241054,1.07704,-0.00893997,2.03269,-0.00255663,1.10189,-0.00843824,2.04181
16.16,-0.00244706,1.07704,-0.00893997,2.03261,-0.00255663,1.10189,-0.00843824,2.04181
16.162,-0.00244706,1.07702,-0.00889436,2.03269,-0.00255663,1.10189,-0.00843824,2.04173
16.164,-0.00244706,1.07702,-0.00889436,2.03261,-0.00252011,1.10189,-0.00843824,2.04181
16.166,-0.00241054,1.07704,-0.00893997,2.03261,-0.00255663,1.10189,-0.00843824,2.04173
16.168,-0.00241054,1.07704,-0.00884875,2.03261,-0.00255663,1.10189,-0.00843824,2.04181
16.17,-0.00241054,1.07702,-0.00889436,2.03261,-0.00255663,1.10189,-0.00843824,2.04181
16.172,-0.00241054,1.07704,-0.00884875,2.03261,-0.00252011,1.10189,-0.00843824,2.04181
16.174,-0.00244706,1.07702,-0.00889436,2.03261,-0.00252011,1.10189,-0.00843824,2.04173
16.176,-0.00241054,1.07704,-0.00893997,2.03261,-0.00248359,1.10189,-0.00843824,2.04173
16.178,-0.00241054,1.07702,-0.00889436,2.03269,-0.00255663,1.10189,-0.00843824,2.04181
16.18,-0.00244706,1.07702,-0.00889436,2.03261,-0.00255663,1.10191,-0.00839263,2.04173
16.182,-0.00241054,1.07704,-0.00884875,2.03269,-0.00255663,1.10191,-0.00839263,2.04181
16.184,-0.00241054,1.07702,-0.00889436,2.03261,-0.00255663,1.10189,-0.00843824,2.04173
16.186,-0.00241054,1.07704,-0.00893997,2.03261,-0.00252011,1.10189,-0.00843824,2.04181
16.188,-0.00241054,1.07707,-0.00889436,2.03261,-0.00252011,1.10186,-0.00848385,2.04181
16.19,-0.00244706,1.07704,-0.00884875,2.03261,-0.00255663,1.10189,-0.00843824,2.04181
16.192,-0.00244706,1.07704,-0.00884875,2.03269,-0.00248359,1.10189,-0.00843824,2.04181
16.194,-0.00244706,1.07704,-0.00884875,2.03261,-0.00255663,1.10189,-0.00843824,2.04173
16.196,-0.00244706,1.07704,-0.00884875,2.03261,-0.00255663,1.10186,-0.00848385,2.04181
16.198,-0.00241054,1.07702,-0.00889436,2.03269,-0.00255663,1.10189,-0.00843824,2.04181
16.2,-0.00241054,1.07702,-0.00889436,2.03269,-0.00255663,1.10189,-0.00843824,2.04181
16.202,-0.00241054,1.07704,-0.00893997,2.03261,-0.00255663,1.10189,-0.00843824,2.04173
16.204,-0.00241054,1.07704,-0.00893997,2.03261,-0.00252011,1.10186,-0.00848385,2.04173
16.206,-0.00244706,1.07707,-0.00889436,2.03261,-0.00255663,1.10183,-0.00843824,2.04173
16.208,-0.00244706,1.07702,-0.00889436,2.03261,-0.00259316,1.10186,-0.00848385,2.04181
16.21,-0.00241054,1.07702,-0.00889436,2.03261,-0.00255663,1.10189,-0.00843824,2.04173
16.212,-0.00244706,1.07707,-0.00889436,2.03261,-0.00252011,1.10189,-0.00843824,2.04173
16.214,-0.00244706,1.07702,-0.00889436,2.03261,-0.00255663,1.10189,-0.00843824,2.04173
16.216,-0.00241054,1.07704,-0.00893997,2.03261,-0.00252011,1.10189,-0.00843824,2.04173
16.218,-0.00244706,1.07704,-0.00893997,2.03261,-0.00252011,1.10186,-0.00848385,2.04173
16.22,-0.00241054,1.07702,-0.00889436,2.03261,-0.00255663,1.10191,-0.00839263,2.04173
16.222,-0.00244706,1.07707,-0.00889436,2.03261,-0.00252011,1.10189,-0.00843824,2.04181
16.224,-0.00241054,1.07704,-0.00884875,2.03261,-0.00255663,1.10186,-0.00848385,2.04181
16.226,-0.00241054,1.07704,-0.00884875,2.03261,-0.00255663,1.10186,-0.00848385,2.04173
16.228,-0.00244706,1.07704,-0.00884875,2.03261,-0.00255663,1.10189,-0.00843824,2.04173
16.23,-0.00244706,1.07702,-0.00889436,2.03261,-0.00255663,1.10189,-0.00843824,2.04181
16.232,-0.00244706,1.07707,-0.00889436,2.03261,-0.00252011,1.10189,-0.00843824,2.04181
16.234,-0.00241054,1.07704,-0.00884875,2.03261,-0.00252011,1.10191,-0.00839263,2.04181
16.236,-0.00241054,1.07702,-0.00889436,2.03261,-0.00252011,1.10186,-0.00848385,2.04181
16.238,-0.00241054,1.07702,-0.00889436,2.03269,-0.00255663,1.10186,-0.00848385,2.04173
16.24,-0.00241054,1.07704,-0.00884875,2.03269,-0.00252011,1.10186,-0.00848385,2.04173
16.242,-0.00241054,1.07707,-0.00889436,2.03261,-0.00255663,1.10189,-0.00843824,2.04181
16.244,-0.00241054,1.07702,-0.00889436,2.03261,-0.00255663,1.10189,-0.00843824,2.04181
16.246,-0.00241054,1.07702,-0.00889436,2.03261,-0.00252011,1.10191,-0.00848385,2.04173
16.248,-0.00244706,1.07704,-0.00893997,2.03261,-0.00252011,1.10189,-0.00843824,2.04181
16.25,-0.00244706,1.07702,-0.00889436,2.03261,-0.00255663,1.10194,-0.00843824,2.04173
16.252,-0.00244706,1.07704,-0.00884875,2.03261,-0.00252011,1.10189,-0.00843824,2.04173
16.254,-0.00244706,1.07704,-0.00884875,2.03261,-0.00252011,1.10189,-0.00843824,2.04173
16.256,-0.00241054,1.07707,-0.00889436,2.03261,-0.00255663,1.10189,-0.00843824,2.04173
16.258,-0.00241054,1.07707,-0.00889436,2.03261,-0.00252011,1.10189,-0.00843824,2.04181
16.26,-0.00241054,1.07704,-0.00893997,2.03261,-0.00252011,1.10186,-0.00848385,2.04181
16.262,-0.00241054,1.07704,-0.00884875,2.03261,-0.00255663,1.10189,-0.00843824,2.04181
16.264,-0.00241054,1.07702,-0.00889436,2.03261,-0.00255663,1.10189,-0.00843824,2.04173
16.266,-0.00241054,1.07704,-0.00893997,2.03269,-0.00255663,1.10189,-0.00843824,2.04173
16.268,-0.00241054,1.07704,-0.00893997,2.03261,-0.00248359,1.10189,-0.00843824,2.04181
16.27,-0.00241054,1.07704,-0.00884875,2.03261,-0.00255663,1.10183,-0.00843824,2.04173
16.272,-0.00244706,1.07704,-0.00884875,2.03261,-0.00252011,1.10189,-0.00843824,2.04181
16.274,-0.00244706,1.07702,-0.00889436,2.03261,-0.00255663,1.10186,-0.00848385,2.04181
16.276,-0.00241054,1.07704,-0.00893997,2.03269,-0.00255663,1.10189,-0.00843824,2.04181
16.278,-0.00241054,1.07702,-0.00889436,2.03269,-0.00255663,1.10191,-0.00848385,2.04173
16.28,-0.00241054,1.07707,-0.00889436,2.03269,-0.00255663,1.10189,-0.00843824,2.04173
16.282,-0.00244706,1.07702,-0.00889436,2.03269,-0.00255663,1.10189,-0.00843824,2.04181
16.284,-0.00244706,1.07702,-0.00889436,2.03261,-0.00255663,1.10189,-0.00843824,2.04173
16.286,-0.00244706,1.07702,-0.00889436,2.03261,-0.00255663,1.10186,-0.00848385,2.04181
16.288,-0.00241054,1.07707,-0.00889436,2.03261,-0.00252011,1.10186,-0.00848385,2.04181
16.29,-0.00241054,1.07704,-0.00884875,2.03261,-0.00255663,1.10189,-0.00843824,2.04181
16.292,-0.00244706,1.07704,-0.00893997,2.03269,-0.00248359,1.10189,-0.00843824,2.04173
16.294,-0.00241054,1.07702,-0.00889436,2.03261,-0.00255663,1.10189,-0.00843824,2.04181
16.296,-0.00241054,1.07704,-0.00884875,2.03261,-0.00252011,1.10189,-0.00843824,2.04173
16.298,-0.00241054,1.07707,-0.00889436,2.03269,-0.00252011,1.10191,-0.00848385,2.04181
16.3,-0.00241054,1.07702,-0.00889436,2.03261,-0.00259316,1.10186,-0.00848385,2.04181
16.302,-0.00241054,1.07704,-0.00893997,2.03269,-0.00255663,1.10191,-0.00839263,2.04181
16.304,-0.00244706,1.07704,-0.00893997,2.03261,-0.00252011,1.10189,-0.00843824,2.04181
16.306,-0.00241054,1.07707,-0.00889436,2.03269,-0.00255663,1.10183,-0.00843824,2.04181
16.308,-0.00241054,1.07704,-0.00884875,2.03261,-0.00252011,1.10189,-0.00843824,2.04173
16.31,-0.00241054,1.07704,-0.00884875,2.03261,-0.00255663,1.10186,-0.00848385,2.04173
16.312,-0.00244706,1.07707,-0.00889436,2.03261,-0.00255663,1.10189,-0.00843824,2.04173
16.314,-0.00244706,1.07707,-0.00889436,2.03261,-0.00255663,1.10189,-0.00843824,2.04181
16.316,-0.00244706,1.07704,-0.00893997,2.03261,-0.00255663,1.10191,-0.00839263,2.04173
16.318,-0.00244706,1.07704,-0.00884875,2.03261,-0.00252011,1.10186,-0.00839263,2.04173
16.32,-0.00241054,1.07702,-0.00889436,2.03261,-0.00252011,1.10189,-0.00843824,2.04181
16.322,-0.00241054,1.07704,-0.00893997,2.03261,-0.00252011,1.10186,-0.00848385,2.04173
16.324,-0.00241054,1.07702,-0.00889436,2.03261,-0.00259316,1.10189,-0.00843824,2.04181
16.326,-0.00244706,1.07704,-0.00893997,2.03261,-0.00252011,1.10189,-0.00843824,2.04181
16.328,-0.00241054,1.07707,-0.00889436,2.03261,-0.00255663,1.10189,-0.00843824,2.04173
16.33,-0.00241054,1.07704,-0.00893997,2.03261,-0.00252011,1.10189,-0.00843824,2.04181
16.332,-0.00241054,1.07704,-0.00884875,2.03261,-0.00255663,1.10189,-0.00843824,2.04173
16.334,-0.00241054,1.07707,-0.00889436,2.03261,-0.00255663,1.10189,-0.00843824,2.04181
16.336,-0.00241054,1.07704,-0.00884875,2.03261,-0.00255663,1.10186,-0.00848385,2.04181
16.338,-0.00244706,1.07704,-0.00884875,2.03261,-0.00255663,1.10183,-0.00843824,2.04173
16.34,-0.00241054,1.07707,-0.00889436,2.03261,-0.00252011,1.10189,-0.00843824,2.04173
16.342,-0.00244706,1.07704,-0.00893997,2.03261,-0.00255663,1.10189,-0.00843824,2.04173
16.344,-0.00241054,1.07704,-0.00884875,2.03261,-0.00252011,1.10189,-0.00843824,2.04173
16.346,-0.00244706,1.07704,-0.00893997,2.03261,-0.00252011,1.10186,-0.00848385,2.04173
16.348,-0.00241054,1.07702,-0.00889436,2.03261,-0.00255663,1.10189,-0.00843824,2.04173
16.35,-0.00244706,1.07704,-0.00893997,2.03261,-0.00255663,1.10189,-0.00843824,2.04173
16.352,-0.00241054,1.07704,-0.00884875,2.03261,-0.00252011,1.10189,-0.00843824,2.04173
16.354,-0.00244706,1.07704,-0.00893997,2.03261,-0.00255663,1.10186,-0.00848385,2.04173
16.356,-0.00241054,1.07707,-0.00889436,2.03261,-0.00255663,1.10189,-0.00843824,2.04173
16.358,-0.00244706,1.07702,-0.00889436,2.03261,-0.00252011,1.10189,-0.00843824,2.04173
16.36,-0.00241054,1.07702,-0.00889436,2.03261,-0.00252011,1.10189,-0.00843824,2.04173
16.362,-0.00241054,1.07702,-0.00889436,2.03261,-0.00255663,1.10191,-0.00848385,2.04173
16.364,-0.00241054,1.07704,-0.00884875,2.03261,-0.00255663,1.10186,-0.00848385,2.04173
16.366,-0.00241054,1.07704,-0.00884875,2.03261,-0.00252011,1.10189,-0.00843824,2.04181
16.368,-0.00241054,1.07704,-0.00884875,2.03261,-0.00252011,1.10189,-0.00843824,2.04173
16.37,-0.00241054,1.07707,-0.00889436,2.03261,-0.00259316,1.10186,-0.00848385,2.04173
16.372,-0.00241054,1.07702,-0.00889436,2.03269,-0.00252011,1.10186,-0.00848385,2.04173
16.374,-0.00244706,1.07702,-0.00889436,2.03261,-0.00259316,1.10189,-0.00843824,2.04181
16.376,-0.00244706,1.07702,-0.00889436,2.03261,-0.00255663,1.10186,-0.00848385,2.04173
16.378,-0.00241054,1.07702,-0.00889436,2.03261,-0.00259316,1.10189,-0.00843824,2.04181
16.38,-0.00241054,1.07704,-0.00884875,2.03261,-0.00255663,1.10189,-0.00843824,2.04181
16.382,-0.00241054,1.07707,-0.00889436,2.03269,-0.00255663,1.10189,-0.00843824,2.04181
16.384,-0.00244706,1.07707,-0.00889436,2.03269,-0.00255663,1.10189,-0.00843824,2.04173
16.386,-0.00241054,1.07702,-0.00889436,2.03269,-0.00255663,1.10186,-0.00848385,2.04173
16.388,-0.00244706,1.07704,-0.00893997,2.03269,-0.00259316,1.10189,-0.00843824,2.04173
16.39,-0.00244706,1.07707,-0.00889436,2.03261,-0.00255663,1.10189,-0.00843824,2.04173
16.392,-0.00244706,1.07704,-0.00893997,2.03261,-0.00259316,1.10186,-0.00848385,2.04181
16.394,-0.00241054,1.07702,-0.00889436,2.03261,-0.00259316,1.10189,-0.00843824,2.04181
16.396,-0.00244706,1.07704,-0.00884875,2.03261,-0.00255663,1.10189,-0.00843824,2.04173
16.398,-0.00241054,1.07704,-0.00893997,2.03261,-0.00252011,1.10186,-0.00848385,2.04173
16.4,-0.00241054,1.07707,-0.00889436,2.03261,-0.00252011,1.10189,-0.00843824,2.04173
16.402,-0.00241054,1.07702,-0.00889436,2.03269,-0.00252011,1.10186,-0.00848385,2.04181
16.404,-0.00241054,1.07704,-0.00884875,2.03269,-0.00255663,1.10189,-0.00843824,2.04181
16.406,-0.00241054,1.07704,-0.00893997,2.03269,-0.00252011,1.10189,-0.00843824,2.04181
16.408,-0.00241054,1.07704,-0.00893997,2.03269,-0.00255663,1.10189,-0.00843824,2.04173
16.41,-0.00241054,1.07702,-0.00889436,2.03261,-0.00259316,1.10186,-0.00848385,2.04173
16.412,-0.00244706,1.07702,-0.00889436,2.03261,-0.00252011,1.10189,-0.00843824,2.04173
16.414,-0.00241054,1.07704,-0.00893997,2.03261,-0.00255663,1.10186,-0.00848385,2.04181
16.416,-0.00241054,1.07704,-0.00893997,2.03261,-0.00252011,1.10189,-0.00843824,2.04181
16.418,-0.00241054,1.07707,-0.00889436,2.03261,-0.00252011,1.10189,-0.00843824,2.04173
16.42,-0.00241054,1.07704,-0.00893997,2.03261,-0.00255663,1.10189,-0.00843824,2.04181
16.422,-0.00241054,1.07704,-0.00884875,2.03269,-0.00252011,1.10189,-0.00843824,2.04181
16.424,-0.00241054,1.07704,-0.00884875,2.03261,-0.00255663,1.10186,-0.00848385,2.04173
16.426,-0.00244706,1.07702,-0.00889436,2.03261,-0.00252011,1.10189,-0.00843824,2.04181
16.428,-0.00241054,1.07704,-0.00884875,2.03261,-0.00255663,1.10186,-0.00848385,2.04181
16.43,-0.00241054,1.07702,-0.00889436,2.03261,-0.00252011,1.10186,-0.00848385,2.04181
16.432,-0.00241054,1.07702,-0.00889436,2.03261,-0.00252011,1.10189,-0.00843824,2.04181
16.434,-0.00244706,1.07702,-0.00889436,2.03261,-0.00255663,1.10186,-0.00848385,2.04181
16.436,-0.00244706,1.07702,-0.00889436,2.03269,-0.00252011,1.10186,-0.00848385,2.04181
16.438,-0.00241054,1.07707,-0.00889436,2.03269,-0.00252011,1.10189,-0.00843824,2.04173
16.44,-0.00241054,1.07707,-0.00889436,2.03269,-0.00259316,1.10189,-0.00843824,2.04173
16.442,-0.00241054,1.07702,-0.00889436,2.03269,-0.00248359,1.10186,-0.00848385,2.04181
16.444,-0.00244706,1.07702,-0.00889436,2.03261,-0.00259316,1.10189,-0.00843824,2.04181
16.446,-0.00244706,1.07702,-0.00889436,2.03261,-0.00255663,1.10189,-0.00843824,2.04173
16.448,-0.00244706,1.07704,-0.00893997,2.03261,-0.00255663,1.10189,-0.00843824,2.04173
16.45,-0.00241054,1.07707,-0.00889436,2.03269,-0.00255663,1.10186,-0.00848385,2.04181
16.452,-0.00244706,1.07707,-0.00889436,2.03261,-0.00255663,1.10189,-0.00843824,2.04173
16.454,-0.00244706,1.07704,-0.00884875,2.03261,-0.00255663,1.10189,-0.00843824,2.04173
16.456,-0.00244706,1.07704,-0.00884875,2.03261,-0.00252011,1.10189,-0.00843824,2.04173
16.458,-0.00244706,1.07704,-0.00893997,2.03261,-0.00252011,1.10186,-0.00848385,2.04181
16.46,-0.00241054,1.07702,-0.00889436,2.03269,-0.00255663,1.10189,-0.00843824,2.04173
16.462,-0.00244706,1.07702,-0.00889436,2.03261,-0.00252011,1.10186,-0.00839263,2.04181
16.464,-0.00244706,1.07707,-0.00889436,2.03261,-0.00255663,1.10186,-0.00839263,2.04181
16.466,-0.00241054,1.07707,-0.00889436,2.03261,-0.00255663,1.10189,-0.00843824,2.04181
16.468,-0.00241054,1.07702,-0.00889436,2.03261,-0.00255663,1.10189,-0.00843824,2.04173
16.47,-0.00244706,1.07702,-0.00889436,2.03261,-0.00252011,1.10189,-0.00843824,2.04181
16.472,-0.00241054,1.07704,-0.00893997,2.03261,-0.00252011,1.10189,-0.00843824,2.04173
16.474,-0.00241054,1.07704,-0.00893997,2.03261,-0.00255663,1.10189,-0.00843824,2.04173
16.476,-0.00241054,1.07704,-0.00884875,2.03261,-0.00255663,1.10189,-0.00843824,2.04181
16.478,-0.00241054,1.07707,-0.00889436,2.03261,-0.00255663,1.10183,-0.00843824,2.04181
16.48,-0.00244706,1.07702,-0.00889436,2.03269,-0.00252011,1.10189,-0.00843824,2.04173
16.482,-0.00241054,1.07704,-0.00884875,2.03261,-0.00255663,1.10189,-0.00843824,2.04181
16.484,-0.00241054,1.07702,-0.00889436,2.03261,-0.00252011,1.10189,-0.00843824,2.04181
16.486,-0.00241054,1.07702,-0.00889436,2.03261,-0.00252011,1.10189,-0.00843824,2.04181
16.488,-0.00241054,1.07704,-0.00884875,2.03261,-0.00255663,1.10189,-0.00843824,2.04173
16.49,-0.00241054,1.07704,-0.00893997,2.03261,-0.00255663,1.10189,-0.00843824,2.04181
16.492,-0.00244706,1.07704,-0.00884875,2.03269,-0.00252011,1.10189,-0.00843824,2.04173
16.494,-0.00244706,1.07702,-0.00889436,2.03261,-0.00252011,1.10186,-0.00848385,2.04181
16.496,-0.00241054,1.07702,-0.00889436,2.03269,-0.00255663,1.10189,-0.00843824,2.04173
16.498,-0.00241054,1.07702,-0.00889436,2.03261,-0.00255663,1.10189,-0.00843824,2.04173
16.5,-0.00244706,1.07702,-0.00889436,2.03261,-0.00252011,1.10189,-0.00843824,2.04173
16.502,-0.00241054,1.07704,-0.00884875,2.03261,-0.00255663,1.10189,-0.00843824,2.04181
16.504,-0.00241054,1.07702,-0.00889436,2.03269,-0.00255663,1.10189,-0.00843824,2.04173
16.506,-0.00241054,1.07704,-0.00893997,2.03261,-0.00252011,1.10189,-0.00843824,2.04173
16.508,-0.00241054,1.07702,-0.00889436,2.03269,-0.00255663,1.10186,-0.00848385,2.04173
16.51,-0.00241054,1.07702,-0.00889436,2.03269,-0.00255663,1.10186,-0.00848385,2.04181
16.512,-0.00241054,1.07704,-0.00893997,2.03261,-0.00252011,1.10189,-0.00843824,2.04173
16.514,-0.00241054,1.07702,-0.00889436,2.03261,-0.00255663,1.10189,-0.00843824,2.04173
16.516,-0.00241054,1.07704,-0.00893997,2.03261,-0.00255663,1.10189,-0.00843824,2.04173
16.518,-0.00244706,1.07702,-0.00889436,2.03261,-0.00255663,1.10189,-0.00843824,2.04173
16.52,-0.00241054,1.07707,-0.00889436,2.03269,-0.00252011,1.10186,-0.00848385,2.04173
16.522,-0.00241054,1.07707,-0.00889436,2.03269,-0.00252011,1.10186,-0.00848385,2.04181
16.524,-0.00241054,1.07707,-0.00889436,2.03269,-0.00252011,1.10189,-0.00843824,2.04173
16.526,-0.00241054,1.07702,-0.00889436,2.03269,-0.00252011,1.10189,-0.00843824,2.04181
16.528,-0.00241054,1.07702,-0.00889436,2.03261,-0.00255663,1.10189,-0.00843824,2.04181
16.53,-0.00244706,1.07702,-0.00889436,2.03261,-0.00255663,1.10186,-0.00848385,2.04173
16.532,-0.00241054,1.07704,-0.00893997,2.03261,-0.00252011,1.10189,-0.00843824,2.04181
16.534,-0.00241054,1.07704,-0.00893997,2.03261,-0.00255663,1.10189,-0.00843824,2.04173
16.536,-0.00244706,1.07704,-0.00893997,2.03261,-0.00252011,1.10189,-0.00843824,2.04173
16.538,-0.00244706,1.07702,-0.00889436,2.03269,-0.00255663,1.10186,-0.00848385,2.04173
16.54,-0.00244706,1.07702,-0.00889436,2.03269,-0.00255663,1.10189,-0.00843824,2.04181
16.542,-0.00244706,1.07704,-0.00893997,2.03261,-0.00252011,1.10189,-0.00843824,2.04181
16.544,-0.00244706,1.07704,-0.00893997,2.03261,-0.00252011,1.10186,-0.00848385,2.04173
16.546,-0.00244706,1.07704,-0.00893997,2.03261,-0.00252011,1.10189,-0.00843824,2.04181
16.548,-0.00241054,1.07702,-0.00889436,2.03261,-0.00252011,1.10189,-0.00843824,2.04181
16.55,-0.00241054,1.07702,-0.00889436,2.03261,-0.00255663,1.10189,-0.00843824,2.04181
16.552,-0.00241054,1.07704,-0.00893997,2.03269,-0.00255663,1.10186,-0.00848385,2.04181
16.554,-0.00244706,1.07704,-0.00893997,2.03269,-0.00255663,1.10189,-0.00843824,2.04181
16.556,-0.00241054,1.07704,-0.00884875,2.03261,-0.00255663,1.10189,-0.00843824,2.04181
16.558,-0.00241054,1.07704,-0.00893997,2.03261,-0.00255663,1.10189,-0.00843824,2.04173
16.56,-0.00244706,1.07707,-0.00889436,2.03261,-0.00252011,1.10189,-0.00843824,2.04173
16.562,-0.00244706,1.07707,-0.00889436,2.03261,-0.00255663,1.10189,-0.00843824,2.04181
16.564,-0.00241054,1.07707,-0.00889436,2.03269,-0.00252011,1.10189,-0.00843824,2.04181
16.566,-0.00241054,1.07704,-0.00893997,2.03261,-0.00259316,1.10186,-0.00848385,2.04173
16.568,-0.00241054,1.07704,-0.00893997,2.03261,-0.00255663,1.10189,-0.00843824,2.04173
16.57,-0.00241054,1.07702,-0.00889436,2.03261,-0.00255663,1.10186,-0.00848385,2.04181
16.572,-0.00241054,1.07704,-0.00884875,2.03269,-0.00255663,1.10189,-0.00843824,2.04173
16.574,-0.00241054,1.07704,-0.00893997,2.03261,-0.00259316,1.10186,-0.00848385,2.04181
16.576,-0.00244706,1.07704,-0.00893997,2.03269,-0.00252011,1.10189,-0.00843824,2.04173
16.578,-0.00241054,1.07704,-0.00893997,2.03261,-0.00252011,1.10186,-0.00839263,2.04173
16.58,-0.00241054,1.07704,-0.00893997,2.03261,-0.00255663,1.10189,-0.00843824,2.04173
16.582,-0.00244706,1.07702,-0.00889436,2.03269,-0.00255663,1.10189,-0.00843824,2.04181
16.584,-0.00241054,1.07702,-0.00889436,2.03261,-0.00255663,1.10189,-0.00843824,2.04173
16.586,-0.00241054,1.07704,-0.00884875,2.03261,-0.00252011,1.10186,-0.00848385,2.04173
16.588,-0.00241054,1.07704,-0.00884875,2.03261,-0.00252011,1.10189,-0.00843824,2.04181
16.59,-0.00241054,1.07704,-0.00893997,2.03261,-0.00252011,1.10189,-0.00843824,2.04173
16.592,-0.00244706,1.07702,-0.00889436,2.03261,-0.00252011,1.10183,-0.00843824,2.04181
16.594,-0.00241054,1.07702,-0.00889436,2.03261,-0.00252011,1.10189,-0.00843824,2.04181
16.596,-0.00241054,1.07702,-0.00889436,2.03261,-0.00252011,1.10189,-0.00843824,2.04173
16.598,-0.00241054,1.07707,-0.00889436,2.03269,-0.00255663,1.10189,-0.00843824,2.04173
16.6,-0.00241054,1.07704,-0.00884875,2.03261,-0.00252011,1.10189,-0.00843824,2.04181
16.602,-0.00244706,1.07702,-0.00889436,2.03261,-0.00252011,1.10189,-0.00843824,2.04181
16.604,-0.00241054,1.07707,-0.00889436,2.03261,-0.00255663,1.10189,-0.00843824,2.04181
16.606,-0.00241054,1.07702,-0.00889436,2.03261,-0.00255663,1.10189,-0.00843824,2.04181
16.608,-0.00244706,1.07707,-0.00889436,2.03261,-0.00255663,1.10189,-0.00843824,2.04173
16.61,-0.00244706,1.07704,-0.00893997,2.03261,-0.00252011,1.10186,-0.00848385,2.04173
16.612,-0.00241054,1.07702,-0.00889436,2.03261,-0.00255663,1.10189,-0.00843824,2.04173
16.614,-0.00241054,1.07704,-0.00884875,2.03261,-0.00252011,1.10189,-0.00843824,2.04181
16.616,-0.00244706,1.07702,-0.00889436,2.03261,-0.00255663,1.10189,-0.00843824,2.04173
16.618,-0.00244706,1.07707,-0.00889436,2.03261,-0.00255663,1.10189,-0.00843824,2.04181
16.62,-0.00244706,1.07704,-0.00893997,2.03261,-0.00255663,1.10186,-0.00848385,2.04181
16.622,-0.00241054,1.07707,-0.00889436,2.03261,-0.00259316,1.10186,-0.00839263,2.04181
16.624,-0.00241054,1.07704,-0.00893997,2.03269,-0.00255663,1.10186,-0.00848385,2.04173
16.626,-0.00241054,1.07702,-0.00889436,2.03269,-0.00255663,1.10189,-0.00843824,2.04173
16.628,-0.00244706,1.07702,-0.00889436,2.03269,-0.00252011,1.10186,-0.00848385,2.04173
16.63,-0.00244706,1.07702,-0.00889436,2.03261,-0.00252011,1.10189,-0.00843824,2.04181
16.632,-0.00244706,1.07702,-0.00889436,2.03261,-0.00255663,1.10186,-0.00848385,2.04173
16.634,-0.00241054,1.07704,-0.00893997,2.03261,-0.00252011,1.10186,-0.00848385,2.04173
16.636,-0.00241054,1.07707,-0.00889436,2.03261,-0.00255663,1.10189,-0.00843824,2.04173
16.638,-0.00241054,1.07707,-0.00889436,2.03261,-0.00255663,1.10189,-0.00843824,2.04181
16.64,-0.00244706,1.07702,-0.00889436,2.03261,-0.00255663,1.10189,-0.00843824,2.04181
16.642,-0.00244706,1.07704,-0.00884875,2.03261,-0.00252011,1.10189,-0.00843824,2.04173
16.644,-0.00244706,1.07704,-0.00884875,2.03261,-0.00255663,1.10189,-0.00843824,2.04181
16.646,-0.00244706,1.07702,-0.00889436,2.03261,-0.00255663,1.10191,-0.00839263,2.04173
16.648,-0.00244706,1.07704,-0.00893997,2.03261,-0.00252011,1.10189,-0.00843824,2.04173
16.65,-0.00244706,1.07707,-0.00889436,2.03261,-0.00255663,1.10189,-0.00843824,2.04173
16.652,-0.00244706,1.07704,-0.00884875,2.03261,-0.00255663,1.10186,-0.00848385,2.04173
16.654,-0.00241054,1.07707,-0.00889436,2.03269,-0.00252011,1.10189,-0.00843824,2.04173
16.656,-0.00241054,1.07702,-0.00889436,2.03269,-0.00255663,1.10186,-0.00848385,2.04173
16.658,-0.00244706,1.07704,-0.00893997,2.03261,-0.00248359,1.10189,-0.00843824,2.04173
16.66,-0.00244706,1.07702,-0.00889436,2.03269,-0.00255663,1.10189,-0.00843824,2.04173
16.662,-0.00244706,1.07704,-0.00893997,2.03261,-0.00255663,1.10189,-0.00843824,2.04173
16.664,-0.00241054,1.07704,-0.00884875,2.03261,-0.00252011,1.10189,-0.00843824,2.04181
16.666,-0.00241054,1.07704,-0.00884875,2.03261,-0.00252011,1.10189,-0.00843824,2.04181
16.668,-0.00244706,1.07707,-0.00889436,2.03261,-0.00252011,1.10189,-0.00843824,2.04181
16.67,-0.00241054,1.07704,-0.00893997,2.03261,-0.00255663,1.10186,-0.00848385,2.04173
16.672,-0.00241054,1.07704,-0.00884875,2.03269,-0.00255663,1.10189,-0.00843824,2.04173
16.674,-0.00244706,1.07704,-0.00884875,2.03269,-0.00255663,1.10191,-0.00839263,2.04181
16.676,-0.00244706,1.07702,-0.00889436,2.03261,-0.00255663,1.10189,-0.00843824,2.04181
16.678,-0.00244706,1.07704,-0.00893997,2.03261,-0.00255663,1.10191,-0.00848385,2.04173
16.68,-0.00244706,1.07707,-0.00889436,2.03261,-0.00252011,1.10186,-0.00848385,2.04173
16.682,-0.00244706,1.07704,-0.00884875,2.03261,-0.00252011,1.10189,-0.00843824,2.04173
16.684,-0.00244706,1.07704,-0.00884875,2.03261,-0.00252011,1.10186,-0.00848385,2.04173
16.686,-0.00244706,1.07707,-0.00889436,2.03261,-0.00255663,1.10186,-0.00848385,2.04181
16.688,-0.00241054,1.07707,-0.00889436,2.03261,-0.00255663,1.10189,-0.00843824,2.04173
16.69,-0.00241054,1.07707,-0.00889436,2.03261,-0.00252011,1.10189,-0.00843824,2.04173
16.692,-0.00241054,1.07702,-0.00889436,2.03261,-0.00255663,1.10189,-0.00843824,2.04173
16.694,-0.00241054,1.07704,-0.00893997,2.03261,-0.00252011,1.10191,-0.00839263,2.04173
16.696,-0.00241054,1.07704,-0.00893997,2.03261,-0.00255663,1.10189,-0.00843824,2.04181
16.698,-0.00241054,1.07707,-0.00889436,2.03261,-0.00252011,1.10189,-0.00843824,2.04181
16.7,-0.00244706,1.07704,-0.00893997,2.03261,-0.00255663,1.10189,-0.00843824,2.04173
16.702,-0.00244706,1.07707,-0.00889436,2.03261,-0.00255663,1.10186,-0.00848385,2.04181
16.704,-0.00241054,1.07704,-0.00884875,2.03261,-0.00248359,1.10189,-0.00843824,2.04173
16.706,-0.00241054,1.07707,-0.00889436,2.03261,-0.00252011,1.10189,-0.00843824,2.04181
16.708,-0.00241054,1.07707,-0.00889436,2.03261,-0.00255663,1.10189,-0.00843824,2.04173
16.71,-0.00244706,1.07704,-0.00884875,2.03261,-0.00252011,1.10189,-0.00843824,2.04173
16.712,-0.00241054,1.07702,-0.00889436,2.03261,-0.00255663,1.10189,-0.00843824,2.04173
16.714,-0.00241054,1.07704,-0.00884875,2.03261,-0.00255663,1.10191,-0.00839263,2.04181
16.716,-0.00241054,1.07702,-0.00889436,2.03261,-0.00252011,1.10189,-0.00843824,2.04173
16.718,-0.00244706,1.07702,-0.00889436,2.03261,-0.00252011,1.10186,-0.00848385,2.04181
16.72,-0.00241054,1.07704,-0.00893997,2.03261,-0.00255663,1.10189,-0.00843824,2.04181
16.722,-0.00241054,1.07704,-0.00884875,2.03261,-0.00255663,1.10186,-0.00848385,2.04181
16.724,-0.00241054,1.07702,-0.00889436,2.03261,-0.00255663,1.10186,-0.00848385,2.04173
16.726,-0.00241054,1.07704,-0.00893997,2.03261,-0.00255663,1.10186,-0.00848385,2.04181
16.728,-0.00241054,1.07704,-0.00884875,2.03261,-0.00252011,1.10189,-0.00843824,2.04181
16.73,-0.00241054,1.07702,-0.00889436,2.03269,-0.00255663,1.10189,-0.00843824,2.04181
16.732,-0.00244706,1.07702,-0.00889436,2.03261,-0.00255663,1.10189,-0.00843824,2.04173
16.734,-0.00241054,1.07702,-0.00889436,2.03261,-0.00252011,1.10189,-0.00843824,2.04173
16.736,-0.00241054,1.07704,-0.00893997,2.03261,-0.00252011,1.10189,-0.00843824,2.04181
16.738,-0.00241054,1.07707,-0.00889436,2.03261,-0.00255663,1.10189,-0.00843824,2.04181
16.74,-0.00241054,1.07707,-0.00889436,2.03261,-0.00255663,1.10189,-0.00843824,2.04173
16.742,-0.00244706,1.07704,-0.00884875,2.03261,-0.00255663,1.10189,-0.00843824,2.04181
16.744,-0.00244706,1.07704,-0.00884875,2.03261,-0.00255663,1.10189,-0.00843824,2.04173
16.746,-0.00244706,1.07704,-0.00884875,2.03269,-0.00248359,1.10189,-0.00843824,2.04181
16.748,-0.00241054,1.07704,-0.00884875,2.03261,-0.00259316,1.10186,-0.00848385,2.04181
16.75,-0.00241054,1.07704,-0.00893997,2.03269,-0.00255663,1.10189,-0.00843824,2.04173
16.752,-0.00244706,1.07707,-0.00889436,2.03261,-0.00252011,1.10186,-0.00848385,2.04173
16.754,-0.00241054,1.07702,-0.00889436,2.03261,-0.00255663,1.10186,-0.00848385,2.04181
16.756,-0.00241054,1.07702,-0.00889436,2.03261,-0.00255663,1.10189,-0.00843824,2.04173
16.758,-0.00244706,1.07702,-0.00889436,2.03261,-0.00252011,1.10186,-0.00848385,2.04173
16.76,-0.00241054,1.07704,-0.00893997,2.03269,-0.00255663,1.10189,-0.00852946,2.04173
16.762,-0.00241054,1.07702,-0.00889436,2.03269,-0.00255663,1.10186,-0.00848385,2.04181
16.764,-0.00241054,1.07702,-0.00889436,2.03269,-0.00252011,1.10189,-0.00843824,2.04173
16.766,-0.00241054,1.07702,-0.00889436,2.03269,-0.00255663,1.10186,-0.00848385,2.04173
16.768,-0.00241054,1.07707,-0.00889436,2.03269,-0.00252011,1.10186,-0.00848385,2.04173
16.77,-0.00241054,1.07707,-0.00889436,2.03269,-0.00252011,1.10186,-0.00848385,2.04181
16.772,-0.00241054,1.07704,-0.00884875,2.03261,-0.00255663,1.10189,-0.00843824,2.04181
16.774,-0.00241054,1.07704,-0.00884875,2.03261,-0.00255663,1.10189,-0.00843824,2.04173
16.776,-0.00241054,1.07704,-0.00893997,2.03269,-0.00255663,1.10189,-0.00843824,2.04173
16.778,-0.00244706,1.07702,-0.00889436,2.03269,-0.00255663,1.10189,-0.00843824,2.04173
16.78,-0.00244706,1.07702,-0.00889436,2.03269,-0.00255663,1.10189,-0.00843824,2.04181
16.782,-0.00241054,1.07707,-0.00889436,2.03261,-0.00252011,1.10186,-0.00848385,2.04181
16.784,-0.00244706,1.07702,-0.00889436,2.03261,-0.00259316,1.10189,-0.00843824,2.04173
16.786,-0.00244706,1.07704,-0.00893997,2.03261,-0.00252011,1.10186,-0.00848385,2.04181
16.788,-0.00241054,1.07707,-0.00889436,2.03261,-0.00252011,1.10189,-0.00843824,2.04181
16.79,-0.00241054,1.07707,-0.00889436,2.03269,-0.00252011,1.10189,-0.00843824,2.04173
16.792,-0.00244706,1.07707,-0.00889436,2.03269,-0.00255663,1.10186,-0.00848385,2.04173
16.794,-0.00241054,1.07704,-0.00884875,2.03269,-0.00255663,1.10189,-0.00843824,2.04181
16.796,-0.00241054,1.07704,-0.00884875,2.03261,-0.00255663,1.10189,-0.00843824,2.04173
16.798,-0.00241054,1.07704,-0.00893997,2.03269,-0.00252011,1.10191,-0.00839263,2.04181
16.8,-0.00244706,1.07704,-0.00893997,2.03261,-0.00255663,1.10186,-0.00848385,2.04181
16.802,-0.00244706,1.07702,-0.00889436,2.03261,-0.00252011,1.10186,-0.00848385,2.04173
16.804,-0.00244706,1.07704,-0.00884875,2.03261,-0.00252011,1.10189,-0.00843824,2.04181
16.806,-0.00244706,1.07704,-0.00884875,2.03261,-0.00255663,1.10189,-0.00843824,2.04181
16.808,-0.00244706,1.07707,-0.00889436,2.03261,-0.00255663,1.10189,-0.00843824,2.04181
